"IDSCENARIOS","IDYEARS","REGION_4LETTER","POP","GDP_PPP","EMIS_CO2_KT","EMIS_CH4_KT","PM25_SELF","PM25_EXPORT","AP_CONTROL_COSTS_MEUR2015"
"Baseline_CLE",2020,"AFGH",38054941,22.48,23451.44,712.67,41.789,1.828,49
"Baseline_CLE",2020,"ALBA",2942034,24.96,4688.82,150.49,9.293,0.742,113
"Baseline_CLE",2020,"ARGE",45510399,510.03,138696.29,5964.82,2.908,0.336,1869
"Baseline_CLE",2020,"ARME",2938679,28.99,6692.76,86.93,12.935,0.505,24
"Baseline_CLE",2020,"AUST",8782210,317.54,60160.62,222.75,4.291,3.243,1866
"Baseline_CLE",2020,"AUTR",25398177,907.29,371354.65,4983.79,2.228,0.076,5823
"Baseline_CLE",2020,"AZER",10099743,88.58,22761.39,548.36,4.873,1.325,526
"Baseline_CLE",2020,"BANG",169775309,513.03,74011.36,4955.43,25.601,1.595,191
"Baseline_CLE",2020,"BELA",9415431,101.44,23676.77,689.02,4.252,1.539,475
"Baseline_CLE",2020,"BELG",11619972,363.19,92151.05,292.4,3.666,2.853,2359
"Baseline_CLE",2020,"BHUT",835245,3.95,6070.97,27.74,3.978,0.44,9
"Baseline_CLE",2020,"BOHE",3498210,28.88,21590.12,192.7,18.638,12.109,431
"Baseline_CLE",2020,"BOLV",11543982,37.82,13746.41,1086.84,2.229,0.004,110
"Baseline_CLE",2020,"BRAZ",213863046,1905.43,419363.2,20271.55,5.945,1.377,9679
"Baseline_CLE",2020,"BRUN",444519,34.39,9253.17,102.19,2.713,0.085,24
"Baseline_CLE",2020,"BULG",6940527,108.56,38853.1,281.26,7.188,2.25,873
"Baseline_CLE",2020,"CAMB",16715508,39.44,8574.82,776.77,4.296,0.238,13
"Baseline_CLE",2020,"CANA",37603205,2085.52,535888.78,4032.44,5.469,0.218,10459
"Baseline_CLE",2020,"CARB",45729903,219.9,89954.44,2003.6,3.663,0.179,595
"Baseline_CLE",2020,"CEAM",50257227,208,45674.49,2349.28,6.498,0.025,665
"Baseline_CLE",2020,"CHIL",18472639,232.79,95036.07,1144.77,17.922,0.203,1496
"Baseline_CLE",2020,"CHIN",1432747795,16597,12790989.27,68136.69,29.268,20.538,161313
"Baseline_CLE",2020,"COLO",50220412,397.25,102855.33,3511.73,6.714,0.032,1243
"Baseline_CLE",2020,"CROA",4115947,64.21,15122.71,123.82,6.442,2.506,377
"Baseline_CLE",2020,"CYPR",1207343,21.94,5515.41,35.02,1.166,0.011,110
"Baseline_CLE",2020,"CZRE",10633424,244.07,87720.31,372.9,7.009,5.301,2222
"Baseline_CLE",2020,"DENM",5796800,205.13,29949.84,313.36,1.867,0.706,1267
"Baseline_CLE",2020,"EAFR",280886178,612.19,81015.43,11772.79,7.43,0.67,705
"Baseline_CLE",2020,"ECUA",17335642,91.21,26221.7,697.87,3.135,0.007,439
"Baseline_CLE",2020,"EGYP",102941484,460.2,187451,2345.88,10.859,1.382,864
"Baseline_CLE",2020,"ESTO",1300559,32.71,9791.7,60.03,2.354,0.135,219
"Baseline_CLE",2020,"FINL",5580127,178.96,42939.99,185.11,1.492,0.332,1740
"Baseline_CLE",2020,"FRAN",65721165,1893.13,270882.1,2434.61,4.942,9.121,9456
"Baseline_CLE",2020,"GEOR",3898529,37.23,10324.66,211.59,8.83,0.369,135
"Baseline_CLE",2020,"GERM",82540450,2869.53,610411.43,1446.8,4.39,16.845,13787
"Baseline_CLE",2020,"GREE",11102572,180.93,53421.97,479.81,6.335,1.431,1176
"Baseline_CLE",2020,"HUNG",9621254,202.66,42184.4,335.28,5.648,3.744,990
"Baseline_CLE",2020,"ICEL",343228,12.01,2682.66,20.58,1.801,0.022,51
"Baseline_CLE",2020,"INDI",1383197751,6693.71,2208859.72,36973.19,32.925,44.649,22872
"Baseline_CLE",2020,"INDO",272222986,1374.13,616140.98,13403.51,31.085,2.994,7275
"Baseline_CLE",2020,"IRAN",83587129,851.84,810924.62,10021.97,20.122,2.241,3476
"Baseline_CLE",2020,"IREL",4887992,277.6,32806.38,661.4,1.711,0.305,950
"Baseline_CLE",2020,"ISRA",8713559,344.99,97098.45,259.84,13.393,1.466,1483
"Baseline_CLE",2020,"ITAL",59132073,1506.17,274769.37,1853.74,9.215,5.762,7761
"Baseline_CLE",2020,"JAPA",126495648,3725.47,1051955.65,1231.23,6.269,0.048,16922
"Baseline_CLE",2020,"KENY",53491697,110.51,23654.01,1841.51,8.013,0.361,184
"Baseline_CLE",2020,"KORS",51506975,1947.66,590408.89,1483.65,14.214,1.098,6974
"Baseline_CLE",2020,"KOSO",1660349,15.29,8804.01,55.05,24.975,4.151,113
"Baseline_CLE",2020,"LAOS",7164822,20.12,13397.73,377.96,1.837,0.342,19
"Baseline_CLE",2020,"LATV",1892993,39.57,6971.53,68,4.936,0.336,180
"Baseline_CLE",2020,"LITH",2852478,66.22,12358.9,145.42,2.795,0.67,462
"Baseline_CLE",2020,"LUXE",603944,45.4,7790.06,18.52,1.349,0.116,276
"Baseline_CLE",2020,"MACE",2088035,17.02,7101.39,66.57,10.397,1.92,136
"Baseline_CLE",2020,"MALA",32869323,501.98,308225.54,2051.81,20.457,6.967,2024
"Baseline_CLE",2020,"MALT",434363,15.58,1119.06,15.04,1.484,0,81
"Baseline_CLE",2020,"MEXI",133870027,1497.37,444449.59,8772.58,10.542,0.056,4192
"Baseline_CLE",2020,"MIDE",135979035,537.25,831980.79,14330.7,8.188,5.303,3626
"Baseline_CLE",2020,"MOLD",4017687,19.96,8736,99.45,5.987,0.394,233
"Baseline_CLE",2020,"MONG",3209404,15.96,23369.09,784.53,8.315,0.117,118
"Baseline_CLE",2020,"MONT",629397,9.4,2492.17,27.66,12.38,0.86,57
"Baseline_CLE",2020,"MYAN",54808276,93.18,22699.1,2717.85,5.328,0.285,30
"Baseline_CLE",2020,"NAFR",99566621,2291.62,393550.38,8507.26,9.332,0.432,1416
"Baseline_CLE",2020,"NEPA",30260244,57.75,10744.58,1111.9,20.226,1.673,132
"Baseline_CLE",2020,"NETH",17181248,626.88,140768.58,605.43,3.024,2.479,3286
"Baseline_CLE",2020,"NIGE",206152701,1420.52,110666.66,7604.17,21.942,1.3,298
"Baseline_CLE",2020,"NORW",5449693,175.09,40281.09,209.4,1.478,0.297,793
"Baseline_CLE",2020,"NZEL",4834420,127.23,38847.22,1395.17,1.363,0,700
"Baseline_CLE",2020,"PAKI",208362333,838.7,203492.84,10199.76,40.051,6.077,334
"Baseline_CLE",2020,"PARA",7066330,26.15,5717.51,1015.31,2.964,0.021,101
"Baseline_CLE",2020,"PERU",33312178,217.83,46398.96,1434.55,8.477,0.167,364
"Baseline_CLE",2020,"PHIL",109703397,429.78,161713.55,2851.3,9.28,0.508,1576
"Baseline_CLE",2020,"POLA",37942231,807.46,277741.42,1984.78,11.299,16.577,6659
"Baseline_CLE",2020,"PORT",10218413,220.73,38841.91,484.8,4.175,0.137,941
"Baseline_CLE",2020,"ROMA",19388362,365.6,69208.21,1008.2,9.083,5.478,1767
"Baseline_CLE",2020,"RSAF",130653840,600.42,84867.9,4496.08,4.93,0.728,586
"Baseline_CLE",2020,"RUSS",143786842,2051,1531096.75,25569.5,6.326,7.411,9576
"Baseline_CLE",2020,"SAAR",34709640,970.54,531457.1,6086.13,4.8,1.722,3104
"Baseline_CLE",2020,"SAFR",58721229,467.35,436347.82,2366.19,8.907,0.645,3734
"Baseline_CLE",2020,"SERB",7043593,81.56,46817.96,330.76,12.988,19.743,671
"Baseline_CLE",2020,"SING",5935053,361.89,86665.88,66.18,2.469,0.423,757
"Baseline_CLE",2020,"SKRE",5451400,123.78,27618.71,124.16,3.299,1.607,509
"Baseline_CLE",2020,"SLOV",2082055,49.1,11256.08,93.6,5.714,0.911,409
"Baseline_CLE",2020,"SPAI",46459219,1135.94,194782.68,2173.46,5.337,1.415,6804
"Baseline_CLE",2020,"SRIL",21084042,171.9,19823.1,507.15,7.16,0.006,123
"Baseline_CLE",2020,"SWED",10121686,371.02,35550.96,191.31,1.485,0.573,1407
"Baseline_CLE",2020,"SWIT",8670535,337.06,33235.99,196.01,4.203,0.684,1410
"Baseline_CLE",2020,"TAIW",23817905,850.95,309508.24,611.98,12.665,0.057,2639
"Baseline_CLE",2020,"TANZ",62774619,141.09,19975.61,2278.49,5.963,0.488,201
"Baseline_CLE",2020,"THAI",69410868,714.14,363266.13,3913.51,8.726,2.721,4009
"Baseline_CLE",2020,"TURK",83835750,871.68,340202.75,2565.8,16.414,7.237,5892
"Baseline_CLE",2020,"UKRA",43579234,213.7,171195.44,2456.98,5.069,8.938,1924
"Baseline_CLE",2020,"UNKI",67334208,2284.59,316335.89,2427.08,3.925,5.067,7034
"Baseline_CLE",2020,"URUG",3494387,37.16,5509.24,866.53,2.673,0.19,76
"Baseline_CLE",2020,"USAM",331431534,23673.6,4757796.04,37395.26,5.468,1.844,67244
"Baseline_CLE",2020,"VENE",33172392,277.06,150346.15,3465.25,5.128,0.153,786
"Baseline_CLE",2020,"VIET",98360145,391.61,252550.22,3834.47,16.756,3.321,2705
"Baseline_CLE",2020,"WAFR",342335918,837.3,118424.93,11420.74,7.255,0.363,964
"Baseline_CLE",2025,"AFGH",42388400,44.93,25609.31,730.72,46.152,1.993,61
"Baseline_CLE",2025,"ALBA",2946992,54.79,5612.64,132.38,8.59,0.823,143
"Baseline_CLE",2025,"ARGE",47479800,1276.14,199903.76,6026.9,3.033,0.386,2107
"Baseline_CLE",2025,"ARME",2934370,380.24,11722.13,137.33,12.216,0.445,52
"Baseline_CLE",2025,"AUST",8878617,647.67,60170.64,189.47,3.227,2.449,2155
"Baseline_CLE",2025,"AUTR",26857068,1814.81,340509.43,4468.93,2.092,0.067,6968
"Baseline_CLE",2025,"AZER",10442074,1161.88,76436.65,718.21,5.196,1.266,508
"Baseline_CLE",2025,"BANG",178262909,1306.52,85921.17,5055.76,26.294,1.692,207
"Baseline_CLE",2025,"BELA",9311380,170.18,30722.72,745.5,3.719,1.486,560
"Baseline_CLE",2025,"BELG",11819487,771.98,114690.64,272.21,3.206,2.561,3073
"Baseline_CLE",2025,"BHUT",877866,7.89,5818.84,26.48,4.866,0.478,13
"Baseline_CLE",2025,"BOHE",3456355,63.28,18181.66,178.76,14.01,6.704,431
"Baseline_CLE",2025,"BOLV",12359800,89.24,16335.23,1212.47,2.367,0.004,166
"Baseline_CLE",2025,"BRAZ",220370552,4261.6,476793.3,20323,5.729,1.322,11893
"Baseline_CLE",2025,"BRUN",468771,102.7,9939.75,113.55,2.91,0.097,29
"Baseline_CLE",2025,"BULG",6694229,243.16,50304.73,260.78,6.448,2.455,1105
"Baseline_CLE",2025,"CAMB",17808685,117.76,8829.07,754.97,4.618,0.249,10
"Baseline_CLE",2025,"CANA",39172922,2469.71,616453.26,4065.25,4.981,0.209,12211
"Baseline_CLE",2025,"CARB",46984908,518.86,106250.81,1878.76,3.705,0.188,718
"Baseline_CLE",2025,"CEAM",53680426,490.79,52219.04,2297.63,6.739,0.025,915
"Baseline_CLE",2025,"CHIL",19099237,836.57,82729.04,1098.18,16.308,0.176,1604
"Baseline_CLE",2025,"CHIN",1447305585,36439.9,13097585.8,72772.36,25.35,17.867,184962
"Baseline_CLE",2025,"COLO",51854482,983.01,97685.47,3461.86,6.4,0.028,1851
"Baseline_CLE",2025,"CROA",4002885,154.17,16110.05,125.74,5.921,2.405,660
"Baseline_CLE",2025,"CYPR",1247140,52.96,4622.22,33.12,0.942,0.003,114
"Baseline_CLE",2025,"CZRE",10612937,509.92,81298.69,332.94,5.893,4.239,2365
"Baseline_CLE",2025,"DENM",5913085,435.7,28846.25,294.79,1.684,0.602,1728
"Baseline_CLE",2025,"EAFR",318099503,851.39,93849.06,12374.04,6.142,0.533,875
"Baseline_CLE",2025,"ECUA",18478364,215.21,29062.21,763.12,3.16,0.008,609
"Baseline_CLE",2025,"EGYP",111470930,550.06,225941.14,2881.49,12.995,1.657,1091
"Baseline_CLE",2025,"ESTO",1280134,72.48,4819.34,51.85,1.711,0.087,241
"Baseline_CLE",2025,"FINL",5669119,371.87,40261.36,140.67,1.297,0.25,1940
"Baseline_CLE",2025,"FRAN",66841951,3969.13,268618.89,2182.62,4.738,8.285,13641
"Baseline_CLE",2025,"GEOR",3829218,188.13,17347.13,244.67,7.715,0.385,215
"Baseline_CLE",2025,"GERM",82455044,5745.96,515107.78,1318.95,3.666,13.481,15759
"Baseline_CLE",2025,"GREE",10944624,397.4,72906.7,473.25,4.338,1.007,1396
"Baseline_CLE",2025,"HUNG",9439465,460.36,41264.58,303.09,5.444,3.67,1306
"Baseline_CLE",2025,"ICEL",355184,28.91,4089.04,20.83,2.022,0.025,58
"Baseline_CLE",2025,"INDI",1451829003,15171,3120280.92,38440.46,34.318,47.468,40304
"Baseline_CLE",2025,"INDO",284751045,4842.38,842799.19,16465.34,36.878,4.388,9493
"Baseline_CLE",2025,"IRAN",86729781,2456.54,892410.02,10829.8,23.077,2.346,4882
"Baseline_CLE",2025,"IREL",5063876,783.6,34218.32,654.03,1.336,0.277,1506
"Baseline_CLE",2025,"ISRA",9348954,1189.61,109381,274.43,13.284,1.395,2085
"Baseline_CLE",2025,"ITAL",58623032,3155.92,296549.43,1522.94,8.345,5.234,9441
"Baseline_CLE",2025,"JAPA",124309807,6628.79,951262.89,1249.49,5.608,0.041,16083
"Baseline_CLE",2025,"KENY",60063158,153.69,28805.21,1927.31,6.524,0.295,234
"Baseline_CLE",2025,"KORS",52219340,3055.77,602524.79,1371.7,13.99,1.02,11194
"Baseline_CLE",2025,"KOSO",1615784,37.36,7666.61,51.46,22.173,3.302,133
"Baseline_CLE",2025,"LAOS",7629773,60.07,15067.73,374.83,2.134,0.385,17
"Baseline_CLE",2025,"LATV",1812682,85.12,5878.98,65.29,3.779,0.272,308
"Baseline_CLE",2025,"LITH",2788010,152.55,11818.13,106.01,2.449,0.585,511
"Baseline_CLE",2025,"LUXE",641757,100.61,7904.27,18.25,1.086,0.087,348
"Baseline_CLE",2025,"MACE",2088336,39.6,7509.07,64.21,8.996,1.121,190
"Baseline_CLE",2025,"MALA",34949758,1392.8,359495.62,2079.73,23.113,7.456,2508
"Baseline_CLE",2025,"MALT",439036,38.57,8096.38,18.94,1.273,0,37
"Baseline_CLE",2025,"MEXI",141131503,3401.57,460291.64,8827.06,9.608,0.056,5864
"Baseline_CLE",2025,"MIDE",151911027,1837.95,953361.06,15390.27,9.098,5.307,5455
"Baseline_CLE",2025,"MOLD",3943322,55.23,7376.55,105.49,5.226,0.357,102
"Baseline_CLE",2025,"MONG",3402258,43.36,35808.75,809.76,19.834,0.143,313
"Baseline_CLE",2025,"MONT",628109,21.72,1829.52,26.73,10.821,0.486,48
"Baseline_CLE",2025,"MYAN",57001494,278.24,23111.96,2821.64,5.414,0.293,27
"Baseline_CLE",2025,"NAFR",105539708,2930.76,450220.04,10800.03,10.762,0.482,1711
"Baseline_CLE",2025,"NEPA",31813598,149.4,12876.78,1175.35,21.377,1.764,216
"Baseline_CLE",2025,"NETH",17414354,1346.12,113274.18,592.75,2.729,2.149,4421
"Baseline_CLE",2025,"NIGE",233691888,1975.58,110469.54,7756.66,16.648,1.02,426
"Baseline_CLE",2025,"NORW",5707475,417.04,39675.5,208.5,1.157,0.244,910
"Baseline_CLE",2025,"NZEL",5032308,254.49,37334.48,1413.15,1.223,0,876
"Baseline_CLE",2025,"PAKI",226767952,2041.98,244820.05,11324.97,42.202,6.577,770
"Baseline_CLE",2025,"PARA",7473078,61.7,6314.17,1040.12,3.164,0.022,137
"Baseline_CLE",2025,"PERU",35130736,513.98,47200.63,1418.17,9.123,0.167,473
"Baseline_CLE",2025,"PHIL",117664681,1230.44,182271.24,2901.46,9.331,0.528,1867
"Baseline_CLE",2025,"POLA",37373183,1808.71,254459.34,1459.29,8.454,12.31,7759
"Baseline_CLE",2025,"PORT",10047807,472.13,35762.81,425.87,4.147,0.114,1384
"Baseline_CLE",2025,"ROMA",18926996,836.52,64404.65,948.81,8.705,5.198,1813
"Baseline_CLE",2025,"RSAF",149595801,835.03,105333.49,4894.77,4.49,0.683,759
"Baseline_CLE",2025,"RUSS",142606884,5375.47,1977409.04,29270.83,6.434,7.624,12896
"Baseline_CLE",2025,"SAAR",37290305,2859.05,566933.28,6460.27,4.847,1.63,4598
"Baseline_CLE",2025,"SAFR",61790036,1013.92,403220.89,2369.53,7.208,0.414,3858
"Baseline_CLE",2025,"SERB",6925509,234.29,41797.15,304.22,10.942,11.79,755
"Baseline_CLE",2025,"SING",6157267,1080.68,95657.37,72.03,2.379,0.41,973
"Baseline_CLE",2025,"SKRE",5437850,258.33,28940.3,111.11,2.674,1.573,699
"Baseline_CLE",2025,"SLOV",2076082,113.08,10489.12,92.86,6.827,0.979,521
"Baseline_CLE",2025,"SPAI",46306820,2373.86,178098.25,1942.87,4.263,1.155,8569
"Baseline_CLE",2025,"SRIL",21349942,438.3,20901.33,533.77,6.877,0.006,148
"Baseline_CLE",2025,"SWED",10435342,785.32,32567.03,142.3,1.103,0.467,2050
"Baseline_CLE",2025,"SWIT",8954578,811.35,43259.47,196.84,4.063,0.651,1561
"Baseline_CLE",2025,"TAIW",24045238,1903.38,360722.12,567.13,12.765,0.061,3762
"Baseline_CLE",2025,"TANZ",72681070,196.22,23808.11,2442.15,5.225,0.424,259
"Baseline_CLE",2025,"THAI",69685486,1974.74,403142.38,3930.1,8.993,2.877,4794
"Baseline_CLE",2025,"TURK",86124851,3278.24,391929.56,2764.93,13.338,6.625,7861
"Baseline_CLE",2025,"UKRA",42452647,551.91,140170.46,1998.1,4.223,6.797,2063
"Baseline_CLE",2025,"UNKI",69074025,3995.13,300285.07,1908.74,3.401,4.085,8349
"Baseline_CLE",2025,"URUG",3548938,87.68,6475.21,933.38,2.869,0.195,98
"Baseline_CLE",2025,"USAM",343255846,28765.5,4917877.8,37054.59,5.151,1.767,68334
"Baseline_CLE",2025,"VENE",35040206,653.73,195275.08,4305.06,5.838,0.176,932
"Baseline_CLE",2025,"VIET",102763511,1147.58,282617.33,4046.31,17.308,3.438,3634
"Baseline_CLE",2025,"WAFR",392342638,1164.47,143318.23,11011.26,6.266,0.309,1240
"Baseline_CLE",2030,"AFGH",46699545,47.88,28776.66,808.25,53.35,2.246,78
"Baseline_CLE",2030,"ALBA",2933419,63.93,6095.95,154.97,8.287,0.842,202
"Baseline_CLE",2030,"ARGE",49323306,1493.73,210435.68,6245.42,2.753,0.37,2509
"Baseline_CLE",2030,"ARME",2907463,444.58,11466.38,138.06,13.078,0.469,67
"Baseline_CLE",2030,"AUST",8945882,701.06,51666.08,176.69,2.39,1.821,2156
"Baseline_CLE",2030,"AUTR",28234742,2028.1,263695.52,3937.34,1.976,0.051,6404
"Baseline_CLE",2030,"AZER",10680202,1358.48,73498.96,712.43,5.641,1.313,564
"Baseline_CLE",2030,"BANG",185584811,1753.97,86237.54,5290.43,26.904,1.7,255
"Baseline_CLE",2030,"BELA",9163118,202,25826.64,728.81,3.931,1.508,737
"Baseline_CLE",2030,"BELG",12001594,821.5,110370.32,260.92,2.785,2.262,2883
"Baseline_CLE",2030,"BHUT",913697,8.41,6851.64,28.07,6.062,0.583,20
"Baseline_CLE",2030,"BOHE",3404781,72.79,18216.99,192.09,11.68,4.782,504
"Baseline_CLE",2030,"BOLV",13158072,105.03,17139.6,1339.78,2.704,0.004,203
"Baseline_CLE",2030,"BRAZ",225472214,4711.78,509250.5,21278.78,5.693,1.299,13514
"Baseline_CLE",2030,"BRUN",489666,134.14,11534.24,127.4,3.174,0.11,34
"Baseline_CLE",2030,"BULG",6430847,270.69,26651.67,218.41,4.485,1.382,830
"Baseline_CLE",2030,"CAMB",18797878,153.81,10045.33,760.4,5.126,0.263,11
"Baseline_CLE",2030,"CANA",40617535,2687.68,572285.07,3939.64,4.831,0.204,13972
"Baseline_CLE",2030,"CARB",48040088,610.67,104972.27,2021.73,3.852,0.192,815
"Baseline_CLE",2030,"CEAM",56956345,577.64,59879.38,2515.43,7.001,0.024,1168
"Baseline_CLE",2030,"CHIL",19637321,936.98,78732.45,1174.24,15.962,0.17,1776
"Baseline_CLE",2030,"CHIN",1449914970,43164.7,11792959.87,72211.48,22.57,15.917,177487
"Baseline_CLE",2030,"COLO",53134127,1147.73,101338.33,3711.34,6.143,0.029,2278
"Baseline_CLE",2030,"CROA",3895784,166.29,15301,120.89,3.446,1.611,735
"Baseline_CLE",2030,"CYPR",1282204,60.15,6365.14,32.48,0.864,0.003,112
"Baseline_CLE",2030,"CZRE",10528196,572.8,59248.38,305.18,4.951,3.459,2251
"Baseline_CLE",2030,"DENM",6024516,481.36,28000.77,283.64,1.604,0.567,1828
"Baseline_CLE",2030,"EAFR",357454185,1077.17,104849.99,13570.01,6.581,0.54,1001
"Baseline_CLE",2030,"ECUA",19554856,253.29,30837.31,835.87,3.182,0.008,868
"Baseline_CLE",2030,"EGYP",119745677,624.02,241858.33,3022.13,14.029,1.75,1289
"Baseline_CLE",2030,"ESTO",1253590,83.85,3774.7,41.88,1.291,0.067,256
"Baseline_CLE",2030,"FINL",5739095,402.86,38028.09,129.09,1.224,0.214,1883
"Baseline_CLE",2030,"FRAN",67894271,4234.05,230278.48,2090.7,3.844,6.873,14732
"Baseline_CLE",2030,"GEOR",3748350,262.96,17189.25,230.53,7.593,0.356,254
"Baseline_CLE",2030,"GERM",82186736,6037.24,418567.55,1280.05,3.04,10.768,14677
"Baseline_CLE",2030,"GREE",10783625,418.92,45801.96,425.32,3.575,0.81,1351
"Baseline_CLE",2030,"HUNG",9235459,532.12,34300.35,260.27,5.241,3.344,1399
"Baseline_CLE",2030,"ICEL",365646,33.36,3763.74,20.37,2.055,0.026,52
"Baseline_CLE",2030,"INDI",1512985204,20723,3361867.09,39745.17,29.627,40.044,56247
"Baseline_CLE",2030,"INDO",295595235,6174.7,974132.27,18563.96,40.922,4.85,11050
"Baseline_CLE",2030,"IRAN",88863308,2907.34,972070.6,11412.57,24.5,2.351,5629
"Baseline_CLE",2030,"IREL",5219951,872.79,27022.93,632.15,1.058,0.23,1631
"Baseline_CLE",2030,"ISRA",9983645,1329.38,94040.99,339.59,12.579,1.22,2167
"Baseline_CLE",2030,"ITAL",58109918,3257.51,245644.7,1342.12,6.003,4.12,9605
"Baseline_CLE",2030,"JAPA",121580506,6831.05,758810.98,1294.66,5.295,0.037,14730
"Baseline_CLE",2030,"KENY",66959993,194.45,32915.04,2153.62,7.116,0.309,270
"Baseline_CLE",2030,"KORS",52701817,3392.74,547440.87,1366.23,13.433,0.97,11271
"Baseline_CLE",2030,"KOSO",1562606,44.65,9581.07,54.18,19.222,2.063,224
"Baseline_CLE",2030,"LAOS",8048698,78.46,18869.29,388.8,2.641,0.521,20
"Baseline_CLE",2030,"LATV",1747192,95.58,6129.43,65.06,2.925,0.241,367
"Baseline_CLE",2030,"LITH",2717731,167.51,11287.67,87.78,1.989,0.494,558
"Baseline_CLE",2030,"LUXE",674864,113.06,6786.98,18.1,0.983,0.072,293
"Baseline_CLE",2030,"MACE",2076350,46.14,6637.37,75.34,8.617,1.017,178
"Baseline_CLE",2030,"MALA",36814968,1685.81,387948.38,2318.96,25.493,7.832,2739
"Baseline_CLE",2030,"MALT",439963,49.05,1081.56,17.83,1.193,0,37
"Baseline_CLE",2030,"MEXI",147540127,3771.83,442828.38,9219.95,9.174,0.049,7513
"Baseline_CLE",2030,"MIDE",167021947,2227.41,1001852.49,16090.92,9.008,4.529,6240
"Baseline_CLE",2030,"MOLD",3843941,67.66,7400.81,117.22,4.743,0.328,135
"Baseline_CLE",2030,"MONG",3560959,57.99,33276.59,829.41,14.528,0.14,236
"Baseline_CLE",2030,"MONT",624702,24.92,1079.71,24.29,9.177,0.164,58
"Baseline_CLE",2030,"MYAN",58915869,363.41,25710.08,3003,5.852,0.309,28
"Baseline_CLE",2030,"NAFR",110616199,3565.65,483634.33,11742.62,12.164,0.508,2016
"Baseline_CLE",2030,"NEPA",33167612,199.7,15462.74,1263.27,24.048,1.927,304
"Baseline_CLE",2030,"NETH",17594086,1425.03,95737.07,555.49,2.523,1.9,4296
"Baseline_CLE",2030,"NIGE",264067527,2499.46,123026.26,8557.36,17.227,1.037,516
"Baseline_CLE",2030,"NORW",5959215,465.16,35706.5,204.27,1.007,0.215,865
"Baseline_CLE",2030,"NZEL",5213103,284.39,34468.25,1394.97,1.14,0,926
"Baseline_CLE",2030,"PAKI",244248371,2562.91,253170.95,12517.15,43.668,6.701,934
"Baseline_CLE",2030,"PARA",7844904,72.61,7732.88,1080.06,3.505,0.023,180
"Baseline_CLE",2030,"PERU",36806784,604.93,50206.21,1477.09,10.244,0.181,600
"Baseline_CLE",2030,"PHIL",125372282,1544.3,190592.45,3109.54,9.831,0.549,2064
"Baseline_CLE",2030,"POLA",36615500,2078.04,208352.37,1238.23,6.312,9.498,7770
"Baseline_CLE",2030,"PORT",9877056,501.12,32111.3,340.3,3.327,0.095,1456
"Baseline_CLE",2030,"ROMA",18464237,1009.94,70372.57,871.92,7.999,4.909,2317
"Baseline_CLE",2030,"RSAF",170435953,1056.46,120930.79,5499.29,4.974,0.725,873
"Baseline_CLE",2030,"RUSS",140543418,5538.55,1901595.94,29551.51,6.049,7.103,13762
"Baseline_CLE",2030,"SAAR",39480349,3258.87,567871.6,6824.92,4.332,1.347,5191
"Baseline_CLE",2030,"SAFR",64465553,1086.58,368964.79,2477.54,6.571,0.287,4015
"Baseline_CLE",2030,"SERB",6792839,277.22,42882.66,479.36,9.141,6.21,951
"Baseline_CLE",2030,"SING",6342470,1411.46,98943.08,87.44,2.031,0.356,1102
"Baseline_CLE",2030,"SKRE",5387458,287.41,22182.49,124.05,2.087,1.203,662
"Baseline_CLE",2030,"SLOV",2059211,129.2,9930.61,82.14,6.838,0.936,533
"Baseline_CLE",2030,"SPAI",46115125,2627.14,156167.44,1794.47,3.285,0.98,8962
"Baseline_CLE",2030,"SRIL",21474701,570.66,21218.58,562.15,6.958,0.006,174
"Baseline_CLE",2030,"SWED",10712041,887.27,28296.62,137.77,0.946,0.435,1973
"Baseline_CLE",2030,"SWIT",9203908,911.49,40014.73,196.77,3.505,0.552,1597
"Baseline_CLE",2030,"TAIW",24150708,2217.82,371883.08,563.6,12.918,0.063,4923
"Baseline_CLE",2030,"TANZ",83702053,248.25,27237.92,2770.36,5.891,0.447,298
"Baseline_CLE",2030,"THAI",69626212,2387.87,446472.71,4174.52,9.258,2.927,5419
"Baseline_CLE",2030,"TURK",88416609,3895.34,384407.43,2908.92,11.144,5.938,8436
"Baseline_CLE",2030,"UKRA",41200374,650.64,160792.41,2073.78,4.265,6.635,2498
"Baseline_CLE",2030,"UNKI",70578614,4322.22,243798.64,1603.3,2.783,3.279,7972
"Baseline_CLE",2030,"URUG",3594299,103.19,7216.95,1006.07,3.159,0.199,123
"Baseline_CLE",2030,"USAM",354711670,31897.5,4291831.1,34352,4.727,1.623,71971
"Baseline_CLE",2030,"VENE",36749904,769.41,194781,4548.19,6.364,0.187,1097
"Baseline_CLE",2030,"VIET",106283637,1472.55,306188.03,4354.17,18.352,3.566,4356
"Baseline_CLE",2030,"WAFR",447164434,1473.26,163619.42,11618.25,6.844,0.323,1432
"Baseline_MTFR",2030,"AFGH",46699545,47.88,27992.72,683.52,14.073,0.724,5347
"Baseline_MTFR",2030,"ALBA",2933419,63.93,5937.25,136.02,5.53,0.424,419
"Baseline_MTFR",2030,"ARGE",49323306,1493.73,207761.59,3692.98,1.317,0.197,6162
"Baseline_MTFR",2030,"ARME",2907463,444.58,11464.99,69.5,6.171,0.266,222
"Baseline_MTFR",2030,"AUST",8945882,701.06,51663.89,139,1.697,1.376,2586
"Baseline_MTFR",2030,"AUTR",28234742,2028.1,266288.07,2477.69,1.082,0.026,9549
"Baseline_MTFR",2030,"AZER",10680202,1358.48,72922.26,321.31,2.351,0.762,1045
"Baseline_MTFR",2030,"BANG",185584811,1753.97,85170.31,3855.58,10.838,0.793,5921
"Baseline_MTFR",2030,"BELA",9163118,202,25797.62,617.83,2.172,0.827,1658
"Baseline_MTFR",2030,"BELG",12001594,821.5,110370.27,175.68,2.043,1.712,3230
"Baseline_MTFR",2030,"BHUT",913697,8.41,6844.43,22.32,1.629,0.111,253
"Baseline_MTFR",2030,"BOHE",3404781,72.79,18215.74,130.18,9.604,4.378,915
"Baseline_MTFR",2030,"BOLV",13158072,105.03,16885.51,920.21,1.218,0.002,966
"Baseline_MTFR",2030,"BRAZ",225472214,4711.78,503866.76,14157.95,2.525,0.68,25174
"Baseline_MTFR",2030,"BRUN",489666,134.14,10850.03,23.94,1.738,0.072,190
"Baseline_MTFR",2030,"BULG",6430847,270.69,26651.1,191.31,3.029,0.932,1143
"Baseline_MTFR",2030,"CAMB",18797878,153.81,9820.46,564.33,1.511,0.103,1331
"Baseline_MTFR",2030,"CANA",40617535,2687.68,572822.52,2258.74,2.399,0.123,17755
"Baseline_MTFR",2030,"CARB",48040088,610.67,104186.5,1211.7,1.934,0.088,2754
"Baseline_MTFR",2030,"CEAM",56956345,577.64,59307.65,1624.94,4.443,0.016,3307
"Baseline_MTFR",2030,"CHIL",19637321,936.98,78579.77,674.52,10.125,0.129,2970
"Baseline_MTFR",2030,"CHIN",1449914970,43164.7,11774972.85,37837.26,14.38,10.72,239851
"Baseline_MTFR",2030,"COLO",53134127,1147.73,99714.76,2344.97,2.485,0.009,5655
"Baseline_MTFR",2030,"CROA",3895784,166.29,15285,101.85,2.543,1.148,1084
"Baseline_MTFR",2030,"CYPR",1282204,60.15,6365.1,28.78,0.609,0.002,165
"Baseline_MTFR",2030,"CZRE",10528196,572.8,59246.23,247.01,3.751,2.625,3007
"Baseline_MTFR",2030,"DENM",6024516,481.36,27945.15,212.38,1.181,0.453,2134
"Baseline_MTFR",2030,"EAFR",357454185,1077.17,94535.95,10898.51,1.953,0.18,35822
"Baseline_MTFR",2030,"ECUA",19554856,253.29,30412.27,515.52,1.511,0.003,1589
"Baseline_MTFR",2030,"EGYP",119745677,624.02,232600.48,1089.17,5.237,0.716,6520
"Baseline_MTFR",2030,"ESTO",1253590,83.85,3774.66,33.93,0.88,0.048,403
"Baseline_MTFR",2030,"FINL",5739095,402.86,38028.08,117.29,0.893,0.149,2524
"Baseline_MTFR",2030,"FRAN",67894271,4234.05,230257.42,1881.75,3.087,5.632,17912
"Baseline_MTFR",2030,"GEOR",3748350,262.96,17169.05,147.14,5.039,0.222,482
"Baseline_MTFR",2030,"GERM",82186736,6037.24,418550.02,1063.76,3.047,12.889,18483
"Baseline_MTFR",2030,"GREE",10783625,418.92,45800.98,381.02,2.631,0.515,2092
"Baseline_MTFR",2030,"HUNG",9235459,532.12,34298.12,205.44,3.722,2.518,1844
"Baseline_MTFR",2030,"ICEL",365646,33.36,3761.15,17.43,1.644,0.022,72
"Baseline_MTFR",2030,"INDI",1512985204,20723,3348682.62,27657.55,12.031,17.307,127796
"Baseline_MTFR",2030,"INDO",295595235,6174.7,962577.47,8892.1,13.59,1.241,29686
"Baseline_MTFR",2030,"IRAN",88863308,2907.34,918719.83,2699.67,8.492,0.953,16119
"Baseline_MTFR",2030,"IREL",5219951,872.79,27022.68,561.15,0.806,0.178,1881
"Baseline_MTFR",2030,"ISRA",9983645,1329.38,93861.06,239.43,5.387,0.474,2953
"Baseline_MTFR",2030,"ITAL",58109918,3257.51,245567.29,1063.04,5.178,3.159,11514
"Baseline_MTFR",2030,"JAPA",121580506,6831.05,758828.02,1049.39,3.344,0.024,17798
"Baseline_MTFR",2030,"KENY",66959993,194.45,32488.32,1882.16,2.549,0.132,6419
"Baseline_MTFR",2030,"KORS",52701817,3392.74,548661.73,847.86,7.998,0.582,12703
"Baseline_MTFR",2030,"KOSO",1562606,44.65,9580.01,33.96,16.957,3.551,364
"Baseline_MTFR",2030,"LAOS",8048698,78.46,18771.94,301.64,0.727,0.119,1789
"Baseline_MTFR",2030,"LATV",1747192,95.58,6129.37,58.73,2.093,0.187,544
"Baseline_MTFR",2030,"LITH",2717731,167.51,11286.74,76.8,1.386,0.331,772
"Baseline_MTFR",2030,"LUXE",674864,113.06,6786.97,14.82,0.832,0.049,321
"Baseline_MTFR",2030,"MACE",2076350,46.14,6635.91,69.42,6.105,0.682,408
"Baseline_MTFR",2030,"MALA",36814968,1685.81,378000.07,784.76,8.27,2.567,9185
"Baseline_MTFR",2030,"MALT",439963,49.05,1081.54,16.44,0.894,0,48
"Baseline_MTFR",2030,"MEXI",147540127,3771.83,438396.93,4438.19,4.397,0.027,13015
"Baseline_MTFR",2030,"MIDE",167021947,2227.41,957585.09,3921.94,2.638,1.647,15118
"Baseline_MTFR",2030,"MOLD",3843941,67.66,7391.36,102.04,3.165,0.218,547
"Baseline_MTFR",2030,"MONG",3560959,57.99,33219.93,657.72,8.658,0.083,1159
"Baseline_MTFR",2030,"MONT",624702,24.92,1079.49,24.1,6.851,0.117,99
"Baseline_MTFR",2030,"MYAN",58915869,363.41,24634.28,2274.64,2.246,0.16,4212
"Baseline_MTFR",2030,"NAFR",110616199,3565.65,450742.34,3129.84,4.397,0.205,10884
"Baseline_MTFR",2030,"NEPA",33167612,199.7,15084.88,1043.57,8.474,0.8,3943
"Baseline_MTFR",2030,"NETH",17594086,1425.03,95730.31,474.89,2.193,1.643,4778
"Baseline_MTFR",2030,"NIGE",264067527,2499.46,113251.96,4543.82,4.85,0.436,46011
"Baseline_MTFR",2030,"NORW",5959215,465.16,34766.89,152.87,0.655,0.112,1086
"Baseline_MTFR",2030,"NZEL",5213103,284.39,35113.15,1222.43,0.633,0,1405
"Baseline_MTFR",2030,"PAKI",244248371,2562.91,249038.35,10798.18,13.621,2.434,17124
"Baseline_MTFR",2030,"PARA",7844904,72.61,7687.06,750.8,1.712,0.014,787
"Baseline_MTFR",2030,"PERU",36806784,604.93,49694.71,1010.31,4.351,0.102,2754
"Baseline_MTFR",2030,"PHIL",125372282,1544.3,189497.07,2087.6,3.406,0.201,9000
"Baseline_MTFR",2030,"POLA",36615500,2078.04,208335.21,940.78,4.616,6.902,10412
"Baseline_MTFR",2030,"PORT",9877056,501.12,32110.9,251.36,2.405,0.056,1902
"Baseline_MTFR",2030,"ROMA",18464237,1009.94,70337.21,571.72,6.064,3.591,3342
"Baseline_MTFR",2030,"RSAF",170435953,1056.46,108897.59,2855.95,1.393,0.273,18148
"Baseline_MTFR",2030,"RUSS",140543418,5538.55,1832470.59,8758.74,2.955,2.678,32260
"Baseline_MTFR",2030,"SAAR",39480349,3258.87,561234.8,2060.86,0.999,0.426,10275
"Baseline_MTFR",2030,"SAFR",64465553,1086.58,368183.39,1806.4,3.251,0.164,9228
"Baseline_MTFR",2030,"SERB",6792839,277.22,42761.67,213.4,8.552,11.76,1493
"Baseline_MTFR",2030,"SING",6342470,1411.46,98942.77,27.92,1.099,0.215,1334
"Baseline_MTFR",2030,"SKRE",5387458,287.41,22182.33,95.6,1.444,0.741,975
"Baseline_MTFR",2030,"SLOV",2059211,129.2,9930.57,56.83,4.606,0.665,660
"Baseline_MTFR",2030,"SPAI",46115125,2627.14,155325.49,1140.75,2.276,0.645,11221
"Baseline_MTFR",2030,"SRIL",21474701,570.66,20994.37,404.38,1.996,0.002,1581
"Baseline_MTFR",2030,"SWED",10712041,887.27,28296.38,127.03,0.85,0.373,2250
"Baseline_MTFR",2030,"SWIT",9203908,911.49,40014.72,166.85,3.025,0.469,1698
"Baseline_MTFR",2030,"TAIW",24150708,2217.82,371636.41,376.68,6.891,0.038,6419
"Baseline_MTFR",2030,"TANZ",83702053,248.25,26557.11,2273.55,1.587,0.166,9378
"Baseline_MTFR",2030,"THAI",69626212,2387.87,444042.87,2490.78,2.962,0.885,14034
"Baseline_MTFR",2030,"TURK",88416609,3895.34,384315.43,2821.67,5.807,2.297,13894
"Baseline_MTFR",2030,"UKRA",41200374,650.64,160589.13,1087.37,2.78,4.472,5399
"Baseline_MTFR",2030,"UNKI",70578614,4322.22,243122.8,1191.04,2.145,2.386,9802
"Baseline_MTFR",2030,"URUG",3594299,103.19,7202.97,686.95,1.062,0.096,512
"Baseline_MTFR",2030,"USAM",354711670,31897.5,4292356.41,20288.29,2.809,0.93,101901
"Baseline_MTFR",2030,"VENE",36749904,769.41,172599.11,1518.5,2.654,0.09,4074
"Baseline_MTFR",2030,"VIET",106283637,1472.55,302289.42,2636.53,6.489,1.346,11425
"Baseline_MTFR",2030,"WAFR",447164434,1473.26,149233.7,8162.23,2.051,0.11,32664
"Decarb_CLE",2030,"AFGH",46699545,47.88,22267.85,681.16,32.305,1.441,40
"Decarb_CLE",2030,"ALBA",2933419,71.81,5576.39,121.58,8.594,0.819,177
"Decarb_CLE",2030,"ARGE",49323306,1493.73,162490.85,4930.48,2.526,0.328,2329
"Decarb_CLE",2030,"ARME",2907463,444.58,9626.6,109.32,15.997,0.683,20
"Decarb_CLE",2030,"AUST",8945882,701.06,37208.9,212.69,2.053,1.546,1723
"Decarb_CLE",2030,"AUTR",28234742,2028.1,179463.3,3251.45,1.793,0.037,4989
"Decarb_CLE",2030,"AZER",10680202,1358.48,62446.43,687.11,6.911,1.765,233
"Decarb_CLE",2030,"BANG",185584811,1753.97,76473.12,4287.68,20.53,1.459,202
"Decarb_CLE",2030,"BELA",9163118,226.92,20961.65,712.44,3.986,1.418,572
"Decarb_CLE",2030,"BELG",12001594,821.5,71408.83,266.74,2.51,2.005,2297
"Decarb_CLE",2030,"BHUT",913697,8.41,6116.33,27.05,5.296,0.511,13
"Decarb_CLE",2030,"BOHE",3404781,81.77,9975.07,132.61,11.479,2.783,338
"Decarb_CLE",2030,"BOLV",13158072,105.03,14001.95,1229.7,2.207,0.002,163
"Decarb_CLE",2030,"BRAZ",225472214,4711.78,415573.11,18364.03,5.396,1.193,12666
"Decarb_CLE",2030,"BRUN",489666,134.14,7331.63,70.38,2.374,0.076,31
"Decarb_CLE",2030,"BULG",6430847,270.69,18669.99,181.02,3.612,1.092,635
"Decarb_CLE",2030,"CAMB",18797878,153.81,8846.21,649.4,3.792,0.211,8
"Decarb_CLE",2030,"CANA",40617535,2687.68,430886.57,4215.74,4.947,0.206,10961
"Decarb_CLE",2030,"CARB",48040088,610.67,78709.21,1224.52,2.597,0.128,552
"Decarb_CLE",2030,"CEAM",56956345,577.64,47216.29,1881.1,3.76,0.012,676
"Decarb_CLE",2030,"CHIL",19637321,936.98,57028.44,708.65,13.604,0.15,1328
"Decarb_CLE",2030,"CHIN",1449914970,43164.7,8429900.68,48374.61,20.931,14.244,132427
"Decarb_CLE",2030,"COLO",53134127,1147.73,77231.65,3190.74,5.385,0.023,1699
"Decarb_CLE",2030,"CROA",3895784,166.29,12403.31,128.33,2.705,1.312,597
"Decarb_CLE",2030,"CYPR",1282204,60.15,5491.42,32.45,0.74,0.003,93
"Decarb_CLE",2030,"CZRE",10528196,572.8,35882.04,305.51,4.082,2.729,1649
"Decarb_CLE",2030,"DENM",6024516,481.36,21722.92,253.45,1.447,0.522,1515
"Decarb_CLE",2030,"EAFR",357454185,1077.17,89095.61,10552.33,3.612,0.293,939
"Decarb_CLE",2030,"ECUA",19554856,253.29,26674.29,828.68,2.757,0.006,737
"Decarb_CLE",2030,"EGYP",119745677,624.02,195858.68,1958.26,12.385,1.536,1149
"Decarb_CLE",2030,"ESTO",1253590,83.85,2942.48,39.09,1.128,0.059,201
"Decarb_CLE",2030,"FINL",5739095,402.86,26154.63,129.69,1.021,0.175,1497
"Decarb_CLE",2030,"FRAN",67894271,4234.05,165136.56,1948.5,3.428,6.34,11074
"Decarb_CLE",2030,"GEOR",3748350,262.96,13562.5,230.84,10.625,0.716,133
"Decarb_CLE",2030,"GERM",82186736,6037.24,279213.27,1344.06,2.596,9.186,10963
"Decarb_CLE",2030,"GREE",10783625,418.92,34471.39,399.94,3.199,0.702,1059
"Decarb_CLE",2030,"HUNG",9235459,532.12,25387.08,234.07,4.336,2.847,1122
"Decarb_CLE",2030,"ICEL",365646,33.36,3110.39,19.98,2.028,0.025,41
"Decarb_CLE",2030,"INDI",1512985204,20723,2487248.14,32033.88,23.562,31.039,46200
"Decarb_CLE",2030,"INDO",295595235,6174.7,817942.69,14461.55,36.431,3.81,9643
"Decarb_CLE",2030,"IRAN",88863308,2907.34,787113.45,6235.26,21.212,1.922,4788
"Decarb_CLE",2030,"IREL",5219951,872.79,19997.27,593.49,0.921,0.207,1351
"Decarb_CLE",2030,"ISRA",9983645,1329.38,44661.51,243.61,10.266,0.65,1468
"Decarb_CLE",2030,"ITAL",58109918,3257.51,158316.38,1290.63,5.085,3.549,6170
"Decarb_CLE",2030,"JAPA",121580506,6831.05,562935.44,1188.79,5.128,0.033,11858
"Decarb_CLE",2030,"KENY",66959993,194.45,31342.86,1744.9,4.375,0.188,252
"Decarb_CLE",2030,"KORS",52701817,3392.74,454174.6,1019.69,13.263,0.956,9059
"Decarb_CLE",2030,"KOSO",1562606,50.16,2966.83,41.6,20.262,1.246,101
"Decarb_CLE",2030,"LAOS",8048698,78.46,12818.35,351.89,1.934,0.298,13
"Decarb_CLE",2030,"LATV",1747192,95.58,4577.8,57.78,2.481,0.212,289
"Decarb_CLE",2030,"LITH",2717731,167.51,8452.2,84.96,1.684,0.425,459
"Decarb_CLE",2030,"LUXE",674864,113.06,5315.94,17.95,0.889,0.058,243
"Decarb_CLE",2030,"MACE",2076350,51.83,6166.01,65.71,9.129,0.985,158
"Decarb_CLE",2030,"MALA",36814968,1685.81,296017.9,1137.46,22.308,6.754,2358
"Decarb_CLE",2030,"MALT",439963,49.05,789.8,15.36,1.151,0,32
"Decarb_CLE",2030,"MEXI",147540127,3771.83,337314.51,5476.21,7.639,0.038,4341
"Decarb_CLE",2030,"MIDE",167021947,2227.41,874210.72,14686.53,7.834,3.38,5204
"Decarb_CLE",2030,"MOLD",3843941,76,7952.44,148.59,5.154,0.353,127
"Decarb_CLE",2030,"MONG",3560959,57.99,21358.91,759.25,11.642,0.092,161
"Decarb_CLE",2030,"MONT",624702,27.99,919.69,21.44,9.992,0.157,51
"Decarb_CLE",2030,"MYAN",58915869,363.41,20738.93,2574.02,4.381,0.26,19
"Decarb_CLE",2030,"NAFR",110616199,3565.65,380701.55,7141.44,10.865,0.408,1790
"Decarb_CLE",2030,"NEPA",33167612,199.7,13449.45,1146.29,15.139,1.294,234
"Decarb_CLE",2030,"NETH",17594086,1425.03,67955.84,591.47,2.278,1.661,3535
"Decarb_CLE",2030,"NIGE",264067527,2499.46,123998.88,8139.5,5.839,0.45,482
"Decarb_CLE",2030,"NORW",5959215,465.16,32280.6,172.48,1.079,0.179,954
"Decarb_CLE",2030,"NZEL",5213103,284.39,28554.78,1316.35,1.095,0,782
"Decarb_CLE",2030,"PAKI",244248371,2562.91,239778.12,12097.54,33.308,5.488,637
"Decarb_CLE",2030,"PARA",7844904,72.61,6841.84,997.19,2.363,0.014,141
"Decarb_CLE",2030,"PERU",36806784,604.93,39351.81,1166.44,7.837,0.144,483
"Decarb_CLE",2030,"PHIL",125372282,1544.3,157955.75,2088.3,6.946,0.468,1741
"Decarb_CLE",2030,"POLA",36615500,2078.04,116737.68,1003.93,4.803,6.931,5535
"Decarb_CLE",2030,"PORT",9877056,501.12,23941.31,367.1,2.851,0.079,1083
"Decarb_CLE",2030,"ROMA",18464237,1009.94,54911.09,831.11,6.238,3.921,1857
"Decarb_CLE",2030,"RSAF",170435953,1056.46,112282.46,3992.33,3.391,0.521,801
"Decarb_CLE",2030,"RUSS",140543418,5538.55,1660144.15,27309.75,5.928,7.305,11317
"Decarb_CLE",2030,"SAAR",39480349,3258.87,471151.59,4815.08,3.351,0.911,4273
"Decarb_CLE",2030,"SAFR",64465553,1086.58,204155.89,1700.99,5.248,0.211,2620
"Decarb_CLE",2030,"SERB",6792839,311.42,24339.65,265.88,9.376,5.131,556
"Decarb_CLE",2030,"SING",6342470,1411.46,77775.94,35.27,1.317,0.26,985
"Decarb_CLE",2030,"SKRE",5387458,287.41,16964.97,157.61,1.825,1.075,546
"Decarb_CLE",2030,"SLOV",2059211,129.2,6285.98,77.44,5.764,0.769,403
"Decarb_CLE",2030,"SPAI",46115125,2627.14,116267.25,1727.85,2.931,0.889,7009
"Decarb_CLE",2030,"SRIL",21474701,570.66,16233.55,386.39,4.557,0.004,133
"Decarb_CLE",2030,"SWED",10712041,887.27,20993.57,137.01,0.919,0.401,1607
"Decarb_CLE",2030,"SWIT",9203908,911.49,31971.14,195.8,3.133,0.517,1062
"Decarb_CLE",2030,"TAIW",24150708,2217.82,305606.17,410.59,12.063,0.054,3358
"Decarb_CLE",2030,"TANZ",83702053,248.25,24844.15,2246.52,3.562,0.29,282
"Decarb_CLE",2030,"THAI",69626212,2387.87,350814.84,2838.03,7.695,2.341,4642
"Decarb_CLE",2030,"TURK",88416609,3895.34,255776.12,2760.13,9.33,4.033,5988
"Decarb_CLE",2030,"UKRA",41200374,552.02,115935.62,1524.21,3.853,5.279,1643
"Decarb_CLE",2030,"UNKI",70578614,4322.22,168521.59,1550,2.511,3.102,6567
"Decarb_CLE",2030,"URUG",3594299,103.19,6071.6,931.11,2.77,0.172,102
"Decarb_CLE",2030,"USAM",354711670,31897.5,3284288.81,27434.8,4.661,1.545,60564
"Decarb_CLE",2030,"VENE",36749904,769.41,147432.05,2675.85,5.257,0.148,928
"Decarb_CLE",2030,"VIET",106283637,1472.55,255082.09,3079.1,15.404,3.08,3683
"Decarb_CLE",2030,"WAFR",447164434,1473.26,154907.75,10547.12,4.379,0.217,1346
"Decarb_MTFR",2030,"AFGH",46699545,47.88,21472.23,437.39,8.151,0.393,2138
"Decarb_MTFR",2030,"ALBA",2933419,71.81,5428.31,112.86,2.846,0.221,397
"Decarb_MTFR",2030,"ARGE",49323306,1493.73,161844.56,4463.41,1.065,0.135,5465
"Decarb_MTFR",2030,"ARME",2907463,444.58,9624.82,81.22,5.902,0.235,313
"Decarb_MTFR",2030,"AUST",8945882,701.06,37205.01,244.65,1.362,0.998,2124
"Decarb_MTFR",2030,"AUTR",28234742,2028.1,179381.04,2566.86,0.92,0.018,7423
"Decarb_MTFR",2030,"AZER",10680202,1358.48,61831.95,408.33,2.259,0.548,3253
"Decarb_MTFR",2030,"BANG",185584811,1753.97,75370.8,3404.85,7.631,0.554,3975
"Decarb_MTFR",2030,"BELA",9163118,226.92,20908.97,627.34,1.229,0.482,2224
"Decarb_MTFR",2030,"BELG",12001594,821.5,71408.82,251.58,1.541,1.204,2608
"Decarb_MTFR",2030,"BHUT",913697,8.41,6107.43,27.67,1.427,0.096,202
"Decarb_MTFR",2030,"BOHE",3404781,81.77,9973.54,93.35,3.743,0.842,930
"Decarb_MTFR",2030,"BOLV",13158072,105.03,13722.27,1118.45,0.852,0.001,843
"Decarb_MTFR",2030,"BRAZ",225472214,4711.78,409843.37,16487,1.886,0.484,22829
"Decarb_MTFR",2030,"BRUN",489666,134.14,6904.74,18.49,1.134,0.044,158
"Decarb_MTFR",2030,"BULG",6430847,270.69,18669.48,159.4,2.171,0.48,902
"Decarb_MTFR",2030,"CAMB",18797878,153.81,8568.61,500.66,0.975,0.074,647
"Decarb_MTFR",2030,"CANA",40617535,2687.68,426121.19,2613.71,1.915,0.097,14727
"Decarb_MTFR",2030,"CARB",48040088,610.67,78072.56,1032.19,0.951,0.048,2206
"Decarb_MTFR",2030,"CEAM",56956345,577.64,46651.41,1535.3,1.55,0.005,2572
"Decarb_MTFR",2030,"CHIL",19637321,936.98,56835.38,604.16,7.4,0.11,2262
"Decarb_MTFR",2030,"CHIN",1449914970,43164.7,8417969.22,29201.71,11.636,8.038,186179
"Decarb_MTFR",2030,"COLO",53134127,1147.73,76061.35,2712.3,2.169,0.007,4306
"Decarb_MTFR",2030,"CROA",3895784,166.29,12383.3,123.78,1.753,0.768,818
"Decarb_MTFR",2030,"CYPR",1282204,60.15,5491.38,30.31,0.404,0.001,145
"Decarb_MTFR",2030,"CZRE",10528196,572.8,35878.19,433.65,2.944,1.776,2350
"Decarb_MTFR",2030,"DENM",6024516,481.36,21690.28,317.5,0.851,0.292,1794
"Decarb_MTFR",2030,"EAFR",357454185,1077.17,84103.09,934.96,0.887,0.06,9761
"Decarb_MTFR",2030,"ECUA",19554856,253.29,25380.34,463.48,1.195,0.003,1361
"Decarb_MTFR",2030,"EGYP",119745677,624.02,190173.71,909.76,3.998,0.54,5612
"Decarb_MTFR",2030,"ESTO",1253590,83.85,2942.44,36.56,0.666,0.03,341
"Decarb_MTFR",2030,"FINL",5739095,402.86,26154.63,307.71,0.652,0.106,1976
"Decarb_MTFR",2030,"FRAN",67894271,4234.05,165112.22,1956.2,2.38,4.09,14461
"Decarb_MTFR",2030,"GEOR",3748350,262.96,13491.26,181.32,4.665,0.201,506
"Decarb_MTFR",2030,"GERM",82186736,6037.24,279183.19,1643.83,1.736,5.916,13720
"Decarb_MTFR",2030,"GREE",10783625,418.92,34470.62,311.32,2.27,0.38,1662
"Decarb_MTFR",2030,"HUNG",9235459,532.12,25385.31,296.38,3.178,1.862,1566
"Decarb_MTFR",2030,"ICEL",365646,33.36,3107.41,19.54,1.627,0.022,59
"Decarb_MTFR",2030,"INDI",1512985204,20723,2474278.69,26950.63,8.592,11.968,92815
"Decarb_MTFR",2030,"INDO",295595235,6174.7,808958.78,7140.55,10.093,0.924,26622
"Decarb_MTFR",2030,"IRAN",88863308,2907.34,765155.88,2688.72,6.845,0.733,13617
"Decarb_MTFR",2030,"IREL",5219951,872.79,19997.02,552.83,0.62,0.119,1510
"Decarb_MTFR",2030,"ISRA",9983645,1329.38,44440.81,198.56,4.009,0.275,1998
"Decarb_MTFR",2030,"ITAL",58109918,3257.51,158190.36,1697.78,3.769,2.182,8075
"Decarb_MTFR",2030,"JAPA",121580506,6831.05,562548.79,1190.62,2.616,0.018,14274
"Decarb_MTFR",2030,"KENY",66959993,194.45,30870.16,1455.9,1.827,0.072,2261
"Decarb_MTFR",2030,"KORS",52701817,3392.74,454165.81,942.31,6.114,0.46,10350
"Decarb_MTFR",2030,"KOSO",1562606,50.16,2965.63,28.4,6.505,0.392,347
"Decarb_MTFR",2030,"LAOS",8048698,78.46,12699.76,285.85,0.484,0.075,846
"Decarb_MTFR",2030,"LATV",1747192,95.58,4577.75,58.45,1.577,0.129,456
"Decarb_MTFR",2030,"LITH",2717731,167.51,8450.91,78.86,0.966,0.191,619
"Decarb_MTFR",2030,"LUXE",674864,113.06,5315.94,21.9,0.697,0.041,267
"Decarb_MTFR",2030,"MACE",2076350,51.83,6164.19,67.53,3.184,0.374,447
"Decarb_MTFR",2030,"MALA",36814968,1685.81,291943.62,651.16,6.809,2.127,7937
"Decarb_MTFR",2030,"MALT",439963,49.05,789.79,14.47,0.438,0,43
"Decarb_MTFR",2030,"MEXI",147540127,3771.83,332216.35,4210.57,3.055,0.016,8875
"Decarb_MTFR",2030,"MIDE",167021947,2227.41,816022.73,2307.53,1.752,1.054,12271
"Decarb_MTFR",2030,"MOLD",3843941,76,7934.9,136.27,1.829,0.128,666
"Decarb_MTFR",2030,"MONG",3560959,57.99,21306.64,621.4,7.071,0.049,825
"Decarb_MTFR",2030,"MONT",624702,27.99,919.4,19.26,3.131,0.063,126
"Decarb_MTFR",2030,"MYAN",58915869,363.41,19578.74,2006.24,1.381,0.097,2170
"Decarb_MTFR",2030,"NAFR",110616199,3565.65,360533.36,1775.68,2.547,0.138,8775
"Decarb_MTFR",2030,"NEPA",33167612,199.7,13046.55,843.4,5.09,0.469,1731
"Decarb_MTFR",2030,"NETH",17594086,1425.03,67951.18,735.71,1.562,1.066,3964
"Decarb_MTFR",2030,"NIGE",264067527,2499.46,99063.09,3915.19,1.848,0.178,9540
"Decarb_MTFR",2030,"NORW",5959215,465.16,31490.69,161.71,0.59,0.088,1177
"Decarb_MTFR",2030,"NZEL",5213103,284.39,28477.93,1253.14,0.512,0,1228
"Decarb_MTFR",2030,"PAKI",244248371,2562.91,232640.43,7416.2,8.578,1.441,10527
"Decarb_MTFR",2030,"PARA",7844904,72.61,6796.75,1004.43,0.868,0.006,625
"Decarb_MTFR",2030,"PERU",36806784,604.93,39113.04,1017.17,2.865,0.079,2181
"Decarb_MTFR",2030,"PHIL",125372282,1544.3,157011.06,1546.74,2.318,0.154,5699
"Decarb_MTFR",2030,"POLA",36615500,2078.04,116729.59,837.75,3.035,4.003,7820
"Decarb_MTFR",2030,"PORT",9877056,501.12,23940.93,272.25,2.035,0.046,1516
"Decarb_MTFR",2030,"ROMA",18464237,1009.94,54887.44,546.38,4.778,2.412,2635
"Decarb_MTFR",2030,"RSAF",170435953,1056.46,87133.48,596.01,0.686,0.124,6015
"Decarb_MTFR",2030,"RUSS",140543418,5538.55,1588868.58,10061.54,2.387,2.163,29538
"Decarb_MTFR",2030,"SAAR",39480349,3258.87,465200.9,1445.44,0.816,0.309,8545
"Decarb_MTFR",2030,"SAFR",64465553,1086.58,203246.39,1424.59,2.332,0.125,6305
"Decarb_MTFR",2030,"SERB",6792839,311.42,24243.46,168.87,3.337,2.182,1315
"Decarb_MTFR",2030,"SING",6342470,1411.46,77775.61,32.76,0.715,0.162,1154
"Decarb_MTFR",2030,"SKRE",5387458,287.41,16964.78,100.47,1.35,0.593,843
"Decarb_MTFR",2030,"SLOV",2059211,129.2,6285.94,66.2,2.51,0.365,554
"Decarb_MTFR",2030,"SPAI",46115125,2627.14,115730.63,1632.91,1.799,0.505,9121
"Decarb_MTFR",2030,"SRIL",21474701,570.66,15983.82,262.81,1.37,0.001,883
"Decarb_MTFR",2030,"SWED",10712041,887.27,20993.39,343.04,0.751,0.276,1865
"Decarb_MTFR",2030,"SWIT",9203908,911.49,31971.14,176,2.047,0.346,1421
"Decarb_MTFR",2030,"TAIW",24150708,2217.82,305244.33,367.36,4.929,0.029,4444
"Decarb_MTFR",2030,"TANZ",83702053,248.25,24109.36,1636.95,1.002,0.092,3653
"Decarb_MTFR",2030,"THAI",69626212,2387.87,347681.93,1918.32,2.011,0.586,10293
"Decarb_MTFR",2030,"TURK",88416609,3895.34,255693.88,2207.24,3.939,1.253,10202
"Decarb_MTFR",2030,"UKRA",41200374,552.02,115714.59,1173.16,1.258,1.653,5369
"Decarb_MTFR",2030,"UNKI",70578614,4322.22,167723.92,1330.01,1.732,1.874,8169
"Decarb_MTFR",2030,"URUG",3594299,103.19,6058.04,876.23,0.871,0.064,435
"Decarb_MTFR",2030,"USAM",354711670,31897.5,3279579.39,17628.71,2.199,0.674,86203
"Decarb_MTFR",2030,"VENE",36749904,769.41,142852.61,1381.43,2.102,0.07,3436
"Decarb_MTFR",2030,"VIET",106283637,1472.55,252160.53,2004.08,5.006,1.034,7659
"Decarb_MTFR",2030,"WAFR",447164434,1473.26,138742.83,7339.25,1.447,0.076,12102
"Baseline_CLE",2035,"AFGH",50907550,51.66,33639.77,846.59,59.573,2.468,193
"Baseline_CLE",2035,"ALBA",2895451,68.89,5423.52,145.38,6.704,0.768,243
"Baseline_CLE",2035,"ARGE",51027807,1646.47,222568.11,6344.25,2.831,0.38,2834
"Baseline_CLE",2035,"ARME",2866150,513.98,11791.86,144.26,14.107,0.477,82
"Baseline_CLE",2035,"AUST",8970477,747.5,41777.51,172.54,1.969,1.512,1889
"Baseline_CLE",2035,"AUTR",29526448,2278.11,240528.79,3705.17,1.686,0.047,6186
"Baseline_CLE",2035,"AZER",10860905,1570.53,75224.81,721.93,6.296,1.366,617
"Baseline_CLE",2035,"BANG",191600525,2294.91,88631.93,5426.29,27.463,1.708,278
"Baseline_CLE",2035,"BELA",8995426,210.76,27465.75,736.81,3.722,1.492,750
"Baseline_CLE",2035,"BELG",12159663,862.71,77978.95,253,2.379,1.913,2356
"Baseline_CLE",2035,"BHUT",942541,9.07,8059.13,29.33,7.448,0.7,27
"Baseline_CLE",2035,"BOHE",3336402,78.53,12467.14,185.97,8.498,1.994,418
"Baseline_CLE",2035,"BOLV",13925118,123.95,17886.9,1438.2,3.039,0.004,222
"Baseline_CLE",2035,"BRAZ",229202582,5257.88,531245.08,21968.34,5.806,1.323,14551
"Baseline_CLE",2035,"BRUN",506838,161.43,12365.57,136.1,3.273,0.116,36
"Baseline_CLE",2035,"BULG",6157135,287.82,21306.95,206.61,3.404,1.122,799
"Baseline_CLE",2035,"CAMB",19723795,185.1,10645.07,760.29,5.598,0.27,11
"Baseline_CLE",2035,"CANA",41888356,2920.24,527666.2,3805.36,4.838,0.202,13342
"Baseline_CLE",2035,"CARB",48827363,720.69,105105.1,1994.03,3.914,0.191,886
"Baseline_CLE",2035,"CEAM",59967944,681.7,66156.83,2566.96,7.059,0.023,1435
"Baseline_CLE",2035,"CHIL",20058957,1032.4,78082.01,1193.31,15.801,0.169,1923
"Baseline_CLE",2035,"CHIN",1442419510,50462.4,9725116.85,68361.49,21.289,14.721,146464
"Baseline_CLE",2035,"COLO",54054587,1292.83,104002.23,3866.86,6.27,0.029,2407
"Baseline_CLE",2035,"CROA",3790127,174.85,12587.96,116.41,2.608,1.307,781
"Baseline_CLE",2035,"CYPR",1313542,66,3972.27,29.04,0.714,0.003,99
"Baseline_CLE",2035,"CZRE",10396773,626.13,44393.39,260.46,3.836,2.609,1959
"Baseline_CLE",2035,"DENM",6117850,517.16,21712.84,267.91,1.427,0.497,1644
"Baseline_CLE",2035,"EAFR",398576154,1386.7,119298.54,15088.24,6.973,0.537,1127
"Baseline_CLE",2035,"ECUA",20554156,298.93,32657.12,864.19,3.459,0.008,1042
"Baseline_CLE",2035,"EGYP",128264287,711.27,259275.21,3085.4,15.393,1.878,1449
"Baseline_CLE",2035,"ESTO",1225001,94.14,2854.9,34.4,1.105,0.059,240
"Baseline_CLE",2035,"FINL",5785214,431.59,31913.27,117.51,1.119,0.192,1758
"Baseline_CLE",2035,"FRAN",68860560,4480.56,183177.01,1894.13,3.374,5.897,13483
"Baseline_CLE",2035,"GEOR",3662822,360.38,17020.29,229.91,8.016,0.371,280
"Baseline_CLE",2035,"GERM",81730117,6313.63,330814.9,1270.22,2.736,9.525,12185
"Baseline_CLE",2035,"GREE",10624074,444.15,40188.45,380.12,3.038,0.652,1272
"Baseline_CLE",2035,"HUNG",9004466,589.64,27203.11,241.63,3.871,2.705,1429
"Baseline_CLE",2035,"ICEL",374297,38.77,3682.45,20.55,2.159,0.026,52
"Baseline_CLE",2035,"INDI",1564570222,27038.8,3443134.04,40245.97,29.631,39.346,62757
"Baseline_CLE",2035,"INDO",304758627,7630,1106187.87,19811.22,45.621,5.188,11816
"Baseline_CLE",2035,"IRAN",90478779,3525.8,1044127.24,12136.38,26.208,2.43,6184
"Baseline_CLE",2035,"IREL",5374338,954.65,22984.48,638.84,0.815,0.198,1459
"Baseline_CLE",2035,"ISRA",10628000,1493.22,89360.25,314.53,12.334,1.157,2067
"Baseline_CLE",2035,"ITAL",57534360,3360.61,178851.02,1087.25,4.979,3.515,8438
"Baseline_CLE",2035,"JAPA",118499791,7048.98,644863.1,1288.07,5.139,0.034,13468
"Baseline_CLE",2035,"KENY",74086106,250.32,38665.36,2347.46,7.78,0.321,305
"Baseline_CLE",2035,"KORS",52805846,3652.65,473459.95,1329.75,13.172,0.941,10020
"Baseline_CLE",2035,"KOSO",1501161,49.3,8730.83,52.21,15.459,1.521,181
"Baseline_CLE",2035,"LAOS",8416467,94.42,16937.06,395.43,2.575,0.391,22
"Baseline_CLE",2035,"LATV",1681894,103.33,5677.7,59.08,2.216,0.207,392
"Baseline_CLE",2035,"LITH",2638998,178.85,9839.15,81.73,1.341,0.384,561
"Baseline_CLE",2035,"LUXE",707373,125.11,4766.12,17.73,0.813,0.057,218
"Baseline_CLE",2035,"MACE",2051170,49.69,6160.26,66.73,7.344,0.885,198
"Baseline_CLE",2035,"MALA",38380670,2028.77,397811.35,2355.63,27.178,8.156,2790
"Baseline_CLE",2035,"MALT",436695,57.47,1224.12,15.33,1.159,0,40
"Baseline_CLE",2035,"MEXI",153060606,4298.81,440814.29,9435.43,9.454,0.048,9465
"Baseline_CLE",2035,"MIDE",181719013,2638.34,1048256.88,17025.09,9.749,4.448,6966
"Baseline_CLE",2035,"MOLD",3721155,75.82,5449.74,102.25,4.016,0.287,164
"Baseline_CLE",2035,"MONG",3698058,75.99,31489.57,856.12,10.111,0.142,180
"Baseline_CLE",2035,"MONT",618895,26.62,1067.04,23.68,7.386,0.14,70
"Baseline_CLE",2035,"MYAN",60430924,437.34,27398.26,3076.23,6.27,0.32,28
"Baseline_CLE",2035,"NAFR",115044785,4064.22,516637.31,12596.38,13.568,0.54,2253
"Baseline_CLE",2035,"NEPA",34246881,261.35,18078.17,1287.84,26.806,2.056,347
"Baseline_CLE",2035,"NETH",17694135,1489.24,82058.27,567.41,2.412,1.758,3767
"Baseline_CLE",2035,"NIGE",297323173,3217.69,143404.43,9390.06,17.509,1.064,594
"Baseline_CLE",2035,"NORW",6193139,543.52,33293.14,199.87,0.956,0.206,765
"Baseline_CLE",2035,"NZEL",5369785,319.45,31290.14,1387.34,0.989,0,935
"Baseline_CLE",2035,"PAKI",261093438,3206.39,267529.94,12305.54,44.646,6.776,1249
"Baseline_CLE",2035,"PARA",8175687,85.69,9025.86,1092.16,3.848,0.023,211
"Baseline_CLE",2035,"PERU",38298817,713.9,54359.64,1525.59,11.284,0.186,691
"Baseline_CLE",2035,"PHIL",132667616,1858.47,195051.92,3210.74,10.477,0.568,2128
"Baseline_CLE",2035,"POLA",35691755,2309.72,164089.12,1094.66,4.138,7.002,7702
"Baseline_CLE",2035,"PORT",9696318,523.38,26666.91,309.23,2.805,0.08,1372
"Baseline_CLE",2035,"ROMA",17973608,1124.1,59078.66,794.4,6.292,4.092,2352
"Baseline_CLE",2035,"RSAF",193036529,1360.04,138717.12,6094.42,5.426,0.758,988
"Baseline_CLE",2035,"RUSS",138076421,5765.74,1838712.22,29032.58,5.818,6.854,14048
"Baseline_CLE",2035,"SAAR",41317419,3718.15,587362.14,7113.43,4.421,1.297,5765
"Baseline_CLE",2035,"SAFR",66880284,1202.13,327051.42,2549.15,6.51,0.247,3964
"Baseline_CLE",2035,"SERB",6642811,299.57,26446.47,423.83,7.123,4.366,750
"Baseline_CLE",2035,"SING",6479855,1698.61,99762.2,95.32,3.219,0.499,1146
"Baseline_CLE",2035,"SKRE",5300586,312.1,19887.19,105.84,1.847,1.066,654
"Baseline_CLE",2035,"SLOV",2035168,142.39,6011.53,68.51,6.064,0.79,442
"Baseline_CLE",2035,"SPAI",45860815,2845.01,125306.97,1718.13,2.851,0.872,8248
"Baseline_CLE",2035,"SRIL",21491895,727.57,22355.99,582.68,7.172,0.006,188
"Baseline_CLE",2035,"SWED",10942470,978.64,21038.98,134.98,0.882,0.385,1687
"Baseline_CLE",2035,"SWIT",9412115,1009.95,35924.97,196.69,3.056,0.466,1603
"Baseline_CLE",2035,"TAIW",24100534,2569.76,407071.41,582.32,13.759,0.071,6149
"Baseline_CLE",2035,"TANZ",95861531,319.59,30858.68,3064.75,6.526,0.463,335
"Baseline_CLE",2035,"THAI",69199656,2873.65,471658.37,4223.56,9.5,2.966,5728
"Baseline_CLE",2035,"TURK",90915264,4549.07,371768.54,2988.77,9.79,5.624,8659
"Baseline_CLE",2035,"UKRA",39896340,718.88,182808.97,1973.87,4.317,7.149,2962
"Baseline_CLE",2035,"UNKI",71897215,4648.05,186537.25,1517.46,2.59,2.942,7065
"Baseline_CLE",2035,"URUG",3628564,121.78,7162.97,1047.53,3.463,0.204,139
"Baseline_CLE",2035,"USAM",365033872,35184.9,3668026.84,31237.88,4.34,1.497,70660
"Baseline_CLE",2035,"VENE",38265561,908.02,204359.94,4686.25,7.049,0.2,1199
"Baseline_CLE",2035,"VIET",108988478,1815.23,312238.55,4440.86,18.936,3.546,4618
"Baseline_CLE",2035,"WAFR",506686856,1896.61,187067.93,12186.69,7.386,0.33,1616
"Decarb_CLE",2035,"AFGH",50907550,51.66,15913.8,712.42,30.309,1.263,65
"Decarb_CLE",2035,"ALBA",2895451,79.83,4546.7,125.3,6.132,0.739,195
"Decarb_CLE",2035,"ARGE",51027807,1646.47,113012.01,4867.06,2.382,0.309,2272
"Decarb_CLE",2035,"ARME",2866150,513.98,7660.14,101.88,18.336,0.814,24
"Decarb_CLE",2035,"AUST",8970477,747.5,21315.28,191.76,1.639,1.181,1320
"Decarb_CLE",2035,"AUTR",29526448,2278.11,123671.42,3093,1.406,0.033,3972
"Decarb_CLE",2035,"AZER",10860905,1570.53,51832.07,590.14,6.232,1.646,270
"Decarb_CLE",2035,"BANG",191600525,2294.91,51948.62,4294.25,19.451,1.333,170
"Decarb_CLE",2035,"BELA",8995426,244.21,16224.95,714.46,3.351,1.301,452
"Decarb_CLE",2035,"BELG",12159663,862.71,35360.36,252.29,2.112,1.655,1665
"Decarb_CLE",2035,"BHUT",942541,9.07,5539.21,27.84,5.031,0.477,10
"Decarb_CLE",2035,"BOHE",3336402,91,6038.39,126.36,7.478,1.627,308
"Decarb_CLE",2035,"BOLV",13925118,123.95,9103.16,1280.65,2.211,0.002,142
"Decarb_CLE",2035,"BRAZ",229202582,5257.88,350763.24,19014.77,5.28,1.148,12272
"Decarb_CLE",2035,"BRUN",506838,161.43,5347.23,62.77,1.92,0.061,28
"Decarb_CLE",2035,"BULG",6157135,287.82,12567.56,173.27,2.378,0.84,549
"Decarb_CLE",2035,"CAMB",19723795,185.1,8001.62,656.68,3.81,0.198,9
"Decarb_CLE",2035,"CANA",41888356,2920.24,251631.95,3391.61,4.675,0.186,7769
"Decarb_CLE",2035,"CARB",48827363,720.69,54325.3,1198.79,2.413,0.107,468
"Decarb_CLE",2035,"CEAM",59967944,681.7,34788.23,1975.58,3.655,0.011,661
"Decarb_CLE",2035,"CHIL",20058957,1032.4,39623.31,729.39,12.163,0.138,1091
"Decarb_CLE",2035,"CHIN",1442419510,50462.4,5147860.32,42460.4,18.716,12.414,85140
"Decarb_CLE",2035,"COLO",54054587,1292.83,53620.63,3253.13,4.828,0.02,1318
"Decarb_CLE",2035,"CROA",3790127,174.85,7560.06,121.6,1.72,0.932,509
"Decarb_CLE",2035,"CYPR",1313542,66,2087.23,28.49,0.569,0.002,69
"Decarb_CLE",2035,"CZRE",10396773,626.13,22639.76,246.26,3.103,2.108,1343
"Decarb_CLE",2035,"DENM",6117850,517.16,14148.71,240.3,1.256,0.443,1197
"Decarb_CLE",2035,"EAFR",398576154,1386.7,76658.24,11717.68,3.68,0.278,889
"Decarb_CLE",2035,"ECUA",20554156,298.93,19383.2,784.78,2.544,0.005,731
"Decarb_CLE",2035,"EGYP",128264287,711.27,156370.99,1724.72,12.36,1.485,1084
"Decarb_CLE",2035,"ESTO",1225001,94.14,1713.96,32.42,0.953,0.051,159
"Decarb_CLE",2035,"FINL",5785214,431.59,15596.04,116.7,0.905,0.138,1208
"Decarb_CLE",2035,"FRAN",68860560,4480.56,95708.33,1775.02,2.965,5.325,8381
"Decarb_CLE",2035,"GEOR",3662822,360.38,9368.32,217.13,11.017,0.731,130
"Decarb_CLE",2035,"GERM",81730117,6313.63,172768.38,1285.84,2.269,7.982,7818
"Decarb_CLE",2035,"GREE",10624074,444.15,22535.89,377.61,2.673,0.533,819
"Decarb_CLE",2035,"HUNG",9004466,589.64,15475.65,215.19,3.151,2.227,983
"Decarb_CLE",2035,"ICEL",374297,38.77,2546.69,20.29,2.163,0.026,32
"Decarb_CLE",2035,"INDI",1564570222,27038.8,1410759.24,31779.25,21.625,27.613,38104
"Decarb_CLE",2035,"INDO",304758627,7630,499200.29,10605.91,32.319,2.912,7023
"Decarb_CLE",2035,"IRAN",90478779,3525.8,609795.46,5680.5,19.42,1.693,3961
"Decarb_CLE",2035,"IREL",5374338,954.65,11428.55,598.44,0.718,0.173,1080
"Decarb_CLE",2035,"ISRA",10628000,1493.22,16634.5,240.22,9.549,0.501,929
"Decarb_CLE",2035,"ITAL",57534360,3360.61,80059.14,1043.56,4.032,2.895,4147
"Decarb_CLE",2035,"JAPA",118499791,7048.98,279982.22,1165.04,4.703,0.027,7369
"Decarb_CLE",2035,"KENY",74086106,250.32,28809.01,1907.77,4.482,0.18,232
"Decarb_CLE",2035,"KORS",52805846,3652.65,222071.33,970.97,12.717,0.894,5399
"Decarb_CLE",2035,"KOSO",1501161,57.12,2241.76,35.35,13.199,0.862,84
"Decarb_CLE",2035,"LAOS",8416467,94.42,10893.54,356.82,1.861,0.251,11
"Decarb_CLE",2035,"LATV",1681894,103.33,3319.97,53.44,1.813,0.179,265
"Decarb_CLE",2035,"LITH",2638998,178.85,5802.26,78.92,1.095,0.313,405
"Decarb_CLE",2035,"LUXE",707373,125.11,3059.71,17.34,0.722,0.046,161
"Decarb_CLE",2035,"MACE",2051170,57.58,3330.8,59.72,6.548,0.736,158
"Decarb_CLE",2035,"MALA",38380670,2028.77,179254.44,1073.29,19.995,5.565,1588
"Decarb_CLE",2035,"MALT",436695,57.47,1136.65,14.58,1.098,0,30
"Decarb_CLE",2035,"MEXI",153060606,4298.81,207168.34,5485.99,6.996,0.034,4333
"Decarb_CLE",2035,"MIDE",181719013,2638.34,705035.13,12726.53,7.409,2.977,4311
"Decarb_CLE",2035,"MOLD",3721155,87.85,4233.36,132.44,3.643,0.265,136
"Decarb_CLE",2035,"MONG",3698058,75.99,13246.36,742.39,5.142,0.078,58
"Decarb_CLE",2035,"MONT",618895,30.84,758.15,19.94,6.441,0.114,56
"Decarb_CLE",2035,"MYAN",60430924,437.34,16370.1,2637.12,4.514,0.257,15
"Decarb_CLE",2035,"NAFR",115044785,4064.22,292823.08,6393.83,10.786,0.381,1668
"Decarb_CLE",2035,"NEPA",34246881,261.35,11631.31,1162.72,16.159,1.293,207
"Decarb_CLE",2035,"NETH",17694135,1489.24,42238.18,573.14,2.087,1.444,2738
"Decarb_CLE",2035,"NIGE",297323173,3217.69,92465.86,7734.01,5.663,0.426,452
"Decarb_CLE",2035,"NORW",6193139,543.52,22759.08,147.61,0.798,0.133,777
"Decarb_CLE",2035,"NZEL",5369785,319.45,17685.78,1314.29,0.836,0,618
"Decarb_CLE",2035,"PAKI",261093438,3206.39,173999.22,11825.73,30.421,4.728,558
"Decarb_CLE",2035,"PARA",8175687,85.69,5424.83,1009.41,2.376,0.014,136
"Decarb_CLE",2035,"PERU",38298817,713.9,28699.83,1179.48,7.491,0.135,468
"Decarb_CLE",2035,"PHIL",132667616,1858.47,102958.06,2125.86,6.659,0.43,1299
"Decarb_CLE",2035,"POLA",35691755,2309.72,72662.07,892.48,2.907,4.823,4870
"Decarb_CLE",2035,"PORT",9696318,523.38,15465.02,342.88,2.241,0.063,842
"Decarb_CLE",2035,"ROMA",17973608,1124.1,34543.98,779.08,4.083,2.84,1599
"Decarb_CLE",2035,"RSAF",193036529,1360.04,92546.82,3963.34,3.499,0.518,748
"Decarb_CLE",2035,"RUSS",138076421,5765.74,1092183.82,21186.75,4.989,5.571,9326
"Decarb_CLE",2035,"SAAR",41317419,3718.15,378582.4,4349.28,2.874,0.743,3495
"Decarb_CLE",2035,"SAFR",66880284,1202.13,106577.96,1722.74,4.564,0.168,1688
"Decarb_CLE",2035,"SERB",6642811,347.12,10835.57,227.05,6.312,3.575,495
"Decarb_CLE",2035,"SING",6479855,1698.61,59607.06,37.46,1.143,0.225,844
"Decarb_CLE",2035,"SKRE",5300586,312.1,11838.67,122.87,1.542,0.898,474
"Decarb_CLE",2035,"SLOV",2035168,142.39,3550.89,65.81,4.923,0.641,308
"Decarb_CLE",2035,"SPAI",45860815,2845.01,73067.14,1688.43,2.494,0.775,5524
"Decarb_CLE",2035,"SRIL",21491895,727.57,14794.12,398.71,4.44,0.004,111
"Decarb_CLE",2035,"SWED",10942470,978.64,12208.89,133.7,0.851,0.342,1226
"Decarb_CLE",2035,"SWIT",9412115,1009.95,16630.11,193.16,2.679,0.417,783
"Decarb_CLE",2035,"TAIW",24100534,2569.76,252158.49,417.47,11.981,0.054,3146
"Decarb_CLE",2035,"TANZ",95861531,319.59,18683.09,2476.69,3.813,0.28,267
"Decarb_CLE",2035,"THAI",69199656,2873.65,266262.71,2813.68,5.899,1.721,3798
"Decarb_CLE",2035,"TURK",90915264,4549.07,183227.7,2787.41,7.874,3.648,4857
"Decarb_CLE",2035,"UKRA",39896340,582.51,63987.17,1194.17,3.453,4.682,1180
"Decarb_CLE",2035,"UNKI",71897215,4648.05,101901.92,1399.55,2.134,2.709,4649
"Decarb_CLE",2035,"URUG",3628564,121.78,4251.27,970.05,2.574,0.167,92
"Decarb_CLE",2035,"USAM",365033872,35184.9,1712338.85,20868.71,4.014,1.338,51647
"Decarb_CLE",2035,"VENE",38265561,908.02,107879.96,2444.94,4.657,0.125,766
"Decarb_CLE",2035,"VIET",108988478,1815.23,178593.96,2987.51,14.628,2.795,3049
"Decarb_CLE",2035,"WAFR",506686856,1896.61,124961.61,10344.72,4.475,0.212,1278
"Decarb_MTFR",2035,"AFGH",50907550,51.66,15047.36,431.75,7.166,0.323,2153
"Decarb_MTFR",2035,"ALBA",2895451,79.83,4440.61,126.33,1.663,0.177,383
"Decarb_MTFR",2035,"ARGE",51027807,1646.47,112450.75,4435.15,0.929,0.103,5937
"Decarb_MTFR",2035,"ARME",2866150,513.98,7658.31,80.82,5.571,0.252,435
"Decarb_MTFR",2035,"AUST",8970477,747.5,21313.28,241.45,1.107,0.764,1698
"Decarb_MTFR",2035,"AUTR",29526448,2278.11,123604.36,2457.88,0.762,0.016,6637
"Decarb_MTFR",2035,"AZER",10860905,1570.53,51425.94,378.42,1.765,0.469,3241
"Decarb_MTFR",2035,"BANG",191600525,2294.91,50641.46,3435.69,6.421,0.469,3939
"Decarb_MTFR",2035,"BELA",8995426,244.21,16176.75,643.65,0.976,0.406,1884
"Decarb_MTFR",2035,"BELG",12159663,862.71,35360.34,293.44,1.227,0.913,1971
"Decarb_MTFR",2035,"BHUT",942541,9.07,5530.4,27.96,1.399,0.088,198
"Decarb_MTFR",2035,"BOHE",3336402,91,6036.92,90.99,1.838,0.507,770
"Decarb_MTFR",2035,"BOLV",13925118,123.95,8875.92,1189.81,0.818,0.001,870
"Decarb_MTFR",2035,"BRAZ",229202582,5257.88,345573.3,16993.57,1.689,0.414,24446
"Decarb_MTFR",2035,"BRUN",506838,161.43,5014.16,21.14,0.801,0.032,130
"Decarb_MTFR",2035,"BULG",6157135,287.82,12567.19,158.13,1.166,0.317,763
"Decarb_MTFR",2035,"CAMB",19723795,185.1,7707,506.76,0.774,0.059,680
"Decarb_MTFR",2035,"CANA",41888356,2920.24,248744.54,2306.4,1.645,0.086,10805
"Decarb_MTFR",2035,"CARB",48827363,720.69,53790.33,1039.03,0.821,0.036,2019
"Decarb_MTFR",2035,"CEAM",59967944,681.7,34211.41,1589.18,1.373,0.004,2521
"Decarb_MTFR",2035,"CHIL",20058957,1032.4,39460.71,629.1,5.805,0.097,2061
"Decarb_MTFR",2035,"CHIN",1442419510,50462.4,5138902.56,26746.38,9.649,6.474,128784
"Decarb_MTFR",2035,"COLO",54054587,1292.83,52650.11,2866.69,1.815,0.006,3530
"Decarb_MTFR",2035,"CROA",3790127,174.85,7547.54,120.41,1.056,0.494,692
"Decarb_MTFR",2035,"CYPR",1313542,66,2087.2,29.16,0.321,0.001,109
"Decarb_MTFR",2035,"CZRE",10396773,626.13,22637.95,393.16,2.131,1.296,1985
"Decarb_MTFR",2035,"DENM",6117850,517.16,14138.85,310.48,0.718,0.234,1471
"Decarb_MTFR",2035,"EAFR",398576154,1386.7,71832.62,1007.65,0.807,0.049,9374
"Decarb_MTFR",2035,"ECUA",20554156,298.93,18377.87,461.87,0.963,0.002,1312
"Decarb_MTFR",2035,"EGYP",128264287,711.27,151315.52,869.55,2.881,0.42,6525
"Decarb_MTFR",2035,"ESTO",1225001,94.14,1713.94,30.52,0.568,0.027,287
"Decarb_MTFR",2035,"FINL",5785214,431.59,15596.04,300.84,0.568,0.088,1665
"Decarb_MTFR",2035,"FRAN",68860560,4480.56,95692.4,1920.8,2.103,3.45,11210
"Decarb_MTFR",2035,"GEOR",3662822,360.38,9295.16,174.16,3.763,0.177,649
"Decarb_MTFR",2035,"GERM",81730117,6313.63,172751.46,1626.18,1.534,5.199,10653
"Decarb_MTFR",2035,"GREE",10624074,444.15,22535.44,472.33,1.94,0.276,1371
"Decarb_MTFR",2035,"HUNG",9004466,589.64,15475.29,302.33,2.43,1.461,1370
"Decarb_MTFR",2035,"ICEL",374297,38.77,2543.58,19.87,1.679,0.022,49
"Decarb_MTFR",2035,"INDI",1564570222,27038.8,1396276.17,26574.06,7.306,10.008,74998
"Decarb_MTFR",2035,"INDO",304758627,7630,491050.62,5798.68,8.284,0.717,21607
"Decarb_MTFR",2035,"IRAN",90478779,3525.8,591061.01,2554.93,5.382,0.581,12690
"Decarb_MTFR",2035,"IREL",5374338,954.65,11428.38,575.01,0.503,0.097,1206
"Decarb_MTFR",2035,"ISRA",10628000,1493.22,16410.25,199.2,3.212,0.181,1448
"Decarb_MTFR",2035,"ITAL",57534360,3360.61,79989.55,1500.87,2.929,1.753,5926
"Decarb_MTFR",2035,"JAPA",118499791,7048.98,279617.61,1169.53,2.276,0.014,8950
"Decarb_MTFR",2035,"KENY",74086106,250.32,28316.7,1491.31,1.698,0.06,2213
"Decarb_MTFR",2035,"KORS",52805846,3652.65,222062.07,895.58,5.462,0.396,6533
"Decarb_MTFR",2035,"KOSO",1501161,57.12,2240.76,26.08,2.586,0.227,288
"Decarb_MTFR",2035,"LAOS",8416467,94.42,10769.7,290.53,0.389,0.059,826
"Decarb_MTFR",2035,"LATV",1681894,103.33,3319.93,54.48,1.005,0.107,419
"Decarb_MTFR",2035,"LITH",2638998,178.85,5801.52,73.82,0.564,0.132,525
"Decarb_MTFR",2035,"LUXE",707373,125.11,3059.71,21.72,0.56,0.029,189
"Decarb_MTFR",2035,"MACE",2051170,57.58,3328.97,55.65,1.74,0.249,391
"Decarb_MTFR",2035,"MALA",38380670,2028.77,175910.11,649.53,5.492,1.733,6034
"Decarb_MTFR",2035,"MALT",436695,57.47,1136.65,12.98,0.425,0,41
"Decarb_MTFR",2035,"MEXI",153060606,4298.81,202785.34,4198.25,2.483,0.012,8917
"Decarb_MTFR",2035,"MIDE",181719013,2638.34,657077,2309.04,1.617,0.912,10972
"Decarb_MTFR",2035,"MOLD",3721155,87.85,4214.96,114.95,0.972,0.072,585
"Decarb_MTFR",2035,"MONG",3698058,75.99,13197.69,627.32,2.213,0.04,443
"Decarb_MTFR",2035,"MONT",618895,30.84,757.87,19.14,1.369,0.039,116
"Decarb_MTFR",2035,"MYAN",60430924,437.34,15113.04,1993.58,1.126,0.08,2363
"Decarb_MTFR",2035,"NAFR",115044785,4064.22,275383.23,1747.33,1.602,0.1,9794
"Decarb_MTFR",2035,"NEPA",34246881,261.35,11183.11,872.24,4.668,0.414,1732
"Decarb_MTFR",2035,"NETH",17694135,1489.24,42235.45,751.05,1.388,0.89,3154
"Decarb_MTFR",2035,"NIGE",297323173,3217.69,72243.25,4409.93,1.653,0.163,8577
"Decarb_MTFR",2035,"NORW",6193139,543.52,22269.56,142.85,0.439,0.065,933
"Decarb_MTFR",2035,"NZEL",5369785,319.45,17633.62,1240.88,0.395,0,1078
"Decarb_MTFR",2035,"PAKI",261093438,3206.39,166465.97,7387.88,6.905,1.161,9692
"Decarb_MTFR",2035,"PARA",8175687,85.69,5377.3,1014.02,0.843,0.005,644
"Decarb_MTFR",2035,"PERU",38298817,713.9,28475.4,1046.34,2.751,0.08,2124
"Decarb_MTFR",2035,"PHIL",132667616,1858.47,101992.18,1591.62,1.973,0.128,5068
"Decarb_MTFR",2035,"POLA",35691755,2309.72,72657.16,754.86,1.595,2.446,6864
"Decarb_MTFR",2035,"PORT",9696318,523.38,15464.86,429.6,1.641,0.033,1200
"Decarb_MTFR",2035,"ROMA",17973608,1124.1,34528.03,527.37,2.879,1.601,2242
"Decarb_MTFR",2035,"RSAF",193036529,1360.04,72354.73,632.52,0.618,0.115,5898
"Decarb_MTFR",2035,"RUSS",138076421,5765.74,1035744.49,8084.87,1.844,1.744,25041
"Decarb_MTFR",2035,"SAAR",41317419,3718.15,373589,1467.7,0.68,0.262,7561
"Decarb_MTFR",2035,"SAFR",66880284,1202.13,105630.86,1469.6,1.77,0.102,4520
"Decarb_MTFR",2035,"SERB",6642811,347.12,10764.11,143.77,1.685,1.205,1095
"Decarb_MTFR",2035,"SING",6479855,1698.61,59606.7,35.81,0.638,0.136,983
"Decarb_MTFR",2035,"SKRE",5300586,312.1,11838.55,103.29,1.124,0.487,750
"Decarb_MTFR",2035,"SLOV",2035168,142.39,3550.86,63.9,1.907,0.277,467
"Decarb_MTFR",2035,"SPAI",45860815,2845.01,72787.73,1696.9,1.551,0.438,7497
"Decarb_MTFR",2035,"SRIL",21491895,727.57,14523.2,264.92,1.137,0.001,878
"Decarb_MTFR",2035,"SWED",10942470,978.64,12208.73,346.2,0.702,0.229,1455
"Decarb_MTFR",2035,"SWIT",9412115,1009.95,16630.11,225,1.744,0.296,1093
"Decarb_MTFR",2035,"TAIW",24100534,2569.76,251775.35,378.63,4.707,0.028,4236
"Decarb_MTFR",2035,"TANZ",95861531,319.59,17943.3,1681.77,0.893,0.075,3685
"Decarb_MTFR",2035,"THAI",69199656,2873.65,263103.61,1905.06,1.726,0.498,8675
"Decarb_MTFR",2035,"TURK",90915264,4549.07,183151.78,2210.58,2.935,1.021,8678
"Decarb_MTFR",2035,"UKRA",39896340,582.51,63798.17,1056.85,1.039,1.347,4672
"Decarb_MTFR",2035,"UNKI",71897215,4648.05,101499.52,1176.37,1.491,1.599,6257
"Decarb_MTFR",2035,"URUG",3628564,121.78,4237.05,899.34,0.713,0.051,421
"Decarb_MTFR",2035,"USAM",365033872,35184.9,1709223.8,15580,1.813,0.537,69931
"Decarb_MTFR",2035,"VENE",38265561,908.02,104416.56,1304.72,1.676,0.057,3091
"Decarb_MTFR",2035,"VIET",108988478,1815.23,176161.73,1977.69,3.862,0.779,6543
"Decarb_MTFR",2035,"WAFR",506686856,1896.61,111348.29,7421.4,1.192,0.059,12012
"Baseline_CLE",2040,"AFGH",54914122,55.56,35925.39,877.94,61.176,2.484,327
"Baseline_CLE",2040,"ALBA",2833058,74.44,4782,138.25,5.745,0.716,234
"Baseline_CLE",2040,"ARGE",52585643,1776.8,224514.25,6616.91,3.048,0.39,3025
"Baseline_CLE",2040,"ARME",2818399,589.73,12615.38,152.8,14.365,0.441,104
"Baseline_CLE",2040,"AUST",8962110,789.63,30901.17,167.25,1.831,1.372,1656
"Baseline_CLE",2040,"AUTR",30764641,2634.77,217551.54,3616.16,1.662,0.043,5918
"Baseline_CLE",2040,"AZER",10988920,1802.02,80011.98,753.45,7.259,1.446,703
"Baseline_CLE",2040,"BANG",196294312,2906.26,91786.71,5595.05,28.139,1.722,292
"Baseline_CLE",2040,"BELA",8837337,221.12,26379.51,740.32,3.612,1.475,777
"Baseline_CLE",2040,"BELG",12293880,902.74,53698.26,245.31,2.329,1.926,1949
"Baseline_CLE",2040,"BHUT",965239,9.76,8747.58,31.26,8.734,0.811,32
"Baseline_CLE",2040,"BOHE",3251170,85.27,9840.1,183.91,7.266,1.633,351
"Baseline_CLE",2040,"BOLV",14643343,143.73,19363.08,1575.48,3.374,0.005,262
"Baseline_CLE",2040,"BRAZ",231601656,5924.58,552866.47,22912.27,5.979,1.343,15478
"Baseline_CLE",2040,"BRUN",520202,161.04,12721.69,144.03,3.308,0.12,39
"Baseline_CLE",2040,"BULG",5894132,306.67,15795.09,187.11,2.427,0.881,772
"Baseline_CLE",2040,"CAMB",20592416,184.65,11378.24,772.07,6.038,0.275,12
"Baseline_CLE",2040,"CANA",43004685,3181.76,491162.11,3878.89,5.048,0.202,12627
"Baseline_CLE",2040,"CARB",49343846,835.67,102982.9,2125.34,4.004,0.188,866
"Baseline_CLE",2040,"CEAM",62709573,790.47,71182.27,2771.85,7.262,0.022,1428
"Baseline_CLE",2040,"CHIL",20378604,1125.62,79320.69,1264.96,15.646,0.171,2002
"Baseline_CLE",2040,"CHIN",1426488552,57111.4,8316661.26,66995.82,20.318,13.828,118854
"Baseline_CLE",2040,"COLO",54615100,1442.36,106803.41,4048.26,6.491,0.028,2523
"Baseline_CLE",2040,"CROA",3681556,188.59,9227.67,122.38,1.825,1.018,722
"Baseline_CLE",2040,"CYPR",1341465,74.26,2272.67,30.88,0.597,0.002,78
"Baseline_CLE",2040,"CZRE",10264847,658.85,34293.87,257.13,3.212,2.249,1741
"Baseline_CLE",2040,"DENM",6192283,548.31,17825.76,258.91,1.38,0.496,1470
"Baseline_CLE",2040,"EAFR",440978639,1783.42,137484.51,16660.09,7.474,0.535,1274
"Baseline_CLE",2040,"ECUA",21461740,346.62,34208.63,911.57,3.796,0.008,1170
"Baseline_CLE",2040,"EGYP",137065513,939.49,288214.19,3223.06,17.525,2.042,1647
"Baseline_CLE",2040,"ESTO",1197944,100.8,2644.46,32.29,1,0.053,217
"Baseline_CLE",2040,"FINL",5813529,454.37,25051.09,116.43,1.064,0.181,1551
"Baseline_CLE",2040,"FRAN",69648311,4735.32,143279.43,1794.07,3.126,5.507,11822
"Baseline_CLE",2040,"GEOR",3576930,484.81,17473.43,237.15,8.024,0.372,345
"Baseline_CLE",2040,"GERM",81099557,6600.1,276744.31,1233.69,2.473,8.527,9925
"Baseline_CLE",2040,"GREE",10451869,474.25,28448.63,373.21,2.717,0.608,935
"Baseline_CLE",2040,"HUNG",8757846,627.61,24011.45,237.05,3.206,2.435,1316
"Baseline_CLE",2040,"ICEL",381151,45.2,3711.1,21.04,2.219,0.027,53
"Baseline_CLE",2040,"INDI",1605355576,33534.8,3387883.93,40943.82,29.333,38.222,66849
"Baseline_CLE",2040,"INDO",312134187,9223.17,1193501.51,20957.67,49.936,5.495,12328
"Baseline_CLE",2040,"IRAN",91899463,4253.68,1113670.32,13056.18,27.838,2.5,6860
"Baseline_CLE",2040,"IREL",5530561,1025.45,15040.65,642.98,0.788,0.187,1328
"Baseline_CLE",2040,"ISRA",11281554,1419.45,89011.3,332.62,11.536,1.025,1995
"Baseline_CLE",2040,"ITAL",56872174,3479.18,136126.1,1056.02,4.509,3.239,7279
"Baseline_CLE",2040,"JAPA",115212068,7264.16,542249.13,1281.51,4.996,0.033,12142
"Baseline_CLE",2040,"KENY",81286865,321.94,46009.61,2558.93,8.664,0.338,349
"Baseline_CLE",2040,"KORS",52409409,3841.67,399509.89,1297.18,13.162,0.93,8570
"Baseline_CLE",2040,"KOSO",1433610,54.45,4746.58,54.91,12.894,0.814,91
"Baseline_CLE",2040,"LAOS",8727905,94.19,17721.91,407.52,2.803,0.395,24
"Baseline_CLE",2040,"LATV",1622754,106.87,5622.83,56.91,1.919,0.191,356
"Baseline_CLE",2040,"LITH",2557900,184.77,7275.67,68.4,1.217,0.349,495
"Baseline_CLE",2040,"LUXE",738428,136.54,3098.5,17.46,0.66,0.047,137
"Baseline_CLE",2040,"MACE",2015548,53.74,5032.58,65.48,5.884,0.653,174
"Baseline_CLE",2040,"MALA",39668262,2567.43,415358.2,2464.81,28.767,8.601,2972
"Baseline_CLE",2040,"MALT",431149,64.71,3391.13,17.36,1.223,0,36
"Baseline_CLE",2040,"MEXI",157689665,4868.98,440345.68,9803.75,9.75,0.046,10729
"Baseline_CLE",2040,"MIDE",196434088,3176.35,1102763.49,18559.79,10.618,4.428,7900
"Baseline_CLE",2040,"MOLD",3583993,84.48,5607.9,103.94,3.627,0.267,198
"Baseline_CLE",2040,"MONG",3827004,97.21,30196.03,875.85,9.451,0.145,184
"Baseline_CLE",2040,"MONT",610465,28.54,962.72,25.21,6.199,0.108,83
"Baseline_CLE",2040,"MYAN",61489087,436.29,28962.71,3183.21,6.711,0.33,29
"Baseline_CLE",2040,"NAFR",119087570,4423.44,523048.67,13323.37,15.017,0.557,2457
"Baseline_CLE",2040,"NEPA",35068441,332.06,20705.13,1308.11,31.099,2.229,392
"Baseline_CLE",2040,"NETH",17700286,1559.67,70977.68,570.78,2.271,1.667,3182
"Baseline_CLE",2040,"NIGE",333172092,4138.26,169631.86,10524,18.093,1.115,723
"Baseline_CLE",2040,"NORW",6406959,631.94,34807.51,201.16,1,0.288,698
"Baseline_CLE",2040,"NZEL",5502172,299.69,30394.96,1440.61,0.984,0,924
"Baseline_CLE",2040,"PAKI",277494590,3949.5,294509.48,12618.88,47.365,7.154,1569
"Baseline_CLE",2040,"PARA",8460299,99.37,10048.39,1107.7,4.132,0.023,242
"Baseline_CLE",2040,"PERU",39606088,827.81,57421.81,1597.83,12.193,0.192,782
"Baseline_CLE",2040,"PHIL",139447689,2211.11,191827.51,3404.03,11.038,0.572,2145
"Baseline_CLE",2040,"POLA",34654579,2445.13,119368.14,1058.28,3.07,5.349,6833
"Baseline_CLE",2040,"PORT",9495169,542.94,22333.44,311.61,2.571,0.072,1110
"Baseline_CLE",2040,"ROMA",17463110,1198.88,48067.18,798.64,4.775,3.164,2158
"Baseline_CLE",2040,"RSAF",217198906,1749.14,160870.42,6837.58,5.977,0.794,1124
"Baseline_CLE",2040,"RUSS",135836501,5979.52,1760067.79,29052.97,5.764,6.634,14148
"Baseline_CLE",2040,"SAAR",42777611,4196.57,617366.67,7626.66,4.572,1.273,6514
"Baseline_CLE",2040,"SAFR",69076390,1383.12,294260.03,2662.45,6.601,0.241,4045
"Baseline_CLE",2040,"SERB",6479214,323.86,15609.86,407.41,6.258,3.456,539
"Baseline_CLE",2040,"SING",6563055,1694.54,91002.58,102.11,2.946,0.462,1124
"Baseline_CLE",2040,"SKRE",5192521,326.78,17431.19,94.58,1.78,1.029,671
"Baseline_CLE",2040,"SLOV",2007340,149.22,4690.82,65.41,5.095,0.699,364
"Baseline_CLE",2040,"SPAI",45538502,3012.12,99576.13,1688.65,2.647,0.887,6729
"Baseline_CLE",2040,"SRIL",21397716,900.7,22789.17,601.79,7.387,0.006,199
"Baseline_CLE",2040,"SWED",11157892,1056.16,19917.63,135.57,0.894,0.399,1409
"Baseline_CLE",2040,"SWIT",9586938,1164.59,33692.54,197.41,2.9,0.435,1608
"Baseline_CLE",2040,"TAIW",23830334,2915.66,444703.78,654.48,14.388,0.078,7238
"Baseline_CLE",2040,"TANZ",109059518,411.02,35215.57,3354.36,7.269,0.481,379
"Baseline_CLE",2040,"THAI",68338474,3659.37,494119.66,4347.69,9.765,3.024,5956
"Baseline_CLE",2040,"TURK",92980818,5426.77,367819.29,3079.66,9.325,5.456,8797
"Baseline_CLE",2040,"UKRA",38658013,783.34,199192.17,1924.15,4.307,6.748,3495
"Baseline_CLE",2040,"UNKI",73125233,5012.25,149405.52,1454.48,2.46,2.817,6213
"Baseline_CLE",2040,"URUG",3650962,141.21,7517.23,1090.2,3.699,0.206,155
"Baseline_CLE",2040,"USAM",374068752,38621.9,3176711.91,29733.93,4.195,1.445,63160
"Baseline_CLE",2040,"VENE",39578762,1052.89,211268.16,4891.29,7.724,0.211,1327
"Baseline_CLE",2040,"VIET",111229112,2142.08,327971.89,4606.27,19.526,3.577,4942
"Baseline_CLE",2040,"WAFR",570341719,2439.22,215458.05,13154.79,8.04,0.338,1833
"Baseline_MTFR",2040,"AFGH",54914122,55.56,35043.99,736.67,13.105,0.635,5562
"Baseline_MTFR",2040,"ALBA",2833058,74.44,4653.48,119.1,2.393,0.312,420
"Baseline_MTFR",2040,"ARGE",52585643,1776.8,221581.29,3644.8,1.145,0.157,10694
"Baseline_MTFR",2040,"ARME",2818399,589.73,12613.92,64.67,3.934,0.152,325
"Baseline_MTFR",2040,"AUST",8962110,789.63,30900.57,133.91,1.443,1.145,2089
"Baseline_MTFR",2040,"AUTR",30764641,2634.77,220580.61,2299.43,0.905,0.023,11048
"Baseline_MTFR",2040,"AZER",10988920,1802.02,79549.03,305.26,2.127,0.641,1566
"Baseline_MTFR",2040,"BANG",196294312,2906.26,90249.02,3878.67,8.33,0.648,6351
"Baseline_MTFR",2040,"BELA",8837337,221.12,26348.13,560.8,1.376,0.612,2148
"Baseline_MTFR",2040,"BELG",12293880,902.74,53698.22,171.52,1.782,1.453,2304
"Baseline_MTFR",2040,"BHUT",965239,9.76,8740.11,23.9,2.404,0.148,344
"Baseline_MTFR",2040,"BOHE",3251170,85.27,9838.94,100.31,2.616,0.647,819
"Baseline_MTFR",2040,"BOLV",14643343,143.73,19074.96,1053.76,1.203,0.002,1312
"Baseline_MTFR",2040,"BRAZ",231601656,5924.58,546968.7,14478.37,2.2,0.588,35457
"Baseline_MTFR",2040,"BRUN",520202,161.04,12022.46,26.17,1.625,0.073,201
"Baseline_MTFR",2040,"BULG",5894132,306.67,15794.76,124.17,1.382,0.523,1051
"Baseline_MTFR",2040,"CAMB",20592416,184.65,11135.87,557.33,1.091,0.077,1355
"Baseline_MTFR",2040,"CANA",43004685,3181.76,492678.31,2130.76,2.308,0.117,16580
"Baseline_MTFR",2040,"CARB",49343846,835.67,102118.58,1172.82,1.599,0.075,3223
"Baseline_MTFR",2040,"CEAM",62709573,790.47,70537.42,1644.22,3.603,0.012,4107
"Baseline_MTFR",2040,"CHIL",20378604,1125.62,79158,597.55,7.811,0.114,4052
"Baseline_MTFR",2040,"CHIN",1426488552,57111.4,8303420.5,30078.27,11.716,8.551,178827
"Baseline_MTFR",2040,"COLO",54615100,1442.36,105038.96,2541.34,2.246,0.008,5747
"Baseline_MTFR",2040,"CROA",3681556,188.59,9217.39,92.09,1.195,0.71,984
"Baseline_MTFR",2040,"CYPR",1341465,74.26,2272.66,23.46,0.466,0.001,118
"Baseline_MTFR",2040,"CZRE",10264847,658.85,34293.32,202.16,1.982,1.584,2426
"Baseline_MTFR",2040,"DENM",6192283,548.31,17804.19,199.55,1.027,0.414,1753
"Baseline_MTFR",2040,"EAFR",440978639,1783.42,124373.03,13191.58,1.604,0.141,31823
"Baseline_MTFR",2040,"ECUA",21461740,346.62,33754.69,533.19,1.311,0.003,2083
"Baseline_MTFR",2040,"EGYP",137065513,939.49,277452.24,1002.52,3.9,0.586,12743
"Baseline_MTFR",2040,"ESTO",1197944,100.8,2644.44,25.11,0.65,0.037,360
"Baseline_MTFR",2040,"FINL",5813529,454.37,25051.08,103.47,0.738,0.135,2173
"Baseline_MTFR",2040,"FRAN",69648311,4735.32,143265.98,1590.69,2.422,4.298,14800
"Baseline_MTFR",2040,"GEOR",3576930,484.81,17451.4,124.31,3.732,0.155,800
"Baseline_MTFR",2040,"GERM",81099557,6600.1,276735.23,1036.92,1.945,6.701,13024
"Baseline_MTFR",2040,"GREE",10451869,474.25,28448.52,274.35,2.131,0.409,1573
"Baseline_MTFR",2040,"HUNG",8757846,627.61,24011.29,169.79,2.018,1.784,1819
"Baseline_MTFR",2040,"ICEL",381151,45.2,3708.28,17.39,1.692,0.022,75
"Baseline_MTFR",2040,"INDI",1605355576,33534.8,3368672.29,26804.08,10.005,14.271,128445
"Baseline_MTFR",2040,"INDO",312134187,9223.17,1179881.02,9334.01,13.189,1.239,35528
"Baseline_MTFR",2040,"IRAN",91899463,4253.68,1054063.25,2615.58,6.896,0.842,22443
"Baseline_MTFR",2040,"IREL",5530561,1025.45,15040.47,573.45,0.682,0.155,1492
"Baseline_MTFR",2040,"ISRA",11281554,1419.45,88841.95,224.69,4.659,0.414,3315
"Baseline_MTFR",2040,"ITAL",56872174,3479.18,136082.45,814.17,3.802,2.469,9122
"Baseline_MTFR",2040,"JAPA",115212068,7264.16,542250.7,1027.03,3.084,0.021,15428
"Baseline_MTFR",2040,"KENY",81286865,321.94,45492.97,2199.74,2.603,0.125,5957
"Baseline_MTFR",2040,"KORS",52409409,3841.67,402246.69,739.86,7.477,0.526,10016
"Baseline_MTFR",2040,"KOSO",1433610,54.45,4745.63,28.78,3.997,0.266,293
"Baseline_MTFR",2040,"LAOS",8727905,94.19,17619.96,305.2,0.612,0.095,1375
"Baseline_MTFR",2040,"LATV",1622754,106.87,5622.81,47.45,1.076,0.138,532
"Baseline_MTFR",2040,"LITH",2557900,184.77,7275.45,58.04,0.77,0.239,649
"Baseline_MTFR",2040,"LUXE",738428,136.54,3098.5,14.42,0.567,0.033,172
"Baseline_MTFR",2040,"MACE",2015548,53.74,5031.1,43.03,2.378,0.365,388
"Baseline_MTFR",2040,"MALA",39668262,2567.43,405112.77,727.75,7.368,2.377,10371
"Baseline_MTFR",2040,"MALT",431149,64.71,3391.13,11.39,0.916,0,52
"Baseline_MTFR",2040,"MEXI",157689665,4868.98,435573.37,4309.88,3.595,0.02,19231
"Baseline_MTFR",2040,"MIDE",196434088,3176.35,1054578.72,3918.91,2.668,1.516,19403
"Baseline_MTFR",2040,"MOLD",3583993,84.48,5597.29,66.61,1.228,0.102,692
"Baseline_MTFR",2040,"MONG",3827004,97.21,30121.34,697.45,3.722,0.073,1015
"Baseline_MTFR",2040,"MONT",610465,28.54,962.5,23.75,2.083,0.049,137
"Baseline_MTFR",2040,"MYAN",61489087,436.29,27731.51,2352.25,1.822,0.142,4592
"Baseline_MTFR",2040,"NAFR",119087570,4423.44,484975.58,3089.6,3.36,0.149,15544
"Baseline_MTFR",2040,"NEPA",35068441,332.06,20239.83,1048.78,8.105,0.712,3779
"Baseline_MTFR",2040,"NETH",17700286,1559.67,70973.42,485.5,2.056,1.513,3674
"Baseline_MTFR",2040,"NIGE",333172092,4138.26,156864.41,5209.62,4.225,0.443,36816
"Baseline_MTFR",2040,"NORW",6406959,631.94,33988.15,132.67,0.658,0.138,916
"Baseline_MTFR",2040,"NZEL",5502172,299.69,31093.54,1235.4,0.512,0,1589
"Baseline_MTFR",2040,"PAKI",277494590,3949.5,288009.26,10541.1,11.643,2.314,17479
"Baseline_MTFR",2040,"PARA",8460299,99.37,9990.85,749.42,1.328,0.01,1030
"Baseline_MTFR",2040,"PERU",39606088,827.81,56856.47,1045.18,4.055,0.107,3591
"Baseline_MTFR",2040,"PHIL",139447689,2211.11,190611.95,2130.28,2.949,0.18,9612
"Baseline_MTFR",2040,"POLA",34654579,2445.13,119355.72,826.49,1.909,3.387,9271
"Baseline_MTFR",2040,"PORT",9495169,542.94,22333.25,219.25,1.771,0.038,1556
"Baseline_MTFR",2040,"ROMA",17463110,1198.88,48037.46,464.35,2.528,1.983,3244
"Baseline_MTFR",2040,"RSAF",217198906,1749.14,145053.4,3318.37,1.08,0.232,17313
"Baseline_MTFR",2040,"RUSS",135836501,5979.52,1690886.28,8114.39,2.363,2.206,34726
"Baseline_MTFR",2040,"SAAR",42777611,4196.57,610190.1,1878.58,0.926,0.392,13352
"Baseline_MTFR",2040,"SAFR",69076390,1383.12,293368.69,1828.49,2.649,0.146,8970
"Baseline_MTFR",2040,"SERB",6479214,323.86,15527.04,191.58,2.422,1.644,1198
"Baseline_MTFR",2040,"SING",6563055,1694.54,91002.13,33.19,1.23,0.217,1388
"Baseline_MTFR",2040,"SKRE",5192521,326.78,17431.13,67.84,1.027,0.627,988
"Baseline_MTFR",2040,"SLOV",2007340,149.22,4690.78,39.98,2.323,0.376,530
"Baseline_MTFR",2040,"SPAI",45538502,3012.12,98985.41,933.59,1.934,0.658,8624
"Baseline_MTFR",2040,"SRIL",21397716,900.7,22520.19,416.36,1.643,0.002,1575
"Baseline_MTFR",2040,"SWED",11157892,1056.16,19917.43,127.64,0.855,0.384,1645
"Baseline_MTFR",2040,"SWIT",9586938,1164.59,33692.52,168.01,2.52,0.369,1642
"Baseline_MTFR",2040,"TAIW",23830334,2915.66,444424.19,377.6,7.143,0.042,9693
"Baseline_MTFR",2040,"TANZ",109059518,411.02,34424.74,2721.05,1.405,0.149,8532
"Baseline_MTFR",2040,"THAI",68338474,3659.37,491431.26,2367.97,2.846,0.873,15500
"Baseline_MTFR",2040,"TURK",92980818,5426.77,367721.51,2794.52,4.536,2.042,14743
"Baseline_MTFR",2040,"UKRA",38658013,783.34,198980.87,827.09,2.646,6.686,7533
"Baseline_MTFR",2040,"UNKI",73125233,5012.25,149040.15,993.69,2.148,2.255,8086
"Baseline_MTFR",2040,"URUG",3650962,141.21,7499.59,723.15,0.903,0.079,634
"Baseline_MTFR",2040,"USAM",374068752,38621.9,3186986.63,15263.54,2.503,0.813,87878
"Baseline_MTFR",2040,"VENE",39578762,1052.89,187901.2,1572.38,2.503,0.095,5472
"Baseline_MTFR",2040,"VIET",111229112,2142.08,324045.99,2649.02,5.095,1.086,11777
"Baseline_MTFR",2040,"WAFR",570341719,2439.22,196777.78,8665.7,1.664,0.086,30344
"Decarb_CLE",2040,"AFGH",54914122,55.56,8481.21,737.89,25.708,1.028,60
"Decarb_CLE",2040,"ALBA",2833058,88.41,3554.41,121.54,5.038,0.701,157
"Decarb_CLE",2040,"ARGE",52585643,1776.8,74306.72,4824.13,2.365,0.294,1973
"Decarb_CLE",2040,"ARME",2818399,589.73,5080.65,93.59,22.23,0.994,25
"Decarb_CLE",2040,"AUST",8962110,789.63,14161.36,177.87,1.41,0.99,1042
"Decarb_CLE",2040,"AUTR",30764641,2634.77,90664.69,3084.37,1.232,0.031,2882
"Decarb_CLE",2040,"AZER",10988920,1802.02,35062.87,492.86,5.642,1.524,275
"Decarb_CLE",2040,"BANG",196294312,2906.26,28432.09,4332.45,18.121,1.188,112
"Decarb_CLE",2040,"BELA",8837337,262.61,10846.44,711.59,2.852,1.186,374
"Decarb_CLE",2040,"BELG",12293880,902.74,23968.04,245.27,1.923,1.512,1299
"Decarb_CLE",2040,"BHUT",965239,9.76,3752.22,28.29,3.796,0.355,6
"Decarb_CLE",2040,"BOHE",3251170,101.27,3852.03,126.21,5.797,1.285,231
"Decarb_CLE",2040,"BOLV",14643343,143.73,5703.07,1346.73,2.008,0.002,111
"Decarb_CLE",2040,"BRAZ",231601656,5924.58,290225.65,19503.68,5.125,1.091,10961
"Decarb_CLE",2040,"BRUN",520202,161.04,2802.28,54.2,1.397,0.042,23
"Decarb_CLE",2040,"BULG",5894132,306.67,8565.22,151.36,1.624,0.67,448
"Decarb_CLE",2040,"CAMB",20592416,184.65,7248,666.93,3.599,0.181,9
"Decarb_CLE",2040,"CANA",43004685,3181.76,183244.35,3092.3,4.799,0.187,5019
"Decarb_CLE",2040,"CARB",49343846,835.67,37529.25,1167.55,2.001,0.084,340
"Decarb_CLE",2040,"CEAM",62709573,790.47,23613.66,2056.46,3.058,0.009,499
"Decarb_CLE",2040,"CHIL",20378604,1125.62,28131.62,746.89,10.825,0.126,778
"Decarb_CLE",2040,"CHIN",1426488552,57111.4,2775330.48,38941.94,17.156,11.14,44852
"Decarb_CLE",2040,"COLO",54615100,1442.36,38348.43,3293.84,4.346,0.018,909
"Decarb_CLE",2040,"CROA",3681556,188.59,4614.83,123.91,1.094,0.698,359
"Decarb_CLE",2040,"CYPR",1341465,74.26,1211.93,30.14,0.445,0.002,49
"Decarb_CLE",2040,"CZRE",10264847,658.85,14943.07,232.58,2.41,1.742,1079
"Decarb_CLE",2040,"DENM",6192283,548.31,9884.42,233.76,1.133,0.415,946
"Decarb_CLE",2040,"EAFR",440978639,1783.42,63083.06,12716.48,3.283,0.236,803
"Decarb_CLE",2040,"ECUA",21461740,346.62,12732.47,736.51,2.242,0.005,546
"Decarb_CLE",2040,"EGYP",137065513,939.49,124025.55,1510.63,12.081,1.421,967
"Decarb_CLE",2040,"ESTO",1197944,100.8,1102.09,30.08,0.823,0.045,118
"Decarb_CLE",2040,"FINL",5813529,454.37,10987.24,114.78,0.803,0.117,923
"Decarb_CLE",2040,"FRAN",69648311,4735.32,56677.42,1687.11,2.712,4.905,6127
"Decarb_CLE",2040,"GEOR",3576930,484.81,6488.3,207.19,12.879,0.789,127
"Decarb_CLE",2040,"GERM",81099557,6600.1,100333.4,1210.81,1.993,6.922,5277
"Decarb_CLE",2040,"GREE",10451869,474.25,14628.37,368.56,2.361,0.454,472
"Decarb_CLE",2040,"HUNG",8757846,627.61,9949.39,200.38,2.46,1.86,780
"Decarb_CLE",2040,"ICEL",381151,45.2,1950.18,20.71,2.198,0.026,24
"Decarb_CLE",2040,"INDI",1605355576,33534.8,1013417.76,32332.75,20.706,25.771,31069
"Decarb_CLE",2040,"INDO",312134187,9223.17,320492.03,9128.09,28.639,2.024,4965
"Decarb_CLE",2040,"IRAN",91899463,4253.68,431554.35,5232.3,17.089,1.465,2979
"Decarb_CLE",2040,"IREL",5530561,1025.45,7128.58,603.85,0.679,0.162,889
"Decarb_CLE",2040,"ISRA",11281554,1419.45,9626.07,240.98,9.142,0.455,591
"Decarb_CLE",2040,"ITAL",56872174,3479.18,44097.17,988.7,3.533,2.577,2618
"Decarb_CLE",2040,"JAPA",115212068,7264.16,164575.74,1162.66,4.436,0.023,4305
"Decarb_CLE",2040,"KENY",81286865,321.94,25805.3,2039.39,4.027,0.155,196
"Decarb_CLE",2040,"KORS",52409409,3841.67,161367.01,963.53,12.84,0.889,3523
"Decarb_CLE",2040,"KOSO",1433610,64.67,1432.87,36.81,10.236,0.739,62
"Decarb_CLE",2040,"LAOS",8727905,94.19,9811.54,363.25,1.741,0.215,11
"Decarb_CLE",2040,"LATV",1622754,106.87,2162.19,50.75,1.465,0.154,200
"Decarb_CLE",2040,"LITH",2557900,184.77,3762.44,69.11,0.93,0.266,323
"Decarb_CLE",2040,"LUXE",738428,136.54,1712.4,16.62,0.576,0.036,94
"Decarb_CLE",2040,"MACE",2015548,63.83,2059.12,57.57,5.009,0.577,119
"Decarb_CLE",2040,"MALA",39668262,2567.43,85111.23,1019.1,17.226,4.594,1003
"Decarb_CLE",2040,"MALT",431149,64.71,410.08,15.04,1.063,0,23
"Decarb_CLE",2040,"MEXI",157689665,4868.98,139876.69,5653.96,6.375,0.03,3547
"Decarb_CLE",2040,"MIDE",196434088,3176.35,539137.73,11262.09,6.824,2.638,3251
"Decarb_CLE",2040,"MOLD",3583993,100.34,3046.94,142.68,3.005,0.227,134
"Decarb_CLE",2040,"MONG",3827004,97.21,2916.82,696.51,3.3,0.063,10
"Decarb_CLE",2040,"MONT",610465,33.9,567.69,19.5,4.848,0.084,55
"Decarb_CLE",2040,"MYAN",61489087,436.29,11954.89,2707.36,4.467,0.251,11
"Decarb_CLE",2040,"NAFR",119087570,4423.44,202225.85,5557.31,9.938,0.329,1356
"Decarb_CLE",2040,"NEPA",35068441,332.06,9035.32,1171.56,16.227,1.21,159
"Decarb_CLE",2040,"NETH",17700286,1559.67,23554.32,562.56,1.851,1.272,2060
"Decarb_CLE",2040,"NIGE",333172092,4138.26,74232.88,7062.12,4.357,0.349,403
"Decarb_CLE",2040,"NORW",6406959,631.94,17540.88,136.03,0.627,0.113,569
"Decarb_CLE",2040,"NZEL",5502172,299.69,13543.09,1319.09,0.701,0,414
"Decarb_CLE",2040,"PAKI",277494590,3949.5,104757.62,11488.28,27.408,3.965,373
"Decarb_CLE",2040,"PARA",8460299,99.37,3744.3,1014.98,1.958,0.011,105
"Decarb_CLE",2040,"PERU",39606088,827.81,19582.46,1202.2,6.116,0.123,383
"Decarb_CLE",2040,"PHIL",139447689,2211.11,60592.46,2189.83,6.162,0.392,900
"Decarb_CLE",2040,"POLA",34654579,2445.13,46740.02,875.88,2.278,3.915,3794
"Decarb_CLE",2040,"PORT",9495169,542.94,10404.85,343.29,1.857,0.055,586
"Decarb_CLE",2040,"ROMA",17463110,1198.88,24160.89,791.01,2.809,2.126,1176
"Decarb_CLE",2040,"RSAF",217198906,1749.14,74360.93,3863.08,3.28,0.485,661
"Decarb_CLE",2040,"RUSS",135836501,5979.52,674717.62,16607.8,4.586,4.74,7847
"Decarb_CLE",2040,"SAAR",42777611,4196.57,304512.87,4000.74,2.381,0.61,2584
"Decarb_CLE",2040,"SAFR",69076390,1383.12,73312.62,1855.34,4.164,0.151,1308
"Decarb_CLE",2040,"SERB",6479214,384.63,6294.05,235.72,5.201,3.095,371
"Decarb_CLE",2040,"SING",6563055,1694.54,33881.83,39.29,0.935,0.184,627
"Decarb_CLE",2040,"SKRE",5192521,326.78,9039.15,102.4,1.309,0.79,431
"Decarb_CLE",2040,"SLOV",2007340,149.22,2249.99,63.43,3.811,0.509,219
"Decarb_CLE",2040,"SPAI",45538502,3012.12,45480,1659.55,2.2,0.711,3932
"Decarb_CLE",2040,"SRIL",21397716,900.7,11500.22,409.85,4.213,0.004,83
"Decarb_CLE",2040,"SWED",11157892,1056.16,8510.71,133.2,0.809,0.318,908
"Decarb_CLE",2040,"SWIT",9586938,1164.59,8886.88,191.23,2.515,0.375,584
"Decarb_CLE",2040,"TAIW",23830334,2915.66,141954.18,421.99,11.366,0.049,2195
"Decarb_CLE",2040,"TANZ",109059518,411.02,14119.47,2659.01,3.588,0.253,239
"Decarb_CLE",2040,"THAI",68338474,3659.37,186495.7,2796.01,5.611,1.319,2789
"Decarb_CLE",2040,"TURK",92980818,5426.77,143121.05,2815.29,7.275,3.418,3611
"Decarb_CLE",2040,"UKRA",38658013,609.59,34138.05,994.45,3.211,4.334,931
"Decarb_CLE",2040,"UNKI",73125233,5012.25,65128.67,1323.66,1.945,2.484,3223
"Decarb_CLE",2040,"URUG",3650962,141.21,2738.16,1005.18,2.054,0.155,67
"Decarb_CLE",2040,"USAM",374068752,38621.9,1231811,19733.35,3.682,1.241,38056
"Decarb_CLE",2040,"VENE",39578762,1052.89,75977.58,2251.46,3.735,0.1,551
"Decarb_CLE",2040,"VIET",111229112,2142.08,124913.66,2968.39,13.848,2.552,2417
"Decarb_CLE",2040,"WAFR",570341719,2439.22,103601.37,10008.02,4.1,0.195,1144
"Decarb_MTFR",2040,"AFGH",54914122,55.56,7590.95,489.44,6.662,0.285,1968
"Decarb_MTFR",2040,"ALBA",2833058,88.41,3475.52,100.52,1.397,0.172,334
"Decarb_MTFR",2040,"ARGE",52585643,1776.8,73794.97,4737.33,0.857,0.083,5719
"Decarb_MTFR",2040,"ARME",2818399,589.73,5078.77,70.27,5.311,0.268,595
"Decarb_MTFR",2040,"AUST",8962110,789.63,14160.3,239.47,0.981,0.63,1412
"Decarb_MTFR",2040,"AUTR",30764641,2634.77,90609.33,2676.85,0.643,0.014,5491
"Decarb_MTFR",2040,"AZER",10988920,1802.02,34791.19,339.83,1.513,0.421,3406
"Decarb_MTFR",2040,"BANG",196294312,2906.26,26919.94,3920.96,5.682,0.41,3836
"Decarb_MTFR",2040,"BELA",8837337,262.61,10801.8,587.32,0.82,0.362,1676
"Decarb_MTFR",2040,"BELG",12293880,902.74,23968.02,291.6,1.095,0.783,1591
"Decarb_MTFR",2040,"BHUT",965239,9.76,3743.39,31.06,1.123,0.066,156
"Decarb_MTFR",2040,"BOHE",3251170,101.27,3850.59,75.93,1.313,0.392,633
"Decarb_MTFR",2040,"BOLV",14643343,143.73,5526.85,1274.92,0.75,0.001,797
"Decarb_MTFR",2040,"BRAZ",231601656,5924.58,285724.37,19009.67,1.542,0.357,24199
"Decarb_MTFR",2040,"BRUN",520202,161.04,2559.23,44.58,0.479,0.018,97
"Decarb_MTFR",2040,"BULG",5894132,306.67,8565.06,118.04,0.734,0.24,613
"Decarb_MTFR",2040,"CAMB",20592416,184.65,6951.15,577.48,0.705,0.052,608
"Decarb_MTFR",2040,"CANA",43004685,3181.76,181232.77,2403.98,1.51,0.08,7988
"Decarb_MTFR",2040,"CARB",49343846,835.67,37055.39,1146.94,0.631,0.026,1620
"Decarb_MTFR",2040,"CEAM",62709573,790.47,23028.17,1759.68,1.026,0.003,2049
"Decarb_MTFR",2040,"CHIL",20378604,1125.62,27992.25,976.21,4.622,0.085,1699
"Decarb_MTFR",2040,"CHIN",1426488552,57111.4,2768307.15,31293.79,8.169,5.28,81263
"Decarb_MTFR",2040,"COLO",54615100,1442.36,37524.39,3067.91,1.566,0.005,2727
"Decarb_MTFR",2040,"CROA",3681556,188.59,4607.52,120.45,0.631,0.355,520
"Decarb_MTFR",2040,"CYPR",1341465,74.26,1211.92,27.33,0.262,0.001,84
"Decarb_MTFR",2040,"CZRE",10264847,658.85,14941.95,390.73,1.61,1.044,1665
"Decarb_MTFR",2040,"DENM",6192283,548.31,9878.27,310.6,0.648,0.218,1212
"Decarb_MTFR",2040,"EAFR",440978639,1783.42,58444.7,1784.84,0.629,0.035,6175
"Decarb_MTFR",2040,"ECUA",21461740,346.62,12023.26,518.87,0.786,0.001,1043
"Decarb_MTFR",2040,"EGYP",137065513,939.49,119601.23,1026.9,2.581,0.369,7253
"Decarb_MTFR",2040,"ESTO",1197944,100.8,1102.08,36.34,0.502,0.023,239
"Decarb_MTFR",2040,"FINL",5813529,454.37,10987.24,299.98,0.503,0.071,1356
"Decarb_MTFR",2040,"FRAN",69648311,4735.32,56665.9,1881.3,1.96,3.198,8710
"Decarb_MTFR",2040,"GEOR",3576930,484.81,6414.41,141.13,3.285,0.17,881
"Decarb_MTFR",2040,"GERM",81099557,6600.1,100324.38,1604.57,1.346,4.425,8071
"Decarb_MTFR",2040,"GREE",10451869,474.25,14628.25,412,1.735,0.231,1012
"Decarb_MTFR",2040,"HUNG",8757846,627.61,9949.22,269.43,1.762,1.145,1198
"Decarb_MTFR",2040,"ICEL",381151,45.2,1946.94,19.58,1.693,0.022,39
"Decarb_MTFR",2040,"INDI",1605355576,33534.8,998774.54,28393.59,6.441,8.574,64596
"Decarb_MTFR",2040,"INDO",312134187,9223.17,313119.44,6178.33,6.925,0.536,18133
"Decarb_MTFR",2040,"IRAN",91899463,4253.68,415444.16,4075.46,4.288,0.468,10896
"Decarb_MTFR",2040,"IREL",5530561,1025.45,7128.41,580.09,0.482,0.093,1011
"Decarb_MTFR",2040,"ISRA",11281554,1419.45,9423.86,202.97,2.905,0.15,1064
"Decarb_MTFR",2040,"ITAL",56872174,3479.18,44057.5,1660.08,2.529,1.541,4355
"Decarb_MTFR",2040,"JAPA",115212068,7264.16,164232.55,1199.94,2.063,0.012,5598
"Decarb_MTFR",2040,"KENY",81286865,321.94,25292.37,1612.65,1.549,0.05,1603
"Decarb_MTFR",2040,"KORS",52409409,3841.67,161357.32,1103.7,5.463,0.387,4557
"Decarb_MTFR",2040,"KOSO",1433610,64.67,1431.81,23.7,1.657,0.184,241
"Decarb_MTFR",2040,"LAOS",8727905,94.19,9688.56,326.65,0.362,0.052,716
"Decarb_MTFR",2040,"LATV",1622754,106.87,2162.17,48.57,0.758,0.09,350
"Decarb_MTFR",2040,"LITH",2557900,184.77,3762.09,70.88,0.484,0.11,434
"Decarb_MTFR",2040,"LUXE",738428,136.54,1712.4,21.49,0.439,0.018,126
"Decarb_MTFR",2040,"MACE",2015548,63.83,2057.26,49.03,1.347,0.207,308
"Decarb_MTFR",2040,"MALA",39668262,2567.43,82368.18,849.23,4.597,1.473,4269
"Decarb_MTFR",2040,"MALT",431149,64.71,410.08,10.72,0.407,0,32
"Decarb_MTFR",2040,"MEXI",157689665,4868.98,136141.48,4683.04,2.105,0.01,8136
"Decarb_MTFR",2040,"MIDE",196434088,3176.35,499447.29,2276.46,1.5,0.813,8959
"Decarb_MTFR",2040,"MOLD",3583993,100.34,3027.2,104.16,0.628,0.053,542
"Decarb_MTFR",2040,"MONG",3827004,97.21,2873.87,630.16,1.394,0.036,243
"Decarb_MTFR",2040,"MONT",610465,33.9,567.41,16.1,0.951,0.03,101
"Decarb_MTFR",2040,"MYAN",61489087,436.29,10656.25,2183.93,1.014,0.071,2254
"Decarb_MTFR",2040,"NAFR",119087570,4423.44,188099.78,2792.08,1.213,0.079,8688
"Decarb_MTFR",2040,"NEPA",35068441,332.06,8545.82,977.38,4.445,0.381,1709
"Decarb_MTFR",2040,"NETH",17700286,1559.67,23552.99,753.01,1.212,0.767,2470
"Decarb_MTFR",2040,"NIGE",333172092,4138.26,60262.28,5758.15,1.288,0.139,4522
"Decarb_MTFR",2040,"NORW",6406959,631.94,17226.72,145.24,0.349,0.057,690
"Decarb_MTFR",2040,"NZEL",5502172,299.69,13511.15,1225.49,0.313,0,868
"Decarb_MTFR",2040,"PAKI",277494590,3949.5,97057.4,8450.45,5.894,0.977,8525
"Decarb_MTFR",2040,"PARA",8460299,99.37,3694.62,1039.16,0.675,0.004,511
"Decarb_MTFR",2040,"PERU",39606088,827.81,19374.46,1101.42,2.418,0.081,1713
"Decarb_MTFR",2040,"PHIL",139447689,2211.11,59595.35,1910.16,1.697,0.107,4257
"Decarb_MTFR",2040,"POLA",34654579,2445.13,46737.2,891.34,1.161,1.795,5668
"Decarb_MTFR",2040,"PORT",9495169,542.94,10404.68,451.97,1.318,0.028,926
"Decarb_MTFR",2040,"ROMA",17463110,1198.88,24151.86,485.63,1.761,1.107,1766
"Decarb_MTFR",2040,"RSAF",217198906,1749.14,60801.74,1119.68,0.551,0.105,4255
"Decarb_MTFR",2040,"RUSS",135836501,5979.52,631191.23,7566.71,1.64,1.499,20579
"Decarb_MTFR",2040,"SAAR",42777611,4196.57,300154.98,2909.68,0.563,0.221,6148
"Decarb_MTFR",2040,"SAFR",69076390,1383.12,72329.52,1933.65,1.483,0.088,3838
"Decarb_MTFR",2040,"SERB",6479214,384.63,6239.98,130.76,1.323,1.046,895
"Decarb_MTFR",2040,"SING",6563055,1694.54,33881.47,59.75,0.561,0.114,720
"Decarb_MTFR",2040,"SKRE",5192521,326.78,9039.08,92,0.913,0.408,700
"Decarb_MTFR",2040,"SLOV",2007340,149.22,2249.95,63.17,1.484,0.22,370
"Decarb_MTFR",2040,"SPAI",45538502,3012.12,45326.52,1632.78,1.396,0.406,5823
"Decarb_MTFR",2040,"SRIL",21397716,900.7,11212.55,380.27,1.041,0.001,788
"Decarb_MTFR",2040,"SWED",11157892,1056.16,8510.54,349.89,0.667,0.208,1137
"Decarb_MTFR",2040,"SWIT",9586938,1164.59,8886.88,226.27,1.564,0.261,873
"Decarb_MTFR",2040,"TAIW",23830334,2915.66,141548.79,610.87,4.32,0.025,3022
"Decarb_MTFR",2040,"TANZ",109059518,411.02,13364.08,1869.94,0.792,0.064,2915
"Decarb_MTFR",2040,"THAI",68338474,3659.37,183230.8,2138.45,1.556,0.397,7052
"Decarb_MTFR",2040,"TURK",92980818,5426.77,143050.37,2081.77,2.586,0.903,7078
"Decarb_MTFR",2040,"UKRA",38658013,609.59,33982.47,845.86,0.937,1.216,4193
"Decarb_MTFR",2040,"UNKI",73125233,5012.25,64930.54,1151.76,1.349,1.427,4920
"Decarb_MTFR",2040,"URUG",3650962,141.21,2723.21,960.05,0.546,0.044,346
"Decarb_MTFR",2040,"USAM",374068752,38621.9,1229492.7,15327.9,1.586,0.459,53957
"Decarb_MTFR",2040,"VENE",39578762,1052.89,73518.66,1328.95,1.301,0.046,2396
"Decarb_MTFR",2040,"VIET",111229112,2142.08,122788.31,2261.35,3.301,0.634,5367
"Decarb_MTFR",2040,"WAFR",570341719,2439.22,93406.32,8243.67,0.995,0.048,9130
"Baseline_CLE",2045,"AFGH",58614315,66.05,38717.1,900.3,63.703,2.48,496
"Baseline_CLE",2045,"ALBA",2753275,84.7,3521.83,133.54,4.945,0.666,190
"Baseline_CLE",2045,"ARGE",53988553,1882.07,225347.87,6715.74,3.129,0.398,3218
"Baseline_CLE",2045,"ARME",2764618,672.19,13542,160.6,15.274,0.429,124
"Baseline_CLE",2045,"AUST",8931070,829.41,26600,164.08,1.613,1.212,1365
"Baseline_CLE",2045,"AUTR",31982056,2981.83,196850.8,3513.33,1.663,0.041,5777
"Baseline_CLE",2045,"AZER",11049380,2053.99,85507.92,782.91,8.31,1.531,789
"Baseline_CLE",2045,"BANG",199743520,3454.72,95572.03,5749.8,29.192,1.756,328
"Baseline_CLE",2045,"BELA",8699407,232,31754.4,757.18,3.628,1.512,813
"Baseline_CLE",2045,"BELG",12403243,943.5,47910.32,239.72,2.21,1.866,1596
"Baseline_CLE",2045,"BHUT",982468,11.6,9679.71,32.58,10.264,0.939,37
"Baseline_CLE",2045,"BOHE",3155712,97.5,7421.73,170.13,6.457,1.408,300
"Baseline_CLE",2045,"BOLV",15304402,164.88,20047.98,1677.42,3.667,0.005,270
"Baseline_CLE",2045,"BRAZ",232724279,6656.4,572988.29,23004.45,6.252,1.397,16356
"Baseline_CLE",2045,"BRUN",530096,186.55,13135.1,151.21,3.329,0.123,41
"Baseline_CLE",2045,"BULG",5651925,324.93,15348,177.25,1.937,0.831,704
"Baseline_CLE",2045,"CAMB",21369568,213.91,11566.49,778.3,6.599,0.281,12
"Baseline_CLE",2045,"CANA",44011310,3460.19,468277.63,3793.29,5.175,0.204,12147
"Baseline_CLE",2045,"CARB",49587370,958.66,102328.57,2085.65,4.062,0.187,848
"Baseline_CLE",2045,"CEAM",65153466,906.8,75525.04,2832.14,7.307,0.021,1384
"Baseline_CLE",2045,"CHIL",20598059,1214.39,77984.43,1291.07,15.915,0.181,2046
"Baseline_CLE",2045,"CHIN",1403441531,63903.6,7208901.74,65591.8,19.717,13.277,96024
"Baseline_CLE",2045,"COLO",54833764,1585.78,110521.79,4141.72,6.809,0.029,2616
"Baseline_CLE",2045,"CROA",3571860,202.53,9109.48,110.55,1.456,0.979,690
"Baseline_CLE",2045,"CYPR",1364924,83.59,1982.28,28.64,0.529,0.002,57
"Baseline_CLE",2045,"CZRE",10155117,690.2,26283.27,212.92,2.576,1.941,1449
"Baseline_CLE",2045,"DENM",6254378,583.32,15020.99,251.48,1.285,0.475,1265
"Baseline_CLE",2045,"EAFR",484244345,2277.72,159858.65,17896.25,8.067,0.534,1444
"Baseline_CLE",2045,"ECUA",22268680,397.63,35954.29,944.28,4.165,0.008,1262
"Baseline_CLE",2045,"EGYP",145575547,1044.08,298170.04,3309.89,19.319,2.16,1772
"Baseline_CLE",2045,"ESTO",1171949,106.13,2320.83,30.14,0.891,0.051,185
"Baseline_CLE",2045,"FINL",5837028,473.99,23536.7,118.12,0.989,0.2,1373
"Baseline_CLE",2045,"FRAN",70211636,5009.59,139335.95,1685.84,2.978,5.25,9705
"Baseline_CLE",2045,"GEOR",3488799,600.2,18653.53,248.2,8.518,0.384,405
"Baseline_CLE",2045,"GERM",80269191,6926.81,211662.63,1214.55,2.342,8.075,8157
"Baseline_CLE",2045,"GREE",10243564,504.58,24439.91,335.6,2.601,0.554,857
"Baseline_CLE",2045,"HUNG",8512785,659.11,20311.99,202.85,2.657,2.154,1117
"Baseline_CLE",2045,"ICEL",386349,52.46,3733.74,19.76,2.299,0.028,53
"Baseline_CLE",2045,"INDI",1636496306,40493.4,3291982.01,41498.85,29.734,38.28,71310
"Baseline_CLE",2045,"INDO",317731986,10888.7,1233035.27,21273.7,54.27,5.745,12503
"Baseline_CLE",2045,"IRAN",93045086,5284.6,1184480.68,13957.53,31.303,2.635,7665
"Baseline_CLE",2045,"IREL",5677669,1090.53,12989.9,643.49,0.733,0.176,1328
"Baseline_CLE",2045,"ISRA",11937013,1588.66,95816.12,296.37,11.751,1.055,2063
"Baseline_CLE",2045,"ITAL",56071394,3611.6,107241.41,1027.03,4.179,3.019,6397
"Baseline_CLE",2045,"JAPA",111923238,7498.12,481309.63,1278.14,4.923,0.032,11042
"Baseline_CLE",2045,"KENY",88434154,411.17,57432.46,2703.31,9.845,0.359,402
"Baseline_CLE",2045,"KORS",51586183,4024.37,343761.39,1269.11,13.047,0.912,7172
"Baseline_CLE",2045,"KOSO",1364690,63.12,3118,49.27,11.449,0.746,80
"Baseline_CLE",2045,"LAOS",8978146,109.12,17869.95,410.67,3.007,0.402,25
"Baseline_CLE",2045,"LATV",1569178,109.21,4335.19,51.14,1.741,0.181,263
"Baseline_CLE",2045,"LITH",2480144,190.14,5626.98,68.6,1.075,0.312,417
"Baseline_CLE",2045,"LUXE",767807,147.2,2379.8,17.21,0.58,0.041,95
"Baseline_CLE",2045,"MACE",1974422,61.25,2751.95,57.09,5.037,0.559,148
"Baseline_CLE",2045,"MALA",40760928,2974.2,425191.4,2486.72,29.828,8.995,3061
"Baseline_CLE",2045,"MALT",424966,71.07,918.23,11.82,1.228,0,29
"Baseline_CLE",2045,"MEXI",161436237,5463.3,455919.41,9994.34,10.237,0.047,11849
"Baseline_CLE",2045,"MIDE",210872158,3373.45,1165639.46,19832.56,11.987,4.496,9050
"Baseline_CLE",2045,"MOLD",3440601,86.01,5736.57,98.99,3.42,0.255,234
"Baseline_CLE",2045,"MONG",3953993,115.56,29745.77,894.44,9.16,0.148,205
"Baseline_CLE",2045,"MONT",599832,32.27,847.73,17.6,5.396,0.089,80
"Baseline_CLE",2045,"MYAN",62104926,505.41,30357.78,3282.01,7.167,0.339,29
"Baseline_CLE",2045,"NAFR",122819832,4915.88,550866.23,13978.21,16.545,0.591,2677
"Baseline_CLE",2045,"NEPA",35685878,394.72,23386.4,1334.97,36.445,2.414,439
"Baseline_CLE",2045,"NETH",17629558,1650.99,55866.2,574.87,2.138,1.569,2611
"Baseline_CLE",2045,"NIGE",371119359,5285.24,206742.72,11560.5,18.69,1.175,897
"Baseline_CLE",2045,"NORW",6607166,737.95,32363.33,202.63,0.979,0.277,602
"Baseline_CLE",2045,"NZEL",5614865,339.17,29303.36,1399.23,0.986,0,917
"Baseline_CLE",2045,"PAKI",293003264,4748.57,335591.38,12570.96,50.898,7.657,1870
"Baseline_CLE",2045,"PARA",8700127,113.99,10899.24,1119.71,4.401,0.023,250
"Baseline_CLE",2045,"PERU",40719548,949.63,60298.87,1656.44,13.197,0.212,824
"Baseline_CLE",2045,"PHIL",145664722,2561.42,202777.36,3491.23,11.758,0.641,2210
"Baseline_CLE",2045,"POLA",33544891,2537.74,87212.77,947.3,2.728,4.86,5669
"Baseline_CLE",2045,"PORT",9262006,564.2,17434.38,282.69,2.419,0.067,863
"Baseline_CLE",2045,"ROMA",16935314,1265.83,41846.62,725.34,3.847,2.842,2050
"Baseline_CLE",2045,"RSAF",242685992,2233.95,186957.36,7635.7,6.635,0.841,1298
"Baseline_CLE",2045,"RUSS",134127418,6147.99,1713434.26,28677.97,5.726,6.43,14276
"Baseline_CLE",2045,"SAAR",44026516,4899.95,658120.36,8041.19,5.076,1.286,7488
"Baseline_CLE",2045,"SAFR",71045890,1605.25,280876.07,2788.88,6.789,0.244,4313
"Baseline_CLE",2045,"SERB",6311832,368.67,11749.76,322.86,5.69,3.229,507
"Baseline_CLE",2045,"SING",6592118,1963.02,91621.57,109.4,3.029,0.477,1140
"Baseline_CLE",2045,"SKRE",5078835,338.8,14690.52,82.51,1.461,0.877,522
"Baseline_CLE",2045,"SLOV",1976540,154.13,4005.53,63.93,3.752,0.555,300
"Baseline_CLE",2045,"SPAI",45079683,3150.56,83158.72,1586.66,2.452,0.861,5516
"Baseline_CLE",2045,"SRIL",21165080,1070.68,22506.66,622.49,7.399,0.006,199
"Baseline_CLE",2045,"SWED",11384781,1136.09,21784.69,139.13,0.895,0.404,1214
"Baseline_CLE",2045,"SWIT",9741501,1318.74,32642.76,198.13,2.917,0.439,1691
"Baseline_CLE",2045,"TAIW",23359293,3465.9,469257.45,628.05,14.79,0.081,8304
"Baseline_CLE",2045,"TANZ",123173856,524.94,40864.39,3547.04,8.129,0.499,430
"Baseline_CLE",2045,"THAI",67045545,4239.13,514602.16,4415.51,10.185,3.128,5982
"Baseline_CLE",2045,"TURK",94561424,6073.65,361813.68,3060.49,9.194,5.264,8638
"Baseline_CLE",2045,"UKRA",37512851,801.4,199955.81,1861.09,4.48,6.97,3701
"Baseline_CLE",2045,"UNKI",74301029,5402.77,128622.56,1391.94,2.361,2.698,5556
"Baseline_CLE",2045,"URUG",3662036,161.99,7997.39,1124.85,3.91,0.211,164
"Baseline_CLE",2045,"USAM",382058853,42286.1,2873332.78,28170.73,4.143,1.424,56640
"Baseline_CLE",2045,"VENE",40685814,1207.84,224280.57,5159.67,8.391,0.226,1441
"Baseline_CLE",2045,"VIET",113144909,2481.45,322808.17,4703,20.505,3.596,4842
"Baseline_CLE",2045,"WAFR",637283505,3115.29,247834.16,13922.62,8.793,0.349,2097
"Baseline_MTFR",2045,"AFGH",58614315,66.05,37893.11,744.72,14.773,0.661,5434
"Baseline_MTFR",2045,"ALBA",2753275,84.7,3465.89,113.67,1.67,0.267,379
"Baseline_MTFR",2045,"ARGE",53988553,1882.07,222356.59,3428.43,1.128,0.147,13173
"Baseline_MTFR",2045,"ARME",2764618,672.19,13540.5,63.78,3.683,0.131,350
"Baseline_MTFR",2045,"AUST",8931070,829.41,26599.53,134.12,1.408,1.236,1775
"Baseline_MTFR",2045,"AUTR",31982056,2981.83,200125.99,2253.84,0.866,0.024,11827
"Baseline_MTFR",2045,"AZER",11049380,2053.99,85074.53,299.73,2.054,0.593,1854
"Baseline_MTFR",2045,"BANG",199743520,3454.72,93888.57,3791.69,8.014,0.613,6542
"Baseline_MTFR",2045,"BELA",8699407,232,31723.89,525.01,1.235,0.572,2403
"Baseline_MTFR",2045,"BELG",12403243,943.5,47910.29,168.58,1.802,1.547,1953
"Baseline_MTFR",2045,"BHUT",982468,11.6,9671.71,23.23,2.839,0.173,394
"Baseline_MTFR",2045,"BOHE",3155712,97.5,7420.66,93.83,1.797,0.55,756
"Baseline_MTFR",2045,"BOLV",15304402,164.88,19742.79,1101.1,1.264,0.002,1407
"Baseline_MTFR",2045,"BRAZ",232724279,6656.4,567079.82,13613.59,2.24,0.582,40944
"Baseline_MTFR",2045,"BRUN",530096,186.55,12424.88,22.56,1.629,0.074,204
"Baseline_MTFR",2045,"BULG",5651925,324.93,15347.68,120.62,1.18,0.531,961
"Baseline_MTFR",2045,"CAMB",21369568,213.91,11319.83,537.06,1.108,0.074,1362
"Baseline_MTFR",2045,"CANA",44011310,3460.19,469925.05,2048.92,2.344,0.118,16275
"Baseline_MTFR",2045,"CARB",49587370,958.66,101406.17,998.98,1.522,0.072,3404
"Baseline_MTFR",2045,"CEAM",65153466,906.8,74844.01,1503.21,3.323,0.011,4329
"Baseline_MTFR",2045,"CHIL",20598059,1214.39,77817.74,491.83,7.303,0.117,4472
"Baseline_MTFR",2045,"CHIN",1403441531,63903.6,7194960.35,27243.01,10.849,7.87,156866
"Baseline_MTFR",2045,"COLO",54833764,1585.78,108703.84,2539.26,2.367,0.008,5918
"Baseline_MTFR",2045,"CROA",3571860,202.53,9100.45,83.68,0.919,0.688,945
"Baseline_MTFR",2045,"CYPR",1364924,83.59,1982.26,21.94,0.439,0.001,97
"Baseline_MTFR",2045,"CZRE",10155117,690.2,26282.8,167.26,1.584,1.58,2134
"Baseline_MTFR",2045,"DENM",6254378,583.32,15000.16,195.69,0.982,0.406,1546
"Baseline_MTFR",2045,"EAFR",484244345,2277.72,144769.88,13867.08,1.639,0.14,30599
"Baseline_MTFR",2045,"ECUA",22268680,397.63,35470.94,517.17,1.342,0.003,2271
"Baseline_MTFR",2045,"EGYP",145575547,1044.08,286924.75,887.53,3.269,0.524,15740
"Baseline_MTFR",2045,"ESTO",1171949,106.13,2320.82,23.32,0.592,0.041,323
"Baseline_MTFR",2045,"FINL",5837028,473.99,23536.7,104.27,0.699,0.172,1938
"Baseline_MTFR",2045,"FRAN",70211636,5009.59,139324.45,1472.25,2.392,4.23,12496
"Baseline_MTFR",2045,"GEOR",3488799,600.2,18630.6,114.18,3.56,0.139,966
"Baseline_MTFR",2045,"GERM",80269191,6926.81,211656.1,1031.32,1.919,6.644,11183
"Baseline_MTFR",2045,"GREE",10243564,504.58,24439.79,252.7,2.055,0.422,1497
"Baseline_MTFR",2045,"HUNG",8512785,659.11,20311.85,145.61,1.784,1.799,1649
"Baseline_MTFR",2045,"ICEL",386349,52.46,3730.79,16.06,1.768,0.022,74
"Baseline_MTFR",2045,"INDI",1636496306,40493.4,3271843.65,25501.46,9.764,13.826,130891
"Baseline_MTFR",2045,"INDO",317731986,10888.7,1218475.53,8913.78,13.609,1.288,37733
"Baseline_MTFR",2045,"IRAN",93045086,5284.6,1120421.62,2365.41,6.589,0.837,25561
"Baseline_MTFR",2045,"IREL",5677669,1090.53,12989.72,574.69,0.631,0.144,1488
"Baseline_MTFR",2045,"ISRA",11937013,1588.66,95642.2,162.4,4.696,0.414,3652
"Baseline_MTFR",2045,"ITAL",56071394,3611.6,107214.3,794.51,3.631,2.43,8177
"Baseline_MTFR",2045,"JAPA",111923238,7498.12,481302.58,1018.35,3.007,0.02,14261
"Baseline_MTFR",2045,"KENY",88434154,411.17,56843.12,2274.21,2.942,0.128,5925
"Baseline_MTFR",2045,"KORS",51586183,4024.37,346389.84,667.96,7.284,0.506,8616
"Baseline_MTFR",2045,"KOSO",1364690,63.12,3117.05,26.27,2.281,0.206,289
"Baseline_MTFR",2045,"LAOS",8978146,109.12,17766.09,292.58,0.624,0.094,1445
"Baseline_MTFR",2045,"LATV",1569178,109.21,4335.17,42.4,1.021,0.137,436
"Baseline_MTFR",2045,"LITH",2480144,190.14,5626.79,58.51,0.728,0.236,569
"Baseline_MTFR",2045,"LUXE",767807,147.2,2379.8,14.11,0.492,0.026,131
"Baseline_MTFR",2045,"MACE",1974422,61.25,2750.5,32.75,1.581,0.287,354
"Baseline_MTFR",2045,"MALA",40760928,2974.2,414654.56,577.49,7.394,2.406,10979
"Baseline_MTFR",2045,"MALT",424966,71.07,918.22,7.3,1.001,0,40
"Baseline_MTFR",2045,"MEXI",161436237,5463.3,450940.24,3845.12,3.4,0.018,22315
"Baseline_MTFR",2045,"MIDE",210872158,3373.45,1114016.43,3555.71,2.844,1.518,21742
"Baseline_MTFR",2045,"MOLD",3440601,86.01,5725.66,58.95,0.904,0.083,741
"Baseline_MTFR",2045,"MONG",3953993,115.56,29664.38,703.01,3.262,0.073,1079
"Baseline_MTFR",2045,"MONT",599832,32.27,847.52,16.93,1.278,0.04,131
"Baseline_MTFR",2045,"MYAN",62104926,505.41,29090.57,2354.72,1.846,0.141,4849
"Baseline_MTFR",2045,"NAFR",122819832,4915.88,510784.61,2862.19,3.131,0.137,17848
"Baseline_MTFR",2045,"NEPA",35685878,394.72,22882.42,1039.11,8.972,0.726,3949
"Baseline_MTFR",2045,"NETH",17629558,1650.99,55862.39,489.78,2.036,1.506,3091
"Baseline_MTFR",2045,"NIGE",371119359,5285.24,191942.48,5239.11,4.197,0.465,33808
"Baseline_MTFR",2045,"NORW",6607166,737.95,31568.27,135.04,0.7,0.141,795
"Baseline_MTFR",2045,"NZEL",5614865,339.17,30045.64,1186.83,0.49,0,1663
"Baseline_MTFR",2045,"PAKI",293003264,4748.57,328255.52,10177.72,11.629,2.365,18024
"Baseline_MTFR",2045,"PARA",8700127,113.99,10839.29,736.35,1.302,0.009,1081
"Baseline_MTFR",2045,"PERU",40719548,949.63,59706.99,1036.15,4.261,0.121,3793
"Baseline_MTFR",2045,"PHIL",145664722,2561.42,201496.94,1986.29,3.033,0.191,10229
"Baseline_MTFR",2045,"POLA",33544891,2537.74,87203.7,731.95,1.816,3.504,7952
"Baseline_MTFR",2045,"PORT",9262006,564.2,17434.2,192.51,1.646,0.036,1296
"Baseline_MTFR",2045,"ROMA",16935314,1265.83,41819.12,426.9,1.981,1.877,3100
"Baseline_MTFR",2045,"RSAF",242685992,2233.95,168436.86,3524.03,1.167,0.252,17559
"Baseline_MTFR",2045,"RUSS",134127418,6147.99,1644539.02,7076.78,2.232,2.082,35007
"Baseline_MTFR",2045,"SAAR",44026516,4899.95,650473.69,1604.87,0.943,0.386,15336
"Baseline_MTFR",2045,"SAFR",71045890,1605.25,279974.58,1831.14,2.509,0.145,9452
"Baseline_MTFR",2045,"SERB",6311832,368.67,11671.94,188.28,1.679,1.299,1177
"Baseline_MTFR",2045,"SING",6592118,1963.02,91621.08,32.88,1.328,0.228,1444
"Baseline_MTFR",2045,"SKRE",5078835,338.8,14690.46,56.52,0.82,0.583,841
"Baseline_MTFR",2045,"SLOV",1976540,154.13,4005.49,40.2,1.906,0.414,459
"Baseline_MTFR",2045,"SPAI",45079683,3150.56,82679.43,856.01,1.892,0.687,7396
"Baseline_MTFR",2045,"SRIL",21165080,1070.68,22233.41,412.14,1.541,0.001,1535
"Baseline_MTFR",2045,"SWED",11384781,1136.09,21784.49,130.38,0.867,0.397,1446
"Baseline_MTFR",2045,"SWIT",9741501,1318.74,32642.75,168.85,2.542,0.376,1694
"Baseline_MTFR",2045,"TAIW",23359293,3465.9,468952.95,313.23,7.348,0.043,11125
"Baseline_MTFR",2045,"TANZ",123173856,524.94,40028.59,2821.48,1.526,0.153,8314
"Baseline_MTFR",2045,"THAI",67045545,4239.13,511827.37,2177.37,2.907,0.88,16434
"Baseline_MTFR",2045,"TURK",94561424,6073.65,361713.11,2658.4,4.4,1.987,14931
"Baseline_MTFR",2045,"UKRA",37512851,801.4,199743.19,733.09,2.502,6.541,8311
"Baseline_MTFR",2045,"UNKI",74301029,5402.77,128354.1,990,2.083,2.198,7450
"Baseline_MTFR",2045,"URUG",3662036,161.99,7979.27,729.43,0.934,0.08,668
"Baseline_MTFR",2045,"USAM",382058853,42286.1,2886646.6,14058.3,2.442,0.789,81164
"Baseline_MTFR",2045,"VENE",40685814,1207.84,199585.48,1628.04,2.539,0.099,6072
"Baseline_MTFR",2045,"VIET",113144909,2481.45,318664.41,2578.79,5.181,1.076,11784
"Baseline_MTFR",2045,"WAFR",637283505,3115.29,226228.53,8670.69,1.737,0.09,30139
"Decarb_CLE",2045,"AFGH",58614315,66.05,3505.85,759.86,24.139,0.916,38
"Decarb_CLE",2045,"ALBA",2753275,98.94,2510.84,119.29,4.343,0.671,95
"Decarb_CLE",2045,"ARGE",53988553,1882.07,55910.48,4848.56,2.254,0.278,1609
"Decarb_CLE",2045,"ARME",2764618,672.19,2598.4,83.56,23.799,1.067,23
"Decarb_CLE",2045,"AUST",8931070,829.41,9617.54,177.28,1.23,0.842,709
"Decarb_CLE",2045,"AUTR",31982056,2981.83,66177.51,3116.34,1.099,0.03,2011
"Decarb_CLE",2045,"AZER",11049380,2053.99,18006.19,399.44,4.722,1.313,241
"Decarb_CLE",2045,"BANG",199743520,3454.72,18951.52,4397.91,18.745,1.181,74
"Decarb_CLE",2045,"BELA",8699407,270.99,6166.12,717.72,2.453,1.063,309
"Decarb_CLE",2045,"BELG",12403243,943.5,16219.32,239.34,1.846,1.472,982
"Decarb_CLE",2045,"BHUT",982468,11.6,2400.88,28.4,2.558,0.226,3
"Decarb_CLE",2045,"BOHE",3155712,113.88,2212.42,120.31,5.015,1.144,152
"Decarb_CLE",2045,"BOLV",15304402,164.88,3472.13,1418.73,1.806,0.002,83
"Decarb_CLE",2045,"BRAZ",232724279,6656.4,232016.36,19621.96,4.876,1.029,8872
"Decarb_CLE",2045,"BRUN",530096,186.55,1592.52,50.04,1.059,0.031,17
"Decarb_CLE",2045,"BULG",5651925,324.93,6507.69,141.98,1.315,0.608,319
"Decarb_CLE",2045,"CAMB",21369568,213.91,6050.02,677.24,3.433,0.165,9
"Decarb_CLE",2045,"CANA",44011310,3460.19,156007.44,2964.2,4.861,0.191,3171
"Decarb_CLE",2045,"CARB",49587370,958.66,29898.14,1165.67,1.75,0.075,274
"Decarb_CLE",2045,"CEAM",65153466,906.8,15447.97,2149.41,2.637,0.008,386
"Decarb_CLE",2045,"CHIL",20598059,1214.39,17867.53,760.92,10.242,0.126,523
"Decarb_CLE",2045,"CHIN",1403441531,63903.6,2083012.68,38066.88,16.42,10.56,25862
"Decarb_CLE",2045,"COLO",54833764,1585.78,26811.67,3304.24,4.043,0.016,567
"Decarb_CLE",2045,"CROA",3571860,202.53,3734.21,118.66,0.836,0.632,245
"Decarb_CLE",2045,"CYPR",1364924,83.59,899.51,28.97,0.416,0.001,29
"Decarb_CLE",2045,"CZRE",10155117,690.2,9385.65,194.35,1.81,1.414,758
"Decarb_CLE",2045,"DENM",6254378,583.32,7417.36,229.36,1.015,0.385,726
"Decarb_CLE",2045,"EAFR",484244345,2277.72,54249.33,13499.19,3.384,0.229,730
"Decarb_CLE",2045,"ECUA",22268680,397.63,8383.3,708.83,2.013,0.004,319
"Decarb_CLE",2045,"EGYP",145575547,1044.08,94600.13,1384.76,11.199,1.344,778
"Decarb_CLE",2045,"ESTO",1171949,106.13,750.99,28.1,0.705,0.04,75
"Decarb_CLE",2045,"FINL",5837028,473.99,8630.34,115.65,0.708,0.109,667
"Decarb_CLE",2045,"FRAN",70211636,5009.59,36315.5,1628.8,2.555,4.616,4506
"Decarb_CLE",2045,"GEOR",3488799,600.2,4251.91,195.38,14.951,0.843,111
"Decarb_CLE",2045,"GERM",80269191,6926.81,63222.64,1186.96,1.856,6.466,3560
"Decarb_CLE",2045,"GREE",10243564,504.58,11190.61,339.4,2.244,0.418,310
"Decarb_CLE",2045,"HUNG",8512785,659.11,6748.27,178.18,1.936,1.587,541
"Decarb_CLE",2045,"ICEL",386349,52.46,1358.39,20.01,2.245,0.027,17
"Decarb_CLE",2045,"INDI",1636496306,40493.4,758235.32,32784.62,20.193,24.632,23014
"Decarb_CLE",2045,"INDO",317731986,10888.7,246437.05,8808.38,27.429,1.942,3654
"Decarb_CLE",2045,"IRAN",93045086,5284.6,280516.17,4884.17,16.039,1.381,1905
"Decarb_CLE",2045,"IREL",5677669,1090.53,5148.91,604.32,0.633,0.156,768
"Decarb_CLE",2045,"ISRA",11937013,1588.66,5810.92,238.63,9.104,0.432,363
"Decarb_CLE",2045,"ITAL",56071394,3611.6,26303.49,977.55,3.224,2.39,1433
"Decarb_CLE",2045,"JAPA",111923238,7498.12,106192.33,1157.36,4.282,0.021,2417
"Decarb_CLE",2045,"KENY",88434154,411.17,23839.83,2144.41,4.179,0.147,161
"Decarb_CLE",2045,"KORS",51586183,4024.37,121325.49,969.68,12.663,0.871,2051
"Decarb_CLE",2045,"KOSO",1364690,73.73,803.46,31.88,8.712,0.683,44
"Decarb_CLE",2045,"LAOS",8978146,109.12,8792.57,368.96,1.578,0.194,10
"Decarb_CLE",2045,"LATV",1569178,109.21,1336.26,47.49,1.227,0.143,106
"Decarb_CLE",2045,"LITH",2480144,190.14,2297.35,69.14,0.776,0.235,227
"Decarb_CLE",2045,"LUXE",767807,147.2,1119.48,16.19,0.502,0.032,56
"Decarb_CLE",2045,"MACE",1974422,71.54,1132.98,50.76,4.314,0.512,77
"Decarb_CLE",2045,"MALA",40760928,2974.2,59495.28,993.04,14.532,4.391,701
"Decarb_CLE",2045,"MALT",424966,71.07,150.35,11.53,1.103,0,16
"Decarb_CLE",2045,"MEXI",161436237,5463.3,94340.37,5762.18,5.983,0.028,2573
"Decarb_CLE",2045,"MIDE",210872158,3373.45,391897.63,9884.12,6.492,2.499,2125
"Decarb_CLE",2045,"MOLD",3440601,100.47,2087.31,129.87,2.659,0.203,113
"Decarb_CLE",2045,"MONG",3953993,115.56,1797.17,693.98,3.077,0.061,4
"Decarb_CLE",2045,"MONT",599832,37.69,330.54,15.99,4.046,0.066,40
"Decarb_CLE",2045,"MYAN",62104926,505.41,8590.29,2784.23,4.462,0.246,8
"Decarb_CLE",2045,"NAFR",122819832,4915.88,151705.03,5010.66,8.845,0.292,1017
"Decarb_CLE",2045,"NEPA",35685878,394.72,6162.83,1192.44,15.49,1.089,103
"Decarb_CLE",2045,"NETH",17629558,1650.99,14455.52,560.58,1.713,1.179,1571
"Decarb_CLE",2045,"NIGE",371119359,5285.24,62648.27,6534.93,4.486,0.347,375
"Decarb_CLE",2045,"NORW",6607166,737.95,13907.04,129.55,0.53,0.104,385
"Decarb_CLE",2045,"NZEL",5614865,339.17,10132.6,1323.72,0.593,0,234
"Decarb_CLE",2045,"PAKI",293003264,4748.57,84157.55,11304.02,27.982,3.912,185
"Decarb_CLE",2045,"PARA",8700127,113.99,2134.29,1025.36,1.599,0.01,72
"Decarb_CLE",2045,"PERU",40719548,949.63,13291.93,1237.48,5.017,0.129,297
"Decarb_CLE",2045,"PHIL",145664722,2561.42,47743.32,2254.1,6.038,0.424,679
"Decarb_CLE",2045,"POLA",33544891,2537.74,31113.79,821.81,1.981,3.573,2518
"Decarb_CLE",2045,"PORT",9262006,564.2,7394.11,327.49,1.601,0.049,373
"Decarb_CLE",2045,"ROMA",16935314,1265.83,17659.37,772.31,2.095,1.822,839
"Decarb_CLE",2045,"RSAF",242685992,2233.95,63042.47,3859.84,3.307,0.492,600
"Decarb_CLE",2045,"RUSS",134127418,6147.99,407074.06,13895.3,4.38,4.247,6245
"Decarb_CLE",2045,"SAAR",44026516,4899.95,238807.39,3649.56,2.148,0.536,1615
"Decarb_CLE",2045,"SAFR",71045890,1605.25,54519.14,2011.11,4.133,0.15,889
"Decarb_CLE",2045,"SERB",6311832,430.64,3724.78,228.33,4.6,2.875,276
"Decarb_CLE",2045,"SING",6592118,1963.02,24999.83,42.72,0.989,0.185,443
"Decarb_CLE",2045,"SKRE",5078835,338.8,6787.14,86.59,1.086,0.714,275
"Decarb_CLE",2045,"SLOV",1976540,154.13,1477.02,62.16,2.574,0.367,144
"Decarb_CLE",2045,"SPAI",45079683,3150.56,32898.52,1600.43,2.046,0.683,2757
"Decarb_CLE",2045,"SRIL",21165080,1070.68,10085.39,422.19,4.177,0.003,62
"Decarb_CLE",2045,"SWED",11384781,1136.09,7049.3,135.99,0.797,0.307,688
"Decarb_CLE",2045,"SWIT",9741501,1318.74,4708.59,189.67,2.381,0.324,446
"Decarb_CLE",2045,"TAIW",23359293,3465.9,98977.42,439.28,11.158,0.047,1458
"Decarb_CLE",2045,"TANZ",123173856,524.94,11087.63,2785.03,3.741,0.245,213
"Decarb_CLE",2045,"THAI",67045545,4239.13,151493.89,2799.87,5.657,1.256,1903
"Decarb_CLE",2045,"TURK",94561424,6073.65,112489.93,2711.02,7.054,3.309,2435
"Decarb_CLE",2045,"UKRA",37512851,629.04,22952.81,922.51,2.996,4.001,725
"Decarb_CLE",2045,"UNKI",74301029,5402.77,46067.2,1277.2,1.783,2.141,2353
"Decarb_CLE",2045,"URUG",3662036,161.99,1672.23,1034.84,1.549,0.147,44
"Decarb_CLE",2045,"USAM",382058853,42286.1,993243.37,19348.44,3.475,1.19,25704
"Decarb_CLE",2045,"VENE",40685814,1207.84,56912.52,2225.08,2.951,0.085,376
"Decarb_CLE",2045,"VIET",113144909,2481.45,103973.17,3017.91,13.82,2.496,1744
"Decarb_CLE",2045,"WAFR",637283505,3115.29,89789.56,9783.93,4.159,0.196,1034
"Decarb_MTFR",2045,"AFGH",58614315,66.05,2672.62,507.63,7.21,0.29,2068
"Decarb_MTFR",2045,"ALBA",2753275,98.94,2477.69,101.42,1.229,0.149,265
"Decarb_MTFR",2045,"ARGE",53988553,1882.07,55442.74,4725.6,0.822,0.075,5008
"Decarb_MTFR",2045,"ARME",2764618,672.19,2596.47,64.43,5.534,0.289,650
"Decarb_MTFR",2045,"AUST",8931070,829.41,9616.91,243.63,0.887,0.528,1059
"Decarb_MTFR",2045,"AUTR",31982056,2981.83,66130.77,2731.54,0.609,0.015,4218
"Decarb_MTFR",2045,"AZER",11049380,2053.99,17827.83,311.16,1.33,0.379,3443
"Decarb_MTFR",2045,"BANG",199743520,3454.72,17295.88,4025.9,5.52,0.383,3927
"Decarb_MTFR",2045,"BELA",8699407,270.99,6126.63,576.32,0.695,0.317,1478
"Decarb_MTFR",2045,"BELG",12403243,943.5,16219.3,288.83,1.03,0.725,1278
"Decarb_MTFR",2045,"BHUT",982468,11.6,2391.38,30.04,0.818,0.045,111
"Decarb_MTFR",2045,"BOHE",3155712,113.88,2211.09,76.96,1.224,0.386,515
"Decarb_MTFR",2045,"BOLV",15304402,164.88,3328.52,1328.19,0.728,0.001,701
"Decarb_MTFR",2045,"BRAZ",232724279,6656.4,228004.89,19546.25,1.469,0.324,22251
"Decarb_MTFR",2045,"BRUN",530096,186.55,1404.76,49.93,0.333,0.012,69
"Decarb_MTFR",2045,"BULG",5651925,324.93,6507.53,123.87,0.592,0.217,465
"Decarb_MTFR",2045,"CAMB",21369568,213.91,5748.04,584.76,0.729,0.049,539
"Decarb_MTFR",2045,"CANA",44011310,3460.19,154439.2,2190.63,1.462,0.078,6046
"Decarb_MTFR",2045,"CARB",49587370,958.66,29456.61,1201.58,0.581,0.023,1270
"Decarb_MTFR",2045,"CEAM",65153466,906.8,14848.83,1938.08,0.931,0.002,1525
"Decarb_MTFR",2045,"CHIL",20598059,1214.39,17741.78,1021.19,4.354,0.09,1259
"Decarb_MTFR",2045,"CHIN",1403441531,63903.6,2075015.43,30694.03,7.449,4.716,59588
"Decarb_MTFR",2045,"COLO",54833764,1585.78,26101.35,3120.35,1.464,0.004,2144
"Decarb_MTFR",2045,"CROA",3571860,202.53,3729.59,120.82,0.442,0.294,396
"Decarb_MTFR",2045,"CYPR",1364924,83.59,899.5,27.55,0.247,0.001,66
"Decarb_MTFR",2045,"CZRE",10155117,690.2,9384.93,420.3,1.164,0.816,1315
"Decarb_MTFR",2045,"DENM",6254378,583.32,7411.7,310.42,0.593,0.2,985
"Decarb_MTFR",2045,"EAFR",484244345,2277.72,49764.97,1927.98,0.684,0.035,5774
"Decarb_MTFR",2045,"ECUA",22268680,397.63,7849.77,509.58,0.709,0.001,737
"Decarb_MTFR",2045,"EGYP",145575547,1044.08,90882.09,1043.85,2.35,0.339,6403
"Decarb_MTFR",2045,"ESTO",1171949,106.13,750.98,34.68,0.447,0.021,186
"Decarb_MTFR",2045,"FINL",5837028,473.99,8630.34,301.66,0.442,0.063,1061
"Decarb_MTFR",2045,"FRAN",70211636,5009.59,36305.79,1841.2,1.891,3.012,6959
"Decarb_MTFR",2045,"GEOR",3488799,600.2,4176.14,126.94,3.51,0.18,1049
"Decarb_MTFR",2045,"GERM",80269191,6926.81,63217.44,1606.66,1.256,4.114,6344
"Decarb_MTFR",2045,"GREE",10243564,504.58,11190.49,404.91,1.656,0.205,858
"Decarb_MTFR",2045,"HUNG",8512785,659.11,6748.13,258.58,1.288,0.916,963
"Decarb_MTFR",2045,"ICEL",386349,52.46,1354.99,18.81,1.712,0.022,29
"Decarb_MTFR",2045,"INDI",1636496306,40493.4,743615.24,28626.15,6.036,7.902,55347
"Decarb_MTFR",2045,"INDO",317731986,10888.7,239466.43,6524.28,6.551,0.518,16040
"Decarb_MTFR",2045,"IRAN",93045086,5284.6,266763.43,4027.26,3.84,0.436,8427
"Decarb_MTFR",2045,"IREL",5677669,1090.53,5148.73,623.46,0.444,0.087,893
"Decarb_MTFR",2045,"ISRA",11937013,1588.66,5603.14,207.8,2.851,0.135,740
"Decarb_MTFR",2045,"ITAL",56071394,3611.6,26279.94,1655.54,2.27,1.406,3157
"Decarb_MTFR",2045,"JAPA",111923238,7498.12,105869.21,1178.99,1.933,0.01,3435
"Decarb_MTFR",2045,"KENY",88434154,411.17,23307.32,1699.22,1.84,0.051,1447
"Decarb_MTFR",2045,"KORS",51586183,4024.37,121315.45,1167.51,5.186,0.37,2959
"Decarb_MTFR",2045,"KOSO",1364690,73.73,802.4,21.42,1.497,0.17,205
"Decarb_MTFR",2045,"LAOS",8978146,109.12,8667.35,325.81,0.361,0.05,630
"Decarb_MTFR",2045,"LATV",1569178,109.21,1336.24,56.23,0.67,0.085,250
"Decarb_MTFR",2045,"LITH",2480144,190.14,2297.13,71.89,0.421,0.095,328
"Decarb_MTFR",2045,"LUXE",767807,147.2,1119.48,21.23,0.379,0.015,90
"Decarb_MTFR",2045,"MACE",1974422,71.54,1131.15,35.26,1.255,0.177,245
"Decarb_MTFR",2045,"MALA",40760928,2974.2,57109.58,877.54,3.943,1.349,3316
"Decarb_MTFR",2045,"MALT",424966,71.07,150.34,8.33,0.424,0,25
"Decarb_MTFR",2045,"MEXI",161436237,5463.3,91088.11,4280.43,1.937,0.009,6957
"Decarb_MTFR",2045,"MIDE",210872158,3373.45,359568.01,3082.16,1.477,0.784,6552
"Decarb_MTFR",2045,"MOLD",3440601,100.47,2067.03,83.28,0.504,0.045,488
"Decarb_MTFR",2045,"MONG",3953993,115.56,1758.51,631.51,1.297,0.036,219
"Decarb_MTFR",2045,"MONT",599832,37.69,330.26,13.89,0.858,0.027,78
"Decarb_MTFR",2045,"MYAN",62104926,505.41,7263,2089.14,1.029,0.067,2183
"Decarb_MTFR",2045,"NAFR",122819832,4915.88,140537.98,2901.36,1.053,0.075,7091
"Decarb_MTFR",2045,"NEPA",35685878,394.72,5633.9,1102.97,4.428,0.376,1779
"Decarb_MTFR",2045,"NETH",17629558,1650.99,14454.73,759.67,1.096,0.691,1992
"Decarb_MTFR",2045,"NIGE",371119359,5285.24,54064.78,6300.05,1.322,0.142,4558
"Decarb_MTFR",2045,"NORW",6607166,737.95,13710.44,148.63,0.295,0.054,491
"Decarb_MTFR",2045,"NZEL",5614865,339.17,10114.4,1257.95,0.28,0,641
"Decarb_MTFR",2045,"PAKI",293003264,4748.57,76372.22,8315.09,5.465,0.899,8545
"Decarb_MTFR",2045,"PARA",8700127,113.99,2082.68,1031.1,0.624,0.004,387
"Decarb_MTFR",2045,"PERU",40719548,949.63,13095.2,1117.41,2.385,0.093,1232
"Decarb_MTFR",2045,"PHIL",145664722,2561.42,46698.07,2056.48,1.67,0.111,3864
"Decarb_MTFR",2045,"POLA",33544891,2537.74,31112.39,852.5,1.04,1.605,4296
"Decarb_MTFR",2045,"PORT",9262006,564.2,7393.94,449.97,1.088,0.024,705
"Decarb_MTFR",2045,"ROMA",16935314,1265.83,17652.83,483.81,1.221,0.878,1379
"Decarb_MTFR",2045,"RSAF",242685992,2233.95,55136.19,1197.61,0.623,0.116,3864
"Decarb_MTFR",2045,"RUSS",134127418,6147.99,373717.24,6887.94,1.524,1.378,17216
"Decarb_MTFR",2045,"SAAR",44026516,4899.95,235007.3,1676.35,0.476,0.196,4358
"Decarb_MTFR",2045,"SAFR",71045890,1605.25,53525.66,2114.82,1.468,0.088,3131
"Decarb_MTFR",2045,"SERB",6311832,430.64,3682.4,129.57,1.246,1.008,742
"Decarb_MTFR",2045,"SING",6592118,1963.02,24999.43,67.41,0.601,0.116,520
"Decarb_MTFR",2045,"SKRE",5078835,338.8,6787.08,84.57,0.7,0.347,550
"Decarb_MTFR",2045,"SLOV",1976540,154.13,1476.99,63.92,1.106,0.17,270
"Decarb_MTFR",2045,"SPAI",45079683,3150.56,32760.62,1618.21,1.314,0.391,4612
"Decarb_MTFR",2045,"SRIL",21165080,1070.68,9793.52,389.29,0.991,0.001,776
"Decarb_MTFR",2045,"SWED",11384781,1136.09,7049.13,356.91,0.66,0.198,927
"Decarb_MTFR",2045,"SWIT",9741501,1318.74,4708.59,227.89,1.439,0.212,725
"Decarb_MTFR",2045,"TAIW",23359293,3465.9,98539.05,683.78,4.295,0.025,2110
"Decarb_MTFR",2045,"TANZ",123173856,524.94,10306.29,1901.52,0.918,0.066,2820
"Decarb_MTFR",2045,"THAI",67045545,4239.13,148213.14,2176.7,1.532,0.366,5819
"Decarb_MTFR",2045,"TURK",94561424,6073.65,112425.3,1920.39,2.447,0.848,5630
"Decarb_MTFR",2045,"UKRA",37512851,629.04,22828.97,811.26,0.862,1.116,3670
"Decarb_MTFR",2045,"UNKI",74301029,5402.77,45950.03,1529.43,1.246,1.272,4112
"Decarb_MTFR",2045,"URUG",3662036,161.99,1656.87,981.62,0.439,0.041,263
"Decarb_MTFR",2045,"USAM",382058853,42286.1,991346.35,17081.58,1.463,0.415,40204
"Decarb_MTFR",2045,"VENE",40685814,1207.84,55080.53,1400.57,1.055,0.039,1686
"Decarb_MTFR",2045,"VIET",113144909,2481.45,101982.74,2351.48,3.277,0.602,4706
"Decarb_MTFR",2045,"WAFR",637283505,3115.29,82492.62,8519.31,1.081,0.051,8631
"Baseline_CLE",2050,"AFGH",61928118,76.86,40464.76,922.18,64.098,2.402,670
"Baseline_CLE",2050,"ALBA",2663591,95.3,2769.87,133.44,4.497,0.64,129
"Baseline_CLE",2050,"ARGE",55228902,1974.34,226811.44,6968.97,3.192,0.403,3379
"Baseline_CLE",2050,"ARME",2700184,754.38,14163.35,168.26,17.395,0.461,140
"Baseline_CLE",2050,"AUST",8877857,868.06,21802.86,164.55,1.45,1.047,1123
"Baseline_CLE",2050,"AUTR",33186818,3360.18,188252.17,3526.43,1.694,0.042,5853
"Baseline_CLE",2050,"AZER",11039198,2305.12,89264.01,809.69,9.416,1.616,875
"Baseline_CLE",2050,"BANG",201926816,4020.29,95604.85,5915.67,29.524,1.747,325
"Baseline_CLE",2050,"BELA",8570898,241.26,31635.66,783.8,3.628,1.541,848
"Baseline_CLE",2050,"BELG",12488233,986.03,43295.16,237.4,2.137,1.759,1331
"Baseline_CLE",2050,"BHUT",994203,13.5,10296.83,34.47,11.416,1.03,41
"Baseline_CLE",2050,"BOHE",3058143,110.24,5890.09,168.06,5.754,1.248,223
"Baseline_CLE",2050,"BOLV",15903460,188.28,20238.37,1770.71,3.944,0.005,264
"Baseline_CLE",2050,"BRAZ",232688044,7405.93,587716.02,23666.32,6.499,1.443,16936
"Baseline_CLE",2050,"BRUN",536723,211.73,13486.64,159.25,3.335,0.126,42
"Baseline_CLE",2050,"BULG",5423867,342.44,12417.61,156.56,1.782,0.777,625
"Baseline_CLE",2050,"CAMB",22019028,242.78,11636.32,789.78,7.154,0.285,12
"Baseline_CLE",2050,"CANA",44948602,3754.87,452816.66,3799.07,5.309,0.206,11823
"Baseline_CLE",2050,"CARB",49553998,1094.7,105444.37,2157.12,4.131,0.193,844
"Baseline_CLE",2050,"CEAM",67283690,1035.49,80215.51,2990.34,7.274,0.02,1318
"Baseline_CLE",2050,"CHIL",20718131,1295.68,75840.52,1357.41,16.316,0.189,2014
"Baseline_CLE",2050,"CHIN",1373585405,69317.4,6321346.37,65212.24,19.211,12.793,76892
"Baseline_CLE",2050,"COLO",54732755,1716.63,114513.56,4248.6,7.211,0.03,2730
"Baseline_CLE",2050,"CROA",3460901,216.66,7661.12,103.24,1.364,0.914,614
"Baseline_CLE",2050,"CYPR",1382839,93.53,1470.64,26.24,0.489,0.002,44
"Baseline_CLE",2050,"CZRE",10054302,722.8,22482.4,194.29,2.136,1.712,1199
"Baseline_CLE",2050,"DENM",6314402,622.8,13702.41,244.63,1.247,0.464,1102
"Baseline_CLE",2050,"EAFR",527853971,2872.6,186950.19,19279.84,8.795,0.535,1641
"Baseline_CLE",2050,"ECUA",22968451,454.06,38188.01,986.11,4.55,0.008,1356
"Baseline_CLE",2050,"EGYP",153433492,1152.98,310113.12,3435.25,21.173,2.27,1861
"Baseline_CLE",2050,"ESTO",1144747,110.91,2156.68,29.15,0.806,0.048,141
"Baseline_CLE",2050,"FINL",5866350,492.67,21197.51,119.28,0.877,0.173,1150
"Baseline_CLE",2050,"FRAN",70608998,5290.46,116607.94,1641.79,2.855,4.913,8904
"Baseline_CLE",2050,"GEOR",3393665,732.6,19994.01,265.24,9.578,0.414,451
"Baseline_CLE",2050,"GERM",79238486,7271.47,192109.51,1207.82,2.246,7.81,6708
"Baseline_CLE",2050,"GREE",9981568,535.53,19927.98,305.03,2.499,0.519,620
"Baseline_CLE",2050,"HUNG",8278700,698.57,15951.54,172.24,2.308,1.954,854
"Baseline_CLE",2050,"ICEL",390071,59.58,3795.49,19.98,2.394,0.029,51
"Baseline_CLE",2050,"INDI",1658978161,47815,3234803.67,42428.4,30.218,38.485,71360
"Baseline_CLE",2050,"INDO",321550686,12570.1,1249484.83,21502.54,57.864,5.98,12540
"Baseline_CLE",2050,"IRAN",93553454,6240.19,1241627.74,14861.73,33.918,2.733,8423
"Baseline_CLE",2050,"IREL",5801399,1156.23,15125.9,642.65,0.74,0.171,1593
"Baseline_CLE",2050,"ISRA",12577297,1759.27,97538.41,298.78,11.804,1.052,2078
"Baseline_CLE",2050,"ITAL",55093194,3806.47,83949.67,1005.49,3.876,2.856,5182
"Baseline_CLE",2050,"JAPA",108794446,7794.12,438859.58,1277,4.874,0.031,10083
"Baseline_CLE",2050,"KENY",95467137,518.55,69661.52,2871.21,11.297,0.382,466
"Baseline_CLE",2050,"KORS",50456832,4190.75,311314.15,1269.83,12.974,0.902,6439
"Baseline_CLE",2050,"KOSO",1299342,72.11,1821.05,49.5,10.129,0.698,67
"Baseline_CLE",2050,"LAOS",9162892,123.84,18029.85,419.93,3.195,0.407,25
"Baseline_CLE",2050,"LATV",1517200,110.44,3939.89,49.53,1.576,0.171,194
"Baseline_CLE",2050,"LITH",2406723,194.12,4932.97,68.48,1.015,0.297,388
"Baseline_CLE",2050,"LUXE",795916,157.2,2235.41,16.97,0.58,0.038,90
"Baseline_CLE",2050,"MACE",1931001,69.06,1873.31,54.8,4.715,0.512,107
"Baseline_CLE",2050,"MALA",41729217,3375.64,428660,2576.18,30.528,9.298,3104
"Baseline_CLE",2050,"MALT",419247,76.69,735.18,9.66,1.214,0,26
"Baseline_CLE",2050,"MEXI",164279302,6069.01,457237.79,10338.61,10.627,0.046,12692
"Baseline_CLE",2050,"MIDE",224783262,3833.17,1206634.52,21277.73,13.289,4.609,10244
"Baseline_CLE",2050,"MOLD",3293157,87.38,6042.77,100.05,3.229,0.246,276
"Baseline_CLE",2050,"MONG",4075382,134.48,32663.86,922.68,9.045,0.153,242
"Baseline_CLE",2050,"MONT",587899,36.11,560.85,16.89,4.542,0.075,58
"Baseline_CLE",2050,"MYAN",62358925,573.63,31287.59,3384.67,7.6,0.344,29
"Baseline_CLE",2050,"NAFR",126085783,5428.62,580863.66,14630.6,18.156,0.632,2884
"Baseline_CLE",2050,"NEPA",36106578,459.34,25464.68,1372.31,42.983,2.597,476
"Baseline_CLE",2050,"NETH",17517575,1752.86,48989.2,577.3,2.066,1.514,2282
"Baseline_CLE",2050,"NIGE",410637868,6665.6,252081.63,12896.95,19.458,1.255,1123
"Baseline_CLE",2050,"NORW",6801515,847.74,27595.5,203.41,1.006,0.267,466
"Baseline_CLE",2050,"NZEL",5711484,382.2,28800.36,1409.16,1.003,0,932
"Baseline_CLE",2050,"PAKI",306940442,5637.7,372419.47,12666.05,54.452,8.124,2135
"Baseline_CLE",2050,"PARA",8897182,130.17,11746.22,1137.9,4.662,0.022,257
"Baseline_CLE",2050,"PERU",41620307,1084.4,63320.68,1729.72,14.212,0.231,862
"Baseline_CLE",2050,"PHIL",151293436,2907.14,210235.35,3649.98,12.405,0.713,2239
"Baseline_CLE",2050,"POLA",32390037,2602.59,69480.55,883.96,2.588,4.549,4501
"Baseline_CLE",2050,"PORT",8994594,589.23,13560.59,264.06,2.157,0.061,652
"Baseline_CLE",2050,"ROMA",16397352,1339.38,35296.75,657.75,2.894,2.418,1775
"Baseline_CLE",2050,"RSAF",269230978,2817.39,217196.08,8578.67,7.415,0.896,1499
"Baseline_CLE",2050,"RUSS",132730511,6251.39,1660848.64,28412.99,5.657,6.185,13951
"Baseline_CLE",2050,"SAAR",45056349,5531.54,683427.19,8466.77,5.432,1.286,8451
"Baseline_CLE",2050,"SAFR",72754583,1848.4,281478.57,2971.87,7.082,0.247,4454
"Baseline_CLE",2050,"SERB",6147681,414.97,7829.04,321.99,4.933,2.905,399
"Baseline_CLE",2050,"SING",6574759,2227.97,91496.58,114.7,3.183,0.493,1148
"Baseline_CLE",2050,"SKRE",4964542,349.09,13167.49,79.11,1.263,0.807,396
"Baseline_CLE",2050,"SLOV",1941851,159.12,3406.58,62.89,2.985,0.458,240
"Baseline_CLE",2050,"SPAI",44394558,3309.98,67131.2,1545.7,2.298,0.824,4550
"Baseline_CLE",2050,"SRIL",20792352,1245.96,22222.29,645.36,7.556,0.005,194
"Baseline_CLE",2050,"SWED",11626301,1215.98,20478.97,142.18,0.888,0.387,991
"Baseline_CLE",2050,"SWIT",9879901,1464.56,32774.12,199,3.057,0.468,1813
"Baseline_CLE",2050,"TAIW",22770537,4033.3,490009.2,652.07,15.192,0.085,9172
"Baseline_CLE",2050,"TANZ",138081621,662.04,48249.94,3769.95,9.147,0.52,489
"Baseline_CLE",2050,"THAI",65372344,4811.29,527428.35,4531.44,10.519,3.194,5940
"Baseline_CLE",2050,"TURK",95626879,6725.96,362549.44,3101.06,9.43,5.438,8521
"Baseline_CLE",2050,"UKRA",36415702,818.08,210381.23,1851.86,4.659,7.326,4025
"Baseline_CLE",2050,"UNKI",75381137,5812.91,116102.83,1353.32,2.297,2.605,5250
"Baseline_CLE",2050,"URUG",3662437,184.98,8529.07,1161.99,4.144,0.216,172
"Baseline_CLE",2050,"USAM",389591663,46140.1,2679568.09,27742.36,4.121,1.415,51642
"Baseline_CLE",2050,"VENE",41584988,1379.25,234949.49,5402.5,9.038,0.243,1525
"Baseline_CLE",2050,"VIET",114629852,2816.38,315040.64,4819.68,21.423,3.605,4721
"Baseline_CLE",2050,"WAFR",706655475,3928.92,294545.47,15016.44,9.691,0.365,2408
"Baseline_MTFR",2050,"AFGH",61928118,76.86,39697.76,755.93,16.042,0.685,5232
"Baseline_MTFR",2050,"ALBA",2663591,95.3,2714.7,82.41,1.372,0.247,323
"Baseline_MTFR",2050,"ARGE",55228902,1974.34,223788.49,3313.43,1.161,0.149,13932
"Baseline_MTFR",2050,"ARME",2700184,754.38,14161.83,49.94,3.883,0.129,385
"Baseline_MTFR",2050,"AUST",8877857,868.06,21802.49,135.29,1.247,0.971,1519
"Baseline_MTFR",2050,"AUTR",33186818,3360.18,191770.27,2003.02,0.898,0.025,11860
"Baseline_MTFR",2050,"AZER",11039198,2305.12,88853.68,285.94,2.137,0.589,2018
"Baseline_MTFR",2050,"BANG",201926816,4020.29,93827.85,3753.72,8.022,0.605,6402
"Baseline_MTFR",2050,"BELA",8570898,241.26,31606.01,433.29,1.212,0.582,2450
"Baseline_MTFR",2050,"BELG",12488233,986.03,43295.13,167.16,1.713,1.406,1702
"Baseline_MTFR",2050,"BHUT",994203,13.5,10288.32,23.36,3.192,0.19,430
"Baseline_MTFR",2050,"BOHE",3058143,110.24,5889.08,64.95,1.499,0.474,655
"Baseline_MTFR",2050,"BOLV",15903460,188.28,19919.48,1149.88,1.324,0.002,1416
"Baseline_MTFR",2050,"BRAZ",232688044,7405.93,581845.27,13129.57,2.319,0.599,42693
"Baseline_MTFR",2050,"BRUN",536723,211.73,12777.83,16.28,1.661,0.076,203
"Baseline_MTFR",2050,"BULG",5423867,342.44,12417.3,84.05,1.114,0.501,863
"Baseline_MTFR",2050,"CAMB",22019028,242.78,11381.53,529.91,1.167,0.075,1332
"Baseline_MTFR",2050,"CANA",44948602,3754.87,454511.63,1550.06,2.423,0.12,16194
"Baseline_MTFR",2050,"CARB",49553998,1094.7,104478.95,923.52,1.44,0.071,3553
"Baseline_MTFR",2050,"CEAM",67283690,1035.49,79499.31,1448.36,2.971,0.009,4510
"Baseline_MTFR",2050,"CHIL",20718131,1295.68,75672.18,387.04,7.509,0.124,4554
"Baseline_MTFR",2050,"CHIN",1373585405,69317.4,6307852.11,22747.56,10.436,7.501,133642
"Baseline_MTFR",2050,"COLO",54732755,1716.63,112665.9,2561.43,2.5,0.008,6032
"Baseline_MTFR",2050,"CROA",3460901,216.66,7654.24,61.94,0.889,0.657,860
"Baseline_MTFR",2050,"CYPR",1382839,93.53,1470.63,15.62,0.416,0.001,84
"Baseline_MTFR",2050,"CZRE",10054302,722.8,22481.99,136.98,1.385,1.347,1867
"Baseline_MTFR",2050,"DENM",6314402,622.8,13682.19,189.68,0.961,0.385,1381
"Baseline_MTFR",2050,"EAFR",527853971,2872.6,169552.02,14654.12,1.717,0.141,29814
"Baseline_MTFR",2050,"ECUA",22968451,454.06,37686.62,516.61,1.473,0.003,2420
"Baseline_MTFR",2050,"EGYP",153433492,1152.98,298468.85,815.82,3.371,0.532,17347
"Baseline_MTFR",2050,"ESTO",1144747,110.91,2156.66,22.41,0.538,0.035,277
"Baseline_MTFR",2050,"FINL",5866350,492.67,21197.51,104.46,0.61,0.138,1651
"Baseline_MTFR",2050,"FRAN",70608998,5290.46,116597.66,1308.54,2.355,4.04,11552
"Baseline_MTFR",2050,"GEOR",3393665,732.6,19970,91.1,3.873,0.138,1091
"Baseline_MTFR",2050,"GERM",79238486,7271.47,192106.82,1030.34,1.852,6.476,9727
"Baseline_MTFR",2050,"GREE",9981568,535.53,19927.85,218.43,1.988,0.373,1269
"Baseline_MTFR",2050,"HUNG",8278700,698.57,15951.4,94.01,1.692,1.666,1402
"Baseline_MTFR",2050,"ICEL",390071,59.58,3792.54,14.52,1.814,0.024,73
"Baseline_MTFR",2050,"INDI",1658978161,47815,3214138.95,24784.86,9.765,13.73,127530
"Baseline_MTFR",2050,"INDO",321550686,12570.1,1234325.92,8469.45,14.452,1.349,38794
"Baseline_MTFR",2050,"IRAN",93553454,6240.19,1173398.37,2041.12,7.064,0.87,26898
"Baseline_MTFR",2050,"IREL",5801399,1156.23,15125.72,572.62,0.626,0.139,1754
"Baseline_MTFR",2050,"ISRA",12577297,1759.27,97358.83,113.13,4.752,0.416,3637
"Baseline_MTFR",2050,"ITAL",55093194,3806.47,83929.21,744.98,3.398,2.325,6970
"Baseline_MTFR",2050,"JAPA",108794446,7794.12,438855.43,999.43,2.968,0.019,12989
"Baseline_MTFR",2050,"KENY",95467137,518.55,69018.68,2369.8,3.461,0.138,5898
"Baseline_MTFR",2050,"KORS",50456832,4190.75,313846.83,568.71,7.222,0.499,7877
"Baseline_MTFR",2050,"KOSO",1299342,72.11,1820.08,21.81,1.792,0.192,263
"Baseline_MTFR",2050,"LAOS",9162892,123.84,17922.97,286.29,0.646,0.096,1457
"Baseline_MTFR",2050,"LATV",1517200,110.44,3939.87,38.07,0.946,0.132,363
"Baseline_MTFR",2050,"LITH",2406723,194.12,4932.81,58.11,0.691,0.218,539
"Baseline_MTFR",2050,"LUXE",795916,157.2,2235.41,14.01,0.487,0.021,127
"Baseline_MTFR",2050,"MACE",1931001,69.06,1871.87,27.49,1.298,0.252,314
"Baseline_MTFR",2050,"MALA",41729217,3375.64,417988.27,436.75,7.581,2.482,11207
"Baseline_MTFR",2050,"MALT",419247,76.69,735.18,2.57,0.918,0,36
"Baseline_MTFR",2050,"MEXI",164279302,6069.01,452080.36,3479.85,3.441,0.018,23658
"Baseline_MTFR",2050,"MIDE",224783262,3833.17,1151874.23,3229.71,3.103,1.565,23538
"Baseline_MTFR",2050,"MOLD",3293157,87.38,6031.29,43.24,0.814,0.075,767
"Baseline_MTFR",2050,"MONG",4075382,134.48,32578.43,717.26,3.325,0.075,1153
"Baseline_MTFR",2050,"MONT",587899,36.11,560.64,10.36,0.97,0.033,105
"Baseline_MTFR",2050,"MYAN",62358925,573.63,29982.87,2403.93,1.922,0.146,4850
"Baseline_MTFR",2050,"NAFR",126085783,5428.62,539052.99,2623.35,3.322,0.143,19457
"Baseline_MTFR",2050,"NEPA",36106578,459.34,24947.28,1035.79,10.368,0.769,4005
"Baseline_MTFR",2050,"NETH",17517575,1752.86,48985.74,491.6,1.921,1.423,2768
"Baseline_MTFR",2050,"NIGE",410637868,6665.6,234791.62,5372.68,4.219,0.497,31349
"Baseline_MTFR",2050,"NORW",6801515,847.74,26847.37,136.56,0.839,0.165,633
"Baseline_MTFR",2050,"NZEL",5711484,382.2,29576.36,1124.57,0.499,0,1666
"Baseline_MTFR",2050,"PAKI",306940442,5637.7,364644.86,9743.2,11.813,2.422,18464
"Baseline_MTFR",2050,"PARA",8897182,130.17,11684.01,730.81,1.267,0.008,1092
"Baseline_MTFR",2050,"PERU",41620307,1084.4,62702.48,1045.75,4.506,0.137,3979
"Baseline_MTFR",2050,"PHIL",151293436,2907.14,208916.34,1905.65,3.183,0.206,10522
"Baseline_MTFR",2050,"POLA",32390037,2602.59,69472.93,596.04,1.708,3.109,6763
"Baseline_MTFR",2050,"PORT",8994594,589.23,13560.4,146.38,1.463,0.033,1071
"Baseline_MTFR",2050,"ROMA",16397352,1339.38,35273.74,325.6,1.895,1.798,2740
"Baseline_MTFR",2050,"RSAF",269230978,2817.39,195302.74,3766.67,1.313,0.281,17797
"Baseline_MTFR",2050,"RUSS",132730511,6251.39,1593673.68,5900.02,2.216,2.029,33601
"Baseline_MTFR",2050,"SAAR",45056349,5531.54,675415.15,1324.62,1.003,0.38,16759
"Baseline_MTFR",2050,"SAFR",72754583,1848.4,280567.12,1837.48,2.653,0.149,9546
"Baseline_MTFR",2050,"SERB",6147681,414.97,7758.53,124.95,1.42,1.183,1004
"Baseline_MTFR",2050,"SING",6574759,2227.97,91496.04,28.72,1.442,0.247,1456
"Baseline_MTFR",2050,"SKRE",4964542,349.09,13167.43,47.71,0.752,0.51,726
"Baseline_MTFR",2050,"SLOV",1941851,159.12,3406.55,39.69,1.606,0.33,395
"Baseline_MTFR",2050,"SPAI",44394558,3309.98,66728.01,720.71,1.75,0.632,6430
"Baseline_MTFR",2050,"SRIL",20792352,1245.96,21959.05,402.93,1.54,0.001,1492
"Baseline_MTFR",2050,"SWED",11626301,1215.98,20478.77,132.35,0.85,0.363,1240
"Baseline_MTFR",2050,"SWIT",9879901,1464.56,32774.11,169.65,2.71,0.421,1786
"Baseline_MTFR",2050,"TAIW",22770537,4033.3,489682.04,242.59,7.557,0.045,12259
"Baseline_MTFR",2050,"TANZ",138081621,662.04,47373.85,2953.41,1.686,0.161,8137
"Baseline_MTFR",2050,"THAI",65372344,4811.29,524592.37,2082.8,3.023,0.903,16555
"Baseline_MTFR",2050,"TURK",95626879,6725.96,362445.05,2195.37,4.5,2.11,14853
"Baseline_MTFR",2050,"UKRA",36415702,818.08,210165.55,571.34,2.493,6.493,8879
"Baseline_MTFR",2050,"UNKI",75381137,5812.91,115889.06,974.26,2.035,2.125,7179
"Baseline_MTFR",2050,"URUG",3662437,184.98,8510.46,733.96,0.98,0.082,700
"Baseline_MTFR",2050,"USAM",389591663,46140.1,2694632.42,11282.56,2.426,0.782,76323
"Baseline_MTFR",2050,"VENE",41584988,1379.25,208852.74,1587.07,2.743,0.105,6491
"Baseline_MTFR",2050,"VIET",114629852,2816.38,310706.95,2560.64,5.354,1.081,11520
"Baseline_MTFR",2050,"WAFR",706655475,3928.92,269238.16,8921.23,1.873,0.097,30092
"Decarb_CLE",2050,"AFGH",61928118,76.86,1037.81,778.56,23.074,0.855,18
"Decarb_CLE",2050,"ALBA",2663591,109.89,1956.06,119.93,4.064,0.664,43
"Decarb_CLE",2050,"ARGE",55228902,1974.34,39145.31,4912.37,2.125,0.261,1129
"Decarb_CLE",2050,"ARME",2700184,754.38,1847.82,81.71,24.065,1.085,17
"Decarb_CLE",2050,"AUST",8877857,868.06,7265.6,177.66,1.1,0.735,470
"Decarb_CLE",2050,"AUTR",33186818,3360.18,52524.73,3146.84,1.056,0.03,1555
"Decarb_CLE",2050,"AZER",11039198,2305.12,12590.17,356.98,3.778,1.11,176
"Decarb_CLE",2050,"BANG",201926816,4020.29,12058.96,4482.99,18.819,1.148,43
"Decarb_CLE",2050,"BELA",8570898,278.18,3166.52,732.89,2.1,0.962,244
"Decarb_CLE",2050,"BELG",12488233,986.03,12723.65,236.72,1.755,1.389,793
"Decarb_CLE",2050,"BHUT",994203,13.5,2126.06,29.29,2.185,0.17,13
"Decarb_CLE",2050,"BOHE",3058143,127.1,1394.73,120.17,4.434,1.013,81
"Decarb_CLE",2050,"BOLV",15903460,188.28,2279.63,1496.34,1.706,0.002,65
"Decarb_CLE",2050,"BRAZ",232688044,7405.93,180864.28,19973.1,4.55,0.968,6330
"Decarb_CLE",2050,"BRUN",536723,211.73,1347.22,49.09,0.904,0.027,10
"Decarb_CLE",2050,"BULG",5423867,342.44,4639.11,118.74,1.201,0.577,200
"Decarb_CLE",2050,"CAMB",22019028,242.78,5156.12,687.45,3.279,0.15,10
"Decarb_CLE",2050,"CANA",44948602,3754.87,140909.06,2944.69,4.94,0.194,2703
"Decarb_CLE",2050,"CARB",49553998,1094.7,25056.08,1173.7,1.58,0.066,224
"Decarb_CLE",2050,"CEAM",67283690,1035.49,10300.17,2247.73,2.336,0.007,300
"Decarb_CLE",2050,"CHIL",20718131,1295.68,12463.21,789.76,10.25,0.13,385
"Decarb_CLE",2050,"CHIN",1373585405,69317.4,1605484.5,38039.2,15.928,10.156,15018
"Decarb_CLE",2050,"COLO",54732755,1716.63,19664.82,3335.06,3.891,0.016,360
"Decarb_CLE",2050,"CROA",3460901,216.66,2706.87,111.06,0.741,0.58,132
"Decarb_CLE",2050,"CYPR",1382839,93.53,683.42,26.56,0.401,0.001,19
"Decarb_CLE",2050,"CZRE",10054302,722.8,7086.86,178.54,1.401,1.214,516
"Decarb_CLE",2050,"DENM",6314402,622.8,5729.03,224.66,0.93,0.359,577
"Decarb_CLE",2050,"EAFR",527853971,2872.6,51578.6,14346.01,3.589,0.228,701
"Decarb_CLE",2050,"ECUA",22968451,454.06,5954.22,701.39,1.896,0.004,159
"Decarb_CLE",2050,"EGYP",153433492,1152.98,81273.81,1339.43,10.133,1.188,626
"Decarb_CLE",2050,"ESTO",1144747,110.91,552.25,27.11,0.606,0.038,34
"Decarb_CLE",2050,"FINL",5866350,492.67,6713.76,116.19,0.607,0.097,455
"Decarb_CLE",2050,"FRAN",70608998,5290.46,27229.25,1590.15,2.453,4.367,4130
"Decarb_CLE",2050,"GEOR",3393665,732.6,2802.22,194.56,16.502,0.883,84
"Decarb_CLE",2050,"GERM",79238486,7271.47,46349.89,1173.82,1.747,6.078,2835
"Decarb_CLE",2050,"GREE",9981568,535.53,8355.04,308.49,2.163,0.388,105
"Decarb_CLE",2050,"HUNG",8278700,698.57,4761.95,155.31,1.601,1.378,319
"Decarb_CLE",2050,"ICEL",390071,59.58,1157.15,20.17,2.319,0.028,13
"Decarb_CLE",2050,"INDI",1658978161,47815,540245.41,33406.64,19.839,23.845,12750
"Decarb_CLE",2050,"INDO",321550686,12570.1,197771.87,8742.73,26.345,1.903,2532
"Decarb_CLE",2050,"IRAN",93553454,6240.19,214169.66,4782.26,14.067,1.177,979
"Decarb_CLE",2050,"IREL",5801399,1156.23,4140.49,604.13,0.612,0.149,703
"Decarb_CLE",2050,"ISRA",12577297,1759.27,3594.49,239.29,9.093,0.414,204
"Decarb_CLE",2050,"ITAL",55093194,3806.47,18068.98,966.8,2.987,2.259,945
"Decarb_CLE",2050,"JAPA",108794446,7794.12,84784.69,1153.01,4.186,0.021,1662
"Decarb_CLE",2050,"KENY",95467137,518.55,23603.84,2256.38,4.327,0.145,141
"Decarb_CLE",2050,"KORS",50456832,4190.75,97969.96,1002.01,12.533,0.857,1262
"Decarb_CLE",2050,"KOSO",1299342,83.14,549.76,31.43,7.562,0.65,30
"Decarb_CLE",2050,"LAOS",9162892,123.84,8128.68,376.12,1.413,0.175,10
"Decarb_CLE",2050,"LATV",1517200,110.44,1034.07,45.86,1.01,0.131,43
"Decarb_CLE",2050,"LITH",2406723,194.12,1667.47,69.13,0.672,0.212,163
"Decarb_CLE",2050,"LUXE",795916,157.2,902.18,15.94,0.483,0.027,41
"Decarb_CLE",2050,"MACE",1931001,79.63,633.9,47.44,4.158,0.494,42
"Decarb_CLE",2050,"MALA",41729217,3375.64,47596.66,1005.49,12.452,4.334,434
"Decarb_CLE",2050,"MALT",419247,76.69,71.74,9.29,1.098,0,11
"Decarb_CLE",2050,"MEXI",164279302,6069.01,65456.13,5936.79,5.725,0.027,1699
"Decarb_CLE",2050,"MIDE",224783262,3833.17,319359.64,9158.73,6.001,2.27,1144
"Decarb_CLE",2050,"MOLD",3293157,100.75,1385.02,133.57,2.407,0.188,86
"Decarb_CLE",2050,"MONG",4075382,134.48,1059.48,710.05,3.11,0.061,1
"Decarb_CLE",2050,"MONT",587899,41.64,111.23,15.69,3.376,0.056,20
"Decarb_CLE",2050,"MYAN",62358925,573.63,6343.68,2868.19,4.437,0.239,6
"Decarb_CLE",2050,"NAFR",126085783,5428.62,126357.06,4767.44,7.947,0.266,751
"Decarb_CLE",2050,"NEPA",36106578,459.34,4025.79,1209,13.848,0.938,55
"Decarb_CLE",2050,"NETH",17517575,1752.86,9932.29,561.65,1.616,1.118,1338
"Decarb_CLE",2050,"NIGE",410637868,6665.6,58826.16,6453.42,4.687,0.363,373
"Decarb_CLE",2050,"NORW",6801515,847.74,11381.73,126.1,0.475,0.097,241
"Decarb_CLE",2050,"NZEL",5711484,382.2,8495.05,1335.91,0.547,0,134
"Decarb_CLE",2050,"PAKI",306940442,5637.7,75063.06,11192.71,28.533,3.913,76
"Decarb_CLE",2050,"PARA",8897182,130.17,1161.13,1037.17,1.35,0.009,49
"Decarb_CLE",2050,"PERU",41620307,1084.4,9809.27,1279.88,4.398,0.138,242
"Decarb_CLE",2050,"PHIL",151293436,2907.14,39172.66,2344.13,5.954,0.464,475
"Decarb_CLE",2050,"POLA",32390037,2602.59,22302.31,782.35,1.804,3.371,1368
"Decarb_CLE",2050,"PORT",8994594,589.23,5717.93,309.28,1.34,0.043,227
"Decarb_CLE",2050,"ROMA",16397352,1339.38,12848.76,728.47,1.564,1.564,512
"Decarb_CLE",2050,"RSAF",269230978,2817.39,54274.57,4027.31,3.422,0.507,557
"Decarb_CLE",2050,"RUSS",132730511,6251.39,251846.2,12116.81,4.16,3.867,4448
"Decarb_CLE",2050,"SAAR",45056349,5531.54,212096.56,3464.89,1.752,0.422,770
"Decarb_CLE",2050,"SAFR",72754583,1848.4,43286.68,2176.68,4.278,0.151,488
"Decarb_CLE",2050,"SERB",6147681,478.47,2201.37,227.4,4.052,2.694,172
"Decarb_CLE",2050,"SING",6574759,2227.97,21261.08,46.76,1.074,0.196,283
"Decarb_CLE",2050,"SKRE",4964542,349.09,5596.74,77.46,0.902,0.649,162
"Decarb_CLE",2050,"SLOV",1941851,159.12,1059.82,61.9,1.883,0.287,86
"Decarb_CLE",2050,"SPAI",44394558,3309.98,23471.28,1559.02,1.891,0.65,2005
"Decarb_CLE",2050,"SRIL",20792352,1245.96,9382.55,434.27,4.14,0.003,50
"Decarb_CLE",2050,"SWED",11626301,1215.98,5144.02,137.87,0.777,0.282,519
"Decarb_CLE",2050,"SWIT",9879901,1464.56,2063.8,189.32,2.3,0.307,372
"Decarb_CLE",2050,"TAIW",22770537,4033.3,86545.38,454,11.3,0.047,968
"Decarb_CLE",2050,"TANZ",138081621,662.04,9527.6,2922.39,4,0.247,200
"Decarb_CLE",2050,"THAI",65372344,4811.29,130533.99,2850.94,5.721,1.21,1148
"Decarb_CLE",2050,"TURK",95626879,6725.96,96771.08,2724.33,7.08,3.304,1543
"Decarb_CLE",2050,"UKRA",36415702,645.72,15600.34,896.22,2.852,3.778,532
"Decarb_CLE",2050,"UNKI",75381137,5812.91,39507.33,1250.32,1.725,2.059,1929
"Decarb_CLE",2050,"URUG",3662437,184.98,1034.05,1064.54,1.233,0.142,28
"Decarb_CLE",2050,"USAM",389591663,46140.1,909150.23,19443.93,3.357,1.162,17175
"Decarb_CLE",2050,"VENE",41584988,1379.25,44350.34,2194.11,2.483,0.074,252
"Decarb_CLE",2050,"VIET",114629852,2816.38,91350.56,3090.15,13.847,2.462,1129
"Decarb_CLE",2050,"WAFR",706655475,3928.92,78337,9859.38,4.297,0.2,981
"Decarb_MTFR",2050,"AFGH",61928118,76.86,261.28,539.25,7.428,0.291,2028
"Decarb_MTFR",2050,"ALBA",2663591,109.89,1932.43,76.89,1.214,0.139,214
"Decarb_MTFR",2050,"ARGE",55228902,1974.34,38717.86,4806.55,0.804,0.071,3353
"Decarb_MTFR",2050,"ARME",2700184,754.38,1845.86,50.13,5.494,0.294,667
"Decarb_MTFR",2050,"AUST",8877857,868.06,7265.21,247.44,0.818,0.456,804
"Decarb_MTFR",2050,"AUTR",33186818,3360.18,52482.14,3016.66,0.621,0.016,3205
"Decarb_MTFR",2050,"AZER",11039198,2305.12,12477.73,279.45,1.192,0.354,3331
"Decarb_MTFR",2050,"BANG",201926816,4020.29,10313.01,4216.47,5.595,0.376,3803
"Decarb_MTFR",2050,"BELA",8570898,278.18,3130.37,485.44,0.588,0.284,1210
"Decarb_MTFR",2050,"BELG",12488233,986.03,12723.63,287.86,0.984,0.675,1091
"Decarb_MTFR",2050,"BHUT",994203,13.5,2115.98,33.55,0.779,0.038,112
"Decarb_MTFR",2050,"BOHE",3058143,127.1,1393.46,52.16,1.13,0.329,420
"Decarb_MTFR",2050,"BOLV",15903460,188.28,2155.89,1391.78,0.738,0.001,601
"Decarb_MTFR",2050,"BRAZ",232688044,7405.93,177260.69,20708.35,1.414,0.306,18186
"Decarb_MTFR",2050,"BRUN",536723,211.73,1204.47,62.25,0.303,0.011,48
"Decarb_MTFR",2050,"BULG",5423867,342.44,4638.95,88.49,0.551,0.205,336
"Decarb_MTFR",2050,"CAMB",22019028,242.78,4844.11,580.72,0.781,0.049,458
"Decarb_MTFR",2050,"CANA",44948602,3754.87,139534.69,2085.64,1.46,0.076,5504
"Decarb_MTFR",2050,"CARB",49553998,1094.7,24629.71,1231.88,0.543,0.021,1013
"Decarb_MTFR",2050,"CEAM",67283690,1035.49,9688.72,1898.93,0.85,0.002,1164
"Decarb_MTFR",2050,"CHIL",20718131,1295.68,12343.73,1180.78,4.422,0.094,1042
"Decarb_MTFR",2050,"CHIN",1373585405,69317.4,1597568.01,33445.01,7.101,4.413,45151
"Decarb_MTFR",2050,"COLO",54732755,1716.63,19012.51,3169.64,1.428,0.004,1716
"Decarb_MTFR",2050,"CROA",3460901,216.66,2704.05,99.69,0.399,0.265,277
"Decarb_MTFR",2050,"CYPR",1382839,93.53,683.41,21.53,0.242,0,56
"Decarb_MTFR",2050,"CZRE",10054302,722.8,7086.35,392.58,0.789,0.655,1035
"Decarb_MTFR",2050,"DENM",6314402,622.8,5725.06,308.09,0.554,0.182,832
"Decarb_MTFR",2050,"EAFR",527853971,2872.6,46896.11,2300.68,0.771,0.036,5571
"Decarb_MTFR",2050,"ECUA",22968451,454.06,5529.86,529.55,0.691,0.001,525
"Decarb_MTFR",2050,"EGYP",153433492,1152.98,77985.77,1242.58,2.275,0.315,5285
"Decarb_MTFR",2050,"ESTO",1144747,110.91,552.23,33.71,0.396,0.019,141
"Decarb_MTFR",2050,"FINL",5866350,492.67,6713.76,303.1,0.388,0.057,778
"Decarb_MTFR",2050,"FRAN",70608998,5290.46,27220.2,1704.85,1.851,2.841,6485
"Decarb_MTFR",2050,"GEOR",3393665,732.6,2724.96,71.39,3.684,0.187,1155
"Decarb_MTFR",2050,"GERM",79238486,7271.47,46346.62,1611.3,1.173,3.817,5617
"Decarb_MTFR",2050,"GREE",9981568,535.53,8354.91,376.57,1.617,0.19,666
"Decarb_MTFR",2050,"HUNG",8278700,698.57,4761.83,207.62,1.032,0.767,724
"Decarb_MTFR",2050,"ICEL",390071,59.58,1153.58,17.21,1.733,0.022,24
"Decarb_MTFR",2050,"INDI",1658978161,47815,525843.42,30349.61,5.824,7.517,42298
"Decarb_MTFR",2050,"INDO",321550686,12570.1,191154.5,6680.96,6.437,0.524,13661
"Decarb_MTFR",2050,"IRAN",93553454,6240.19,202601.56,4724.38,3.573,0.403,6121
"Decarb_MTFR",2050,"IREL",5801399,1156.23,4140.31,623.61,0.428,0.082,830
"Decarb_MTFR",2050,"ISRA",12577297,1759.27,3380.03,207.54,2.833,0.126,442
"Decarb_MTFR",2050,"ITAL",55093194,3806.47,18052.32,1610.46,2.078,1.311,2667
"Decarb_MTFR",2050,"JAPA",108794446,7794.12,84479.37,1221.4,1.857,0.01,2481
"Decarb_MTFR",2050,"KENY",95467137,518.55,23030.21,1802.31,2.003,0.052,1341
"Decarb_MTFR",2050,"KORS",50456832,4190.75,97959.48,1269.3,5.049,0.359,2101
"Decarb_MTFR",2050,"KOSO",1299342,83.14,548.67,19.12,1.401,0.159,180
"Decarb_MTFR",2050,"LAOS",9162892,123.84,7999.87,352.23,0.365,0.049,517
"Decarb_MTFR",2050,"LATV",1517200,110.44,1034.06,51.87,0.589,0.078,181
"Decarb_MTFR",2050,"LITH",2406723,194.12,1667.32,71.74,0.375,0.084,255
"Decarb_MTFR",2050,"LUXE",795916,157.2,902.18,21.05,0.367,0.013,76
"Decarb_MTFR",2050,"MACE",1931001,79.63,632.06,26.76,1.281,0.164,209
"Decarb_MTFR",2050,"MALA",41729217,3375.64,45478.71,1066.64,3.552,1.282,2376
"Decarb_MTFR",2050,"MALT",419247,76.69,71.73,3.62,0.419,0,19
"Decarb_MTFR",2050,"MEXI",164279302,6069.01,62480.05,5215.45,1.888,0.009,5257
"Decarb_MTFR",2050,"MIDE",224783262,3833.17,293228.59,4821.48,1.488,0.75,4487
"Decarb_MTFR",2050,"MOLD",3293157,100.75,1363.61,48.28,0.445,0.039,427
"Decarb_MTFR",2050,"MONG",4075382,134.48,1023.2,650.89,1.406,0.036,188
"Decarb_MTFR",2050,"MONT",587899,41.64,110.96,8.46,0.764,0.021,54
"Decarb_MTFR",2050,"MYAN",62358925,573.63,4979.17,2221.68,1.074,0.067,1958
"Decarb_MTFR",2050,"NAFR",126085783,5428.62,117012.39,1957.37,1.043,0.077,5532
"Decarb_MTFR",2050,"NEPA",36106578,459.34,3482.71,1204.87,4.366,0.374,1645
"Decarb_MTFR",2050,"NETH",17517575,1752.86,9931.79,764.67,1.018,0.65,1767
"Decarb_MTFR",2050,"NIGE",410637868,6665.6,52985.83,6990.92,1.378,0.148,4810
"Decarb_MTFR",2050,"NORW",6801515,847.74,11249.93,151.53,0.259,0.046,340
"Decarb_MTFR",2050,"NZEL",5711484,382.2,8483.3,1214.97,0.272,0,484
"Decarb_MTFR",2050,"PAKI",306940442,5637.7,67278.74,10401.15,5.309,0.873,8339
"Decarb_MTFR",2050,"PARA",8897182,130.17,1107.68,1018.75,0.588,0.003,270
"Decarb_MTFR",2050,"PERU",41620307,1084.4,9619.23,1224.36,2.459,0.106,917
"Decarb_MTFR",2050,"PHIL",151293436,2907.14,38100.4,2317.18,1.698,0.118,3271
"Decarb_MTFR",2050,"POLA",32390037,2602.59,22301.34,732.21,0.956,1.497,3100
"Decarb_MTFR",2050,"PORT",8994594,589.23,5717.75,409.48,0.849,0.022,558
"Decarb_MTFR",2050,"ROMA",16397352,1339.38,12844.05,379.75,0.845,0.713,993
"Decarb_MTFR",2050,"RSAF",269230978,2817.39,49235.91,1402.57,0.725,0.132,3518
"Decarb_MTFR",2050,"RUSS",132730511,6251.39,226089.35,6493.78,1.436,1.268,14007
"Decarb_MTFR",2050,"SAAR",45056349,5531.54,208784.96,1738.5,0.404,0.17,2800
"Decarb_MTFR",2050,"SAFR",72754583,1848.4,42282.7,2324.73,1.544,0.09,2439
"Decarb_MTFR",2050,"SERB",6147681,478.47,2165.21,96.85,1.194,0.984,582
"Decarb_MTFR",2050,"SING",6574759,2227.97,21260.66,74.62,0.659,0.125,356
"Decarb_MTFR",2050,"SKRE",4964542,349.09,5596.69,75.95,0.532,0.3,436
"Decarb_MTFR",2050,"SLOV",1941851,159.12,1059.78,64.14,0.924,0.141,197
"Decarb_MTFR",2050,"SPAI",44394558,3309.98,23396.18,1497.24,1.225,0.375,3812
"Decarb_MTFR",2050,"SRIL",20792352,1245.96,9101.07,438.73,1.006,0.001,739
"Decarb_MTFR",2050,"SWED",11626301,1215.98,5143.85,363.48,0.645,0.177,765
"Decarb_MTFR",2050,"SWIT",9879901,1464.56,2063.8,230.66,1.391,0.205,644
"Decarb_MTFR",2050,"TAIW",22770537,4033.3,86076.76,794.06,4.463,0.027,1522
"Decarb_MTFR",2050,"TANZ",138081621,662.04,8714.93,1949.53,1.071,0.069,2777
"Decarb_MTFR",2050,"THAI",65372344,4811.29,127263.12,2306.08,1.557,0.352,4389
"Decarb_MTFR",2050,"TURK",95626879,6725.96,96708.49,1672.2,2.429,0.826,4501
"Decarb_MTFR",2050,"UKRA",36415702,645.72,15497.97,671.91,0.824,1.063,3058
"Decarb_MTFR",2050,"UNKI",75381137,5812.91,39437.1,1548.7,1.195,1.201,3771
"Decarb_MTFR",2050,"URUG",3662437,184.98,1018.34,987.61,0.378,0.04,204
"Decarb_MTFR",2050,"USAM",389591663,46140.1,907451.11,19250.85,1.403,0.39,30741
"Decarb_MTFR",2050,"VENE",41584988,1379.25,42894.34,1386.63,0.927,0.035,1217
"Decarb_MTFR",2050,"VIET",114629852,2816.38,89465.69,2613.89,3.339,0.592,3986
"Decarb_MTFR",2050,"WAFR",706655475,3928.92,72527.48,9048.78,1.206,0.057,8333
