"logco20","logco20xyear0","logcost0:REGIONGROUPCHI","logcost0:REGIONGROUPEAS","logcost0:REGIONGROUPEUR","logcost0:REGIONGROUPLAC","logcost0:REGIONGROUPMEA","logcost0:REGIONGROUPNAF","logcost0:REGIONGROUPNAM","logcost0:REGIONGROUPOCE","logcost0:REGIONGROUPRUS","logcost0:REGIONGROUPSAF","logcost0:REGIONGROUPSAS","logcost0:REGIONGROUPSSA","logcost0:REGIONGROUPWAS","logcost0:REGIONGROUPWBK"
0.0536477006436803,0.00588939453382267,-0.442115914799876,-0.360940051111695,-0.797273277146083,-0.798717116657702,-1.78693062657221,-0.942549806091842,-1.75304703869111,-0.668042753525031,-0.924839777826909,-0.547903608773965,-0.521547121969444,-0.443204350677023,-0.801493979810425,-0.834795182829315
0.172156364089294,0.00704821947057168,-0.320698248155608,-0.394855398251759,-0.769548452301928,-0.725156608618098,-1.75810786819074,-0.851672026009884,-1.80423918522583,-0.558570880509119,-0.916138462595896,-0.588975385484311,-0.47515348896354,-0.440597597321611,-0.902699638036937,-0.894011127061416
0.0695347772875249,0.00935901166317764,-0.330093445117508,-0.36721124427192,-0.738380382099704,-0.749294797500234,-1.75671209262062,-0.742750346280981,-2.16217032634687,-0.607917869033939,-0.972698522288188,-0.645618901741092,-0.49332616338983,-0.413057655732111,-0.908069523929228,-0.800692742174299
0.197201218516478,0.00506421307244186,-0.380530792932048,-0.398269806699383,-0.732463579930814,-0.730647918944512,-1.52155379181344,-0.823440811767866,-1.71037096788438,-0.62313557574179,-0.775871742578745,-0.621517390503789,-0.449236188068109,-0.419212222420489,-0.840596081417389,-0.838119030757491
0.185415192905749,0.0029618765998825,-0.351272390175772,-0.369062475487355,-0.70257690035294,-0.810891560877544,-1.73781522277202,-0.803509965910511,-1.67162383385681,-0.441789838866899,-0.824056786662483,-0.555905441075131,-0.450444867629947,-0.410701321655755,-0.817344138335017,-0.779415654433751
0.0490686874594774,0.007560207549919,-0.263534210784999,-0.391061742064767,-0.773446206555431,-0.751815075514551,-1.65257712904045,-0.876977594634269,-1.86554140458033,-0.651633161838491,-0.934767541878057,-0.56943121366377,-0.50163489362549,-0.427342505591999,-0.937416118850146,-0.714148759210159
0.185381968114608,0.00967088693206245,-0.310797670850806,-0.361701186638256,-0.717503853649233,-0.755931366236118,-1.58647225996852,-0.842424603720185,-1.46428197845765,-0.725920335200091,-0.648842953242831,-0.537787745847712,-0.488494490938443,-0.428557187891741,-0.869500579293361,-0.867248767400867
0.124089440215059,8.1939089044576e-05,-0.16354281994354,-0.386585267138226,-0.703071560851764,-0.718998823589566,-1.56635292468488,-0.823367893065014,-1.77951005971903,-0.651956178673607,-0.653500133301517,-0.52478689095006,-0.458830612152465,-0.423432069009478,-0.821070984641675,-0.736020231366013
0.276278419629652,0.00203321816163455,-0.390986181946329,-0.395454866720696,-0.737871114292739,-0.776366486568817,-1.62815070662649,-0.890606931894908,-1.55278975925837,-0.597997650847606,-0.923884602189315,-0.636564872072167,-0.474051769945105,-0.452398253812642,-0.803405812780827,-0.83952889360792
0.158827473312176,0.00384892630887821,-0.329785385251592,-0.378172930176427,-0.746957685435172,-0.854279043323147,-1.68560016203146,-0.854335313099786,-2.28579175050269,-0.778614423728214,-0.716101651824373,-0.488765012798148,-0.469521152252115,-0.452330065854993,-0.937957713177128,-0.904948228748364
0.210506647286735,0.00387154659362337,-0.298960042524359,-0.359399864863338,-0.727555079745185,-0.735453322937752,-1.56373392254025,-0.880174577801968,-1.95493590985005,-0.584585115247397,-0.910845760197299,-0.574482177963472,-0.503787237143973,-0.455407146413875,-0.780049751557924,-0.820970682184818
0.105170075876749,0.00487169163232056,-0.294438893753899,-0.380452608959253,-0.810957479180254,-0.775519436917939,-1.73230782618541,-0.807401452107483,-1.73006314510267,-0.613259037307293,-1.13122113690192,-0.61824693694751,-0.507181916420276,-0.423785800872043,-0.922674178724044,-0.800017357635399
0.229387459538683,-0.000360369035404185,-0.443387083190486,-0.384480676834207,-0.644400816956959,-0.819696640004894,-1.68392318577192,-0.782554880634471,-1.58133359534384,-0.706751216041658,-1.06423415852305,-0.536376834306499,-0.5080198387478,-0.417119018374448,-0.769160195193037,-0.816902710690282
0.191711686094417,0.000525439419659174,-0.343125837416824,-0.370665314900971,-0.804434026676125,-0.800489517069851,-1.83429841615547,-0.756078270007309,-1.40616429738324,-0.62210436284141,-0.961128803012156,-0.592484944106515,-0.462599051391284,-0.410575141877866,-0.802014399537681,-0.767460679291162
0.108024196088014,0.00405678765301066,-0.394899473541072,-0.361244884727374,-0.717265232639608,-0.79954553676672,-1.73366120165839,-0.692067471328562,-1.9009187184392,-0.750262942816686,-1.38234461058011,-0.603041822871573,-0.530978546225982,-0.429966282585853,-0.8074117521367,-0.884321954125244
0.260308396051689,0.00310073144699759,-0.290833696655685,-0.398910415839986,-0.74552382136133,-0.751632489571808,-1.73765586932683,-0.817398018229318,-2.10585767426934,-0.855154684373387,-0.821442294762703,-0.634417293012991,-0.518044703112253,-0.443850695246872,-0.839083234173477,-0.78277937711821
0.187344013110755,0.00478113757975696,-0.242760243071327,-0.355080862132271,-0.811959847991849,-0.676409267010144,-1.68557077030726,-0.811354230436026,-1.66356358696005,-0.677174537608913,-1.01714878384821,-0.592356275418429,-0.448747523444474,-0.434166601073852,-0.870403048635621,-0.827741815780205
0.158926087433756,0.00583820947006505,-0.389916453028616,-0.359545563899294,-0.779850583725189,-0.738055571494498,-1.77816991778169,-0.7668696929774,-1.65654343278442,-0.601746604850509,-0.546926787413297,-0.63845280041978,-0.501265476967182,-0.423087848447074,-1.00225401965985,-0.798486602878966
0.216119835207451,0.00447403772712721,-0.46758670628899,-0.363034158439373,-0.775830130564028,-0.79370690779934,-1.40211337304082,-0.723786720760428,-1.96432450189458,-0.703026749858762,-0.606692479343844,-0.619534195975852,-0.506177617571053,-0.453681154009943,-0.753222272353374,-0.764250843013482
0.161046404368311,0.000325616148831028,-0.181456859175619,-0.375560833811434,-0.711480618016901,-0.774576463473316,-1.75919686716947,-0.786498437131817,-1.85196671882706,-0.568946570825993,-1.13305345503194,-0.575276085410573,-0.503937520920401,-0.457686429597085,-0.852402923556745,-0.930585597361781
0.214789493336372,-0.00310669328403127,-0.276536909079771,-0.379654348467827,-0.651937823790863,-0.746059457317544,-1.68812234278716,-0.76681883800768,-1.74492968164959,-0.665764412225969,-0.955914537667497,-0.595355923559913,-0.481834717441586,-0.478602212354804,-0.812396964054664,-0.773033141879385
0.163041327070584,0.00250506630597838,-0.283185116177491,-0.352096701308581,-0.68140941189534,-0.723593000392271,-1.89770449872792,-0.891554857641158,-1.67518384917852,-0.66764519191199,-0.883219946441044,-0.595997806873929,-0.500470461845532,-0.441696558593333,-0.952501747898719,-0.819342442323039
0.253946124737121,-0.00248997513839672,-0.439138099640118,-0.361133040825567,-0.680877210632958,-0.762971300501713,-1.7211492562972,-0.7342919525246,-1.88374043163848,-0.683898131454331,-1.22581609760276,-0.61708475341476,-0.504991067247987,-0.473443341452375,-0.944230736885414,-0.718670527865332
0.0745163552708284,0.00578728759229476,-0.401559196787658,-0.380568020844675,-0.753698419972948,-0.766959143628309,-1.61055563233373,-0.87042311632579,-1.51670171550652,-0.651242425210068,-1.05948158360714,-0.601584513438536,-0.505717929034472,-0.428259844451298,-0.789547865755267,-0.727579362048351
0.198747777132257,0.00408892843361894,-0.254271808344082,-0.375205571048221,-0.740042436466585,-0.787179720118039,-1.5540693886685,-0.793922457197027,-1.5353627870807,-0.682732157501334,-0.946229981144032,-0.632226256600687,-0.45615451249829,-0.42554844123847,-0.82026739510119,-0.864387199542606
0.0747595400163742,0.0056559119310769,-0.351543323767766,-0.40186269511807,-0.702318337007615,-0.730409281991095,-1.7166170701306,-0.799606461650369,-1.7841007954142,-0.685400920794977,-0.63267520403521,-0.546302526709644,-0.507371061233412,-0.484398404080165,-0.922058751000059,-0.909269818965928
0.154913500673226,0.00172918186198338,-0.349668706768038,-0.379755566938911,-0.734738786644241,-0.774832654396388,-1.6840273375489,-0.72269362549755,-1.88122534998289,-0.568386242336492,-1.05525365888949,-0.590576435752073,-0.48502603588247,-0.43174202995437,-0.807537526312305,-0.871458062897844
0.18920635086115,-0.000815961311743911,-0.380513326376084,-0.366149630315138,-0.702201315344724,-0.794431642815405,-1.86992364946476,-0.861154097785026,-1.89847062844949,-0.607319347618346,-0.590711102463789,-0.590092764734615,-0.514453983114285,-0.424256651648778,-0.773878856982747,-0.793122733154014
0.265078785872261,0.00108487682973696,-0.287788161399578,-0.360312928769183,-0.639194770499752,-0.778592808480062,-1.72947048745023,-0.859729183062694,-1.90778649045992,-0.523327617425783,-0.642656895963521,-0.624578002708735,-0.490882927603928,-0.447077047085186,-0.910696072367503,-0.781077430682268
0.0915247792616476,0.00880932674218146,-0.396802647262841,-0.365849470909829,-0.745323787986459,-0.849227735937699,-1.70935778266768,-0.869706866348816,-2.16707386104826,-0.664279610255966,-0.359152980477272,-0.627374520883083,-0.51700404985641,-0.457251827943338,-0.831040432998064,-0.860821470903955
0.241912764412949,0.00298502546231902,-0.190573749812546,-0.383830003530914,-0.743865864890669,-0.759999862248241,-1.87645480837954,-0.77193194162959,-1.69748151888922,-0.724950034557317,-0.760084198987037,-0.56374396021805,-0.507143709534689,-0.403362348112473,-0.811874841965574,-0.729564842766039
0.111804205650605,0.00727057502291908,-0.483625984777279,-0.353628379885132,-0.689189427591824,-0.766007674789452,-1.74572407739083,-0.768026100523672,-1.69756625665658,-0.642496916388052,-0.685019222337861,-0.59557745825068,-0.472122531017314,-0.400631629471591,-0.855123461309482,-0.897516574604644
0.102653818726015,0.00446773936944122,-0.236308287442104,-0.377133673185361,-0.738783967482249,-0.740076562724723,-1.68558335631505,-0.764110854522051,-1.29902915140634,-0.595931550960255,-0.98505458853565,-0.68813449189544,-0.491608385170627,-0.429573671005769,-0.873769936200377,-0.707857744694979
0.196065479412969,0.00320729120449665,-0.275476448942404,-0.363480389377314,-0.664160218331586,-0.735805893409631,-1.49234756125921,-0.723689347968805,-1.9391979895801,-0.573216709262471,-0.792346277618327,-0.523451808060724,-0.505785721113798,-0.418368822854476,-0.903793974014294,-0.861444884660744
0.137088616574247,0.00563030019960836,-0.279066113444544,-0.366848174970897,-0.679135402802436,-0.724874110753215,-1.57758648523045,-0.738349412100307,-1.57558303020821,-0.646162544908898,-0.727878323497466,-0.568734493252639,-0.493857896216763,-0.460232862273538,-0.81469196427228,-0.762672775326945
0.222227505595038,0.00389609055949958,-0.333662479246726,-0.355582404331694,-0.729739502412542,-0.754652907958754,-1.475705140112,-0.828270505774182,-1.63120496428923,-0.641126550253758,-0.927638149800889,-0.718686764938319,-0.515483793070247,-0.422647341467985,-0.848698474925315,-0.785109046127769
0.186389132986361,0.00411244112062401,-0.291971480277788,-0.370063024399591,-0.68874040039092,-0.718734892260788,-1.63619754285394,-0.83317136430043,-1.6789394630384,-0.573891886620195,-0.76630124876222,-0.637449789415154,-0.489158268397524,-0.452019454810258,-0.959101709176172,-0.768769217933875
0.165587879677509,0.00134973933570229,-0.239230741283213,-0.408255756969956,-0.645553103944878,-0.705348785494038,-1.80446027406042,-0.764795410255086,-2.11634740444611,-0.646264739739882,-0.802906688972312,-0.588644628532004,-0.50276995197069,-0.448763565883091,-0.835850106645152,-0.805024616761917
0.213079881363449,0.0014422649850177,-0.176781810832452,-0.346833354240125,-0.676307332682827,-0.748545107048189,-1.82945329836789,-0.744788998150858,-1.14628204576137,-0.680734784585142,-0.859258739857986,-0.641127377918236,-0.516156661385382,-0.421746547819825,-0.869080949405369,-0.785446491420948
0.122231144317677,0.00495540852230566,-0.346303508843803,-0.361773098663298,-0.652231094460438,-0.763637949150296,-1.61654980231015,-0.756505217096794,-1.69793691059499,-0.675232506036292,-0.778148377607524,-0.577135825876132,-0.393944049277236,-0.425454385281946,-0.920812476705678,-0.780190561632032
0.280848613869633,0.00138790799433689,-0.274785825578061,-0.389612084108712,-0.548900676637368,-0.715833634472517,-1.82933337371458,-0.78704428952495,-1.63419865162116,-0.646228444464092,-0.817786559258269,-0.604405625466547,-0.47819124201947,-0.419215541573157,-0.940468167376039,-0.664331775352907
0.196227749111834,0.00215053707052724,-0.480801667450992,-0.337923603306945,-0.658701465282214,-0.817000210770537,-1.69775069941443,-0.84816090403759,-1.53798813605286,-0.667007320138204,-0.928480045272189,-0.62280453208303,-0.51322388954379,-0.437862588679283,-0.828467233761742,-0.761955288193202
0.296928714595022,0.00251438975401403,-0.323331552115182,-0.387346662135278,-0.678198917850613,-0.747921223473118,-1.65953398659459,-0.924945904578664,-1.26232091995218,-0.749719380936875,-0.755502981015248,-0.599763843410016,-0.491445268619473,-0.454975030795482,-0.957993650060311,-0.850900075259516
0.215582020015946,0.00368483571848717,-0.392455722668143,-0.364901937007659,-0.745179480679521,-0.752292108275835,-1.77898183839045,-0.794119319479708,-2.60499482750856,-0.620945222363605,-0.862079267681801,-0.546050229204485,-0.481583413994837,-0.458766198839495,-0.810072861748275,-0.814015897098227
0.115034220576137,0.0040396780382241,-0.33101503238987,-0.367119068396484,-0.726765387469668,-0.745313538493985,-1.79049292641128,-0.761186971055184,-1.16755986194793,-0.582280183458296,-1.03155740324882,-0.581953122473456,-0.503510160772924,-0.407692102274682,-0.92123123713205,-0.761511276388458
0.180760922110744,0.00512228980824159,-0.273063736076733,-0.397156880714908,-0.769516530931894,-0.765817820345474,-1.68549439563368,-0.814611585400514,-2.38064334974188,-0.715461520297613,-0.673019344884558,-0.573021624270169,-0.510938279292754,-0.386886144585483,-0.816223789263592,-0.771435952811897
0.0837762828651613,0.0081239658385283,-0.333137248631134,-0.355484063660495,-0.770252745134057,-0.773157602977004,-1.71489839437278,-0.816068007241607,-1.99189911745808,-0.73211344948631,-0.960558464021727,-0.591530851970638,-0.490809914689301,-0.443036034539988,-0.93721538696143,-0.736463183318669
0.159584431104391,0.00142570379999462,-0.372616993367942,-0.360965221407709,-0.709766837538588,-0.714458181420901,-1.58461073523,-0.824527352873554,-2.0999368425457,-0.694221240951766,-0.99460893825365,-0.587671978101559,-0.475759735993658,-0.415211029324733,-0.865304600183466,-0.831091636840899
0.177774831632189,0.00461368316954611,-0.374173885052567,-0.394686037196671,-0.848585125927164,-0.74132501952314,-1.64983226743227,-0.767665285963177,-1.91155329860941,-0.618550680291447,-0.579528440268904,-0.645399688805754,-0.479865649852643,-0.434527843173072,-0.971672684585655,-0.801123579156945
0.261133398679129,-0.00362308282662708,-0.263905201733784,-0.39683523777974,-0.675598559221451,-0.817355497480109,-1.52134998100646,-0.735514738936526,-1.52369634663885,-0.659718886491863,-0.932344232378452,-0.643252345886661,-0.492742252776332,-0.419701999764513,-0.880073628333558,-0.82153825840288
0.132840590428885,0.00679474724110019,-0.422033698543352,-0.391730217071302,-0.872817972723665,-0.761120813081337,-1.88027318712739,-0.790238705954711,-2.16355771484068,-0.569101081095982,-0.914188059239935,-0.571129383320049,-0.49398718512814,-0.399238213610074,-0.778372918129538,-0.736438255013229
0.2061520019245,0.00717272256851454,-0.280296450626468,-0.36283242004723,-0.675167975019427,-0.707180981842353,-1.55999476794991,-0.762801383877477,-1.52092764036466,-0.740564586780013,-1.0378513436112,-0.622275440953394,-0.49399202991929,-0.410894950559979,-0.90911340295609,-0.929744152361704
0.247766059113487,-0.000652246874056938,-0.39633882960967,-0.352543823434764,-0.729508207649718,-0.815427312880104,-1.533195660574,-0.917715764772235,-2.01315371714941,-0.685723057274533,-1.21343490452915,-0.493162306702962,-0.475168585217446,-0.439959857124689,-0.8278733071314,-0.816862861285152
0.200613628934033,0.00319705464889118,-0.377692059966354,-0.400981658135201,-0.713360407661152,-0.714161103186379,-1.64751603950401,-0.751650774584748,-1.66889872916035,-0.639376589902963,-0.936143647896325,-0.566061669644062,-0.462106489362001,-0.467069817150077,-0.792599498585436,-0.835757991628336
0.110965598636227,0.00701567842565789,-0.293255424936345,-0.418567675851778,-0.72437874032209,-0.812790932815039,-1.56714205703288,-0.830408675220233,-1.77055566251337,-0.66888390971615,-0.854004998165002,-0.529507972860801,-0.5022908273129,-0.406021068154508,-0.869638912278649,-0.898271628747756
0.201688206131648,0.00425423170469538,-0.320318509058209,-0.376055937584529,-0.774893544645002,-0.685186290282693,-1.54510231882301,-0.804630606810744,-1.43141898678873,-0.595929588452986,-0.659626706401022,-0.543319302514052,-0.508291852126349,-0.47862806220802,-0.937779386919991,-0.77994018999847
0.0636445618324498,0.00333297973377941,-0.426024046006011,-0.36589043214329,-0.704659931964126,-0.719158461485379,-1.75568457088634,-0.766959471083574,-1.17196777328567,-0.571691628969553,-0.746970260071169,-0.55137629415122,-0.498990531543158,-0.458687098258927,-0.968121437958295,-0.781811069952684
0.30806402893204,-0.001065679510473,-0.251266274253842,-0.396425698242157,-0.696927845436197,-0.767019657154727,-1.73076278704936,-0.832066981258236,-1.44533516035536,-0.659578974973288,-1.30640958566527,-0.573934685713429,-0.490632840437079,-0.435094046380866,-0.867783881306284,-0.691102218598759
0.148765637757904,0.00184612218247125,-0.417323592334036,-0.37237610910846,-0.750577595520281,-0.730903518655193,-1.50728612806951,-0.820714991573707,-2.2232580028776,-0.650641746081861,-0.662713836838249,-0.670195252893977,-0.533064586564157,-0.46334129311093,-0.80721217717838,-0.914520247918913
0.146261252004159,0.00616352798598943,-0.279447674045291,-0.391248989265181,-0.723127976796119,-0.774216502227868,-1.61680107941585,-0.776954763010686,-1.17260401198117,-0.549597130895527,-0.784895124993008,-0.550489865189612,-0.478665992734159,-0.405907004937829,-0.871825386729139,-0.892655897407203
0.209963908895832,0.00155396059012807,-0.297352168227789,-0.369094905028749,-0.689963274454286,-0.795163095251469,-1.61482261948887,-0.785858449286727,-1.88665083663554,-0.644475384168658,-0.9970263573658,-0.696554016280306,-0.493672364063472,-0.42660491663728,-0.944235807381167,-0.779433219164282
0.167674656744153,0.00581588605210252,-0.32588656831436,-0.371530267012539,-0.757557055482629,-0.730408140350309,-1.62835755486524,-0.759742633140078,-1.39388005248699,-0.586639851112215,-0.957817824046101,-0.657414225308539,-0.441417437416567,-0.435524196723786,-0.8709296190315,-0.827399083025029
0.229046518077972,0.0056495776648716,-0.43664817662614,-0.404570225623534,-0.744115263846063,-0.759476473373258,-1.76319519778122,-0.831341075239321,-2.04067789466384,-0.67063285365961,-0.711460875682455,-0.556161343213978,-0.533248472985388,-0.444395320373128,-0.858850795285415,-0.899220714360549
0.145324766290697,0.00407961945202133,-0.35261225559818,-0.378503047475883,-0.745438513428622,-0.786492173661107,-1.69157362144279,-0.802139088214425,-2.07126735378161,-0.651954118297962,-0.851894988216223,-0.521316826803718,-0.477640749308053,-0.410746982497107,-0.853026793226171,-0.739540666547522
0.242267635014061,0.00335871983017494,-0.250890030655497,-0.35105249377941,-0.787840920926048,-0.763021701854546,-1.40767047113283,-0.799818961715268,-1.54949830826303,-0.717669846509585,-0.939790463487122,-0.561243316272361,-0.484300812389949,-0.410829352187555,-0.89702942300301,-0.850399011241552
0.176470177625894,0.0104711746702808,-0.379849796518975,-0.395999892332929,-0.741024344048668,-0.768516073751928,-1.54435938747964,-0.800185473642301,-1.65511253409071,-0.563895379570812,-0.885060699141186,-0.595181399668661,-0.47598520146434,-0.437063859964207,-0.773527939632014,-0.888074340405546
0.13362048662099,0.00354357166095752,-0.28362085732711,-0.3770953319958,-0.722785631255987,-0.812669621644945,-1.95194730557691,-0.813409400156386,-1.81856385907651,-0.694993476730684,-0.927450722737594,-0.70645648399542,-0.453397677441401,-0.456267608504689,-0.804432775838993,-0.775278383200701
0.218674951358762,0.00308781213463872,-0.291109495991209,-0.36911193164644,-0.77054074412614,-0.766654416291778,-1.64217991985689,-0.757973725169374,-1.73004407578335,-0.753522107328627,-0.978685100027248,-0.598121736076867,-0.480122940008725,-0.419012552077892,-0.848621198433123,-0.850583886359199
0.130499113488174,0.00353944163908297,-0.36771586391887,-0.372497100297425,-0.803173388766642,-0.748748022832293,-1.64287211642577,-0.8114711623749,-1.64054088873535,-0.733603759976877,-0.919168423173567,-0.585117178512709,-0.474667132477966,-0.443272493992095,-0.832299869613797,-0.848840729339604
0.22792070278532,0.00139783529548246,-0.322560409791706,-0.36584479502719,-0.781169624199751,-0.745605182375603,-1.71605971175746,-0.811030597624474,-1.96364002347654,-0.654736101424323,-0.923226663918186,-0.630935264731316,-0.5481693707604,-0.415683689783835,-0.89169254386689,-0.934466663113776
0.238752494001369,0.00110407681996653,-0.334681246162058,-0.377302094403674,-0.732155082815673,-0.785934167168617,-1.61020129190489,-0.837529981971533,-1.5738081382781,-0.669453329536764,-0.798395854034699,-0.565197674910956,-0.487355200589514,-0.452430827740198,-0.782740906329161,-0.908725423454281
0.176856955559913,0.00179001415420337,-0.3374514324302,-0.3803437796102,-0.722079731479511,-0.795522980472588,-1.72708682753552,-0.807001249977566,-1.23313862429145,-0.715805316679668,-0.893340185567922,-0.579870728844468,-0.453421475082488,-0.436589869708391,-0.910933528994575,-0.686493290527711
0.216669942299442,0.0044003890123267,-0.15350969529734,-0.389432213206683,-0.742659093789018,-0.711250738740208,-1.67376415966232,-0.780908224768772,-1.82156940889966,-0.601848140612448,-0.757088734303099,-0.667422482023705,-0.494835289908614,-0.408492994882833,-0.91897670664941,-0.859224479524584
0.154233556539931,0.00507973732863464,-0.255664528990933,-0.375565535313363,-0.804039283770369,-0.782195202178119,-1.73330373486986,-0.794646430196266,-1.704496517135,-0.738951234031872,-0.882807382726253,-0.630715572175805,-0.527039604253399,-0.417737081294558,-0.905763533329803,-0.763399116032784
0.102704423613996,0.00683360424632701,-0.403117387725595,-0.354823812378913,-0.764274897240862,-0.731511306045496,-1.6670862195164,-0.733528211680246,-1.80671582539463,-0.656601386341122,-0.986191021077443,-0.526825032033667,-0.446900024022445,-0.413746839380633,-0.79690739135621,-0.909262265962642
0.147456506059188,0.00524211162942743,-0.474001069228272,-0.356861945136503,-0.734991818084333,-0.757212138844698,-1.63230813322963,-0.780626181182085,-2.46211961235058,-0.716062485820574,-1.1280891045858,-0.469010822708484,-0.491300074271033,-0.444262336626588,-0.827642270164608,-0.957347751523798
0.290398584615359,0.00366787370952809,-0.384399047574789,-0.371303498703218,-0.877649671712121,-0.738268931641016,-1.70906135115227,-0.863685410417845,-1.93134284319801,-0.730296914340692,-1.11945778171891,-0.567001597076682,-0.510972711006655,-0.417142899843681,-0.854582780553505,-0.788474536131514
0.123286086273961,0.00296564470885041,-0.372061999486989,-0.372007046383765,-0.709024323133997,-0.742215034828293,-1.79727850585116,-0.825374093549854,-1.91493369399585,-0.58483424309598,-1.08085145326272,-0.622650311642845,-0.467027107721756,-0.449971579087692,-0.829618263011051,-0.883755265940467
0.199609328245304,0.000461376519762647,-0.262589908068117,-0.344099335118524,-0.785014742463363,-0.756175404884026,-1.56844009909946,-0.765909640292818,-1.59305249603781,-0.577539658156773,-0.835743009076868,-0.612568785105788,-0.513339238954758,-0.469064978505534,-0.920116900344013,-0.801354031860104
0.159920893254748,0.0046385910152567,-0.220830496069744,-0.378399827285047,-0.664030446885904,-0.728107633344514,-1.45239625664365,-0.781677136245562,-1.78381380468438,-0.641017740620607,-0.954288909124481,-0.588172798050995,-0.48862999217795,-0.440709288267907,-0.785964070244219,-0.840570430392144
0.195974712625395,0.00283343346727206,-0.303037064334441,-0.397009355362282,-0.642983275757719,-0.747997085868996,-1.61104582340863,-0.786710906254872,-1.43925148080614,-0.540414055566115,-0.810018160974765,-0.660353542570412,-0.507428328346243,-0.40126634714739,-0.803691434792921,-0.878232174421098
0.18275302129853,0.00511266406276999,-0.395030589177372,-0.39346173761228,-0.751338197814876,-0.776443636691269,-1.72920973352845,-0.757876001462438,-1.80654326490292,-0.637697651469934,-1.02199081551071,-0.632464143827773,-0.503631597343313,-0.436540560089975,-0.835192390396396,-0.888828395729126
0.172883149997023,0.00355241930612254,-0.339300051518206,-0.337966268917014,-0.70179415691299,-0.786131408410061,-1.58213110239566,-0.840441699648364,-2.42647314199754,-0.536897037415235,-0.996628247290696,-0.516808268660563,-0.498092079769513,-0.470843137127194,-0.949571834514989,-0.791397971647356
0.127722184052017,0.00174591066611531,-0.197186478099273,-0.351940089235289,-0.648555407273443,-0.704966517417268,-1.53307775281559,-0.782893112622379,-2.00077055960691,-0.573874309696445,-0.875423213431932,-0.656530785511297,-0.501986266061207,-0.411341759407209,-0.817242206959559,-0.813171430930909
0.199116560265282,0.0025467588611843,-0.440577792052963,-0.340306868558299,-0.807906713223414,-0.783014836838363,-1.64796228468264,-0.837333730697798,-1.19425842970751,-0.548171274540561,-0.80157785948542,-0.553019111627005,-0.501821937392637,-0.416862717508432,-0.8752108826321,-0.678098360767162
0.209989756556749,0.00544687415786752,-0.475327470942195,-0.389981399206835,-0.687984995643244,-0.780029068337423,-1.59490572974367,-0.816225520583779,-1.88743044454624,-0.635513872050413,-0.755411570939052,-0.631210859169904,-0.492147123655345,-0.397291283722087,-0.824574581791019,-0.837020410188828
0.155204278001726,0.00224554148746898,-0.483312099151282,-0.380903101593496,-0.725779922812865,-0.757113040713811,-1.77261516824925,-0.782096791617887,-2.16923238091997,-0.686556932171832,-0.981682357437854,-0.673484186332452,-0.484863606991406,-0.436854862985867,-0.858666697383957,-0.839649965795326
0.167487419114902,-0.00103737565835167,-0.373843520313154,-0.370206589953283,-0.689034804439396,-0.79058454219449,-1.71430876464904,-0.789700155317204,-1.86728370969463,-0.732822364048698,-0.947538390395562,-0.574656329609823,-0.471313342697034,-0.388726294684549,-0.886604735066997,-0.787106964808541
0.0937702593309084,0.0086872327568044,-0.34996244635346,-0.373342301684975,-0.743246192855428,-0.715764518214768,-1.66632211424848,-0.882028884067215,-1.74289360854481,-0.807367871594454,-0.739587559408775,-0.539207384136001,-0.477825584851768,-0.431037765879966,-0.877105088995068,-0.795080751214876
0.163001089168493,-0.00206430703616408,-0.209781676562129,-0.39910654808997,-0.66782328884491,-0.766864896219997,-1.91604257528873,-0.816406729024816,-2.10622275125199,-0.580995030441025,-0.868001016871048,-0.509778020507825,-0.519944264424117,-0.436571402439924,-0.843281613510941,-0.695232778867076
0.179785701462692,0.00528347618380385,-0.389571915191003,-0.35194407729035,-0.733277944026753,-0.747269315816936,-1.85109622384469,-0.71755623227998,-2.15058144520938,-0.597177924643247,-0.873877647964607,-0.517257093373078,-0.453674916918159,-0.434212933108116,-1.04665276971596,-0.928585843275056
0.196254485703527,0.0016202991329667,-0.38278825261604,-0.387418403791399,-0.704294336380385,-0.750484535837253,-1.65227972914548,-0.825727350883232,-1.99256239486038,-0.520283914978332,-1.10735154343966,-0.625632295162737,-0.47153810206854,-0.447819554248998,-0.839014339310633,-0.787664918011393
0.0907205200349585,0.00616076654051331,-0.365443962196551,-0.374569498860716,-0.714150048585656,-0.757317386684475,-1.67905514553273,-0.795142540266197,-1.8218507734326,-0.544177249962416,-0.845564777267781,-0.593606881690737,-0.492138781221852,-0.41286578193957,-0.868358984286934,-0.880796095938382
0.198114763483895,0.00489201522230076,-0.398001479273983,-0.36418431371347,-0.618948730052237,-0.721555354347818,-1.65249901828381,-0.818038362948228,-1.78503941675753,-0.796785359436536,-0.947047115126939,-0.577738226640839,-0.475935782679157,-0.419669246066883,-0.7881213402945,-0.90046763169938
0.211940423107923,0.00520744063146784,-0.253889879732986,-0.367441088786205,-0.697574220425093,-0.744592347221964,-1.67812642057829,-0.859785312577636,-1.51426411652546,-0.654264276740712,-1.0345916821933,-0.65672740877305,-0.47107225559129,-0.421060536174225,-0.823195514220329,-0.919846450606877
0.189477239236974,0.00748142951693222,-0.3993236507697,-0.381875851513932,-0.640193480706935,-0.694914714444017,-1.49770603356491,-0.797593705979297,-1.91604163346745,-0.68855184006656,-0.981118329755421,-0.664791435950544,-0.469941804495239,-0.434233416447427,-0.92146392847401,-0.834998194850772
0.183374443173202,0.00394989435558668,-0.173165141527637,-0.347617535913818,-0.75654839000282,-0.756408090769593,-1.58800380099577,-0.815863893699,-2.03552105301951,-0.755739606741612,-0.929910948091359,-0.523944315559165,-0.515499151091465,-0.469778868159419,-0.82161216331207,-0.875284302103576
0.196034506983133,0.00550963895194517,-0.361710262329235,-0.356829599334352,-0.605211547701152,-0.758294796645855,-1.91841316230938,-0.786934780122837,-1.81787208738261,-0.554840552249041,-0.969146364666389,-0.535428282488523,-0.501202836638983,-0.433037586009375,-1.0349000760648,-0.818511578073432
0.195352932777831,0.000392143141079136,-0.394079627148111,-0.397425584074662,-0.703862702650627,-0.752250033899822,-1.74248751543228,-0.770052854083197,-1.93129422151519,-0.682775480655637,-0.996157527720435,-0.625844722617313,-0.468013423201786,-0.396144662245986,-0.832663972074551,-0.783746962531209
0.242864778009464,0.000602454247788885,-0.422508215973586,-0.372634998229206,-0.709573519742853,-0.79924628437129,-1.78165701323589,-0.802379416929997,-2.07806770271161,-0.588058625660667,-0.714452938705629,-0.553509143961387,-0.548505417922363,-0.469693555079552,-0.856952296822672,-0.813083082041528
0.139054808056777,0.00220476593661688,-0.395836102007116,-0.395974811459636,-0.815042252276268,-0.720619625607966,-1.72990849503428,-0.760282682895484,-1.60847137409425,-0.636255923182955,-0.976660597171316,-0.594363206646245,-0.478146631781347,-0.444128375119013,-0.831656566003229,-0.8720114588365
0.222826480293265,-0.00196732504931903,-0.293928497255485,-0.404393760169686,-0.665736580336256,-0.7564714152134,-1.7444334630922,-0.732784585216908,-2.16221850423848,-0.685082782075876,-0.644132849687135,-0.594337807586859,-0.453769803694183,-0.456579836262926,-0.858348772294745,-0.813292248933034
0.23754820939277,0.00216694276152468,-0.381307537565471,-0.397619480561448,-0.723049620989912,-0.759837191533945,-1.64554156529062,-0.816448147116417,-2.14068791091686,-0.666351470086475,-0.930787530304958,-0.569836522453784,-0.497960229041181,-0.406372696824643,-0.820099269142939,-0.797854301237316
0.0615084791884686,0.00669691469788464,-0.249230117372082,-0.347948645392752,-0.735185517155523,-0.787040340591399,-1.44075005581045,-0.749985302732684,-1.3403828184481,-0.682132299065983,-0.929226409116376,-0.607870175112786,-0.48883646238109,-0.442563734904968,-0.829030124748969,-0.799583789800542
0.202986743328069,0.00686628626243745,-0.205176457752033,-0.354278765915346,-0.824000816254426,-0.745828860771675,-1.716454227922,-0.791735781710149,-1.95760090521308,-0.640132094085491,-0.795215846527186,-0.604965057820259,-0.473293179386551,-0.434703498291677,-0.876008969037552,-0.914059536770167
0.244244473512092,0.00543891583689145,-0.233095443461831,-0.382997487297925,-0.783242307994294,-0.781342619296674,-1.66614112841525,-0.833070626910268,-1.67489378566234,-0.553317705278164,-1.00382998570037,-0.57240843805798,-0.507669771610242,-0.440199582134778,-0.830752925866788,-0.918397832283211
0.16118735986746,0.00286127144157212,-0.28388703836236,-0.343628685863192,-0.776191570669686,-0.791711753980489,-1.67420835239515,-0.772807269971945,-1.72386923229299,-0.750189385435176,-1.15041244444214,-0.651819812398364,-0.518397356511431,-0.423398306580558,-0.898946554087607,-0.797796557093993
0.214840665869223,0.00515455247776099,-0.280478631501906,-0.367323834511977,-0.733602260797687,-0.69637164109827,-1.64688017398553,-0.819439492671875,-1.66685898776919,-0.646925747222379,-0.819101615942454,-0.599897431246505,-0.462014505343594,-0.425955858598821,-0.830591882043444,-0.877126631679235
0.24346761279554,-0.000644436242776492,-0.342631034668111,-0.349042028202043,-0.638768600223418,-0.712191166884149,-1.68738672579041,-0.753086210825548,-1.44771033385621,-0.493741677940369,-0.917020752307577,-0.537223840411178,-0.470402864397349,-0.42713832531347,-1.00275903555194,-0.875775669767857
0.193193432484873,0.000299254504728846,-0.34408235856359,-0.376457206107349,-0.725333690748602,-0.750530104069866,-1.71994963610269,-0.876848472679655,-1.8802748929836,-0.631799780675935,-0.76279206992612,-0.522725335237166,-0.490680034759437,-0.386346824511855,-0.826951644126739,-0.878382290592702
0.108867529854376,0.00249928457384814,-0.277678845561918,-0.379535518378516,-0.748861819698832,-0.767935780949499,-1.54696143445985,-0.80875001859975,-1.64419414648542,-0.68634773885396,-1.05154673941471,-0.646346137976978,-0.47385052627416,-0.429119935521162,-0.788021818603704,-0.873027345015417
0.39751546861209,-0.00308584569381188,-0.30658573488967,-0.373026364457799,-0.64501486299027,-0.745028254180057,-1.7029150494782,-0.827634352669341,-1.35299823189998,-0.747811273204262,-0.826821934706421,-0.661415181141321,-0.508416060993907,-0.471547638905584,-0.86875202775102,-0.854020509533163
0.101694337981562,0.00544548327735554,-0.288990231165361,-0.350009972657689,-0.829157953845883,-0.825357866393959,-1.55243748718581,-0.809023142312894,-1.53315652451699,-0.623768926042495,-0.715039520216162,-0.609046798477482,-0.470659276336312,-0.429056627821476,-0.88690382640081,-0.892675603023418
0.182656424928935,0.00895805376801185,-0.165166165777438,-0.379363701671413,-0.728893156149378,-0.690025900203346,-1.54754883729361,-0.804861993594292,-2.12444864798795,-0.67595547949987,-0.968197096822388,-0.662730221668342,-0.482037143272663,-0.413546069967789,-0.938210400100278,-0.757303609917157
0.18917709429461,0.00525771700479115,-0.343228425469057,-0.378173513545004,-0.745882346462929,-0.757050159749518,-1.74673368188774,-0.8338539312815,-2.12487653163624,-0.501988680644299,-0.689961225659513,-0.64176380128896,-0.480148464714111,-0.412741142315604,-0.852039042997861,-0.923693735353628
0.0589818616631514,0.00523135637729415,-0.242840188038339,-0.372980990141324,-0.792244099936898,-0.780084182704792,-1.73552887128462,-0.750358168167463,-1.83940240245143,-0.77218238093102,-0.938519324367432,-0.534084947076753,-0.490466977080037,-0.438758060960856,-0.875939260077452,-0.880483097382048
0.237380037096613,0.00247756357952325,-0.208193002429857,-0.345834454370651,-0.619500573214703,-0.760293352958367,-1.60381337157185,-0.785329664059945,-1.78939229137579,-0.742593284774037,-1.06461884571593,-0.662788161084913,-0.480038518446834,-0.422188940818782,-0.805416545037243,-0.764917016951009
0.22883199114766,0.00441869854599405,-0.315187758363342,-0.390329675071882,-0.73771147944924,-0.778938808998255,-1.6323698449404,-0.807141560304214,-2.04546528491242,-0.698134564530593,-0.795158478055408,-0.615814171854227,-0.481545190151727,-0.417946561556242,-0.91387177603716,-0.919845329899425
0.118336714435658,0.00379298137845061,-0.262697653764512,-0.389068909591663,-0.730969657089532,-0.760068338266673,-1.62948158217523,-0.713442747813299,-1.8709333343808,-0.58044859092673,-1.12998625636729,-0.614565149571983,-0.496461958917744,-0.456384319732216,-0.862245458356608,-0.830311097980805
0.103850562702127,0.00454467067869197,-0.261625289378656,-0.37073470193234,-0.694071178578902,-0.766869127093358,-1.67940474429828,-0.841761721143718,-1.95092160608403,-0.546532594122151,-1.12587311477642,-0.597371470868321,-0.469276296263758,-0.450369427669871,-0.881943875959402,-0.83322145996537
0.166046788515349,0.00402109068167714,-0.288262602926394,-0.414484731708338,-0.842687489991795,-0.765961750840861,-1.55891550035789,-0.832863214119287,-1.61627639162106,-0.610063894020915,-1.05425149280326,-0.543116082184955,-0.505210754314043,-0.457407333897628,-0.857628944527042,-0.729413906939207
0.0570155380415637,0.0065901683654616,-0.435155088305512,-0.397340588592211,-0.692276586892838,-0.697349324354198,-1.66706476606053,-0.771689537269703,-2.04256306413176,-0.73798305257207,-0.96194859550161,-0.572813812743793,-0.517220108065392,-0.416300296288847,-0.903838687232984,-0.767761174579351
0.190598776615958,0.00770028799213942,-0.443761286639291,-0.353798949292344,-0.740177293641969,-0.747578589761043,-1.75257560176396,-0.840598222925779,-1.60560183942897,-0.591617585453367,-0.907263497423762,-0.688200712038115,-0.463006770640585,-0.423802143265029,-0.850619605633205,-0.88337699715981
0.131720345244845,0.00616768664701785,-0.302947665544669,-0.350652671447315,-0.752879904969301,-0.761881040817624,-1.73566879816685,-0.832410021145532,-1.36709542291653,-0.622322010590109,-0.918598916339261,-0.539850716294116,-0.473567571127649,-0.413449281905491,-0.836119737740576,-0.839475985612915
0.183227735611616,0.00284370910675356,-0.298998748089485,-0.346664484950899,-0.626117899045398,-0.773679847118944,-1.72247773098511,-0.747606024085163,-1.62694454283586,-0.526045292799641,-0.963999106011414,-0.601268967658128,-0.508408571315961,-0.411593693873339,-0.835442657157139,-0.815025437318503
0.088318452580056,0.00306620823058804,-0.422631882466269,-0.370315369406842,-0.638341999587917,-0.798017283517663,-1.8860826548387,-0.897891521285243,-1.56039403809514,-0.746059940263164,-1.01618517470673,-0.660023740861116,-0.499897252316252,-0.404130860788698,-0.937305603344792,-0.818580668874159
0.126534147157789,0.0032093973100291,-0.460581387983652,-0.384730048887677,-0.728368386654757,-0.747208182262642,-1.82512609528386,-0.863138990855969,-1.80577109338005,-0.554139192932324,-1.05227731971286,-0.620864021836855,-0.495708595504178,-0.425614029030656,-0.937590814145582,-0.788478801095008
0.234196622369353,-0.00114559932541346,-0.280747475883538,-0.341368792211294,-0.658636098828956,-0.77885781199035,-1.80667247862478,-0.769399425076405,-1.69956439296619,-0.779894499310876,-0.89745624420377,-0.576030506339787,-0.512507679229194,-0.469806154692856,-0.884129652007695,-0.87492657005145
0.148023337578028,0.00838637258813296,-0.360823399319318,-0.368326336076676,-0.739366556244687,-0.760233604702621,-1.64667017312424,-0.790554779990755,-1.94836811778494,-0.677758514905082,-1.11905083465566,-0.582725074412717,-0.480993772565271,-0.412671795548207,-0.733934075658368,-0.846258512524562
0.263427842336866,0.00236544612017441,-0.400496685413498,-0.342876398897211,-0.655062113909865,-0.701396477776082,-1.64255104204908,-0.73433151550682,-1.63343002044358,-0.614153025451742,-1.06489384189033,-0.624387838148305,-0.504018194818352,-0.400895390148317,-0.944190685017112,-0.912428896394664
0.0327327321192642,0.00731017669564563,-0.329445381702292,-0.349022525209762,-0.685717067218356,-0.738526767235794,-1.70237591046052,-0.824358077775457,-1.7330277654525,-0.662842859596955,-1.08515989343966,-0.595723595810869,-0.467076200647476,-0.436123064405063,-0.82384687512135,-0.770701248344837
0.282699725197845,0.00140100052943254,-0.322880413237128,-0.387269654465342,-0.635977165787255,-0.800064923037187,-1.7472725959923,-0.778373844223746,-1.4190223449383,-0.676631632814621,-1.27982102791679,-0.540731423670896,-0.462557642745602,-0.41708992602164,-0.960041364626098,-0.882110494755028
0.148728605044289,0.00355699622975411,-0.178403868599717,-0.361365657691363,-0.660183036708519,-0.756527909676848,-1.69317830922366,-0.867480664174966,-1.89634025734993,-0.569018800130037,-0.937701320734945,-0.56140370477942,-0.524190025351782,-0.45480658305019,-0.913959598448372,-0.780145365889001
0.236451365809629,0.00317456993356304,-0.226350968833307,-0.328277351603293,-0.937364464179141,-0.734500396727922,-1.71819021975142,-0.756914796248772,-1.7147733661551,-0.716666553973281,-0.929403060523799,-0.609713818332827,-0.487425421299713,-0.417848299319139,-0.984572732893036,-0.87829105678842
0.20525700714637,0.00622505541513506,-0.284057447567843,-0.37236353384215,-0.710613254225139,-0.77743290558859,-1.81469468182916,-0.823254815016621,-2.04470104533826,-0.74804094926621,-0.651312152006121,-0.618833689054776,-0.442778527952561,-0.456535838087669,-0.91248320263237,-0.902047814722096
0.28145614508052,0.00522062785056266,-0.143344599123115,-0.329059420364333,-0.816389631966452,-0.802581560746474,-1.70057322137506,-0.801753274916324,-1.73254086539671,-0.619381896014694,-0.965580773635496,-0.633369910922214,-0.502328781913406,-0.446372914763483,-0.842037346288948,-0.834218288795155
0.207659233291689,0.000390177864254032,-0.476729625859361,-0.357724973157011,-0.756775152461155,-0.814541237836874,-1.58178086390949,-0.83543466504466,-1.7173588151905,-0.760411533804151,-0.917836127583641,-0.480237017093332,-0.519439652799989,-0.43153586363007,-0.765268250794929,-0.838856612349996
0.243480837191035,0.0029373935833643,-0.286761721457275,-0.363085407692356,-0.721560039613694,-0.715235900657426,-1.73611657578004,-0.752215181579259,-1.88322651264077,-0.706162438184682,-0.854911024721373,-0.568166789400108,-0.502060714411264,-0.433357930442702,-0.883964326279523,-0.939913974093885
0.218141823168683,0.000273292969268922,-0.267778316942094,-0.386872217892738,-0.684571588375009,-0.7124682200353,-1.56326514852627,-0.758196073882772,-1.93649590620382,-0.543598247624343,-1.10021624305044,-0.585107541200149,-0.474654094206928,-0.456060219535691,-0.925129331301748,-0.883916890148498
0.246786877976003,5.76489084608963e-05,-0.265479270420029,-0.360488931470935,-0.719455456363294,-0.748800895596256,-1.69486101684494,-0.855331846122886,-1.9532822728237,-0.651719263422451,-1.11696210741363,-0.576054229532856,-0.473695978568015,-0.433279347483039,-0.899914563273661,-0.777244008922329
0.224571058562012,-0.00168733408049622,-0.427297111680656,-0.348340590883336,-0.589539778125229,-0.762035152898182,-1.70593471997126,-0.90351003817379,-1.6277353346711,-0.656971418887818,-0.807890425875728,-0.725931497871928,-0.474119426130657,-0.406057328543635,-0.822002122750468,-0.724668380165272
0.188631636149737,-0.00149104136019593,-0.169194596859205,-0.364009019011237,-0.74276266112325,-0.796922236843681,-1.57240414343306,-0.860073246378033,-1.84155796634187,-0.640665547564397,-1.02008616475223,-0.487858932573106,-0.496676379171563,-0.445489383178592,-0.944662725715375,-0.884418313737164
0.216530173028971,0.00212377202483929,-0.457078650417585,-0.381843731995859,-0.711631701476197,-0.755638772781552,-1.70579907302829,-0.741213687487358,-1.49415468586011,-0.663836153117989,-1.05751690488769,-0.586610282177518,-0.515383392043756,-0.429035603926701,-0.801922643855124,-0.784361041949351
0.0901630866740785,0.00610407902367585,-0.310241966453384,-0.372064140202128,-0.734572209636284,-0.76479717951469,-1.95646667073406,-0.709300864452647,-1.38952675032017,-0.666037269869619,-1.01866972260973,-0.642905274602644,-0.493624567896534,-0.449186456700758,-0.841434948895006,-0.863233928521773
0.184350005617082,0.00197037114491926,-0.353415375150419,-0.392129299979822,-0.691157432037389,-0.780075845420192,-1.78759513497067,-0.730914571084303,-1.64702240314082,-0.627796554790778,-0.823214461917892,-0.500687776967539,-0.521191793409,-0.442493706579451,-0.814552000299973,-0.874511029280413
0.122862544380994,0.00486057662736471,-0.451260211806649,-0.351282269401064,-0.683393460834429,-0.764529521915023,-1.54335740219709,-0.871846627383429,-1.77544929072888,-0.588304034589076,-1.2305156429374,-0.67650770917872,-0.511857828995383,-0.418543102564377,-0.893422639078759,-0.851942236750532
0.152220815548914,0.00514810371505628,-0.39016895236146,-0.364855178527231,-0.710566312301025,-0.748010191047743,-1.56182013364083,-0.798807058003325,-1.69512456778244,-0.534900051243783,-0.944985312885215,-0.662977830195023,-0.49677535682362,-0.44598215767316,-0.94911086673767,-0.813984061668916
0.313538877634653,0.00522464086110972,-0.34944379294736,-0.365319758640352,-0.784270759878996,-0.723271686790379,-1.67679633490577,-0.857280833937325,-1.67517976009387,-0.570446736653083,-1.06182523696386,-0.58640871643977,-0.477624894247475,-0.40344658436391,-0.781426601201423,-0.865374039379721
0.201397540602922,0.00542551283513395,-0.272037449157717,-0.387102700215834,-0.716304236402033,-0.734214293946845,-1.72382962847402,-0.782216995377564,-1.85465525964158,-0.666042063610446,-1.08388402752761,-0.635463753878979,-0.494067326145277,-0.434185051454257,-0.828405174639481,-0.840956075836548
0.189864804438762,0.00203934682639954,-0.283606379093465,-0.392344985445694,-0.803818287894329,-0.691864914698222,-1.81689883969895,-0.806903738883148,-1.51133039766538,-0.754678074132262,-1.18103130184675,-0.611162386312067,-0.49575439496305,-0.394947899733749,-0.907571791594056,-0.865221344156393
0.309392869698418,-0.00176053116312017,-0.335733947884197,-0.395708261027665,-0.671826437991952,-0.805896670654292,-1.66872973916155,-0.774077805363706,-1.49040230987831,-0.617071743714201,-1.06840263139527,-0.629917287981039,-0.459540460404438,-0.456633354304891,-0.883760724242409,-0.796414065060171
0.0606853661997842,0.00336002418032973,-0.385005068882442,-0.359043647295837,-0.788301511292321,-0.717268732887611,-1.7164844449224,-0.975380587585388,-1.99922110822048,-0.548926171544416,-0.805122883362014,-0.647315499879122,-0.531340282721464,-0.42199977647189,-0.906440689505231,-0.776045016674659
0.177727600345076,0.00203803313970161,-0.461760078264979,-0.345941332803995,-0.658862880841881,-0.784099737690677,-1.65942871687601,-0.806225961920532,-1.90436123106705,-0.619293819601538,-1.0463211121916,-0.613997695391944,-0.518103656452507,-0.407844598706569,-0.805910844976918,-0.922195796125436
0.226553657138775,0.00313088556113659,-0.432668911846974,-0.371102859767,-0.663194335680629,-0.783362374785033,-1.65356644845864,-0.851167892313079,-2.12927488319611,-0.548238885537405,-1.00131540424352,-0.557154444636915,-0.449841102018056,-0.437552919374307,-0.864360462212208,-0.796828566685936
0.298439190378769,0.000813126216667078,-0.234735960498794,-0.380060111377635,-0.682663138056602,-0.73305960469478,-1.58034138288742,-0.840675389238253,-1.51964836400936,-0.703501506044848,-0.580995394155323,-0.56943821526046,-0.483014631765658,-0.411527765520653,-0.907352174190841,-0.737772864905315
0.152117706899481,0.0035456269474494,-0.244840823477408,-0.376984249163904,-0.731884987079859,-0.751059631102052,-1.6988950795922,-0.864044380170231,-1.71406346016476,-0.598689795348597,-0.952409825401936,-0.627574458651245,-0.440576533013408,-0.41372456473906,-0.855751059657432,-0.826234838607542
0.259897520216121,0.00445738219793494,-0.319617274590868,-0.334666352372455,-0.815615561984364,-0.721290060612165,-1.72019431969114,-0.794148824655374,-1.89235975111731,-0.66758230444683,-1.36682498508422,-0.698855435818095,-0.505816003575014,-0.424734522263786,-0.8927559258839,-0.89972463485971
0.0973219849994336,0.00766958734719184,-0.347677354744901,-0.353780027672089,-0.756979983983097,-0.736056524614712,-1.73374159931789,-0.785484072520668,-1.64799704240326,-0.721124812447159,-0.714272484782771,-0.543658624306909,-0.491666988011563,-0.476006529279559,-0.877489680827097,-0.897591998043256
0.273172453572406,0.00444152468853312,-0.256919819883211,-0.343922858387247,-0.817485366168736,-0.822132400327993,-1.76016147280402,-0.773213414021688,-1.73667201652095,-0.57331738416093,-0.762033330376476,-0.638048606747769,-0.497698953454273,-0.402365107481635,-0.814258872981458,-0.965322689444037
0.203456696326875,0.0073936380368004,-0.245183635511675,-0.378239489898961,-0.687753214606474,-0.766233093360047,-1.77306917879464,-0.845400549405803,-1.22978660656971,-0.69225011735027,-0.730874242694386,-0.602127199544127,-0.478166183878757,-0.418691782243981,-0.825070045174396,-0.814271880242679
0.166403852033621,0.00811312458511193,-0.409710422105136,-0.384228705117529,-0.751662080334152,-0.769697813895194,-1.7702877657459,-0.782393249785894,-2.01250337491924,-0.686351570551954,-1.09737431150725,-0.6261018543899,-0.502469317246925,-0.377405415033256,-0.841739827015485,-0.880938353559339
0.151647079586737,0.00380319536717832,-0.244189586912678,-0.402776288661139,-0.796548753988938,-0.837843284539134,-1.73729919540552,-0.850666675638989,-1.46282146093414,-0.608362354307761,-0.920436573934095,-0.648458120251663,-0.480106252785343,-0.418237566068107,-0.910415397636745,-0.89012506343163
0.283499458494194,0.00292869850663754,-0.370527775356403,-0.35997790385192,-0.720345482928251,-0.716458455014862,-1.76194283803668,-0.732270388514918,-1.40801489867644,-0.624459618495012,-0.997575395125203,-0.522885248267947,-0.48960286669862,-0.397957915480568,-0.794221077988563,-0.812690343179226
0.286902335344025,0.00177694891466914,-0.300054473272239,-0.34663768071486,-0.725843897246432,-0.764618350008508,-1.71236472064903,-0.863614875103463,-1.72179797873568,-0.880294406510814,-0.716109013709029,-0.575623904316005,-0.535064164934335,-0.431238008306526,-0.89222513983884,-0.816622546186585
0.23040670692922,0.00500149995445538,-0.174209563000518,-0.36730112079699,-0.68341514793862,-0.756959623209267,-1.61630647318771,-0.806336103704667,-1.3417752505526,-0.692951590670241,-0.812548462809171,-0.647010693125167,-0.469928601420242,-0.434242181119091,-0.916283541058177,-0.881509210501049
0.121873275693401,0.00591416050286544,-0.197878113269733,-0.373459193387964,-0.763540243069272,-0.787141623251764,-1.91341426275717,-0.832992654166204,-1.98248003749289,-0.81483657543164,-1.34385442378699,-0.678083887025494,-0.492474737025525,-0.438656778248687,-0.89276993126245,-0.840475193889752
0.199132359494568,0.00311963601190294,-0.264815767314873,-0.375202675349742,-0.630919988554603,-0.820588340031819,-1.65303844973837,-0.88835797891627,-1.72050584429276,-0.584263585716564,-0.583226308638969,-0.601856235053479,-0.524359942294114,-0.426675880201119,-0.767975038259592,-0.763604974838854
0.161288279112535,0.00785674229706868,-0.382833843722142,-0.365436215629834,-0.817495226888017,-0.738035173800681,-1.76959535684984,-0.791717476123722,-1.12078936935265,-0.584530511089469,-0.816126792660483,-0.602484826234148,-0.492563260374518,-0.425475676643154,-0.866869241468858,-0.863916485982034
0.0476879548126948,0.00613008756149503,-0.380724795433731,-0.38617449591496,-0.765995718880731,-0.756684901567555,-1.71796138286055,-0.724174648631026,-1.87543256346184,-0.693814362360393,-0.852717036466884,-0.524880797058985,-0.496257550344817,-0.421680527518199,-0.781464520276009,-0.818417581180009
0.195875808370127,-0.00122700231174788,-0.266253750896806,-0.410746464236761,-0.693314376113786,-0.760362011758003,-1.72922113432853,-0.783977409838569,-1.93691653431186,-0.638826029799562,-0.743503990071312,-0.565429673343507,-0.546565203592878,-0.42691349232927,-0.873845030732038,-0.815371976517859
0.187295709228838,0.00641097724288052,-0.387237247012022,-0.386079231175564,-0.780553371955213,-0.774855587676947,-1.62187999185691,-0.807514038117032,-1.50839037141818,-0.616165667199884,-0.974289385962448,-0.591037709560599,-0.516842787772607,-0.449895038537465,-0.911177513828832,-0.938868136946707
0.178284256378665,0.00786618504374667,-0.296525145018618,-0.338393976761633,-0.763748458721223,-0.783206589441874,-1.68003081061122,-0.764330760014941,-1.4713724875979,-0.625418507251935,-1.09698441023551,-0.515419001176951,-0.473240674649123,-0.434786636931368,-0.853100051192407,-0.818215656312222
0.252648765999076,0.00457182598232881,-0.258413482365323,-0.36258527770156,-0.657151142188927,-0.733111154453981,-1.69568860163666,-0.832697487057438,-2.18899588545326,-0.688128931279374,-0.830224955288856,-0.484544127165228,-0.476270465461365,-0.424872303788124,-0.860803479891175,-0.883244428119766
0.192720382647581,0.00755992377112172,-0.275300741394684,-0.358994645120257,-0.692217881434215,-0.780538192456512,-1.46370941687832,-0.769167440340638,-1.99458850532295,-0.638467763750264,-1.03883879546236,-0.610285875577182,-0.484054410793092,-0.426311310802591,-0.839903193833929,-0.869842172971006
0.193670580715796,0.00233843397940908,-0.454002224076249,-0.396841066930598,-0.766490345621124,-0.785573174936282,-1.79591901602744,-0.915185921615965,-1.79409908326498,-0.702498118402171,-0.880636108774448,-0.64424893936225,-0.454473133336989,-0.4464993336686,-0.846551369547474,-0.846409501551599
0.266689076253546,0.0027795565794736,-0.217211567104813,-0.391973074914264,-0.64227079476588,-0.69153436815005,-1.77292849435779,-0.802144228507604,-2.00106190387256,-0.618714879195394,-0.737542085519067,-0.57251902819773,-0.508003694658906,-0.37933615880501,-0.830676823205227,-0.845505505539087
0.182060072473075,0.0051763602087335,-0.371204369394467,-0.351267375195533,-0.765203427327976,-0.756763522630171,-1.72732924421146,-0.749926697574772,-2.0683665339935,-0.797178509964944,-0.72516785516992,-0.650761454385303,-0.495352905802557,-0.439269002465075,-0.94997794693346,-0.852291525168609
0.286553210490774,0.000525379962798701,-0.311403580471757,-0.399305188044908,-0.763325549219518,-0.720739776313176,-1.74080985149899,-0.885977001246231,-1.46107668779784,-0.690768838992605,-0.846484841857295,-0.515741874468771,-0.449762659769793,-0.444983749119966,-0.942481191716931,-0.802013468119138
0.264062430312464,0.0022686704761388,-0.37461034722021,-0.386471896645607,-0.643901951918712,-0.791629634618844,-1.61975005436448,-0.807769874734797,-1.87602666160923,-0.660895799600872,-1.11781590564238,-0.585582823367592,-0.476474783908054,-0.400340297043071,-0.873485956320219,-0.830797260945141
0.179108704244452,0.00432547349955746,-0.298306635840236,-0.375302946766033,-0.669780973315335,-0.753272324531406,-1.91609383018897,-0.830881912248746,-1.35626681450674,-0.707090186013237,-0.720525652703123,-0.629388330059793,-0.521804671080138,-0.429196220280901,-0.831486420879164,-0.871616273102102
0.112018772655807,0.00426605803213174,-0.277420849755117,-0.360963962732091,-0.747618808910274,-0.762131498000788,-1.41065784340751,-0.710592838832889,-1.62686451264248,-0.586950714130992,-0.696081976794665,-0.624262328148972,-0.473948394434952,-0.448685682915208,-0.875341692011801,-0.757797523090334
0.364801460503511,-0.00146075569504855,-0.242297646811889,-0.373432603181491,-0.65549836930654,-0.712009100999324,-1.75971220087088,-0.767132667252636,-1.80849834373044,-0.706179219958231,-0.886666674387011,-0.695298252835635,-0.467010129388926,-0.444644365890798,-0.823035883755315,-0.802531127458689
0.193598494452031,0.00859267573289324,-0.31902005369322,-0.360298172445511,-0.838665355765734,-0.73021496083482,-1.51884585895197,-0.850580831366638,-1.98892545767115,-0.789044102961136,-0.958885042238536,-0.664529426367396,-0.480649743639143,-0.414642800804057,-0.825506574122245,-0.81297966335388
0.104370899340606,0.00826349421193226,-0.289156985651978,-0.365068745422993,-0.829279509728429,-0.767916161458997,-1.65121800321824,-0.805246526779334,-2.11510898855029,-0.689656961747039,-0.800767247192077,-0.611800864227791,-0.44804636074736,-0.409346852271035,-0.818692062396139,-0.877261361937636
0.281706756665943,0.00277617679972901,-0.25948353987534,-0.365563469089139,-0.760465749173654,-0.743965942266639,-1.54103898772637,-0.77050256541336,-2.15706794124656,-0.604285802184002,-1.02201365721742,-0.70762339119713,-0.480450361658853,-0.41748838815025,-0.846724013480113,-0.893030647650198
0.033815103163418,0.00545591209972905,-0.214849583175738,-0.388364834696496,-0.699116886464088,-0.749146689843858,-1.6875186894544,-0.734187205063092,-0.989268180678772,-0.639780387908446,-0.813590024992545,-0.635869635721977,-0.465357655023366,-0.440887485067192,-0.907393735814483,-0.757885141243619
0.259023234293638,0.00394005617789492,-0.384238205389111,-0.373743938033829,-0.748151071173091,-0.763190223679108,-1.850576200832,-0.77157913424777,-1.78867910672967,-0.665794197371538,-0.959566800847938,-0.608390284738803,-0.488744852000616,-0.413431576914614,-0.896449866659301,-0.810599343640672
0.13197477921636,0.00426907783512894,-0.169677490847883,-0.384045054220947,-0.784477509534196,-0.773119000839013,-1.71253529838129,-0.771137085259387,-2.16113058594036,-0.689047266633671,-0.796017473774753,-0.666086850988757,-0.489092379258014,-0.424483916299455,-0.891099731556801,-0.942832891412801
0.157954857336904,0.00629438003578984,-0.322254961233453,-0.346327508485021,-0.814411078785789,-0.752441602579477,-1.57920307645937,-0.797386713923005,-1.82251574692574,-0.675954747972048,-0.670134222584533,-0.518050682918517,-0.48523759646381,-0.398878974680237,-0.829763971323348,-0.83036724472771
0.306206516683898,0.00328421593317516,-0.39748034843557,-0.398097114005362,-0.713164904643698,-0.794949049351598,-1.43202467649527,-0.822100546769607,-2.11510981853138,-0.651080832065749,-1.15871441041569,-0.649649849830233,-0.478860596673329,-0.412828910138122,-0.844570579012496,-0.87936228659564
0.261883291618458,0.00507681742779764,-0.308209963015713,-0.363787507751511,-0.698945681083123,-0.709282863205489,-1.68668439815787,-0.725138606861824,-1.66410370624766,-0.491700256328202,-1.15348676601048,-0.531041510932286,-0.480708331634974,-0.445016947875566,-0.769987882373859,-0.768674455789372
0.210585354307468,0.00174378264172449,-0.433252200993809,-0.381076456299229,-0.688653288977916,-0.734904240190363,-1.69736478015543,-0.949135675506602,-1.95626594089849,-0.655022272525787,-1.03077207708149,-0.613282064565064,-0.493995615898556,-0.421294940843334,-0.96646436265384,-0.805057073131663
0.132715092622223,0.00880389440454957,-0.492103919008913,-0.337859381955381,-0.856390266526865,-0.71835647654629,-1.59795993032802,-0.71918605834406,-2.06798889144951,-0.684203306795133,-0.896649596245829,-0.638111178656276,-0.519615603289008,-0.432271637912798,-0.90085211057047,-0.835921688082009
0.190527184041587,0.00219234519042292,-0.371400053104223,-0.416623207794715,-0.649614389194814,-0.798390558878686,-1.82292089791782,-0.784141492252195,-1.9082136694477,-0.730565366733469,-0.962196897169155,-0.55074651502895,-0.482248945531297,-0.446525092095735,-0.819000674199998,-0.769964726977285
0.221263886085037,0.00187539701443863,-0.256375418892728,-0.372187342769188,-0.698397749833172,-0.672878319553388,-1.64686456774953,-0.779228262508197,-1.83306730049415,-0.61048030468146,-0.827101917432549,-0.507282423736822,-0.511020345679495,-0.438516066353539,-0.923242448470343,-0.829871900521035
0.063891407786108,0.00346097164758163,-0.287038978224406,-0.357078157491256,-0.681836900999188,-0.834600278421003,-1.87565619729611,-0.757536628726497,-2.08692103179314,-0.625939569840931,-0.912345386789361,-0.804644436830238,-0.481741285896375,-0.492892523429547,-0.862002647670954,-0.847608450574174
0.184592993898811,-0.000901331518056433,-0.223876854238848,-0.379425790428563,-0.633516544133873,-0.710314439546641,-1.76994099473256,-0.880867371768274,-1.86565686133863,-0.757465388703211,-1.00204978271857,-0.577273289117187,-0.492382126316335,-0.396655608625176,-0.877153862479925,-0.824410865412507
0.234170855546933,0.00177914722142413,-0.245660471207959,-0.352806824023503,-0.770012071925047,-0.743853200847987,-1.60857113166673,-0.794557714221567,-1.82466803199725,-0.574289516426846,-0.753419133619536,-0.527080121503773,-0.485011032483826,-0.492590242880042,-0.910415929889767,-0.929823317435052
0.109104617444825,0.00818771370938329,-0.246608193626698,-0.3510275304179,-0.878902412555817,-0.746876263239761,-1.76758750464733,-0.885521665750375,-1.74229609312455,-0.491426221265162,-1.23704957567441,-0.683691264507745,-0.471425997999865,-0.42534475807569,-0.863266286742077,-0.926496074787613
0.097395711929839,0.00791316927719848,-0.390135409583724,-0.395093896845086,-0.774846246039977,-0.725615599992856,-1.85488483815142,-0.661568299270383,-1.66937677098493,-0.673513782342739,-0.97918052750783,-0.639385266300074,-0.476650992025344,-0.440879669495196,-0.821849282063683,-0.813140671534392
0.189498027469169,0.00566683416028048,-0.27427478899368,-0.38407790834529,-0.665877184607941,-0.729718829059341,-1.76426683526416,-0.842388459072005,-1.90081335433132,-0.663445170189476,-1.2000050861551,-0.51562885422746,-0.504046263060816,-0.469708137036034,-0.748247577934355,-0.861551355820637
0.178976638865319,0.00408709947721083,-0.311251017155678,-0.388258565780593,-0.727843076127452,-0.779401010087663,-1.63380579015879,-0.886203276785555,-1.93156556016551,-0.757085715240465,-1.23528758605756,-0.610484147388337,-0.472394554490707,-0.420974658973356,-0.839388025579129,-0.808308236986357
0.262015662065457,0.00179685172544899,-0.196260131305277,-0.348434332818871,-0.69126394855052,-0.820415965146025,-1.80633476409021,-0.78545818062752,-2.04321394130768,-0.633432581652485,-0.864999645182623,-0.577834927408924,-0.485791766349846,-0.429462051681411,-0.920230800428481,-0.825987356814272
0.117491347204301,0.00507052847791914,-0.403601256124519,-0.355157028231187,-0.693412908998864,-0.733691474999046,-1.36771100579276,-0.797395277437284,-1.81456440420493,-0.671272888619388,-1.1916185151431,-0.533774910220583,-0.505984818511027,-0.431942927517862,-0.823779369557552,-0.751872194313219
0.286223404843623,0.00234553194267923,-0.256855982676967,-0.388580479526591,-0.714864954384128,-0.820912717421144,-1.69031756497406,-0.84460277343146,-1.88270307883823,-0.690269242855021,-0.968323562623423,-0.59470553713864,-0.513252477854166,-0.420041601920574,-0.863858633497964,-0.862436057200279
0.139691496753944,0.00564116798182058,-0.336532501309622,-0.354453322729028,-0.670986847503676,-0.771368079555518,-1.76358499349442,-0.822045434940879,-2.00035512772497,-0.66499091259975,-1.14393662304185,-0.663387233256244,-0.476992520913973,-0.416589443713107,-0.875148357209881,-0.944798488073284
0.227691933250244,0.00667713089696374,-0.251666002073815,-0.364809763979186,-0.741136000628933,-0.691737231580109,-1.60685864320265,-0.775367768108352,-1.93818749964594,-0.572082009466662,-1.0686904293089,-0.538102971708314,-0.461398485653046,-0.46373723561846,-0.974480040441586,-0.765945908888981
0.229751280450501,0.00610603091987918,-0.223450890735169,-0.37370702264653,-0.814923105778608,-0.678507123046782,-1.73833079229957,-0.80612010257874,-1.61167540510569,-0.72469186403534,-0.867013205586734,-0.643365922799346,-0.471993960699829,-0.442119017748653,-0.964073222130567,-0.91522139234646
0.0496365741981845,0.00920146374113645,-0.349229704437281,-0.340345968492946,-0.773592160131166,-0.73058123181815,-1.91392255506336,-0.843590887561207,-2.17944381640914,-0.582867611925304,-1.10071860726301,-0.665070511936667,-0.457034232361704,-0.458597300698184,-0.871788556301181,-0.780486028779725
0.229808434085874,0.00202053860326638,-0.335039338414003,-0.388461988159928,-0.725778131704756,-0.775768504788767,-1.64043421067378,-0.767401570745478,-1.77161385878396,-0.582634969125394,-0.711693413743425,-0.636181247639818,-0.463848290055989,-0.386405677445034,-0.940142873504003,-0.815265973712655
0.234430233931386,0.00234212501158005,-0.293593626887624,-0.376123485589773,-0.722786628818313,-0.747177797667866,-1.74010102364769,-0.785853319582641,-1.56961516119507,-0.735887875555148,-0.690358521588669,-0.645797948508031,-0.481828148813232,-0.421439202281821,-0.824936615087867,-0.80617977260345
0.0898759855234966,0.00845508519343928,-0.322733887071224,-0.356939576998588,-0.840861529154587,-0.722095987119299,-1.69150032192082,-0.879747864169657,-1.19758300292495,-0.726085265723997,-0.919884684937095,-0.413744136604007,-0.485461946246267,-0.453669848276194,-0.865676452817524,-0.778922756030205
0.162780987548615,0.00324260360602341,-0.429312683837312,-0.324059772410017,-0.642951056692336,-0.74012318087862,-1.82957675876505,-0.796492596748708,-1.93035784998116,-0.652304864821888,-0.860106979524535,-0.613578543814556,-0.468895040727322,-0.460315705134701,-0.856564702446454,-0.737005604168155
0.201473835007162,0.00399513089140249,-0.449989509046912,-0.369810700208704,-0.70538833026437,-0.775882417223405,-1.63125278824459,-0.786368511391652,-1.70926705400142,-0.622919423476122,-0.951709551947892,-0.602193247854603,-0.480319015430606,-0.394004188324745,-0.964669768503074,-0.828754674703889
0.145621054270986,0.00706769064146819,-0.346269954531267,-0.347026090130351,-0.742817803151113,-0.76569024563486,-1.59535045351583,-0.819751314509425,-1.68337609361895,-0.531942641640439,-0.745398000513029,-0.623129254165013,-0.478449477321998,-0.442814165776948,-0.814758765510343,-0.796474490616187
0.243301584686508,0.00402577448010503,-0.369896200450194,-0.359224774900186,-0.68943263446393,-0.706553253891595,-1.47423393532082,-0.771130358911489,-1.96949426789541,-0.714324210641068,-0.925395814960057,-0.585215096619739,-0.48453609162391,-0.405488033646267,-0.966029015306114,-0.95017501126701
0.227464374039554,0.00356841154224072,-0.340586409556397,-0.360505797233267,-0.671495532826333,-0.760364261566296,-1.64191327924467,-0.749277233142278,-1.93992260799667,-0.725833311427768,-0.74405258325544,-0.602821033398179,-0.467413115330848,-0.442118950474386,-0.813671713331913,-0.884468632318163
0.224873491213071,0.00230755950969609,-0.338151866874754,-0.354858291933343,-0.756646777830235,-0.755206466803233,-1.73307053427308,-0.799123967509929,-1.58349587639105,-0.535834236631558,-0.659243491397153,-0.547125113338484,-0.519593172541979,-0.442228601212999,-0.962816477533715,-0.951361114170116
0.154118043446255,-0.000767406800776856,-0.341124460490496,-0.35752031373037,-0.677215277546014,-0.780358836082966,-1.59794557084766,-0.795958519605388,-1.66237185791691,-0.61828122423298,-1.09034657941337,-0.572778965826264,-0.500103163971925,-0.415200563543487,-0.824518601642028,-0.793156815925055
0.234520002069799,0.00197857933649888,-0.295052809498758,-0.359075900514198,-0.767561931588221,-0.725564018998597,-1.73160936880403,-0.831577114714573,-1.43596378005858,-0.884727265255617,-0.684566257535261,-0.64604979575261,-0.478639426348279,-0.43674856905948,-0.92403065260561,-0.830479983520543
0.145238075600162,0.00541185934130742,-0.377593549539643,-0.39816049180858,-0.692895288277993,-0.723496568426087,-1.71067091675233,-0.778363357496611,-1.73724166817902,-0.634361378388065,-1.04506988519957,-0.595362466835124,-0.50187045029773,-0.408607353545549,-0.995301759571264,-0.856554385347748
0.193096300770493,0.00458504841932793,-0.301288878744324,-0.37284693048414,-0.87483382869875,-0.772396284696308,-1.78643886509736,-0.785863116472516,-1.44953333143396,-0.610090116714273,-1.04482703971399,-0.557076073725258,-0.488425266368752,-0.440233982254187,-0.879632522602426,-0.840735327984724
0.0764347436802023,0.00652321030011673,-0.374150785038703,-0.383820874410804,-0.748707207594697,-0.753424161988029,-1.46620964793328,-0.772244426264429,-1.48167160192951,-0.739983108655079,-0.973420069643208,-0.61872670594175,-0.512347490975008,-0.43973960852755,-0.908678625175291,-0.693360240808979
0.154255746094011,0.00528852643560238,-0.373350282890472,-0.339843203735116,-0.717016810806567,-0.729264944989942,-1.66751038132211,-0.807343958360076,-2.00269433273203,-0.729787249953255,-0.995501999943751,-0.592290999657464,-0.44859382289401,-0.430839057042787,-0.946828769842086,-0.809020535555516
0.116490169878071,0.00530237687620966,-0.301164197348794,-0.374119860984738,-0.703591594327669,-0.7577820938141,-1.55881866921366,-0.81660473234132,-1.77546860443729,-0.645196312001795,-1.03816754639517,-0.553635396884949,-0.505123433114868,-0.452757797413567,-0.926889776356399,-0.76229434338707
0.229946690603268,0.0102110577386491,-0.356306102991656,-0.363260249050708,-0.804319991213896,-0.785774209581817,-1.66469167753233,-0.75036489608279,-2.34561011422846,-0.623481473951768,-0.693087610691401,-0.548744038808776,-0.505485750069257,-0.431204796894382,-0.897097252656477,-0.884487529517908
0.136124921554492,0.0031436122610667,-0.336742711610522,-0.370299075195186,-0.742023580732714,-0.792282591580198,-1.4636979605282,-0.764404777936392,-1.98021253498437,-0.693899399572608,-0.78279038600607,-0.561158635716045,-0.488195772214802,-0.446104372201322,-0.860155384919297,-0.703867720112269
0.235920402844369,0.00385688457565604,-0.342230377106538,-0.371737538518824,-0.696726444394828,-0.77032146478169,-1.9186741956228,-0.838759546488907,-1.79281658234994,-0.647808157390568,-0.948715580522211,-0.68054828420802,-0.470905829186175,-0.438796829092211,-0.99552909985342,-0.908167863877219
0.199594053051357,0.00186970503114189,-0.239064032702768,-0.343579964367633,-0.60683691042261,-0.741120216511179,-1.6060122844029,-0.786074743527291,-2.05322297228913,-0.787986695287251,-0.736652399906257,-0.575621190129515,-0.460537691376226,-0.427411419683521,-0.793028257869356,-0.761438525909463
0.292915218948462,-0.000592390126868456,-0.268097184812901,-0.393313541625975,-0.646687346200185,-0.764499211715163,-1.86422448866147,-0.754827936552696,-1.70505161740377,-0.64069840404092,-0.839592319909327,-0.629732116652452,-0.478911172581573,-0.415964823631491,-0.860278706261561,-0.829410467714149
0.227697959732823,0.00157661848883413,-0.295118004055771,-0.398373327468702,-0.732489013977398,-0.721497131948212,-1.8124407068327,-0.810265345756491,-1.84490747602715,-0.542746471638858,-0.617326085458719,-0.600799114845082,-0.484735024669091,-0.453009950432012,-0.753824306847874,-0.85703392644403
0.114721626975261,0.00809768788232649,-0.402591911531098,-0.349885902877212,-0.730908527943578,-0.747075685990337,-1.62659259402887,-0.81196934943356,-1.41949084916783,-0.722830950117845,-0.878326424086293,-0.608239915690769,-0.462121499878936,-0.423621704776519,-0.818397438874296,-0.844793830842124
0.110353947116315,0.00605521403269118,-0.269051232974732,-0.36421277819904,-0.79206119746308,-0.739743428963521,-1.54149756949583,-0.772072892382745,-1.29804713646855,-0.691666046700071,-0.625296450775479,-0.613102445983469,-0.498909315636152,-0.429081117858658,-0.74799728359292,-0.830781208791735
0.274352874193417,0.00576507743873725,-0.266598656173172,-0.372780966194874,-0.690343790450258,-0.716456251184658,-1.76517811543648,-0.794318656128296,-1.87841825436522,-0.727519400483212,-0.867802524436981,-0.623881253806605,-0.481421794495153,-0.404469149577231,-0.737767165294068,-0.964154635101612
0.212912898109956,0.00562938429462838,-0.317036019036002,-0.372539363356368,-0.743969864233148,-0.789842584124806,-1.79026189790041,-0.865202829124624,-1.81174139846169,-0.649832367161283,-0.820514094624204,-0.616033534386943,-0.502778808369034,-0.428880521465239,-0.853561648196492,-0.852160691904793
0.102774850836551,0.00807663910180849,-0.304994293844736,-0.345527112008918,-0.741145079085019,-0.728965985958409,-1.61635352942928,-0.682535853223697,-1.73768155197695,-0.488848536737888,-1.06614338129224,-0.637226115724695,-0.487086572716266,-0.398151695355513,-0.711295471621517,-0.882539466594252
0.167328053170671,0.00348305791582791,-0.433642284750304,-0.365104091602015,-0.77051522334875,-0.71950293409867,-1.68974618232114,-0.747999605447166,-1.77200872851942,-0.637093925952272,-1.00130759600322,-0.631772362395242,-0.504976297499811,-0.458635365215009,-0.805720250809051,-0.844566830400751
0.108720771652931,0.00473964919629798,-0.347106583245731,-0.391823700568224,-0.726508091804734,-0.759520723568115,-1.58632541082977,-0.903236192051392,-1.9062922755724,-0.68702673169036,-0.923094377154479,-0.652286461475,-0.48038793387407,-0.430972311981145,-0.879043584311375,-0.859626790431231
0.0302070045875038,0.00940174331236043,-0.212292144817002,-0.364236174786357,-0.758250903562986,-0.78175623183946,-1.64173678665561,-0.73347699621234,-1.85130575909479,-0.59356137508861,-0.838259625668109,-0.591389069860906,-0.505742757594007,-0.397905276414271,-0.847336049054256,-0.889106961551242
0.190919617201881,0.00432130999667895,-0.219834283028429,-0.350885572614132,-0.77205065479194,-0.776111242457098,-1.5576799247278,-0.745743213400674,-1.88167107477605,-0.67243346387836,-0.912424785047661,-0.625897292944634,-0.492045526342652,-0.455124899176919,-0.870041789214067,-0.74447173836349
0.23746615098666,-0.000319173809628428,-0.323807044567652,-0.382768989493939,-0.659558491286406,-0.72762656692362,-1.6459925272238,-0.756511030665549,-1.55880083291237,-0.719567562841227,-1.07753044738731,-0.617100335046104,-0.503930273874579,-0.426215731203435,-0.874608863842931,-0.787763419956309
0.149593244848554,0.0050502160419629,-0.476613523063618,-0.381123697944944,-0.743441911234009,-0.763470659485043,-1.48477046761992,-0.890381732929347,-1.47183788947536,-0.659732698065801,-1.03955409609552,-0.633935819944007,-0.502205595984606,-0.416321912829514,-0.810080491895651,-0.975144006591198
0.171694514751901,0.00540954716026622,-0.287563128335772,-0.356077021463344,-0.796048334268919,-0.699508680708269,-1.61955898408074,-0.736441207957914,-1.5387201515588,-0.669927168200498,-0.743760733147795,-0.61094381533416,-0.491722737910478,-0.444384300159377,-0.839908330469782,-0.939389770707515
0.123458226170241,0.00534893179331241,-0.396263913983994,-0.38352160107716,-0.721508652888111,-0.772377018390366,-1.74965378732169,-0.788988847477081,-2.22545354128127,-0.641192149803156,-1.04698721344775,-0.735923642137434,-0.506729787463896,-0.421431096505252,-0.788195281443983,-0.774650544997093
0.177841683944465,0.00281723063146613,-0.314352911865218,-0.351972513404958,-0.718916739507491,-0.720114321989223,-1.91668380601565,-0.850872814596597,-1.80102788245842,-0.617979919429219,-1.07668192999224,-0.6131729741836,-0.469014609401985,-0.426171809522782,-0.839948711118658,-0.743469098623205
0.176252204309906,0.00704308999629478,-0.464549876404293,-0.363704338512645,-0.822649906875079,-0.759201017812879,-1.6455179437709,-0.796962860971416,-1.50750061601052,-0.672179190648203,-0.856758841455558,-0.578197216839582,-0.481369265491399,-0.434154631371677,-0.809425471981587,-0.900997464267709
0.097362913756659,0.0069055314507567,-0.414350510551996,-0.396555374190661,-0.805719382370924,-0.792679031142662,-1.75020811597377,-0.777031882210813,-1.94936734790943,-0.640656277673263,-0.67057511996075,-0.671130368624314,-0.470634621138283,-0.422706963216901,-0.806885768457619,-0.902841498791128
0.177176221321555,0.00156212503875038,-0.383507418830651,-0.380469807515045,-0.846714836480948,-0.807077481094174,-1.81313973808025,-0.813771457540557,-1.62611312827619,-0.698289641100265,-0.583413904110493,-0.579810380357419,-0.496588902062746,-0.478994711842834,-0.909074904704877,-0.859105232258489
0.201807145682656,0.00138187903136647,-0.309000758287469,-0.387815172766956,-0.712331639538901,-0.750894549917223,-1.60935087358418,-0.91356517941161,-1.87808504289736,-0.721567927321687,-1.09982950651139,-0.57159552388418,-0.493269206414122,-0.437518405854706,-0.918874652225842,-0.917748929402995
0.0761618432389218,0.00603931980857799,-0.394635537200265,-0.414703512673701,-0.723930143510105,-0.757524779106827,-1.79466831786157,-0.748940485071325,-2.0607486992193,-0.643206596207919,-1.1714795027109,-0.666050689738282,-0.521215998131216,-0.406850029062327,-0.794830400477695,-0.771188571541388
0.148377245796039,0.00621019919124824,-0.298516973460137,-0.369035174944081,-0.799383273364444,-0.735061714141913,-1.34942866895075,-0.89942354957868,-1.57236874798153,-0.691789078366971,-0.498112315379004,-0.542479072117588,-0.465861770979809,-0.387938627479206,-0.801619183646912,-0.819390389555129
0.154533737738018,0.00129756564845371,-0.35853904809731,-0.35334408130525,-0.751290739215038,-0.833340236123547,-1.72445109882614,-0.856036508916457,-2.38815650739715,-0.651894586531764,-0.922382392963267,-0.599552563938367,-0.486851209150557,-0.462592692613845,-0.9781667559444,-0.860501451748972
0.136864331539703,0.00678529403870987,-0.207459354475657,-0.359499764963346,-0.743226279103878,-0.795449023907058,-1.70978913932051,-0.801831081290485,-1.6017310442312,-0.744334578362851,-0.97931971158767,-0.574246809269538,-0.510871015673738,-0.423900594138523,-0.835189281297451,-0.765201515881535
0.178463596049551,0.00265158034244438,-0.343198970298173,-0.357079160796004,-0.724970088404365,-0.792173273208742,-1.64983241121638,-0.81020862748084,-1.92320710288716,-0.618264098948489,-0.858041277894165,-0.584586277139889,-0.467333130752359,-0.458257980518953,-0.917833234408163,-0.910895475592091
0.0401277652760639,0.00642584797381045,-0.302287641152774,-0.378602379071347,-0.797474277464992,-0.699281822475998,-1.6517860183225,-0.786528548658961,-1.73531064636374,-0.614019833434607,-0.660364117374398,-0.571783200610738,-0.479179825763101,-0.431097836386526,-0.931052496616904,-0.861860473667521
0.0954383851067453,0.00556514653316457,-0.390320519940698,-0.387286174449642,-0.738822853012536,-0.778886567521839,-1.63109953962094,-0.836497251474237,-1.60929367459768,-0.648870578409843,-0.939621957199929,-0.608396894562104,-0.520202194740927,-0.409215890006634,-0.82119645944038,-0.918941975555646
0.0921225716234682,0.0073586029608633,-0.324467139653321,-0.371770704152492,-0.773722870110262,-0.780977078974534,-1.60500834397594,-0.773296366747699,-1.92610200790727,-0.652981079869187,-0.601464494679972,-0.590774138389253,-0.479715479983347,-0.400380491492348,-0.839485237848316,-0.817154423816273
0.208091474956834,0.00317985216960069,-0.2168450786948,-0.364441862738417,-0.78026794069332,-0.763023205102662,-1.65008132503169,-0.829245191406034,-1.95858983382587,-0.656544253153016,-0.922862799481577,-0.561378838094794,-0.518554814332734,-0.420533895878832,-0.938190400933543,-0.885101567891717
0.123774663086982,0.00479930069189631,-0.3628836014778,-0.393349696186175,-0.751679700768323,-0.758922727517706,-1.59915032643839,-0.807900494433623,-2.19090993107764,-0.730812434255334,-0.980907517573543,-0.744910547461098,-0.486912714369409,-0.420951266947524,-0.831179205516057,-0.789797668068987
0.0664358829739032,0.00416811212077527,-0.286151915072068,-0.367431470837026,-0.748300836566312,-0.784743089661557,-1.75758949874601,-0.756293024583161,-2.14397307828961,-0.620846238440154,-0.811179717211088,-0.63810768992964,-0.485617462854351,-0.457457688916384,-0.801216526640538,-0.815635903772606
0.179434758247299,0.00249032306442713,-0.255410405175154,-0.378844876542262,-0.624106917394473,-0.799967339277419,-1.5495178815936,-0.872265533485412,-2.3098074177019,-0.74611104785449,-0.873958337298611,-0.624808759247313,-0.468919618833057,-0.44750146472088,-0.866790172264132,-0.909492951901102
0.142364955343282,0.00154084544748336,-0.4338562041143,-0.372333158005491,-0.669368567622716,-0.747839158419404,-1.55719330854613,-0.829662583581918,-1.59366582710791,-0.598552695018368,-0.992187566811903,-0.629735696677731,-0.513758708141999,-0.452747117880893,-0.838331318333476,-0.82505811772745
0.17656662268388,0.00370686352150847,-0.49153253972433,-0.350226273024401,-0.744390365655769,-0.717067462104112,-1.7567941784145,-0.857532051106158,-1.72886301925426,-0.617167692189732,-0.860170190089948,-0.660895923307139,-0.510403046130885,-0.451733250077616,-0.838470157363111,-0.763251877718937
0.214792970549006,0.00749776727249138,-0.396479647184956,-0.366092576226936,-0.737720974953518,-0.779184743669704,-1.593328683452,-0.821422247325689,-1.42377293104191,-0.592348062890258,-0.859530996590879,-0.577996983709432,-0.529355034871745,-0.423466137159791,-0.822537172852678,-0.885779379571379
0.237772094507006,0.000669198018568947,-0.348478267236775,-0.376491455097428,-0.642189523128125,-0.796941581813966,-1.81181412785116,-0.84496160009842,-1.78952634884886,-0.578898120303436,-1.10481433604055,-0.554649464999268,-0.472558162383734,-0.411509407979039,-0.972685532585404,-0.817164637448449
0.138324325113806,0.00728555059168016,-0.27263318238208,-0.354548884839065,-0.734564661205018,-0.722623556204218,-1.74476194908801,-0.754173991878327,-1.685546212642,-0.623547471162443,-0.914628616025764,-0.561342109213127,-0.486916692263953,-0.471523294648384,-0.822702541336187,-0.830645294925827
0.147391848309858,0.00121319455766059,-0.343201631234554,-0.373034952552785,-0.725527967524628,-0.78532187368417,-1.69507059391407,-0.871492307928457,-1.87469551681643,-0.562523412002204,-0.83819681671756,-0.601843928609625,-0.514151583522978,-0.420817371772618,-0.897591395318458,-0.814404130901968
0.194033560184406,0.00187675395159514,-0.44976581709095,-0.356487988614075,-0.615280080553026,-0.768855149496987,-1.57338164103867,-0.82085121693244,-1.49147291993238,-0.724195812415545,-0.837350370635441,-0.544797512066948,-0.475916843671836,-0.431380380500014,-0.875215713174773,-0.891116688614634
0.132845186697117,0.00240591993561419,-0.247891311307026,-0.353670390224108,-0.617474543983337,-0.760684857109085,-1.63310449724196,-0.791510737611566,-2.33525989315139,-0.604145863584495,-1.03012242583827,-0.616349014405754,-0.478585055296236,-0.411379557893031,-0.854137426659055,-0.719917855891288
0.254912233579354,0.0042977730728081,-0.231692362855738,-0.381777941252607,-0.69501664210266,-0.753520792298915,-1.58834953571544,-0.808205339729421,-1.21407050313219,-0.525561289253217,-1.03852041867213,-0.583955856610683,-0.468348631127829,-0.435515805537327,-0.896361147312516,-0.783662701448875
0.297055264267083,0.000937771023767105,-0.418704664915786,-0.360435036501134,-0.818604462023032,-0.757932991541492,-1.80188903550648,-0.73275741455601,-1.5843773133343,-0.689027486892029,-1.00949493659532,-0.549446387447179,-0.47675978991602,-0.414077617431527,-0.870931468699679,-0.791116354420528
0.0287059083063569,0.00736206717876782,-0.21451713310048,-0.378732507176188,-0.796498180188763,-0.766493685575834,-1.58369751586956,-0.782612134758652,-1.85809013126465,-0.692763667879205,-0.894035848059206,-0.581532129016906,-0.498801850459824,-0.426997340709296,-0.760570038182369,-0.786887183908564
0.0984144425902945,0.00587585918669412,-0.286145088253192,-0.382364556162007,-0.794588472354524,-0.744637509918602,-1.62526512217523,-0.763497657772993,-1.74504271420581,-0.633551346981835,-0.608772461315899,-0.525901780358214,-0.448919000006971,-0.426766710543547,-0.776863915554472,-0.745015868690808
0.147479852295479,0.000491357196718051,-0.367434702752193,-0.359652529159816,-0.587640090438696,-0.815438329976392,-1.66813735470702,-0.891392093819858,-1.45858080733875,-0.7376697320778,-1.05484443522782,-0.586068674006248,-0.460494035013393,-0.439013728576329,-0.827961033895809,-0.79502941263351
0.244448135214924,-0.000158930115587605,-0.414591492471261,-0.378686651250432,-0.749962153579788,-0.7135948595276,-1.50040426976289,-0.731392532424798,-1.4979374133128,-0.733773505180056,-0.968146475242658,-0.624070573078798,-0.466941186110598,-0.421683839933353,-0.967802967433729,-0.834812200244432
0.189488943969268,0.0032462732826844,-0.326638848492084,-0.380613017409843,-0.755661968528016,-0.787888242271068,-1.70991958362446,-0.741940807743106,-1.60069236432513,-0.598256596965747,-0.910961080926044,-0.698521735291977,-0.50224610536274,-0.414183835676619,-0.823101696149888,-0.796453684611477
0.258563468064826,0.00511200658109886,-0.145130667577064,-0.387253141863119,-0.730719904217049,-0.776082404422449,-1.91202550492899,-0.725044450725763,-2.13990569358297,-0.5863199861575,-1.06751280707486,-0.56102822846448,-0.477265640544032,-0.427273053339892,-0.869362708110053,-0.923673774561135
0.18251876108231,0.00342440701754639,-0.419944515771905,-0.345714662286968,-0.751176118008022,-0.743867776726057,-1.63348026010049,-0.791333748791301,-1.85438237871505,-0.644411001369551,-0.98587742360265,-0.590347352285172,-0.512557744980643,-0.441022551670349,-1.0579856751118,-0.885573778945784
0.207325194369617,0.00321795243233129,-0.423279163296443,-0.367164780635849,-0.598343643521259,-0.806505154865042,-1.59212520375173,-0.852780260894352,-1.62517691960377,-0.688985603994085,-0.637417515273111,-0.657876256674355,-0.505941511752216,-0.442886636686637,-0.880779119301351,-0.780518641075144
0.17639342044142,0.00590782220294057,-0.182683479094568,-0.37887758149014,-0.732081792242544,-0.754935639254911,-1.72004217755729,-0.77219850932046,-1.55578163293168,-0.65185448827015,-1.03969720130544,-0.642649311074183,-0.493642390214177,-0.443883800926067,-0.826232806348978,-0.729314075156117
0.192923654117044,0.000750432944934609,-0.360236738845852,-0.365837190215629,-0.652218215277973,-0.725015029240495,-1.56713893840153,-0.778480894854961,-2.01441872966882,-0.801896180706087,-0.748308280327505,-0.615642630825811,-0.464711838828937,-0.452105568522263,-0.870552274779969,-0.72259874162984
0.219789381944679,0.00798824630005267,-0.432646647918734,-0.351787002238138,-0.72714825369113,-0.693879881779295,-1.78312351163319,-0.788841615183915,-1.72907725556867,-0.674867058388034,-0.856651258870822,-0.640040549253432,-0.459758332615144,-0.403742220476044,-0.801432182557058,-0.880996943646505
0.0985545412426091,0.00558140632287399,-0.117743805606376,-0.356317699545081,-0.629229658460841,-0.700409198948043,-1.53303902841992,-0.848662943429366,-1.74767276567528,-0.645742998302128,-0.826860937406057,-0.482861318261434,-0.45910995079929,-0.454141558252048,-0.857909760724346,-0.798594528002902
0.243277809798123,0.000405295942433221,-0.359819812629646,-0.356929751615901,-0.790633154904255,-0.768596510345672,-1.6079325474065,-0.880947183136596,-1.6472394432145,-0.654339305982671,-1.03565811895465,-0.56289509497336,-0.540351360860268,-0.44064575858859,-0.857871598388584,-0.829446141886959
0.155015034624587,-0.000471467361276452,-0.351485705584421,-0.3372445313807,-0.686662365327033,-0.768339644541136,-1.53906155684529,-0.729288455541986,-2.07355684818131,-0.56777011120448,-0.975314526937245,-0.646199981199744,-0.475489873511582,-0.38312044981233,-0.843079353957451,-0.762772519485593
0.0872311964018457,0.00520162858014114,-0.283582335098473,-0.35154138112114,-0.833706978589521,-0.712981105541389,-1.84727698085289,-0.77102281789897,-2.07220506098817,-0.65361535337617,-1.04018723605752,-0.527476688431104,-0.458742952746861,-0.410597055107424,-0.782914956724232,-0.869896120638523
0.213611799807537,0.00473791640957482,-0.244051563529595,-0.366795493091595,-0.71402017136834,-0.708882260972367,-1.6633854621581,-0.72748097346031,-1.4398855138932,-0.589521097781327,-0.977360814857317,-0.576017065849877,-0.500939271718114,-0.449107619769846,-0.828184400844023,-0.984303848792417
0.194102416852137,0.00693661812226537,-0.427020779969317,-0.357022795329001,-0.768293125802017,-0.650057740145004,-1.63156658528687,-0.796044648178228,-1.63353838956952,-0.726217304076685,-0.764961950691593,-0.595368366055155,-0.456162326258267,-0.402831599722976,-0.824974299121656,-0.746255335328144
0.217510811700646,0.00166722097796865,-0.353789936890916,-0.345617713350598,-0.779109503795943,-0.686242510480391,-1.74359355699517,-0.783630703923013,-1.76061320872052,-0.589074959102958,-0.908956164332691,-0.641673111160972,-0.47868931704701,-0.461426354423495,-0.882149807018629,-0.839758056354276
0.141580893038799,0.00578142882189178,-0.195245534208792,-0.364500962283579,-0.817669013477216,-0.758755798575085,-1.6478858892576,-0.875915540999206,-1.82426087799271,-0.545250294377126,-0.943155760199637,-0.640784203644436,-0.480757902533539,-0.429371846230746,-0.854525547311226,-0.832352096962248
0.108693898557051,0.0065260550869414,-0.339453215157668,-0.393638765980052,-0.793109060496598,-0.70187325433586,-1.78093458215367,-0.799476122992722,-1.71472603906816,-0.639809304636211,-0.94555711284033,-0.668219311121982,-0.506194088187838,-0.436052506533544,-0.882885244594818,-0.832754819475768
0.223879985266195,-0.000836332196602824,-0.318309875668359,-0.329767818577638,-0.692504870676008,-0.725500601601379,-1.63911255501206,-0.818267352342489,-1.39323793396681,-0.619090912181648,-0.851204996070368,-0.516988204961621,-0.490562030938384,-0.435658146767048,-0.955011313171085,-0.855138252312732
0.18880512738885,0.00505524497953395,-0.442275169165608,-0.345651123440546,-0.724684371572762,-0.761658855553629,-1.61157971736225,-0.930102923962799,-1.20438996095233,-0.61147364887075,-0.838029424543264,-0.655846895714924,-0.474126418232799,-0.427996532402376,-0.76938550899441,-0.763676277789094
0.154736652419705,0.000112717229085034,-0.16082490792391,-0.364983248899858,-0.672881701302219,-0.7904215739085,-1.83138623044186,-0.766094031870361,-1.79945554956105,-0.717534766919878,-0.912173405853588,-0.585535770295728,-0.502496675535464,-0.442399132453423,-0.922705671041931,-0.824705554280094
0.164777820261526,0.00608707002901635,-0.298076882390573,-0.359709376240406,-0.672741656495173,-0.78312600289305,-1.86906619007028,-0.815647137924869,-1.57874507764233,-0.652908385099721,-0.628533637235124,-0.609297103498626,-0.519692576955686,-0.439457051562608,-0.763436439507954,-0.785995372079249
0.0910751432224817,0.00673658945356751,-0.304971810593582,-0.340051107343327,-0.783855027352692,-0.731801322188568,-1.9912753895304,-0.832842036246282,-2.1322212486073,-0.666109693237073,-0.962279107264858,-0.562567917735667,-0.481384239462699,-0.427230305663862,-0.879055662506457,-0.766210093942408
0.188251227619904,0.00247787728670036,-0.318132695913635,-0.339049751756301,-0.66132828353299,-0.720565302171925,-1.56473989048403,-0.795922561066953,-1.83333706545084,-0.56269840380608,-0.742795660816642,-0.626326282172856,-0.464871078323363,-0.434301256925977,-0.896613462057405,-0.758308023072417
0.215141203173731,0.000825147765888017,-0.212421104975613,-0.336362166389793,-0.616295823402932,-0.759003326175818,-1.55304113932482,-0.886142429675586,-1.55861322527179,-0.557427789086026,-0.915362031710271,-0.531288775273934,-0.537458255686206,-0.430732851782719,-0.880685787769444,-0.771353936076033
0.16811355541729,0.00597314325704241,-0.14252887469212,-0.398433230421314,-0.69738102967105,-0.777563887868966,-1.57472396853868,-0.72282846168375,-1.66840859290996,-0.614546110468841,-1.02850618678626,-0.609297552440938,-0.503564871230787,-0.431736123635875,-0.955204657190209,-0.867165354335007
0.220889977578679,0.0054055313906191,-0.235516224243148,-0.360498094216506,-0.667398136154941,-0.770451903515807,-1.7831932255388,-0.785160875987377,-1.91572907005522,-0.689520291772458,-0.786014836625501,-0.556593863159338,-0.442210598461496,-0.442280614379963,-0.892264896287061,-0.799176313458615
0.152105413225044,0.0045755095617361,-0.30828412746957,-0.391092000719972,-0.789395767444056,-0.809342681288253,-1.61080634305294,-0.74018463006078,-1.65187207191536,-0.559338317335521,-0.839551914568118,-0.660836834924968,-0.452676158308998,-0.465045083060286,-0.897640388649407,-0.838403336639976
0.218620962279382,-0.000115951856434427,-0.568651361190372,-0.373995257086608,-0.731853293286275,-0.795437232566622,-1.70778533920617,-0.817732577803589,-1.17210155924878,-0.634796479468302,-1.06201914398195,-0.610975462232089,-0.513731974790101,-0.456805142499439,-0.888730668219118,-0.681602381807923
0.184451306871982,4.35780790435936e-05,-0.31194010343964,-0.366042402108508,-0.823507447384217,-0.823991359345063,-1.77946708506757,-0.844600600818527,-2.05371172985265,-0.698911079402406,-0.682679964959263,-0.603316840675245,-0.476203732547137,-0.417868356631718,-0.875746873447219,-0.85620471007494
0.235466030869322,0.00447678489647606,-0.33139546724024,-0.376693736461762,-0.766993771539767,-0.72694106911884,-1.49123774251962,-0.740485506222168,-1.81614335356509,-0.708233436781426,-1.27218951676986,-0.586539218161737,-0.495852233081938,-0.391127945447123,-0.837510940599653,-0.8103221401458
0.181119605919018,0.00210383678954687,-0.254046293122306,-0.380980432990819,-0.737570099501184,-0.784785891034651,-1.54368854422371,-0.906862492120435,-1.74459270926222,-0.686715583464783,-0.812013886074711,-0.708812026739713,-0.489075882649275,-0.436146774262088,-0.913924378190239,-0.897144410226432
0.222788136040467,0.00166568778402019,-0.503451318686628,-0.361658749363732,-0.682497599686981,-0.780944502031501,-1.72204548811743,-0.9221571810623,-1.67549449072416,-0.61697339493626,-1.11374847771132,-0.582024183697732,-0.511405385681463,-0.471572200302667,-0.88884751125728,-0.81772096765556
0.134105275791238,0.00309388095735745,-0.213694511424782,-0.375692446454519,-0.771288027559129,-0.742531357093366,-1.81335421626833,-0.798167768611233,-2.03283279076418,-0.623553441801617,-0.835454288635906,-0.629640667408892,-0.4832378846583,-0.430531751938703,-0.888465413715689,-0.775448044998572
0.138165246086328,0.000253716655561319,-0.160427891636257,-0.342888157898654,-0.673458573681152,-0.701366967595429,-1.82838071984351,-0.849723129824576,-1.97771873991226,-0.597219435082298,-0.831570936838719,-0.642898405880471,-0.494055121536106,-0.435070240005442,-0.734571384811814,-0.785752371300744
0.123509337132472,0.00290699689638625,-0.340939672114758,-0.351734859720661,-0.710721952035887,-0.685716093127822,-1.67735197181484,-0.73513701558759,-1.78109069276624,-0.530576522434086,-1.12165834138597,-0.600555322092956,-0.52042458794105,-0.453400137440594,-0.896949776731708,-0.81798110801959
0.0666742643215031,0.00665095860149256,-0.257849086266041,-0.341695825995009,-0.759199673418803,-0.771309280870851,-1.54905868835883,-0.739785820126415,-1.65315154685929,-0.684869931439488,-0.542770442005773,-0.619732553216377,-0.477388307977602,-0.420425104940056,-0.836332875900177,-0.871734561694708
0.0532338291634851,0.00430141359483672,-0.489408612736544,-0.369751438183602,-0.735414960541811,-0.765720361174625,-1.94261114034932,-0.790617909472784,-1.75551013379982,-0.664213350353897,-0.987318425995451,-0.606953601614116,-0.482364477216905,-0.395899369544761,-0.874288325281374,-0.858766742197571
0.249092566267637,-0.000646755522433477,-0.36255342228484,-0.348264373019065,-0.615507418322392,-0.724750567663637,-1.79664042837408,-0.874056312772361,-1.93674034204913,-0.724933751750604,-0.730326568058393,-0.61169202349292,-0.509549346486789,-0.450248018521323,-0.822924321277003,-0.877696912224504
0.0610203464425563,0.00874112675046429,-0.326028624583727,-0.38185154728131,-0.818463538777011,-0.762393083562978,-1.83492780657278,-0.77647788259051,-1.60617903841834,-0.674316362476029,-0.875402591564207,-0.599179600965251,-0.504697535920464,-0.436804566989536,-0.81659556220768,-0.925264846569228
0.115370523324749,0.0083012699035859,-0.303507431340618,-0.344687492066435,-0.84585285929416,-0.812934622293283,-1.68324539346694,-0.801159949155797,-2.17484836525408,-0.810979924323007,-1.08574966186855,-0.533171715041537,-0.503071334902825,-0.386114968859304,-0.889037130392723,-0.802737372327398
0.123495036846011,0.00823087536311894,-0.376666173975776,-0.371095088897922,-0.812344795732398,-0.763500374430118,-1.8575464241645,-0.805870068838481,-1.28326592984506,-0.623389950111916,-0.965495774539053,-0.710176139756009,-0.524499574786906,-0.418316966338815,-0.844253813329905,-0.846040146648835
0.147284580591408,0.00913693869732365,-0.225093255641493,-0.391910350041711,-0.68786979643606,-0.728271113766235,-1.69319582373812,-0.822922810644087,-1.90728509436337,-0.682221771616439,-0.821464566769157,-0.555996621575997,-0.464575223085967,-0.438312845390611,-0.835908501161861,-0.906110540711972
0.0929270629983969,0.00830387037653363,-0.293994834686889,-0.391652503949493,-0.814782597183836,-0.805247423065546,-1.74938127336684,-0.774707310575784,-1.85770166537854,-0.621780940289867,-0.859940463833815,-0.648697791453474,-0.476673042370936,-0.474004272786222,-0.91491407445803,-0.773283533459249
0.269952912600612,0.00150959560300796,-0.351933993018441,-0.37677307132216,-0.691639174343719,-0.763604376155502,-1.54331215017264,-0.751627465493596,-1.90567667031395,-0.747067726728874,-1.02160065867442,-0.651767325257566,-0.464467963536774,-0.426274326202664,-0.952246646368852,-0.823212425266716
0.234935335352777,0.00261984811939794,-0.334534306566465,-0.411143069359278,-0.675734815633997,-0.768643774324409,-1.70462603574797,-0.875403578708444,-1.8703728620348,-0.629223551821834,-0.522091721494258,-0.629619261018752,-0.440717579419933,-0.42049868736342,-0.885440493803303,-0.660698364431343
0.183766745581265,0.000628997650263934,-0.398501822971396,-0.394738096794068,-0.709379838089301,-0.797285104840651,-1.94300264402785,-0.849853967946616,-1.38249397643826,-0.772031954455562,-1.12812509388284,-0.657460687254718,-0.477341592047833,-0.434229066730442,-0.933632398433949,-0.867356348293228
0.272867508006242,0.00157981253319406,-0.113261758635919,-0.349237507176166,-0.714336822572788,-0.712691994017477,-1.57038949121544,-0.848382199804622,-1.87753061226017,-0.746761175137316,-0.804749444272882,-0.607803346907283,-0.498372221690336,-0.424283618875548,-0.855712244475827,-0.798139169691953
0.187999496006389,0.00260611661280413,-0.368776138141038,-0.350847567238015,-0.758829774830847,-0.701932389112008,-1.56036726352322,-0.819584110662409,-1.74650052428649,-0.556216878224997,-0.876440601024599,-0.580765515542036,-0.488517175537416,-0.425619074094366,-0.96384238308126,-0.894730563746876
0.0698491512782069,0.00878087229834139,-0.367776833287321,-0.360560519210581,-0.88289668430511,-0.78386360907,-1.65963060331854,-0.856622482713385,-1.65642486339737,-0.658125093522904,-0.821973443346384,-0.559332368422942,-0.460677496903309,-0.455946031220461,-0.896943240183116,-0.84066153672746
0.187712948843343,0.00047817181945473,-0.38496818059624,-0.365321636100917,-0.679485172477719,-0.796837286107883,-1.65206129697272,-0.8354470752761,-1.77183604459106,-0.654325963757997,-0.678380262776612,-0.661364165880082,-0.447636665044287,-0.443779063152203,-0.946886684797696,-0.845850808525973
0.205329272678089,0.0035284565972002,-0.450629490138018,-0.369992982608823,-0.672484567789586,-0.739657824092761,-1.65493118189559,-0.796854500810433,-1.40578436398277,-0.734183705220007,-1.01074496829458,-0.624687308224177,-0.497854222731432,-0.433316503894293,-0.877008151390882,-0.785638830773219
0.126144144205811,0.00878736446278389,-0.390474587493626,-0.386083220697685,-0.864036780370559,-0.698531616561772,-1.76046426292072,-0.788360664962832,-2.22623277538837,-0.616584286903933,-0.867852639848676,-0.716345522542317,-0.496782533401211,-0.461975735154992,-0.922109539630604,-0.948156136824883
0.200288073036709,-0.000152383699483487,-0.334258639016857,-0.368352497071503,-0.672048923651093,-0.733402165902451,-1.58957795674396,-0.853257387878338,-1.85539282294173,-0.838735827169174,-1.05778780246937,-0.630091150705848,-0.458248692458384,-0.458664820828553,-0.869322586136562,-0.736149001089434
0.203950488842801,0.00451742552219875,-0.1872979458943,-0.363349994173673,-0.700813583026246,-0.717790382329512,-1.60677680890159,-0.78850667471274,-1.7619234777007,-0.449204734821769,-0.969957229881923,-0.700712560271046,-0.457302855930223,-0.439569684164555,-0.818509013702062,-0.775941884949413
0.13605800928664,0.00382619287591667,-0.256505704751847,-0.352307725761513,-0.593329648625788,-0.769843288273199,-1.51529216232265,-0.844322364134384,-1.47730832481588,-0.654077423211442,-1.0010816487964,-0.678510302972663,-0.467480442168462,-0.429590420125233,-0.803859033553842,-0.800169454604546
0.166760071089204,0.00221792530335785,-0.237049378311924,-0.367634547790381,-0.674725827638384,-0.788305694661277,-1.83223429633658,-0.854712700841486,-1.40225874091441,-0.654324024447554,-0.751366342166935,-0.580123258106505,-0.490550038772192,-0.431927595161328,-0.899241738943394,-0.84352738996968
0.16972648162445,0.00333055890820714,-0.268259587380474,-0.382649267344356,-0.755464156545226,-0.764258367207583,-1.65674971755181,-0.768798618981717,-1.84192959219182,-0.692913874807492,-1.11382775886524,-0.595472829313663,-0.496004523025905,-0.437668678228451,-0.902066684712922,-0.766819320731545
0.183503648326008,0.00449586701618778,-0.384194317854775,-0.361361012631593,-0.733017124294214,-0.72831397819686,-1.92978809913406,-0.731180221106707,-2.02775259254379,-0.632953064661104,-0.801701205101822,-0.665003781385982,-0.455727361135736,-0.440171969876303,-0.8345083403406,-0.900663470481946
0.246583474514006,0.0073788163291151,-0.379013730879549,-0.378971817172298,-0.79115249510881,-0.743861878690286,-1.69132378801931,-0.90424368668133,-1.44588840752088,-0.845733696040262,-0.882791059247199,-0.590307984836835,-0.49415419049763,-0.421518086154211,-0.824844260338101,-1.01654200689421
0.178579890384529,0.00554422308993506,-0.353519384873225,-0.383225739766322,-0.676192295259571,-0.761214108479765,-1.72670874577136,-0.804435225866777,-1.65061684070461,-0.598900130839283,-0.738543841756935,-0.63920238290508,-0.5279395051003,-0.425750677803361,-0.927961086912298,-0.776902829002633
0.193289227405874,0.00228662375857943,-0.399748952123438,-0.3841202378922,-0.798168515515154,-0.766640150474618,-1.86540264895444,-0.775106915880707,-1.7419393289008,-0.823071043309361,-0.764178803808763,-0.721587525576789,-0.512370671518846,-0.446269128491603,-0.829165712409466,-0.755838800077857
0.0801845240448513,0.0071440733913237,-0.356081898608332,-0.358923249714693,-0.670489112626108,-0.794844942469023,-1.40982335653713,-0.788126375427001,-1.87186694341106,-0.695985088353244,-1.00721601065861,-0.697050840919274,-0.500510640572882,-0.407237070037256,-0.767113476689265,-0.901037459468905
0.157856693485316,0.00385776806251261,-0.228044024694449,-0.358875079388784,-0.627680376618756,-0.709640411728106,-1.80527260531324,-0.853181583478447,-1.58664541320036,-0.698503335412293,-0.842263189287289,-0.606975213277506,-0.487095029175669,-0.431792896918681,-0.897068054539962,-0.819214949871273
0.133565942666161,0.00412365548109134,-0.223303462157494,-0.37678744863489,-0.703145717073664,-0.801732114335319,-1.71244499067186,-0.903299789367382,-1.36046939794081,-0.647906300045748,-1.25350108087442,-0.606957545757965,-0.492155722477547,-0.409855816964505,-0.865864952902944,-0.759721732534981
0.192763143241249,0.00570461411027151,-0.340651996711777,-0.361219033673864,-0.781779055496006,-0.764970289511625,-1.6115332206477,-0.749555811746871,-2.07971963333222,-0.715044961111568,-1.11109855691372,-0.598561970828164,-0.50470826832415,-0.423871804018068,-0.960675027861616,-0.889061135205739
0.127450985473507,0.00452617888214601,-0.429996573688158,-0.412845874626927,-0.85000148894583,-0.736981737916919,-1.6323642309719,-0.747529512394658,-1.66455614871773,-0.665547853218145,-0.88105995401715,-0.562780060772122,-0.450616209588526,-0.427328943377807,-0.844355793329439,-0.813482615464241
0.243859958559766,0.00266258099764522,-0.328460003185001,-0.368551945837164,-0.723272080869253,-0.745018028635304,-1.50740276469301,-0.725016248152326,-1.45040108769067,-0.715257701866463,-0.860010651276309,-0.597250534426608,-0.503094939031195,-0.438106120946091,-0.849881006926571,-0.7931487557432
0.125622586404215,0.00574786150158927,-0.275403360903348,-0.36624041613305,-0.828706290637017,-0.734620464640708,-1.78919185663697,-0.802091901703817,-1.70671963782488,-0.623643152465503,-0.644537112860328,-0.61777435485465,-0.457121787649643,-0.415818402913851,-0.932287864919016,-0.77269163923293
0.147634698643458,0.00439378589796705,-0.504445776897999,-0.353117009215106,-0.6394821992224,-0.781936262978779,-1.78793288692403,-0.83211351010834,-1.55475679638305,-0.626147996687598,-1.06890317637306,-0.72594618243737,-0.499424600131509,-0.450003549290607,-0.925521545085202,-0.812375496676613
0.18317765377777,0.00447856135569391,-0.301598888696981,-0.373135805772995,-0.684239714107343,-0.707884291464619,-1.53507527826313,-0.808380506677714,-2.14632644609377,-0.684587737486551,-0.637885289007029,-0.649363050578857,-0.516321663136638,-0.431600884645285,-0.831978378188577,-0.934759176607236
0.0798607649335634,0.00525034228860988,-0.441213486917462,-0.385088579675911,-0.812666139221423,-0.734534751486122,-1.72475044370293,-0.796522375764323,-2.40039164536767,-0.749847427591524,-0.917830220329047,-0.65099704034539,-0.491023612470059,-0.435476640391974,-0.88868179048802,-0.873731204207162
0.139095759045081,0.00639417929205739,-0.441758137505105,-0.362115207910107,-0.787930539443144,-0.729636596917646,-1.70821497146213,-0.887889585990072,-1.77188317996557,-0.64150955765411,-0.936797515535708,-0.682735793060077,-0.48814036863691,-0.413007330324972,-0.820875817629732,-0.873566991283574
0.140423990395219,0.00604904518553312,-0.228270737815383,-0.336748811059433,-0.718140774564953,-0.708725167619739,-1.7480684089446,-0.726004509543338,-1.59272837162225,-0.722837447223607,-0.644168941941171,-0.606174251755702,-0.478710926707866,-0.463072510215707,-0.835011335511507,-0.834208209000795
0.119969457473224,0.00448745601476505,-0.447566076151928,-0.36430087746805,-0.795763925872803,-0.794462401366461,-1.74923329764819,-0.883994992263828,-1.95549205611765,-0.592949015580066,-1.10818138350486,-0.644966947187098,-0.483236301270124,-0.462267860559197,-0.809231560425589,-0.939053675017941
0.165427770653935,-0.000535601997369893,-0.413757395502118,-0.382057565318955,-0.603454272349325,-0.715530608946498,-1.4719185212073,-0.787452340255247,-1.43852899566297,-0.614446976872191,-0.940435006620806,-0.628279811448208,-0.49182911269453,-0.430702063093431,-0.926715761079394,-0.892444356573026
0.0532804194567436,0.00509438275058032,-0.313640370098615,-0.368927653429559,-0.742548335738718,-0.752544009661586,-1.70549718166971,-0.868460907275164,-1.5452716233915,-0.858213844833207,-1.16185900956245,-0.605213067330893,-0.529680980654919,-0.41177455831515,-0.861779095806495,-0.818401023650607
0.24770344938109,-0.000209182328998776,-0.58429437306793,-0.382589520887035,-0.668960144571649,-0.823989392296869,-1.52066980044666,-0.739255666181974,-1.82459631173348,-0.616350181563447,-0.64216338464638,-0.566099990233775,-0.47013421160164,-0.470173575921955,-0.907418917064102,-0.723056819987462
0.194220090110613,0.00867529280392462,-0.319088451386781,-0.384214705444844,-0.741809852226024,-0.71519162634962,-1.573518924309,-0.738318328502056,-1.9208608909839,-0.680467376113091,-1.14663468424589,-0.67849880204793,-0.503835459435843,-0.430743105517101,-0.850344113491642,-0.920371198344241
0.192984663121533,0.00268053618570674,-0.422102316916477,-0.384595826907434,-0.663069292829344,-0.72633166574672,-1.65166688571079,-0.822192014263726,-1.75137334823823,-0.612950383127478,-0.821880578717253,-0.631583329039571,-0.472146997387336,-0.444026103224254,-0.838183295497085,-0.778890983473454
0.134548971818086,0.00336009142442981,-0.293247115493493,-0.379780674139108,-0.720552521138293,-0.830230017814331,-1.64922757185147,-0.776043100728238,-1.92919846136824,-0.635316424841546,-0.696928440893986,-0.581715691133761,-0.491102109517479,-0.436267199977738,-0.864601671679911,-0.845593064294249
0.202659109471188,0.00201394782723567,-0.29510162818707,-0.365166661774963,-0.739250281590775,-0.76145127651636,-1.62005156886721,-0.822922550039985,-2.05630299007028,-0.659137219922388,-0.689940611627763,-0.527003449735338,-0.449768289477931,-0.441053227897429,-0.928588009728066,-0.793590000211574
0.186919297910828,0.00680591931172094,-0.387082708491865,-0.36333989026741,-0.82355582321753,-0.719327512281607,-1.64487408555053,-0.834646068507078,-1.88610480118348,-0.734387966600332,-0.817492869700129,-0.550644872608901,-0.535239391837122,-0.447111183036338,-0.87430806239369,-0.996204439225749
0.224490324715882,0.00336247099020815,-0.300364151758021,-0.367354666611175,-0.665231154619755,-0.785919874907138,-1.5034121166872,-0.783223023545311,-1.65794146257415,-0.811375315764641,-0.993316145515354,-0.640598272369475,-0.495415764147236,-0.439652596147316,-0.763411351849967,-0.757302796680896
0.189630046088678,-0.000919462833219438,-0.345398592277988,-0.394944332881004,-0.706135915441451,-0.705880715968952,-1.8659523369785,-0.728646088003667,-1.70266743472346,-0.603553175811029,-0.967745182067009,-0.54799948395938,-0.464051695997117,-0.466940187769276,-0.881220437137168,-0.792652503525018
0.19850373435066,0.00340419589283429,-0.395052221259377,-0.374459918328147,-0.853471092982152,-0.770927086511922,-1.81838198168881,-0.806042396647168,-1.90913273381577,-0.763856532255479,-0.780296867818651,-0.686114295394188,-0.494716466398831,-0.44231262504731,-0.791430315377692,-0.851875910498147
0.180985684127502,0.00625698482226636,-0.440079415317335,-0.367873485721992,-0.778511188226047,-0.69245688417214,-1.73665704150668,-0.841912410934163,-2.06485857533048,-0.633432374353252,-1.09219110967184,-0.575118855782152,-0.478763175695482,-0.466756405867509,-0.849198473930123,-0.75990114859601
0.202770285122995,0.00432415578253658,-0.277543066143757,-0.369219726589874,-0.814426046589271,-0.781376723616727,-1.71354812260497,-0.805927388105973,-1.86768693196842,-0.717035548828127,-0.995556382140732,-0.583828228032445,-0.502830768897042,-0.429110921922429,-0.923158346424915,-0.892044135085495
0.0716922965148329,0.00567024994925684,-0.328457891548415,-0.367037575660616,-0.79163871529978,-0.761890611200305,-1.63290704885035,-0.762022253762407,-1.81793802062471,-0.698286874994005,-1.19063881019102,-0.600876787499237,-0.503995600287375,-0.464375239952465,-0.887418411125519,-0.776849814683422
0.156319008064857,-7.31372103336706e-05,-0.405006452877373,-0.345687332269618,-0.703312688140457,-0.774607474156511,-1.8326990909144,-0.799631281173651,-2.00137052299001,-0.605889934985078,-0.72133394467568,-0.619781276260311,-0.471150381705343,-0.397202806620588,-0.877209662192343,-0.730479124737415
0.29734107719512,-0.00242072838026818,-0.281504106641103,-0.345048165547161,-0.645206660094318,-0.752608226574382,-1.59602842671126,-0.840960062333906,-1.60214431642878,-0.717050324404238,-0.942684250300493,-0.596161519827952,-0.49591247768301,-0.41257814917177,-0.904615241808084,-0.810847651930448
0.0960695880363776,0.00550300532676332,-0.486981441862072,-0.371905909428716,-0.676388277423365,-0.778211367526077,-1.69895847219371,-0.776741520262778,-2.25581494751147,-0.619228501641176,-0.895551727347856,-0.616896898148936,-0.45069814504302,-0.397730272215054,-0.848692669228207,-0.835399288318455
0.130500235439405,0.00360753968521052,-0.266502328897565,-0.351817755108665,-0.723070250329962,-0.763201444553825,-1.61328235293855,-0.815733967475744,-1.94699993226768,-0.66077872954467,-0.82150648076407,-0.61044291513556,-0.485069613853542,-0.40946645052861,-0.980592845939419,-0.711619443263421
0.179258450935249,0.00429409311647756,-0.368003017265501,-0.397137736055561,-0.773260283660301,-0.736994668904203,-1.63966404458889,-0.794424006080715,-1.67334717786711,-0.677296907349724,-0.893692587928402,-0.630816859599089,-0.463938889080564,-0.425959604784534,-0.959809262003975,-0.728033597598781
0.212115478212554,0.00273571264693635,-0.333662576204744,-0.387657552945162,-0.782675443276461,-0.738011982368463,-1.89282308668467,-0.8234227276797,-1.69145833079725,-0.650294591299328,-0.676199128677948,-0.633603101019913,-0.495735147783556,-0.449023619555753,-0.863591224412136,-0.817382996103093
0.18080867803362,0.00283723801967279,-0.399965839849999,-0.398902312439416,-0.707044635865112,-0.747058464708132,-1.56113879327847,-0.825395268932414,-1.86382170663462,-0.627481151333387,-0.865432966907899,-0.63151498506905,-0.48678191094951,-0.460203711922347,-0.884983050823729,-0.710706904764152
0.0908891996581626,0.00531221597069153,-0.238579144304465,-0.368083879145364,-0.764625246939803,-0.771733975255103,-1.5587582022278,-0.880517100592812,-2.08463381396632,-0.771438860287286,-0.522881959474573,-0.669547473267926,-0.505799858344292,-0.440539685604759,-0.883689129160734,-0.816168937237739
0.164702249032803,0.00496380168186682,-0.22409667693288,-0.361232679735372,-0.837461214574501,-0.796876331049303,-1.47928023593689,-0.804556172793399,-1.85464870365716,-0.735097321228235,-1.03361249268096,-0.621839619174477,-0.50836300825412,-0.425947245517179,-0.920787364670323,-0.846203051574845
0.142969479177522,0.00137286592678225,-0.314054644439273,-0.348141511082626,-0.70934470607802,-0.750087403405547,-1.83671861603879,-0.80722751545648,-1.40211866083556,-0.631162996063572,-0.745721720867886,-0.686869481458561,-0.496256515972162,-0.434806580246101,-0.94393958120078,-0.891774696633134
0.129565566920845,0.00199227208221305,-0.337119495242322,-0.391984637690057,-0.652201772988039,-0.755314341515056,-1.64618741313616,-0.820177771022203,-2.17882301112254,-0.632293299862155,-0.842294544609345,-0.611281334027493,-0.480509842744394,-0.440246151753504,-0.935753570366973,-0.765432337131418
0.105246099853746,0.00497076671064486,-0.430904420146252,-0.370041195224971,-0.761664007975032,-0.783003832106551,-1.74901787968019,-0.687482199598811,-2.05694479317145,-0.713577930679042,-1.1779561849733,-0.585189795239534,-0.50394549665431,-0.463025754278422,-0.91524011236393,-0.869215042350263
0.153794442145685,0.00400269800434575,-0.305494701547341,-0.380043013204001,-0.715397127774544,-0.783576084250854,-1.78682991630489,-0.76813286267139,-1.6992580867166,-0.514473127490186,-0.982165868718611,-0.67279729363588,-0.46866287831304,-0.43473457503829,-0.94852104594419,-0.960729331666821
0.236741057493807,0.0035519115459958,-0.398270356417362,-0.349256779992519,-0.831894891844987,-0.799857275379399,-1.65679868632852,-0.758188754441487,-2.37248439767986,-0.802923501844084,-0.851315924233771,-0.637449514924828,-0.480916083965034,-0.448576168345874,-0.859005711180404,-0.835525246175054
0.205360487862403,0.00594257671738138,-0.415140885508608,-0.347478517644626,-0.872628931638371,-0.726024862802728,-1.80266216315846,-0.863083269177838,-1.86532550549608,-0.690650773014645,-0.852527875264312,-0.632731465966259,-0.510476626415001,-0.409793876108816,-0.917718407035881,-0.762563907492372
0.123307272468739,0.00515067874625204,-0.253539971676188,-0.396802968168847,-0.850154638522092,-0.7661578388147,-1.80422925494373,-0.840071551635867,-1.89956990794774,-0.706739099964482,-0.913248053128767,-0.622316744547339,-0.456186257024606,-0.418479707377701,-0.882953279197588,-0.811152780277169
0.0826132512513254,0.00807700867273146,-0.253218677350328,-0.394396210430452,-0.729937057487929,-0.772676835040746,-1.72723672366322,-0.800121113328001,-1.90154492248076,-0.541464938334869,-0.859775140516933,-0.52082317353496,-0.498133447833446,-0.398661502593234,-0.817397810295177,-0.8677529132211
0.344046093516032,-0.00238564924830095,-0.340813193519113,-0.35436559031836,-0.648682954247269,-0.759691058976307,-1.85906894769383,-0.730296410656399,-1.66907714403817,-0.602655195707688,-1.12386286502488,-0.509665334378717,-0.494319326951115,-0.445904829243095,-0.875611885848522,-0.900772714075144
0.228113220950169,-0.00163980446348564,-0.317351518273698,-0.39894206239182,-0.657934139655543,-0.715202068992082,-1.77179850989618,-0.788614471850561,-1.84692628854437,-0.670998980013846,-0.82136349391444,-0.667739435425508,-0.474084688217343,-0.418309526847923,-0.933888550439532,-0.785433212572541
0.15801007707965,0.000503147787470366,-0.410258479626045,-0.374869175020881,-0.6873209583251,-0.766051590431177,-1.66608754651882,-0.821528102860412,-1.67051170429055,-0.642992532938379,-1.28641930156006,-0.646883978621872,-0.450763587689154,-0.447818188748269,-0.885583989694825,-0.816832627013661
0.249812262967178,0.00540476158799903,-0.408228556172612,-0.381122657399528,-0.699882988386141,-0.762710368975502,-1.80869757960044,-0.756942394617585,-1.60299568040589,-0.663764090520127,-0.898506649045584,-0.601741504042872,-0.52742573718127,-0.464264334549864,-0.862735147878251,-0.801533527025459
0.224119359146831,-0.00217179981100291,-0.412684126747591,-0.403254416562456,-0.695883135392842,-0.739545416946292,-1.7195008769977,-0.87124740181256,-1.49784247098978,-0.471438224761147,-0.734140757580488,-0.614273620268421,-0.542566217958222,-0.401265368450281,-0.952794176784529,-0.773204568612832
0.156427250378144,0.00521555472853958,-0.267709299381889,-0.349583337735155,-0.79870394790368,-0.796858792267696,-1.50689705373682,-0.837906937667282,-1.31662473025737,-0.688533487938761,-0.785958314386462,-0.619876465987602,-0.47073034519223,-0.431464771690536,-0.822302568817818,-0.891518205221098
0.284593021830877,0.00564874536836186,-0.336166842618009,-0.379922493544982,-0.713809623957277,-0.76033327315082,-1.53066106685487,-0.825045666604435,-1.87881245177421,-0.627954749755573,-0.920228746265518,-0.475746359589924,-0.501342499269366,-0.45426341312653,-0.782551409905975,-0.871076706934787
0.0654951733779334,0.00204806897868029,-0.366629194368252,-0.399811964560246,-0.779735133551086,-0.767599092428233,-1.43150231779713,-0.860683859937585,-1.73572456528155,-0.651834409152101,-0.593352838215503,-0.64750660822546,-0.50282371597621,-0.454943632253507,-0.847062063695558,-0.711844836331878
0.260865950335147,-0.000470270525833652,-0.334287313944834,-0.369215663212479,-0.699957866659733,-0.772608319387378,-1.56855598641192,-0.68438414026889,-2.02147018921372,-0.477495598814238,-0.891133719703,-0.733552771532359,-0.499528657410539,-0.416564465270082,-0.911629469147003,-0.744496317994944
0.209797450061447,-0.00128415729139907,-0.409215294194417,-0.381595644704106,-0.686498811904914,-0.797933723501516,-1.8981197993409,-0.846832463685563,-1.49864484810734,-0.616436634464188,-0.779199875559041,-0.551533973368824,-0.494834102521673,-0.417764249833015,-0.889970782951195,-0.767580578031217
0.0759486621442419,0.00559458751338295,-0.468078000334093,-0.367139555530597,-0.758252364688985,-0.733577357687838,-1.68732297419268,-0.790691944614795,-1.4849776100543,-0.540402414154523,-0.918460059530456,-0.655276178121018,-0.483163827711968,-0.438394005744483,-0.813457919425234,-0.790927514526651
0.111736963013622,0.00219439569269823,-0.432028813042468,-0.402105278547337,-0.753492580498202,-0.763324435473383,-1.66287039904451,-0.825379665387783,-2.22317337771377,-0.719096527944468,-1.0528860553851,-0.585235876963583,-0.442880224046781,-0.448932036234686,-0.920662024884144,-0.761944208240833
0.21267823881092,0.00483864101167996,-0.335990716735137,-0.402313299872916,-0.747404129234389,-0.748950665500305,-1.7602682057948,-0.780756998522469,-1.3855886820627,-0.68530176008953,-0.9266183312786,-0.660723239673931,-0.471525391138019,-0.442833337077943,-0.860401933265239,-0.908847275061342
0.167056952917307,0.00773499283991499,-0.30851581112077,-0.374785594876542,-0.66435103726212,-0.741506349884681,-1.57051419615845,-0.925223504894037,-1.80442642800823,-0.667644964918138,-0.793230182425344,-0.616538654293247,-0.483768800405036,-0.410828108561171,-0.826860322410066,-0.777385325754748
0.192884070237611,0.00571584768525868,-0.350065501767404,-0.357997783687649,-0.717312525386639,-0.724319952932916,-1.78004920885964,-0.799565128738358,-1.84399703966199,-0.789979690703208,-1.0255610261763,-0.584917395881436,-0.508417903581369,-0.431275860800813,-0.895475590196815,-0.84108631462488
0.167280537242941,0.00466892611790729,-0.257174115176884,-0.37961637763406,-0.743212797410755,-0.749592877116195,-1.58710980066443,-0.823136569214487,-1.61236548287544,-0.671962759361638,-0.776696164599845,-0.577938411835831,-0.466549648044513,-0.426053849330076,-0.8172111962408,-0.830218089556712
0.203734928350458,-0.00209393844335068,-0.223970501744393,-0.384604667595393,-0.645375420729638,-0.742810275201047,-1.48737889931225,-0.786678857665578,-1.55154662916131,-0.558341178047908,-0.814876490561711,-0.673005830883655,-0.522827932281368,-0.426860247489285,-0.922642815995404,-0.768410050758129
0.220041478209194,-0.00090706830524618,-0.345323343315193,-0.372356197225245,-0.710617817355739,-0.73155867799328,-1.50240494425919,-0.885657406933763,-1.38331789081765,-0.705251030471228,-0.737538298584739,-0.57746114860764,-0.509690289602796,-0.436253124650663,-0.954096357001128,-0.917983110053358
0.0836118566123171,0.0109002505140003,-0.385422417562097,-0.369458349536098,-0.836227174911885,-0.828844092034418,-1.78705983454375,-0.838457716404678,-1.95237452427607,-0.584109801764402,-0.942673543515651,-0.557289181165163,-0.468259078265436,-0.423481657950266,-0.833496713034717,-0.769419821000634
0.150691718898786,0.0015805309281008,-0.321897966573014,-0.385174886044551,-0.770078898678487,-0.769027632666405,-1.58433236722529,-0.911767076656791,-1.75892130781715,-0.555540828982666,-1.22801759931013,-0.53362302021326,-0.492531881177487,-0.452516661369993,-0.888304944141113,-0.847041505538295
0.273001689575458,0.00308491502837437,-0.27722936498469,-0.356582382464352,-0.622313231776684,-0.73986724443949,-1.6764931272225,-0.811610738451288,-1.66873414721032,-0.642196934449535,-0.93152404095275,-0.586384196642502,-0.465764352222208,-0.430040792985426,-0.9286804360244,-0.896341861858337
0.192906989322574,0.00543862407738179,-0.333952176176481,-0.34241861012259,-0.649203387348559,-0.755365556740363,-1.78377006888551,-0.83767193262909,-1.9873680103304,-0.630760405338078,-0.889297537841519,-0.657045907547089,-0.472984075578572,-0.426770561291892,-0.837872015141377,-0.903881582880535
0.154618574333165,0.00383554081751005,-0.414192226924335,-0.370772310082294,-0.803479622048308,-0.747073126550618,-1.63945894480628,-0.776608305127789,-1.83112190668697,-0.640618739719218,-0.999799740194396,-0.526321278356591,-0.51980119433159,-0.413093697936881,-0.891800136085323,-0.907988974086251
0.127641681180069,0.00343272117796102,-0.264548633970648,-0.370795902170308,-0.615683800418069,-0.81090156725682,-1.4764256300794,-0.857501056342077,-1.69061190487399,-0.665041697017838,-0.833482623642779,-0.606699626774673,-0.477666767319191,-0.459554387584614,-0.871800312591492,-0.741008888799386
0.198168736440402,0.00354948013828352,-0.400292267182004,-0.378406289632224,-0.75144166362119,-0.794955287887077,-1.74708071850427,-0.758081057331757,-1.93269130107764,-0.685641974253139,-0.938281489834151,-0.646950573846615,-0.455541437350941,-0.409026486284833,-0.904108614016642,-0.848231284831766
0.254172618733507,0.00349635846739354,-0.386210481592061,-0.377878813028813,-0.775472045454602,-0.709263743553965,-1.81451423060474,-0.692811684941975,-1.47253576129159,-0.65111149480143,-0.676881101682883,-0.548548252575499,-0.499473537267431,-0.401792459853924,-0.832403174486449,-0.861548840456746
0.126981703089969,-0.000731990293853048,-0.278415153424888,-0.373998544678072,-0.776389719876192,-0.791644933601249,-1.74746075058324,-0.810809264360591,-1.44008236438149,-0.712441780370366,-0.781350769834554,-0.65688329357032,-0.485639380148285,-0.478119958076452,-0.797946708274364,-0.799722707494698
0.168655881844242,0.00741246361120257,-0.145737289968651,-0.364316326337673,-0.743061706983743,-0.751887518162469,-1.66936075969223,-0.788884403293918,-1.24205788771027,-0.614770499758013,-0.86523894279647,-0.643259274443211,-0.462599742719115,-0.458415899453947,-0.85961822513454,-0.857948162370327
0.0941339923327589,0.00762351714036323,-0.310718708467328,-0.34452054710414,-0.727074670590546,-0.755160789165286,-1.63151483661007,-0.8621049956979,-1.35284984566563,-0.65302883136377,-0.841776451913458,-0.493074673519333,-0.428233420026845,-0.407710458773319,-0.831236327680741,-0.807530329868194
-0.0283477135287072,0.0111458881358634,-0.262835175770035,-0.391561613382987,-0.831558718499327,-0.806928434190448,-1.68700933758339,-0.803477961316721,-1.5672315524071,-0.589780318832054,-0.877961636368123,-0.620681057421989,-0.536224970803231,-0.469537368976472,-0.932130559667399,-0.827148288678467
0.227885483088572,0.00252556715276424,-0.270027957244677,-0.347186712253398,-0.743540497419668,-0.799061921276227,-1.54925309459594,-0.851966351826252,-1.85187220356722,-0.595507807583274,-1.21010211433416,-0.609599103936365,-0.478085848290584,-0.455951437846408,-0.879697930539239,-0.774120249735576
0.14600302332826,0.0044919039112615,-0.221164194578166,-0.349272820168153,-0.755695571189472,-0.798359094673115,-1.60925774573261,-0.815604427126642,-1.83474614047973,-0.684847534857929,-1.07309494544158,-0.640243885581092,-0.4651412210465,-0.419660756115404,-0.894640871274806,-0.714873939232078
0.180720705702748,0.00366147274799475,-0.304071421251637,-0.378958844173413,-0.725659648714237,-0.752435503927038,-1.67808159478014,-0.812581124487579,-1.91539490012859,-0.619101857812603,-0.943074401706194,-0.655094088298942,-0.492676283070123,-0.451584634318633,-0.823001232259539,-0.81339308222623
0.164144078140794,-0.000367958763417981,-0.41546896100668,-0.375017772564428,-0.675746554001909,-0.780738914585356,-1.43996818210393,-0.780101781020779,-2.2900011406656,-0.571502309096756,-0.980813750628397,-0.610225047265292,-0.483638091965464,-0.456150384919165,-0.88352659806304,-0.734973490062867
0.206047543531076,0.000753701208216878,-0.332016286160795,-0.37668217061121,-0.658839886199014,-0.74973517049301,-1.65860313032464,-0.766564108133818,-2.01383966171545,-0.775563018310401,-0.79519616919358,-0.645941576616981,-0.499666437916665,-0.427040019697209,-0.819823428326836,-0.90170554582653
0.197006753237172,0.00355781570210677,-0.458813725911811,-0.369671115139341,-0.729874693892114,-0.753752781899483,-1.43308929013183,-0.7664553038907,-1.78590674128133,-0.625359797290908,-0.91380744613073,-0.63918514504593,-0.522990045813446,-0.425414636656169,-0.811269132739915,-0.814621146966776
0.13632397222577,0.00720657305102541,-0.443166537155132,-0.363158324698137,-0.799624060186464,-0.731032577247829,-1.76380863259697,-0.895020452914892,-1.5528063129781,-0.728381925552928,-0.685791503759182,-0.572354435287623,-0.475841769042663,-0.424687948085695,-0.851238159414876,-0.86128234839339
0.195523028353129,0.00452005964323858,-0.454009576554763,-0.392234192198964,-0.795824553752476,-0.683275285867313,-1.57440947496906,-0.745135346980549,-1.87045277677252,-0.751522279587098,-1.13074273934146,-0.635347137092789,-0.488381701426996,-0.401551188198788,-0.843982908102958,-0.803817200402909
0.236357549675858,-0.0017074098127699,-0.372489215283835,-0.335070270830887,-0.672092971682447,-0.758864089254088,-1.95946892033216,-0.828371500850769,-1.86552557775953,-0.674364119775647,-1.05261547492237,-0.64387120949107,-0.493613311338434,-0.442803895495313,-0.773426981222166,-0.712976287505451
0.11823188848409,0.00222865955942776,-0.173744927308792,-0.378229001191972,-0.717273103343615,-0.725512727571594,-1.87885950000483,-0.815999667506315,-1.5210951750144,-0.700802611651904,-0.877464917345209,-0.597101155582063,-0.456574146673682,-0.435414920965541,-0.831839103120826,-0.889869763355987
0.296191662507081,-0.00221034892391509,-0.207871333128823,-0.360977453275439,-0.698688253366495,-0.782532022081021,-1.86166686220644,-0.864303649425948,-1.83121861090329,-0.644167339524755,-0.808639663981647,-0.711189511165773,-0.467027851538121,-0.451293290510342,-0.802026775461094,-0.839995492315228
0.136152314077593,0.0113557303006426,-0.411090415378603,-0.383786277420515,-0.730802730369072,-0.790011724089443,-1.7950930207597,-0.734931680772342,-2.21833592958643,-0.570016180842267,-1.09369348910833,-0.570951271259475,-0.458489941264178,-0.412512395143541,-0.882356252305406,-0.895381899417706
0.16784456832615,0.00332162606360031,-0.291560793533644,-0.357549939367575,-0.67522175044599,-0.782838472530107,-1.46173751814084,-0.850754723427403,-1.57313094685407,-0.631821131488556,-1.1209120195167,-0.507409757235149,-0.477376829969749,-0.404461302660625,-0.860341450994741,-0.79006359049473
0.106405843741736,0.0035725657723933,-0.343775854524352,-0.377247707411651,-0.701025228293153,-0.774001316337857,-1.78734536405395,-0.863891566447069,-2.15965756343952,-0.723770834307317,-1.19744592990814,-0.622365593328639,-0.465968978906526,-0.454664652514351,-0.852699734830315,-0.88431540624526
0.104854222843531,0.00782376548326157,-0.400934791418157,-0.371575085091372,-0.734666937620565,-0.77489245002165,-1.72051291714873,-0.791308657269141,-1.46153602475167,-0.71698215876749,-0.963246753544166,-0.570741557676019,-0.458034438480744,-0.456039875946857,-0.891961660984201,-0.932017873967612
0.175547658403937,0.000818360126316648,-0.477697402458063,-0.359784502494023,-0.752038173910108,-0.777466401997202,-1.62767328427136,-0.815472116991624,-1.73885371463917,-0.706920955689158,-1.25067572772273,-0.565721208499075,-0.539110725788066,-0.422412640590093,-0.899036906091402,-0.801988406926065
0.0843879489465492,0.00523659440236622,-0.401475500697718,-0.34242454882281,-0.724959275778905,-0.764223268843824,-1.45301732649818,-0.814952931594716,-1.57755403447764,-0.674858160587252,-1.1854212195797,-0.620949643631461,-0.467452721235528,-0.452831807112276,-0.860079980523733,-0.772200971432361
0.311645776613242,-0.000406338798548566,-0.331022334498949,-0.404657357584512,-0.738357962878076,-0.778403794818785,-1.61261377766214,-0.758087868586992,-1.96979392769895,-0.711422017772243,-0.925690708618486,-0.628461645702254,-0.502771679282392,-0.439366544990548,-0.888917451263698,-0.768956822643475
0.11219241848416,0.0048120492302522,-0.135697999962334,-0.388947984469512,-0.779234929051353,-0.729412008524376,-1.72952025975169,-0.819472268165344,-1.88872901100879,-0.781136484761,-1.1548954896862,-0.659521552994161,-0.508598067106717,-0.470717660632712,-0.819645221595602,-0.781592221287555
0.119154326131051,0.00621465116860078,-0.306586303630758,-0.362535544863716,-0.681400879262159,-0.72978377462941,-1.68267396419677,-0.750413536147351,-1.72903854610487,-0.745447929139189,-0.803901945838182,-0.474910878240639,-0.503853699248873,-0.431823865266939,-0.827183057312021,-0.890353070119209
0.248759858987519,0.00440850539809232,-0.435294230674847,-0.342405533751272,-0.724140634801041,-0.767609867574525,-1.57468468254638,-0.841355027127783,-1.85856068092173,-0.729373015408598,-0.958887327010883,-0.578043134194723,-0.504504430222288,-0.40081418984336,-0.975125058756863,-0.869177924540108
0.266138482863074,0.00286461116672119,-0.400736808272231,-0.361819444893069,-0.657715651898116,-0.75893390148844,-1.70857995356449,-0.806090539558314,-1.82051455516507,-0.70518391731758,-1.01035124201493,-0.547179471201133,-0.514322737011249,-0.429562855145354,-0.945759121949759,-0.81664600210897
0.0619010344846491,0.0100162589122271,-0.303591119725207,-0.372278638542734,-0.841193867661967,-0.702266061807623,-1.75833115312663,-0.716342979898459,-1.83143076849823,-0.590633056313903,-0.9279623779698,-0.694215527055182,-0.461971412149445,-0.463811833467095,-0.829489519801366,-0.870886045337641
0.136957505531953,0.00267180076559189,-0.400123300366112,-0.398954611712735,-0.629559857535388,-0.748297462509325,-1.70397811002135,-0.820152560163623,-1.84134215854122,-0.680009126048795,-0.850543437382418,-0.684325367034372,-0.47584474135765,-0.4363261433416,-0.954940812416775,-0.79347958152108
0.150167276164572,-0.00117424249538379,-0.268380228315633,-0.358882912717883,-0.71825198017016,-0.751550944245761,-1.37849383766394,-0.846427254428128,-1.47354139484515,-0.643286529413335,-0.618728033409777,-0.592037778703743,-0.486551763693268,-0.414841087889918,-0.915400438252491,-0.861240634754807
0.164321320623576,0.00570763235329547,-0.21560398693042,-0.386476865846429,-0.853285615633335,-0.799860475157923,-1.65088446812345,-0.871740126889851,-1.57533584411843,-0.648196996536523,-1.19675321249509,-0.573148873053534,-0.479517611756392,-0.428506248555219,-0.90111296648833,-0.941348618046257
0.2311704820681,0.00330849062682031,-0.26526609443536,-0.395047254492318,-0.70740856480776,-0.788859503776384,-1.75521208327176,-0.89212810031695,-1.50001695088963,-0.682080364301107,-0.916701966849581,-0.587197442840813,-0.481343172579912,-0.423733650853798,-0.874801904744611,-0.747987633754091
0.129411677507622,0.00189614307400211,-0.385366740245152,-0.356778001330642,-0.690154676974154,-0.766058955560798,-1.59769449382832,-0.837879754861855,-1.49139082641515,-0.627020456508553,-0.724753403779881,-0.59884438172496,-0.45490480824562,-0.47556514663429,-0.840315852353148,-0.776629630589812
0.193726924294666,0.00603983193355223,-0.35611377823935,-0.348297313971317,-0.704422496874253,-0.833392745696987,-1.64604207836926,-0.775996428337586,-1.76883226150305,-0.660437136074817,-0.95769953344919,-0.630825191873274,-0.475044384098005,-0.41424654478133,-0.750705723038076,-0.876212085132235
0.103494160602775,0.00361029809215532,-0.377890614624766,-0.362113198319535,-0.805260458414042,-0.757165336427469,-1.57015420667199,-0.81391253014477,-1.76417761562042,-0.609903910943725,-0.852552500162952,-0.610919971269717,-0.489099533121191,-0.429659877194459,-0.88543406762144,-0.89221101820135
0.129797599173437,0.00431954826752159,-0.32525445978839,-0.38992071978383,-0.716422471053141,-0.797437182345301,-1.80364733430851,-0.748802146567691,-1.77925824724039,-0.768388628143204,-0.906400148047347,-0.63163833614704,-0.507594797875311,-0.418905278058474,-0.903180853603009,-0.78779539918898
0.189401594187691,0.00163908182119001,-0.316998077200675,-0.335392527136409,-0.720173184984903,-0.734266782563939,-1.61775902555623,-0.732836749570675,-1.33991471669811,-0.738362317836682,-0.687297120504813,-0.575818078002347,-0.493963206786736,-0.45355357001097,-0.910148602798429,-0.864095526689017
0.134910918883261,0.00693967658045484,-0.381179397319288,-0.362946068965946,-0.81077597348194,-0.826814798728568,-1.56689770317404,-0.749300273811996,-1.4559234765451,-0.558736461758975,-0.967417245282807,-0.667718817881495,-0.516311680343668,-0.439805000717133,-0.907889476386495,-0.78487042480231
0.095836565624894,0.00592384341778501,-0.224344889971972,-0.368410834371837,-0.717145369120483,-0.737744708798604,-1.54690488989709,-0.880245353685719,-1.61213530878059,-0.664424834729905,-1.07129235293795,-0.633490839841138,-0.445418254014811,-0.406395162616157,-0.860816495167883,-0.904072374567521
0.112459004432108,0.00524459521913177,-0.385588149199751,-0.355866264005558,-0.759608345505843,-0.747038691055603,-1.87346604713846,-0.737819869941944,-1.74133270332012,-0.766157486667699,-0.89994819195215,-0.573379929741178,-0.500175165595523,-0.469002308822151,-0.804688470066579,-0.87217933275913
0.172595753571429,0.000409704128791906,-0.253434708962138,-0.397915532074021,-0.702198106723427,-0.767424694484257,-1.59678510632533,-0.785156774294078,-1.29630041878259,-0.654185611226087,-1.1512483887339,-0.691806197381468,-0.496287796135026,-0.412140611920199,-0.808349181624914,-0.729641197952366
0.131253246896998,0.00170332732498342,-0.202851038121014,-0.369453137541638,-0.75118055406207,-0.736097104488209,-1.81179583558677,-0.891040755262342,-1.8552375651873,-0.718512503484803,-0.830557242582279,-0.589612364814271,-0.504094593001575,-0.434355236751205,-1.00149064273777,-0.713328488060113
0.177859907983131,0.00577137357097687,-0.27338635797365,-0.363645918604439,-0.599649013638998,-0.718484709493005,-1.60726184522305,-0.757470751501253,-1.67784638464328,-0.512219618559416,-0.827101348654809,-0.641139327438591,-0.487741540340099,-0.409088859820424,-0.871446058569006,-0.934350642408246
0.186801669762159,0.00251074069644282,-0.290684474322202,-0.343251513564081,-0.723757173798407,-0.745541504005236,-1.65951795391503,-0.733406532678953,-1.76756581476595,-0.671616383634169,-0.736214064601794,-0.598693518268082,-0.485094128340663,-0.436957135174972,-0.875750506152055,-0.759486258708685
0.221479050248756,0.0027893081217937,-0.429282485659518,-0.382673338202801,-0.699221376738784,-0.752269178411302,-1.88443187283697,-0.835742493482019,-2.05841890296179,-0.600973873939892,-0.729311713756168,-0.611549260465386,-0.498706184210332,-0.38647266570861,-0.867403170148523,-0.890221402453583
0.204871242166833,0.00379442332990745,-0.361496268385949,-0.385554132999085,-0.76864008538868,-0.780967438738645,-1.55231185220964,-0.785155831948082,-2.14032736767741,-0.637762590298092,-1.13249821106279,-0.56832611423664,-0.484986667797015,-0.40616510358077,-0.847935557210045,-0.879569227553539
0.0586337126601739,0.00428010553214046,-0.331706557506318,-0.392798545776904,-0.70275971264406,-0.791319559127682,-1.73050528854061,-0.843500426388415,-1.5738108141501,-0.698252591090414,-0.689691288117002,-0.657616347661546,-0.47150184509249,-0.474504556718582,-0.724212264665817,-0.981346876541338
0.175702975825525,0.00164133962420757,-0.377428256119508,-0.342886638906545,-0.742380699512363,-0.8233381382729,-1.91752781882316,-0.882991789849899,-1.77257765974721,-0.648766102085101,-1.09862676119994,-0.602218268190276,-0.551709515649967,-0.413770793197613,-0.869554439272074,-0.875365763292443
0.128254254068994,0.000526657870399645,-0.187929068449264,-0.367195005797773,-0.722354632299876,-0.730786036887834,-1.90601451366224,-0.829453026217472,-1.8026902863093,-0.838955891766335,-0.872869198924736,-0.59038161065426,-0.500462398449881,-0.486661064929036,-0.757109333349333,-0.86119843683817
0.126015356469812,0.00455849715844172,-0.325674763836144,-0.398562884714678,-0.694715526233337,-0.690675635099742,-1.70363778665762,-0.831682155306174,-2.00494569164167,-0.626615191980513,-0.832174377435484,-0.544034166664721,-0.461171246467067,-0.462556734465501,-0.790238862364053,-0.731006834295458
0.236445465811553,0.00379168944005047,-0.281551516225383,-0.403308867219621,-0.629177477441091,-0.782449333991894,-1.60150822259948,-0.799601039492897,-1.79482426112736,-0.533418830670023,-0.88102313404805,-0.633626272723399,-0.493159694496178,-0.429614285251416,-0.83962920438368,-0.843628902751644
0.0905195917265645,0.00591196757187326,-0.369620448670969,-0.392709426985667,-0.808123370631366,-0.786024503917753,-1.80248576663613,-0.817420505888719,-2.39526138790338,-0.670646219007385,-0.950464638171692,-0.623917010879736,-0.487146171937493,-0.433357785812406,-0.859461658622559,-0.906343121723789
0.185610187801612,0.00553897175638517,-0.44255506454252,-0.373207610479001,-0.764782910915705,-0.793801221382575,-1.61127361044253,-0.805712419239078,-2.60937598856346,-0.716481226032948,-0.808739528211349,-0.659768037553289,-0.477107605321382,-0.44831975595785,-0.932928306420763,-0.851640988415199
0.206009208819452,4.77542412314919e-06,-0.291962504869914,-0.37833436376404,-0.695928325353585,-0.752610196774061,-1.8003289510138,-0.743249347478167,-1.60071536533467,-0.650311115010457,-0.91641052582278,-0.531676245625694,-0.51390696180429,-0.464452180329863,-0.845511268709945,-0.689459063107522
0.177272277580513,0.00149816049745086,-0.300648408059882,-0.38287151600177,-0.696541707466297,-0.770097281534635,-1.66066313903576,-0.784923796269017,-1.32012752356262,-0.609717506683885,-0.875163121151639,-0.573292059579348,-0.516800271880381,-0.413152090196308,-0.85510412224874,-0.822501608567394
0.119924097518766,0.00444684313435295,-0.307963378140921,-0.373173914500698,-0.666560603659998,-0.713665308388268,-1.65466257590988,-0.830708471455971,-1.84209223525165,-0.665244975092158,-1.05615286191695,-0.553263511151103,-0.485280750624583,-0.417764346518948,-0.812725734851506,-0.868268583809592
0.211323635248431,0.00201548348056169,-0.385617280769427,-0.367437313519812,-0.69714592219513,-0.797262820682718,-1.78492173523533,-0.784509299947726,-1.72313747519147,-0.590968939068016,-0.777682942875241,-0.570337654518524,-0.476455991293524,-0.432226758793877,-0.83712376049199,-0.833861912341655
0.0922086280742493,0.00704242987245334,-0.321073129264608,-0.397788487030983,-0.733111127923555,-0.796403504252837,-1.59829059956595,-0.787148005418026,-1.85772443750272,-0.694467955343175,-1.01099629997308,-0.572779714527683,-0.534152752527002,-0.471486283486978,-0.829615265761729,-0.819099381711976
0.0706034639166457,0.00368379421420279,-0.300695334307376,-0.352114783585836,-0.775136652746546,-0.748289758468366,-1.51659218017816,-0.874970059135763,-1.64115768114128,-0.609631586147636,-1.06777593308361,-0.656487752368306,-0.464932472580817,-0.449481376252805,-0.829698315349776,-0.72860652967308
0.203449067832081,0.0002441442686254,-0.40677607508751,-0.376166835255309,-0.640574358788331,-0.791305676553585,-1.59593298105071,-0.84187845489995,-1.70860100714683,-0.598395409580513,-0.574261446166244,-0.642117234793389,-0.496646096778808,-0.440930187582223,-0.842669175114808,-0.839842390912888
0.155466419961312,0.00468790786157805,-0.322014919625035,-0.371806681114252,-0.821250183059917,-0.753698177514643,-1.68317836431907,-0.784104138568136,-1.62717980199988,-0.800045787272724,-1.01530420998909,-0.657713664906745,-0.492304594567253,-0.45618472291492,-0.975628397189652,-0.796834424775344
0.256819716122844,0.00522297383787115,-0.323187538770354,-0.383701461973754,-0.815086583432333,-0.738599739045975,-1.69887177573069,-0.765988366141207,-1.92590451060453,-0.666795976100121,-0.495665944641102,-0.710498868017782,-0.454608917087324,-0.397713694357605,-0.881837058544231,-0.839977949016475
0.215236127733761,0.00626289318868938,-0.451316277225741,-0.384647814956338,-0.803473298935311,-0.753904285332587,-1.40231247175458,-0.796559203712914,-1.70459892892871,-0.697701270569244,-0.945349081347369,-0.655215018377517,-0.500458999744096,-0.40101395364292,-0.908542264303003,-0.892792549098942
0.146959026311419,0.00901978317504269,-0.216961817251128,-0.383190088527552,-0.666821215564656,-0.733515944805094,-1.48160866833058,-0.758551008777012,-1.85728117350692,-0.622031977985387,-0.901870988498316,-0.638099047562023,-0.473862724145885,-0.433677236773562,-0.887813657082503,-0.861679498586523
0.154380133352633,0.00152146642860582,-0.323539278450015,-0.382423952167516,-0.75838105788761,-0.794251253558303,-1.97392491394988,-0.860949574638855,-1.8606891702603,-0.753316230120286,-0.862964852998907,-0.54743838796108,-0.524238678825668,-0.439198335876792,-0.9982362914925,-0.878336238956765
0.297316492872433,0.0018261015623457,-0.339328049727331,-0.366592923350952,-0.642730397329448,-0.786004239491603,-1.63061351378584,-0.825338313712372,-2.05501551133239,-0.617902320216254,-0.795103489533565,-0.609896689742428,-0.501359024690154,-0.408937296909567,-0.791929133136113,-0.975076578239431
0.27830786747891,-0.00185192229839143,-0.447409868125553,-0.389252403469205,-0.666200238228737,-0.800075301885749,-1.63321831281622,-0.782062053304139,-1.59560283233154,-0.682670253461264,-0.802026568886065,-0.6406906134527,-0.472193043648529,-0.409568449999492,-0.829287860075677,-0.764930912193596
0.247026689852432,0.00867798900514506,-0.234075255531256,-0.365073039104299,-0.67527817031628,-0.781905976070874,-1.52766989143933,-0.820563960565689,-1.9506174957235,-0.554743598433081,-0.871200787256787,-0.668119194837139,-0.486413385392907,-0.405575135378311,-0.940524910383329,-0.807422201625765
0.247320023650652,0.00373740534609458,-0.361280903174489,-0.354159074874025,-0.739927694890148,-0.808343441217036,-1.80639180779932,-0.836847547154032,-1.5282982189544,-0.801053461152204,-0.82043171325649,-0.508675271177253,-0.485126706976881,-0.418809300623909,-0.804492867322598,-0.940554482627074
0.202359198454162,0.00826216578555674,-0.38299987673103,-0.37567028447545,-0.780821336545471,-0.683844285119862,-1.71821422265596,-0.814312529610076,-1.28032833925952,-0.647628557159352,-0.949834461703277,-0.545675466686605,-0.498573922384642,-0.395531479527242,-0.850659357984233,-0.956083949447519
0.129495952822821,0.00722540043851604,-0.310918783608112,-0.373344561120386,-0.744745686019665,-0.759946947161189,-1.58499087519112,-0.885549621072093,-1.95919501697891,-0.663339245955714,-0.528316923513768,-0.574887417945102,-0.466749295919443,-0.437111009575464,-0.907694480549925,-0.809406636845923
0.08884382577566,0.00619662636585553,-0.21260470612716,-0.401639203408286,-0.809610524247856,-0.785178341547245,-1.58284729069516,-0.82897646591036,-1.6937882584305,-0.68391105121039,-0.984417581254372,-0.544935413069409,-0.476755470307866,-0.456493859470988,-0.92509372625703,-0.818303622456588
0.0223477143871111,0.00902800511601787,-0.302838651609281,-0.380316369699643,-0.815259804534962,-0.712429485221853,-1.72557421793837,-0.845032756094784,-1.87418191391223,-0.65007740463154,-0.847575342905263,-0.61937087826858,-0.502569418651999,-0.410005960467378,-0.816649035014086,-0.975588533350853
0.0417830968575863,0.00720948105237843,-0.267700799184387,-0.387549790515842,-0.85010424788885,-0.742260432815599,-1.81926607358822,-0.874234681117053,-1.78801576990729,-0.72364820679744,-1.11649013548139,-0.611895745004271,-0.502125105530415,-0.404237885621512,-0.780678556713271,-0.863773959151026
0.215571724391376,0.00235772014038464,-0.33860894045797,-0.400389856563419,-0.761061893059285,-0.838030937980689,-1.76617782317987,-0.721257601084119,-2.2922793673119,-0.786423377132484,-0.83854679172259,-0.598231184156757,-0.501394757111745,-0.455135343081069,-0.835971063094465,-0.917866298898102
0.228068639693118,0.0073285756819034,-0.285916986245145,-0.339880665901209,-0.798869373322586,-0.798939284297534,-1.61654059173005,-0.878308084563905,-1.52480780367849,-0.523449834033435,-0.849833856628246,-0.610479837810501,-0.471834542924402,-0.423991817122984,-0.842924736439687,-0.953299749479339
0.219542736404176,0.0026264803624363,-0.271558616852072,-0.400713893817644,-0.675461187040031,-0.732268645016082,-1.7537966911694,-0.833545476583713,-1.65558791783976,-0.595769687933864,-0.74982248035661,-0.514853711840578,-0.492645384866105,-0.452168520914267,-0.841860132741542,-0.789231354277551
0.0931230589159807,0.010740816366545,-0.339978355418007,-0.350993603740485,-0.846146651747751,-0.723505089282109,-1.89627078093319,-0.85083064041449,-1.48713386997665,-0.670614387324084,-0.644305207153766,-0.60712383328199,-0.512530855284144,-0.421306687081441,-0.820324635235798,-0.887010169977889
0.143033372064444,0.0035541777354007,-0.154761277525004,-0.396163076450192,-0.744387439646506,-0.754030722112514,-1.59232456898952,-0.908599911167401,-1.45796014000865,-0.785522300938389,-1.17777995116338,-0.605262738128269,-0.466362673016215,-0.431623583114321,-0.859678273691902,-0.925014232537734
0.12730426006352,0.00466412202172586,-0.289517975923854,-0.363052668375029,-0.651425692563998,-0.711882927823265,-1.67540056909324,-0.801192386378417,-1.98092510781122,-0.685404854257507,-1.13695083708863,-0.557476367907966,-0.456405378797228,-0.453954518013723,-0.88142124578166,-0.840356092991337
0.202801325184309,0.00195421830019034,-0.399618695847208,-0.370262491969191,-0.659593533581923,-0.766639220651875,-1.8285030370952,-0.86045888179307,-1.70245941646456,-0.826072049119238,-1.04169727061121,-0.501234435767761,-0.473838208145677,-0.474392555420616,-1.01381229933712,-0.811005573980035
0.171349320050958,0.00525654900144882,-0.43093318509778,-0.381964595928349,-0.825991654409745,-0.758661401650189,-1.57266661859347,-0.809740344040697,-1.64418527140149,-0.714341548754795,-0.839883757140589,-0.677175712914332,-0.46960309854384,-0.425770385790908,-0.926672782463911,-0.869554900941486
0.157146985183775,-0.000464161490839774,-0.230995212936141,-0.391420140888127,-0.741713877895184,-0.791451812121497,-1.67053218150635,-0.807414200666688,-1.66560702310594,-0.701817787419817,-0.944325736759353,-0.568528634827621,-0.501808015507007,-0.388736148915607,-0.844432960535249,-0.820802115838709
0.187747609390343,0.00617487654146262,-0.291618146131624,-0.390468760516653,-0.758631948168778,-0.779742996907043,-1.78599505704913,-0.861237859888307,-1.73067148754252,-0.643016239632733,-0.96798689497896,-0.54518756463199,-0.483891913780244,-0.432403492062375,-0.931705145066569,-0.910040220663274
0.166038752460544,-0.000203237175931476,-0.360813730829413,-0.405503830441384,-0.712426377376469,-0.769753872867075,-1.65709394500619,-0.761152136072582,-2.094055430315,-0.704941416263805,-0.955779536659773,-0.56124695732574,-0.525041722982747,-0.443852769601285,-0.916461009635944,-0.787765147981132
0.100866740794414,0.00587185789492924,-0.307414165991977,-0.374002987558123,-0.759808461184187,-0.775155962861621,-1.68334833363236,-0.812321764595472,-1.52597106716307,-0.594880686488316,-0.885638227102756,-0.578623312802185,-0.478671587333567,-0.429158924322262,-0.866711115386585,-0.848017153908636
0.119892584176172,0.00359975325859207,-0.37258504849245,-0.382778249353274,-0.733410930725008,-0.767765435856536,-1.71243521855212,-0.854259994008311,-1.51083615415938,-0.744204207818748,-0.915845597251762,-0.599130357227514,-0.5293498191321,-0.45045567830101,-0.886407456305221,-0.701238946284453
0.168467782809398,0.00430018240666463,-0.249583579235271,-0.335065084337997,-0.702268584648962,-0.71430011106342,-1.86400573112654,-0.8740017911924,-2.34071853931717,-0.827623062006664,-0.950831143733433,-0.635965355196918,-0.481179233460506,-0.438635171617294,-0.827986614200337,-0.808528837383312
0.13836556225448,0.00460709511359269,-0.336863035602201,-0.384227235683596,-0.796077976646389,-0.680753930969188,-1.86622651752978,-0.805394515518017,-1.82285365868924,-0.694117933521879,-1.33878594855255,-0.595542502794266,-0.486229116114212,-0.39304761241844,-0.828291106658927,-0.802656526926002
0.122254891251684,0.0129420922104808,-0.129144580362258,-0.371192562166185,-0.759203976076825,-0.731825792760447,-1.65536268139881,-0.829497054602041,-1.8909865865353,-0.667533979981623,-0.790709437661448,-0.697108943192737,-0.488896518960771,-0.457226045776764,-0.896128337539848,-0.793120704486148
0.0968041851541697,0.0079976457050239,-0.367519770945781,-0.373431430010948,-0.749731593162879,-0.720843920003692,-1.70037314731897,-0.815742292964301,-1.65274755513142,-0.608375919224856,-0.739488024876832,-0.536122666383595,-0.53221430767553,-0.422635842862281,-0.954779292070738,-0.713509772688705
0.298418802880413,0.00500780494758779,-0.32003177970858,-0.346791086708391,-0.679526501185536,-0.766669034480584,-1.73398435498413,-0.781697134844429,-1.34714141576701,-0.742399291974297,-0.975391005734257,-0.493923066639335,-0.500548211156474,-0.457944997669287,-0.851376145224804,-0.857241322916761
0.131635844333445,0.00367308062594617,-0.379584170664945,-0.35920911822202,-0.797337744783545,-0.816522876886293,-1.82015858914637,-0.887481268657706,-1.68411457062538,-0.634114540312612,-0.795472321498063,-0.652903697130874,-0.471652970922826,-0.43819536911223,-0.819732298914994,-0.753981385657378
0.102515260264783,0.00530913360216346,-0.310657498976587,-0.408585561174703,-0.78174306938427,-0.778394120928223,-1.83020567144949,-0.788214525753705,-1.49898824068373,-0.531362204624053,-1.08768840306648,-0.600575562713634,-0.514454634098964,-0.464850540733446,-0.753746630985101,-0.82385482329059
0.219588909674075,-0.000370526066239323,-0.332094112725039,-0.389744549896451,-0.704270414332273,-0.798111254103914,-1.83165955913544,-0.80349393136356,-1.48967405136816,-0.690542668803797,-0.920106798815679,-0.627963935531714,-0.45555125527796,-0.436761958914426,-0.8793445624856,-0.887794808750496
0.140115346034494,0.00418191509141511,-0.256955157862135,-0.35867843109102,-0.640345656922397,-0.723964085238603,-1.82835027649513,-0.753124548957263,-2.04750865307863,-0.5945845200683,-0.586226958217277,-0.618209467646377,-0.518116289439328,-0.446991977417485,-0.871598440066426,-0.899093667225868
0.151392670814767,0.00443894254923973,-0.211287116830191,-0.379559370063931,-0.665199751707732,-0.749424013108935,-1.58934570785849,-0.774929023617519,-1.57860840867193,-0.764305416825677,-0.823941936205421,-0.62038317718003,-0.501502503050109,-0.411702405810092,-0.753179337385385,-0.723084071196346
0.313899140459426,0.0046668744150264,-0.466701947058872,-0.383229766045728,-0.782864026921153,-0.727440434724712,-1.68322064152855,-0.84223305039479,-1.88365545137818,-0.592381120209358,-0.880540308170174,-0.560503240953042,-0.477499260824049,-0.397972171778928,-0.893787381712655,-0.866924966930572
0.207434916383784,0.00219645292460146,-0.261807505201956,-0.399765461077472,-0.729844465133821,-0.719007193459139,-1.62857349049746,-0.860407555157422,-1.82195750920807,-0.700316749567538,-1.06539888836236,-0.673528783500201,-0.52418720633649,-0.477484142495573,-0.869610865525832,-0.78742578648402
0.101362224451419,0.00707656414834186,-0.32385680588385,-0.393799001552292,-0.854575153156482,-0.737034243302715,-1.64854587090542,-0.781929072223818,-1.50762826341809,-0.678439618186877,-0.900101200051636,-0.662105896177706,-0.485826402560994,-0.443661543655623,-0.894768669138827,-0.815701473444861
0.148830410600931,0.00159398665171895,-0.44750654053813,-0.36682107954046,-0.737909930448635,-0.716744246845633,-1.70046880457433,-0.772241829683417,-1.87250287773875,-0.677014826075144,-0.819280894010768,-0.665544628158159,-0.460809438672683,-0.434112548893575,-0.831320716132716,-0.735061785808702
0.0571274353599707,0.00576366092343361,-0.285720247962996,-0.3939938015613,-0.785754997595953,-0.780626612681968,-1.59110897523945,-0.791529512312045,-1.8231410347093,-0.571878932628341,-0.977636788734668,-0.653814035615061,-0.50610822343938,-0.431755158692108,-0.870090399307969,-0.803624810335394
0.15357414314071,0.00587384281828938,-0.1614555179298,-0.36912303415469,-0.704587886766896,-0.725780865667042,-1.77895921327527,-0.827200213960807,-1.64634568146848,-0.70679363401311,-0.827845089262637,-0.607496019038682,-0.47219455212848,-0.437607838205475,-0.832005015210015,-0.84034904762989
0.171704781498348,0.00333694266097346,-0.471355487004626,-0.366170255847963,-0.767073282834623,-0.71480023643539,-1.50419783592907,-0.765808077702042,-1.9727265316653,-0.629729600837029,-0.737515320872415,-0.633855709200956,-0.516533363774852,-0.425871558099646,-0.738429627813381,-0.785250081878454
0.188681598738898,0.00453489665136968,-0.352389996579502,-0.372042318455713,-0.678030148930986,-0.675086362400617,-1.68790648621764,-0.84063330588371,-1.36264043300632,-0.765588986182993,-0.825958763027256,-0.690101326620846,-0.492806140400441,-0.421026750362538,-0.846402185965515,-0.754909904922113
0.22024684447836,0.00101812357064521,-0.366960055371257,-0.371081110317591,-0.657035299972868,-0.770368651404465,-1.88382948952164,-0.705569549941011,-1.99712731711238,-0.677016736154727,-0.669064047891671,-0.503511553007076,-0.46853045989686,-0.463883743413004,-0.881626227177182,-0.852181877167854
0.153920329636504,0.00484681536353285,-0.410624951661311,-0.33511703104891,-0.645001405266682,-0.723514135252276,-1.70556072348145,-0.723366232130985,-1.41423418948241,-0.67947032125584,-0.721962773133244,-0.609259616378921,-0.485676543348855,-0.420248117111948,-0.780172428609823,-0.773797367844024
0.151892592500968,0.00489885443419895,-0.316461034323955,-0.403324653455666,-0.739622859407679,-0.691853211960711,-1.65261625434523,-0.847319893078482,-1.59799862428509,-0.662075318595857,-0.810150857736152,-0.578491403659563,-0.498266230904307,-0.404279353731346,-0.861217850490503,-0.766619416107197
-0.00945521021491352,0.00722187488978694,-0.284310411766505,-0.359564711822679,-0.729576075359341,-0.76654883790884,-1.48206292054481,-0.760237466668302,-1.68799110815456,-0.655267448149679,-1.05186606029505,-0.570292189180204,-0.482355571398573,-0.44344245879399,-0.825702111010257,-0.881892665167103
0.284621056346288,0.00354558321167785,-0.367198200862415,-0.382453056227802,-0.742103114648016,-0.745033799969246,-1.73212395373587,-0.809943610954794,-1.5653312001196,-0.780081985566689,-0.856425290439254,-0.586748868561597,-0.468055985298537,-0.420218282046806,-0.882918580031898,-0.762195850569781
0.120735916694967,0.0036602405022096,-0.276542042870392,-0.346906154088584,-0.739994943115542,-0.790091542037764,-1.57079707530911,-0.797913296585324,-1.70664498895987,-0.652240338571143,-0.878935760251706,-0.635406072845426,-0.4785412034477,-0.397923791096596,-0.827212307759001,-0.810798081157167
0.13102649299503,0.00707301508622058,-0.316662079800082,-0.368129528632746,-0.668471331273323,-0.757698903599786,-1.62185124969002,-0.79847303708284,-1.73659561726002,-0.656302971501098,-0.88076312650506,-0.589335629279801,-0.51855675037556,-0.442627411524348,-0.866052008160642,-0.806796000461591
0.123331800069498,0.00856360849051296,-0.334327940699719,-0.365994450434658,-0.817661174865858,-0.764405244354468,-1.8082254307019,-0.769057208231347,-1.37496338708876,-0.62430045237682,-0.998882023576927,-0.576182723726841,-0.526614690668104,-0.428036059920539,-0.840850037722243,-0.86037835755213
0.196041195194703,0.0047516578512858,-0.288975805481194,-0.381925249856785,-0.673514868602686,-0.740387716610282,-1.63839715630375,-0.815174692514125,-1.80069585709604,-0.499277045442168,-0.834611784540356,-0.612422683850141,-0.487359944113806,-0.457307392536275,-0.917968405729863,-0.856102759362163
0.0938996432480828,0.00570361729928066,-0.418253114742841,-0.36133936973136,-0.751129323154307,-0.766603934846134,-1.68554054061849,-0.802549546798404,-1.47231709980581,-0.697853747055386,-0.998999781814484,-0.577396685739582,-0.499428735761015,-0.439242025110014,-0.883490478275821,-0.79948032318876
0.273599786677993,0.00589821577676802,-0.391977990423199,-0.363991075617377,-0.744954662896333,-0.762283986506899,-1.64700138953643,-0.716261825566433,-1.82316933262771,-0.597695851343869,-1.00650254412579,-0.568320680511546,-0.540251271534718,-0.438018503205944,-0.847971578910789,-0.757808295707772
0.143073183497473,0.00396437641772469,-0.385895208151143,-0.349421258593236,-0.726416281000871,-0.781043456628586,-1.69456755302947,-0.794137074852505,-1.73965668060093,-0.729700180080773,-0.850456882299545,-0.796477369372892,-0.474881379715624,-0.443644095996269,-0.76580017856169,-0.92383983349012
0.197558331261001,-0.00014826661902372,-0.467851772684202,-0.361869001850526,-0.767705570579936,-0.731371418172183,-1.58696039727848,-0.850511408313037,-1.47156731815728,-0.590584931562447,-1.19859940083965,-0.618798088829261,-0.480891373743537,-0.463702410581728,-0.869571669749396,-0.933615444967029
0.236358312585226,0.00253962453849667,-0.31087458683568,-0.356541096636827,-0.7663411197961,-0.733282614877396,-1.74785027927127,-0.813876104792767,-1.916490063431,-0.618696148699831,-0.954615126350752,-0.557900744220278,-0.511749077128438,-0.434713719329923,-0.794676961870473,-0.877041921330601
0.150201136934053,0.00880688815696995,-0.269555445617261,-0.354120891034444,-0.81826081138995,-0.794901919624274,-1.75598603779732,-0.760459772608094,-1.96274108188913,-0.539555949186353,-1.22734183015971,-0.567834660294524,-0.456497903460215,-0.447607057046501,-0.882047897768037,-1.03517375560688
0.190782719026595,0.00630560166869983,-0.465965060951293,-0.357029232182935,-0.838361090331698,-0.766442440539019,-1.61270244104312,-0.807438597206756,-1.71053680329926,-0.600896337350059,-0.692796495663391,-0.566417227729213,-0.498279150182247,-0.398165835056551,-0.861788534901866,-0.890219179174524
0.233494382978478,0.00353725982574102,-0.423610182282192,-0.399732289177737,-0.715239382400491,-0.714625915210829,-1.61984064605888,-0.855377380281564,-1.47427928164272,-0.507120416567163,-0.835538293103059,-0.664951057369161,-0.467163331211062,-0.430234630744904,-0.890851172366401,-0.895728943685504
0.0897036258948793,0.00884327241362511,-0.463891349846185,-0.383625375141641,-0.721673049552936,-0.700509278985061,-1.78645152711397,-0.845475143662402,-1.77001764913712,-0.679407928447113,-0.928770587790302,-0.611391341230524,-0.485279841168297,-0.445767517090464,-0.9421297687634,-0.819268899058403
0.262764450106766,0.00150818852233747,-0.314368914525644,-0.383305575872315,-0.628136365576132,-0.773236329327121,-1.62628718906838,-0.784415104428122,-1.2349378608511,-0.611744667169555,-0.769296602295558,-0.626432560522063,-0.482977691617774,-0.401837637341037,-0.832357392031037,-0.704556839174694
0.163050474652451,0.00489280164765424,-0.290179777116477,-0.374695203985682,-0.731098606017688,-0.706093856864366,-1.94476770579705,-0.669112742869012,-1.24377449971216,-0.73747388379542,-0.709940140009923,-0.565860992123328,-0.470641323867053,-0.408385461903982,-0.91466275928981,-0.788905893166205
0.201133662358716,0.00352525995018271,-0.344912490240768,-0.403204819466025,-0.633643218365633,-0.77047112329787,-1.61107834153057,-0.803928401816409,-2.09136557519348,-0.693923235753147,-0.846024632738576,-0.601025459682319,-0.497988167833261,-0.461927293559225,-0.844551317735124,-0.903944067057404
0.291625959825566,0.000912036485037326,-0.373003727845366,-0.366314513008735,-0.691307836393278,-0.784679181679343,-1.77872333045187,-0.873310187536696,-1.97403104275413,-0.653945063887353,-0.827286001217054,-0.651663530410477,-0.469943169147606,-0.444148097918998,-0.827286752593768,-0.700365844288654
0.223238898794874,0.00341261142990901,-0.267823715341288,-0.373849816777029,-0.678757798484761,-0.752529417843244,-1.76703892598266,-0.838806774672161,-1.73338067404309,-0.615641855697418,-0.986866558737732,-0.651815291710446,-0.479490944373911,-0.381462971169885,-0.784357857843335,-0.765424889735618
0.252875451505742,0.0044451880202515,-0.299803313577895,-0.352291567002701,-0.627439914609052,-0.725898469519676,-1.69540752710714,-0.728936932665435,-1.7761558277937,-0.800200477732158,-0.878129277454858,-0.585769466681942,-0.514377316317974,-0.413743794204568,-0.941227197287759,-0.768839728953036
0.127782191476636,0.00581981625671614,-0.373991171469667,-0.366656800952567,-0.77725311862845,-0.752719085751147,-1.58640994927321,-0.805533697108651,-1.68370071889644,-0.543322782291569,-1.18373348848507,-0.668429702242168,-0.497441979414837,-0.428455603531472,-0.893545949322521,-0.71846903288391
0.0713138510714386,0.00940453501534128,-0.457429247369586,-0.388361356971935,-0.699658938366613,-0.722127734346424,-1.59522569856666,-0.777289585304684,-2.32570374074501,-0.664162795805007,-0.947040452037279,-0.546567586100553,-0.444409631799079,-0.424467427828775,-0.808579747859461,-0.816025290177316
0.17622059971443,0.00527484953085928,-0.295601207599799,-0.35030406386623,-0.792500070155789,-0.806235742572266,-1.70020830923471,-0.794196498944275,-2.07688071385741,-0.487680276180987,-0.634030666451223,-0.58924135253651,-0.487681673567601,-0.444118196569806,-0.892165685863659,-0.715883091370087
0.0971108835426361,0.00462898743756676,-0.324882881085028,-0.374961408187818,-0.674605412143366,-0.73019562335905,-1.77424026066446,-0.824344081328676,-1.77680949853315,-0.602638793936463,-1.04213824755462,-0.578900504127779,-0.453191949607701,-0.434981512488058,-0.880372715648021,-0.74478665721636
0.100735454849584,0.0089180376419531,-0.272301129548137,-0.388891592221237,-0.86098350740771,-0.814070028335391,-1.71486480990776,-0.818660530164958,-2.35871037801267,-0.754624757441425,-0.769282420883429,-0.621398481850758,-0.472033702695108,-0.419860844805222,-0.911408988525488,-0.836336102748518
0.263475955493163,0.000854141556339596,-0.318957082242746,-0.371309659989808,-0.802318187798508,-0.742539370709796,-1.66220161672203,-0.895073682946005,-1.3271162766841,-0.695407796605224,-0.870994704292404,-0.593292268508982,-0.451717827980178,-0.441293210055272,-0.927081935293699,-0.819464211747961
0.174177816484879,0.00161712432450947,-0.316865931600603,-0.389652103837492,-0.784709050433545,-0.74824784243817,-1.65515619453954,-0.79176219143697,-1.46541822210332,-0.579484068988545,-0.992666754444294,-0.607079301669282,-0.437868606618847,-0.453022252970691,-0.825037496265195,-0.757601074060609
0.156761821600568,0.00284873040293642,-0.394984975193356,-0.391989528123208,-0.664033621560932,-0.706821560554871,-1.77189273634183,-0.882425197473859,-2.27649975318746,-0.637234616313294,-0.73663394123678,-0.522186507220574,-0.45633645073065,-0.415288125209228,-0.814371605090119,-0.704898927220593
0.137178959597429,-3.35247734642441e-07,-0.380402896972211,-0.360424848011447,-0.593623486228583,-0.744797638351832,-1.64430226504814,-0.754493450973078,-2.08328055566481,-0.700597265195225,-1.17923258397554,-0.603823347070531,-0.482298148507305,-0.419974122258296,-0.973631073528666,-0.691977975935396
0.273725500526127,-0.000329977579193117,-0.238862884050382,-0.38853667707215,-0.647709381059908,-0.716997461503816,-1.46195985749773,-0.837199492144139,-1.8257861135877,-0.718426025353615,-0.881648783760393,-0.539271069446067,-0.502822573163961,-0.45448688066426,-0.897693822216534,-0.743701349652177
0.231888427803048,0.00602769611553456,-0.18206824750952,-0.383476162371979,-0.688111388870136,-0.766850302884262,-1.75872692095785,-0.780936047794972,-1.43443730646662,-0.546847893320667,-0.731615579822431,-0.552508775127589,-0.442727406605411,-0.424104034438881,-0.761243096603342,-0.805485565426992
0.187071945876517,0.00512052621220647,-0.408079999901626,-0.359481870242073,-0.780624645056076,-0.750184213738375,-1.59756912149715,-0.843317997683257,-1.27304629680563,-0.733056507286165,-1.03517201287871,-0.648739642555577,-0.487080462314501,-0.450833058480728,-0.857852888697656,-0.821226913275466
0.317554191161739,0.000799355218662649,-0.307480568558677,-0.385261239750428,-0.727122587388813,-0.718307680235409,-1.5789425119465,-0.819066068678105,-1.73589547155992,-0.715085062684228,-0.705876062192874,-0.630595688978767,-0.438129495725664,-0.438114050407883,-0.862851504775065,-0.932600468560538
0.0442774869617535,0.00617433339657976,-0.363053039483959,-0.347415134272791,-0.78633177344882,-0.767444223351724,-1.99512810847646,-0.822969064874387,-1.64433874281464,-0.455419657482733,-1.0297315891105,-0.550962395615744,-0.475523225021499,-0.443883186892661,-0.832228690717315,-0.710292186484089
0.0924929517851214,0.00526174089190685,-0.427653826658219,-0.369814108848922,-0.745971154617237,-0.771488212466925,-1.69166255024091,-0.823645058283949,-1.78256506951941,-0.652733144097534,-1.10696658225712,-0.556829231125806,-0.49316862440201,-0.447513333910875,-0.810016099012664,-0.914614275083126
0.240080479449804,0.00462948731604163,-0.38265245239135,-0.369812031546322,-0.689250037720486,-0.757504915078712,-1.46703190294033,-0.804793693748613,-2.21268294531035,-0.579299885599075,-0.62389347386663,-0.512438854546431,-0.449215990142277,-0.438210686675809,-0.769065049481176,-0.825415809111992
0.076467752957778,0.00723276872324466,-0.381321951731499,-0.361373499561962,-0.697224267758925,-0.774031256336825,-1.88058683259998,-0.802604440887579,-1.61003250142201,-0.562850643958606,-0.988258332205907,-0.550442064760882,-0.475753005927027,-0.421253822984927,-0.771613364405452,-0.757841288303065
0.0552206379148204,0.00757365374978278,-0.315349040003173,-0.341553960228311,-0.746982455043505,-0.770462786632824,-1.58539338018253,-0.895098886882456,-1.96186943716728,-0.64657363487429,-0.950607720325643,-0.529717087601428,-0.483373733965828,-0.428910035034683,-0.891638217335851,-0.813552305220375
0.0230395358346213,0.00346387775125196,-0.273714386708372,-0.381017618649382,-0.757884910905295,-0.717028368957763,-1.69633427889926,-0.823636448453555,-1.89659475599263,-0.505475771762899,-0.708447996233137,-0.654928419326407,-0.486928195465385,-0.45745444164378,-0.896985083546179,-0.918937244513604
0.303961587219646,0.00215105871676604,-0.358891952402082,-0.369022948224928,-0.676743673823393,-0.765636890351764,-1.99139958419816,-0.783336165612912,-1.38217454565273,-0.569172637041801,-1.03978975517314,-0.527003382448768,-0.494056750739909,-0.413620506580809,-0.889406649200663,-0.923154950540014
0.139801879451774,0.00169499085585847,-0.309818965275549,-0.360789491315984,-0.673821507977556,-0.720304616456223,-1.73981097097409,-0.735407770014032,-1.48270912431891,-0.550538985162136,-0.934017175039003,-0.699556200496113,-0.462065077923755,-0.468919969752487,-0.965578583105475,-0.82486094723475
0.149845145213243,0.00522639274831522,-0.358130064670841,-0.38850742884984,-0.687021501663283,-0.850181205437122,-1.72571924407383,-0.790855713006665,-1.69866686040213,-0.707776316115319,-0.755480209055724,-0.603770585011943,-0.538136253532164,-0.439980733349023,-0.86610030366088,-0.832800802139415
0.23732649298034,0.00614497566568491,-0.365835475412006,-0.379074080071421,-0.760796032600876,-0.778923741420882,-1.8926898987189,-0.840668360763576,-1.7937262509399,-0.599722622256718,-1.1238171926227,-0.522539579214983,-0.506626907221776,-0.423428617337322,-0.834309329453365,-0.875078730984977
0.129540518824556,0.00445289025565233,-0.35407020491703,-0.342981052726998,-0.732588000258157,-0.742837392708413,-1.65984528711358,-0.791144856003378,-2.17296551685098,-0.643973966600096,-0.595967471032914,-0.703451228607474,-0.474791509824173,-0.41085150198737,-0.846288017364814,-0.915532842851114
0.210833622813005,0.00081012296983522,-0.269236680778181,-0.366984549607202,-0.754039055929187,-0.780626025900839,-1.82133592813689,-0.760561505298103,-1.67626591476958,-0.686528067010619,-1.19102695733227,-0.617440796651368,-0.485441632455992,-0.386131129385706,-0.896402071805666,-0.815123540192187
0.25029318507787,0.00119489990879695,-0.298681814390253,-0.377620851786616,-0.707600762282084,-0.702332695773326,-1.72361703592498,-0.821821429725236,-1.47090353224947,-0.661506346970367,-0.816369872802618,-0.570731222726644,-0.468837158891681,-0.412550556555983,-0.760762689800102,-0.912741616729917
0.27555901390825,0.00368957199274203,-0.43700222546651,-0.373080180083315,-0.795214590824799,-0.757682405136478,-1.65079510448891,-0.829422442716076,-2.03397656559062,-0.668083194904196,-0.793113523668225,-0.69513211837958,-0.505296004563543,-0.39743414996317,-0.957923132447771,-0.816266314879028
0.0102449001975182,0.00399687351995259,-0.375628673088163,-0.397735683731841,-0.67034563862166,-0.769596774875277,-1.47358196783503,-0.83642732252265,-1.95679195840275,-0.597028195112902,-0.955083345518454,-0.573439369126948,-0.43019697932441,-0.416048838510729,-0.845189446473434,-0.800128027889927
0.164042378431068,0.00577449284784132,-0.330411531159246,-0.39168019491626,-0.776348614628903,-0.78093687947191,-1.53654683099842,-0.847873380406916,-1.77843362057891,-0.609473257185312,-0.729180660649338,-0.626236525115363,-0.560291695094664,-0.435718000989919,-0.901873168203088,-0.749197261223177
0.0395065471619153,0.00340603827689803,-0.396059866599171,-0.375626559065931,-0.685033800746789,-0.777094606441951,-1.6488577278802,-0.908438413062248,-1.64392043300369,-0.557952457666113,-0.946442190517825,-0.584939047732058,-0.501566526225388,-0.45224987620138,-0.89090979079372,-0.799756191571517
0.220747741544532,-0.000722327542248938,-0.3440944213344,-0.36687883447332,-0.717629320537346,-0.754950618327962,-1.7697983142844,-0.865975799681861,-1.57458646454024,-0.540143725190312,-1.06483433946216,-0.675938850753245,-0.505331596507201,-0.42746854158668,-0.912209758004382,-0.790455456043848
0.13364144484325,0.00323759162631838,-0.245888831613501,-0.389326284534133,-0.722508576596252,-0.746155383761395,-1.74111380765644,-0.869195331574022,-1.84304432481907,-0.638638188903163,-0.886157920553906,-0.704308838254974,-0.532237084784,-0.445842291835605,-0.833076167698357,-0.800112527077396
0.223413372095833,0.00122678195082623,-0.436839135730636,-0.393245482226034,-0.650372878961953,-0.804756129153038,-1.77826975497382,-0.708639086970324,-1.93967396089881,-0.662906074348192,-0.841321612999831,-0.623277614685357,-0.511098615114013,-0.436764066487329,-0.835416108698015,-0.761887546382338
0.229406000683025,0.00406710908125281,-0.195561158221879,-0.405549128859197,-0.770403959794263,-0.783049823657255,-1.70995013947828,-0.842446312532716,-1.91189472330379,-0.709380100462348,-1.1315323464632,-0.60243386368168,-0.499397759958609,-0.436720049044278,-0.877422558277875,-0.88462372524423
0.0840629542134817,0.00259837973132598,-0.238085676056812,-0.347270216608142,-0.717384327682772,-0.809197904574035,-1.5472825909897,-0.908108389606735,-1.51346823438336,-0.598379508370859,-0.829178473949236,-0.616424452062615,-0.46842966777863,-0.43192718096313,-0.867128203634244,-0.855574126947316
0.0712248745810607,0.0094887040654592,-0.296441456962381,-0.346194746047997,-0.752006300941969,-0.752659834667737,-1.64267044481224,-0.753888290872614,-1.6806333269952,-0.780890636801934,-1.07697696602197,-0.515693736128341,-0.480591130543397,-0.432848226182041,-0.807792469660853,-0.893580418347979
0.180022830584571,0.00584388543554376,-0.408796932552231,-0.372042470963717,-0.661639568647741,-0.815013409957694,-1.83526490493046,-0.873886883220961,-1.35628933312232,-0.601663587748942,-0.992083180821374,-0.636836937470032,-0.450827531841055,-0.427386571050232,-0.809177015107162,-0.770939575983548
0.140558710662122,0.00340364193682702,-0.277036456483755,-0.385114772836921,-0.686707343245132,-0.759965055801257,-1.53007991404904,-0.776235706322954,-2.05112053574902,-0.663502234593769,-0.685433036285075,-0.624482715593528,-0.507881906751554,-0.432981377937872,-0.858932564705869,-0.749183988029746
0.240868200343326,0.00754730467723013,-0.415180227889939,-0.361486299295299,-0.782543300483801,-0.719462764256533,-1.52401394273777,-0.802343114969096,-2.00218029902704,-0.685782772846064,-0.924551680559471,-0.587811097298775,-0.478387901791106,-0.370711502351816,-0.82433628129961,-0.888651715212994
0.250301203189796,0.00140235155289207,-0.250993078160067,-0.366014116129683,-0.759717414426601,-0.756008421802678,-1.73171782891088,-0.930496406201919,-1.38731485602859,-0.570354745807635,-1.06350550622713,-0.573030009556141,-0.528768158018465,-0.435940301848401,-0.819804157698335,-0.851350061736587
0.223564544977305,0.00526800309793951,-0.403017604078301,-0.362270340512353,-0.758489982405742,-0.764042549628745,-1.75128512292274,-0.770062589708278,-1.84304156573381,-0.591335539118251,-0.589937670125434,-0.491657354344539,-0.42604536577217,-0.400924922295323,-0.943597660219919,-0.867305327491161
0.105085905176796,0.00344917989919094,-0.519439416295182,-0.404486799745435,-0.677126002675832,-0.745300650345272,-1.40516493713442,-0.87036320756163,-1.9026958244741,-0.698022235594328,-1.08454007608031,-0.52791677743656,-0.515285438056203,-0.448422969395315,-0.856581734305476,-0.869519711909703
0.0893453989630914,0.00824276965236701,-0.320578036698978,-0.383537879710102,-0.742270129285583,-0.742996822955027,-1.88119845638766,-0.76429696329519,-1.54768694382923,-0.781473254184757,-1.19239786247434,-0.602781425842148,-0.448274363352078,-0.425124887629515,-0.82442170091753,-0.923457428124518
0.153548283618088,0.00380983639297619,-0.334858972513882,-0.378574380608503,-0.710182583006026,-0.811554611746856,-1.68873770225123,-0.808465925787453,-1.70033366328374,-0.73997073454916,-1.07526917537217,-0.63065498167356,-0.504939363272229,-0.441130941692492,-0.896965980080747,-0.802152476868843
0.211138296051541,0.00283236151517005,-0.374898594358507,-0.389610855707237,-0.686939695808831,-0.76311824591371,-1.85275049062075,-0.749016821643748,-1.8071788547341,-0.728898223446029,-1.01887066726756,-0.538250218996378,-0.468967636562789,-0.475727849754144,-0.970300565271967,-0.849195069894473
0.218459978706484,0.000485152473372796,-0.278779550039322,-0.355504737611343,-0.621203300749249,-0.844362281386993,-1.45870801382307,-0.805600685181879,-1.52102077729648,-0.699626908793156,-0.934108073448039,-0.598560475611093,-0.47046011255583,-0.419702646213257,-0.859430451368165,-0.876282811992909
0.145310229534242,0.00232709481929037,-0.421345215910639,-0.36672057018386,-0.633276842156182,-0.712523352537598,-1.76682531052502,-0.691566281117956,-1.54907786325083,-0.629792995858311,-0.893058704767751,-0.605408638614289,-0.441474890115071,-0.44344014909971,-0.852225476350139,-0.754276813020085
0.156827654059072,0.00591831343566333,-0.331271220338027,-0.37180817319816,-0.644550878020437,-0.70884018146931,-1.69103741199356,-0.773997164633792,-1.74612121838129,-0.715566107450976,-0.821758631715318,-0.578274373975116,-0.499955841990986,-0.384438403930482,-0.887304922106057,-0.807727829278879
0.115719169312922,0.00457701610636812,-0.264177630744595,-0.378033267748084,-0.803579689807661,-0.708283637082985,-1.66122246158864,-0.761144071773104,-1.64170237373845,-0.802951812860518,-0.931446330058926,-0.656580880598101,-0.461823359885207,-0.42529613701423,-0.825564222713939,-0.802431075784244
0.259119099728939,0.00030199909731044,-0.257263857386376,-0.368860683216081,-0.682928212942112,-0.755686232326508,-1.80881529990722,-0.841011298416292,-1.3695753172926,-0.592081433323152,-0.929444850659924,-0.617889344299052,-0.497616340124951,-0.438054625331609,-0.839303574367574,-0.782166338942239
0.0931147169540438,0.00499955045113499,-0.313614864274518,-0.374023476243143,-0.769046797581688,-0.715669223295707,-1.48440532896317,-0.766870776176615,-1.55013586869071,-0.733910825408636,-1.02103477602438,-0.631479019254616,-0.494360919099758,-0.418922564995884,-0.985949922959095,-0.764728208828953
0.129222536457172,0.00542778014822281,-0.329561990480263,-0.373291165706512,-0.71676139451402,-0.742332822091127,-1.62898020855961,-0.834486542881836,-1.64896812974777,-0.627792834211331,-1.12265291167597,-0.631396409933068,-0.495835446747451,-0.450235880211153,-0.950667450132789,-0.896657929201906
0.115231447286902,0.0038137025994563,-0.273748080231918,-0.364927963878115,-0.687836481684047,-0.720394656900155,-1.56849265038867,-0.840600021010155,-1.78011704479595,-0.729633611161291,-0.791986855742897,-0.688394112454295,-0.457614610767733,-0.413691286131893,-0.987919681784408,-0.818356498769965
0.159728210619169,0.00386762256904478,-0.340297755607631,-0.377797833308991,-0.81386126295376,-0.732092051865886,-1.68793938876861,-0.786197234180122,-1.97166623636429,-0.635437916132727,-0.857547763566219,-0.63925521931755,-0.464622959040212,-0.428688937277075,-0.925256762432204,-0.828363512267424
0.245203041525757,4.78728886900807e-05,-0.489048165349245,-0.403309487177467,-0.717540994341639,-0.789743424145865,-1.61788789666234,-0.728733357189477,-1.70255246548713,-0.690160781798599,-0.888504317592426,-0.593621067403078,-0.443078587399036,-0.446377928814768,-0.8828648210203,-0.738714320555283
0.275388092648857,0.00245200656707803,-0.389490637939867,-0.375249785833221,-0.739070637529205,-0.747536527350799,-1.69481489414034,-0.804841727796213,-2.08520722379659,-0.545305858278176,-0.914761211029327,-0.632966491826941,-0.545999567496597,-0.441246461458861,-0.793322145387891,-0.848400943435402
0.21689846586582,0.00214391371106931,-0.340994639106522,-0.378437812455095,-0.817092800685303,-0.771580383982615,-1.72422188690204,-0.805802645512223,-1.92220843603133,-0.727481290155285,-0.623241044731983,-0.6148286648786,-0.468582350365221,-0.431092010999321,-0.958374045596268,-0.860146309159802
0.0857814057024539,0.00657684885610419,-0.306659331737078,-0.372235674686107,-0.890039098155333,-0.759990882973254,-1.77292088578126,-0.792216953909175,-1.58835956039683,-0.73691679430456,-0.662710893847387,-0.581235132122719,-0.50807524786034,-0.428126882429778,-0.869784295758055,-0.89867378053
0.224076047245179,-0.000780582697207073,-0.217031461469124,-0.382866503022494,-0.755355702097134,-0.735661897166989,-1.58949739659112,-0.791543994930437,-1.48615174882091,-0.492236185991665,-1.15165565421858,-0.574707940020477,-0.502350974248411,-0.436066584388027,-0.887104822348165,-0.790132868447773
0.255387358353525,-0.000240426958246035,-0.318839699049114,-0.364167416603586,-0.733326168076047,-0.752304405866476,-1.75553237709562,-0.820492054669191,-1.81928079829108,-0.554503561498809,-1.35658603137007,-0.495698381404775,-0.510131288908403,-0.408516600705047,-0.830380259865499,-0.806040223657733
0.0425840621001388,0.00458562575363002,-0.398097419830588,-0.378917598327004,-0.657192970243662,-0.774313813805863,-1.67123014126175,-0.872750806199243,-1.17467552630266,-0.682886429702223,-0.996979580201115,-0.630848938024392,-0.505811015296173,-0.464199746192361,-0.795302617398685,-0.7684136379315
0.114334672042082,0.00474241545424867,-0.35640354557374,-0.387080334304888,-0.834366095390992,-0.77772579539375,-1.50858521316771,-0.741835327773996,-1.92208736575139,-0.671390128886403,-0.881795410568746,-0.562385861092922,-0.511910689828331,-0.443248284978954,-0.957433588316046,-0.909567409559473
0.15487879644654,0.00499170280304977,-0.388955910734819,-0.409394090662826,-0.791925117874391,-0.704013559680891,-1.49694286549774,-0.868026142203476,-2.0370281057059,-0.621034984086035,-0.939418145228971,-0.55183459956417,-0.516620281803181,-0.437762859872336,-0.948469502837452,-0.939786352259008
0.123708730274451,0.00611906864457261,-0.405655023982681,-0.350185478965217,-0.701749934330088,-0.751734333313656,-1.54158966434284,-0.92190550839573,-1.93632656896475,-0.5447647832749,-0.852286875134423,-0.573749230976261,-0.44431439484202,-0.477173145520614,-0.774855148912275,-0.805226474403498
0.177580289218274,0.0040339616555242,-0.426058454161394,-0.381810976180487,-0.62806789203412,-0.809820795520135,-1.60569903400214,-0.840108180097333,-1.68286650209073,-0.557402231095834,-1.14609445055442,-0.661291756018273,-0.482266289273404,-0.425295628900524,-0.925085031737815,-0.80392136362604
0.197043720674948,0.00191930679913602,-0.347576620794975,-0.363602707159285,-0.748213666621414,-0.731485374769248,-1.76334310100436,-0.851428913477887,-1.43782330521378,-0.735122885802406,-1.25981714592441,-0.625794189861247,-0.504421907008195,-0.456620621066316,-0.869744673141061,-0.77916920696591
0.182890930668465,0.00496233442759219,-0.343438162696379,-0.374261922560391,-0.703447012396011,-0.800019337811267,-1.72822975739217,-0.794418108526717,-1.5512544663665,-0.67185136750164,-1.19975617170567,-0.5147247335203,-0.469971778403287,-0.458033057853833,-0.838942964671946,-0.854426051525761
0.254767282075751,-0.00242458324586703,-0.301102173151444,-0.349298101392386,-0.659366758131869,-0.755167525634195,-1.85246353023737,-0.712017718053675,-1.4176422841625,-0.786977619215169,-0.893496261586737,-0.608112585803987,-0.475591742706293,-0.454309281188822,-0.886020372089985,-0.716445620734684
0.234370610178927,0.00317305002400554,-0.215982783690208,-0.369481875001208,-0.660859734691666,-0.778390669318812,-1.60574706205487,-0.76956981933122,-2.02836838005818,-0.623820564228926,-1.1235163976715,-0.655942409705447,-0.463320368293805,-0.458143884085358,-0.819304916030439,-0.917640056221455
0.283659206893875,0.000493068898300622,-0.309998913352342,-0.368011480759605,-0.75172488751871,-0.80993787016083,-1.588218026457,-0.819009240069273,-1.45869716744619,-0.656116660120297,-0.925688784331871,-0.596374896895891,-0.508980596047778,-0.437853542941702,-0.812328346069712,-0.823854353666579
0.223364402282326,0.00320091028613199,-0.229329260504361,-0.358690337624713,-0.73542704250985,-0.786665592960793,-1.67368254324284,-0.753089415592684,-1.18493944420153,-0.577745923216182,-0.96820423559974,-0.685070165671206,-0.493195638240559,-0.440289742405267,-0.900482640736645,-0.902099104177581
0.195560834431504,0.00383292858683884,-0.369531409297968,-0.36500541198149,-0.70130649581333,-0.748499016082495,-1.68786055947696,-0.807367702857378,-1.75460444959896,-0.705601286685027,-0.794177553163529,-0.560764399753772,-0.500903505171024,-0.442381319320653,-0.89582147798837,-0.852143840006784
0.229760762230639,0.00309248244644919,-0.442705899740113,-0.366296438835492,-0.707361642505973,-0.755515419480262,-1.67624014262329,-0.806581601617145,-1.94923578680075,-0.610823955400845,-1.01157104528398,-0.594138563644334,-0.515152042484046,-0.437477091163898,-0.780157863684384,-0.820863268114547
0.182614372514292,0.00231381787851996,-0.28188072251058,-0.397890191480714,-0.70849674782255,-0.781855870305586,-1.83218266472673,-0.839085154855795,-1.63018649948005,-0.659506110794281,-1.22600000690027,-0.667866693709148,-0.454518209370329,-0.380410524584866,-0.858779279114964,-0.831729745962841
0.120252891176079,0.00327109561361103,-0.302856821567618,-0.362168915467689,-0.763165406162357,-0.705418799584891,-1.60632452300004,-0.78013060671173,-0.80475971068494,-0.655437458494328,-0.698404896280478,-0.69104524228885,-0.4976128237566,-0.417370970076342,-0.873956707425118,-0.794740159212061
0.105617234524248,0.0079637231024187,-0.310562971772407,-0.364689679334568,-0.790185710523514,-0.736958668795133,-1.74335972057545,-0.78639412796207,-1.59328194268263,-0.55086187714481,-0.635226561191744,-0.632811333730614,-0.480861374410806,-0.441332918687887,-0.907448533641841,-0.879075378913175
0.234439192584202,0.00166633188624791,-0.418038267327942,-0.332097457115684,-0.73724568850066,-0.711219392572063,-1.5812895217703,-0.825281270333234,-2.0488858169015,-0.706583971086747,-1.0280910229246,-0.575908704229948,-0.465200413020234,-0.427607775500705,-0.830160653656851,-0.76218512065362
0.148854881096663,0.00553254278379701,-0.324327322020883,-0.357094651509945,-0.690414483455568,-0.73339562839219,-1.55080215097918,-0.871175986129788,-1.67549103101394,-0.668820870398808,-1.16898322949926,-0.654623019923565,-0.482957360151666,-0.470746840212237,-0.804069494258376,-0.8265156659756
0.148709611022653,0.00746878645193149,-0.351074765463286,-0.342005012804539,-0.777346240328863,-0.701550371084739,-1.6875861341196,-0.80895924251668,-1.63532247689577,-0.61843337758514,-0.766438020673911,-0.546034566678601,-0.485067689613696,-0.467502919078874,-0.785764568373147,-0.814534449882219
0.147341136245465,0.00903599595843229,-0.336154971504129,-0.370953052727487,-0.769955774833621,-0.794389472139642,-1.75235721173347,-0.782213033983285,-1.39697089589259,-0.693610366408975,-1.05899585966884,-0.647271693593391,-0.473931533468272,-0.424692938264502,-0.856904252597243,-0.95244281025941
0.0457539175408912,0.0116862630918922,-0.302910147029109,-0.363833644494757,-0.761959391848182,-0.71987229836789,-1.5996287342229,-0.710738448163373,-1.92442935859709,-0.561425375214012,-0.778744949007873,-0.580372450427967,-0.452460843060457,-0.45879989776912,-0.839032551280989,-0.864720060125464
0.218379453197855,0.00154486884726366,-0.282237579066765,-0.373936555039464,-0.694602972009004,-0.781666583303708,-1.89057305469513,-0.804142789199399,-1.79003221354958,-0.63468090982216,-0.916583418018963,-0.565486574238395,-0.514795236871697,-0.417118701275214,-1.02993030872851,-0.867604167299693
0.0488018585804633,0.00546725672150911,-0.27051750294602,-0.377538344881031,-0.812248936151133,-0.722392326243205,-1.62550205576704,-0.802621063121598,-2.18856752120389,-0.712223384909089,-0.709205920371288,-0.66246940117654,-0.484604624016094,-0.425030551017791,-0.903835325532954,-0.839148197934587
0.217628014956793,0.00118224528238405,-0.346202368693839,-0.365543817795339,-0.733117382975506,-0.744659755963724,-1.59548035962222,-0.767218738085987,-1.62581173379845,-0.711918649608404,-0.846527533805317,-0.692670479106841,-0.472572266594156,-0.43100795209569,-0.870538914390265,-0.851966775997998
0.190886593644542,0.0059535551568271,-0.248388139733763,-0.339577469280813,-0.700995945708274,-0.760590146456828,-1.66549799725404,-0.82614752486526,-2.00880084757748,-0.723660208354161,-1.02914165232141,-0.503607587343241,-0.470270499731894,-0.436143250137191,-0.897183204563449,-1.01301598176863
0.200447204547734,0.00288598367460326,-0.293337566535225,-0.372085976073386,-0.663787297108393,-0.779071459325328,-1.75094951889116,-0.788467391769523,-1.95501977350349,-0.61448313193476,-0.78221260632043,-0.626867664477192,-0.486417399872837,-0.469174293961858,-0.750969294916107,-0.768634274518152
0.23148647897218,0.00284039760712447,-0.361927788609024,-0.350693879206854,-0.763798509692603,-0.70556048845559,-1.5244289348063,-0.808902903712429,-1.62282500212684,-0.676568842414747,-0.807226445077978,-0.624594149218458,-0.459786071428392,-0.426990108298657,-0.904230517705133,-0.804503163736182
0.0254312947754336,0.0025796514964022,-0.308588474704595,-0.345485571756962,-0.665224105691732,-0.742110192444703,-1.82352301646164,-0.788150995540483,-1.92632043859253,-0.673829807598282,-0.982789827880804,-0.585431686533501,-0.496090082010532,-0.41693638771544,-0.804536239698048,-0.763217254193773
0.16378754064751,0.00178423836776322,-0.321853964817035,-0.38576836363982,-0.712146868876887,-0.723457432106476,-1.62810656850797,-0.958800629123525,-1.82036786475937,-0.640782332713497,-0.841913346406803,-0.622708353242394,-0.502978430494175,-0.438725510555142,-0.892290205747,-0.9075701522382
0.104862261085617,0.00623690992914177,-0.32739878992664,-0.369830625386704,-0.742653570487006,-0.773536765691306,-1.66995827803801,-0.711942218594642,-1.8514799093111,-0.789865326005015,-1.00920279455389,-0.546864136561807,-0.492383559895133,-0.465179251853585,-0.858716361275829,-0.752660166389719
0.153540212597936,0.00431229306559274,-0.274022031256626,-0.37758948844737,-0.641494023490146,-0.77017366317193,-1.72100402245054,-0.842278577081862,-1.87977762046326,-0.57881549147204,-0.73827714246212,-0.573422845215237,-0.514058033261264,-0.441430378723539,-0.915676082026816,-0.777659103207761
0.233728688783129,0.00312264257085826,-0.412531480280078,-0.366774684334775,-0.599146234177393,-0.761373200522329,-1.60547105381215,-0.770844990158643,-1.66491836560871,-0.596601553942337,-0.718559728247625,-0.624587793780282,-0.441247717654993,-0.426878010267333,-0.768458923810569,-0.813588231746053
0.132591938700703,0.00764791104823153,-0.437288343507567,-0.376237071898045,-0.769379392112322,-0.757340171158328,-1.79621100435054,-0.784014074015498,-1.73065571448355,-0.449615919039818,-0.743800732226889,-0.608398207657831,-0.498598576840526,-0.423876907167915,-0.890323529500276,-0.860031237291745
0.104423274304632,0.00309767645540447,-0.353207518299022,-0.396224505859119,-0.662792364496394,-0.804301200695042,-1.59276864762448,-0.803021424019563,-1.68321304374612,-0.647304474383088,-0.813301212675463,-0.550360726465565,-0.552115406377186,-0.454795983326507,-0.82632193890732,-0.837845189535487
0.0668723338495483,0.0040627052623188,-0.503451167324185,-0.405810290346343,-0.692956951439802,-0.802328533016399,-1.66644584143122,-0.802027480713221,-1.25711609702598,-0.726315237791084,-0.776857322883396,-0.532878677190328,-0.493793492926542,-0.409433661755549,-0.819701412898419,-0.827130193530569
0.167118945786508,-0.00158972413720581,-0.368106249590668,-0.396616084851545,-0.583447814183709,-0.778759980222234,-1.86549199877769,-0.739442966546682,-1.55440764242982,-0.618287108395331,-0.893411769091537,-0.565654515251207,-0.456658605788818,-0.429155619817216,-0.831182926768027,-0.799307395277969
0.19038477766781,0.00216806228784203,-0.420799142129697,-0.387967359236274,-0.727035817087646,-0.738705535608994,-1.62488950152133,-0.903368292536536,-1.40115346217914,-0.770491552034555,-1.05294622163096,-0.713645531451309,-0.499640297260714,-0.45614988285835,-0.815283267218978,-0.928356002011102
0.153589326203714,0.00744907864143686,-0.233963130461395,-0.3618061277233,-0.79854823486216,-0.761793927058741,-1.49020907668517,-0.812709165673266,-1.90809866083999,-0.540889593416704,-0.875710064941433,-0.572107006416994,-0.474584473854165,-0.422166691478437,-0.84536661254245,-0.924603782051295
0.168006344420705,0.00439277880123081,-0.309530108549565,-0.402436433707014,-0.781285003847708,-0.735746955829439,-1.6631083437229,-0.792861910987004,-1.80023986672825,-0.798428885314868,-1.07426096677516,-0.594882925306723,-0.498672206699318,-0.416518581175358,-0.9334324518836,-0.872578652864565
0.114021381375428,0.00713524830753308,-0.235530879657271,-0.357286419443189,-0.789495490445602,-0.736336966464867,-1.64441964513204,-0.761457909741328,-1.54013575183711,-0.742666891197974,-0.906777258531952,-0.663240519608215,-0.457675188729713,-0.447311509303106,-0.995757292230977,-0.829920963766764
0.217638045052087,0.0035271208800745,-0.419704023412315,-0.383229071089427,-0.708396827681801,-0.701594889806182,-1.59979430464844,-0.748426461841088,-1.69184725095898,-0.556150946696745,-1.02799343723209,-0.650764743205929,-0.514758348864919,-0.458180645636421,-0.87526258822711,-0.863520518168205
0.303824577395289,0.00167606085492777,-0.253988222613703,-0.38440576499998,-0.671800228369352,-0.748669428603056,-1.69619636077453,-0.831442589033801,-1.5816557883822,-0.750482429405719,-0.97669598103271,-0.665665012644652,-0.522770331571962,-0.453495306763861,-0.707677901471893,-0.819726788822338
0.16226229919778,0.00508725125960973,-0.275505071028188,-0.404489103828649,-0.830471252870046,-0.709819721885529,-1.67877010640692,-0.845595503116587,-1.87914882087756,-0.738819409838013,-0.893663282413807,-0.593980428696937,-0.43887273604833,-0.43768703940807,-0.847979805193305,-0.874566097077107
0.142333511724983,0.0050190449796658,-0.369912340125964,-0.353210052699196,-0.743065159677086,-0.745655336121971,-1.65945181684947,-0.788067305701352,-1.77447047797262,-0.751065649031025,-0.994029201041639,-0.578020256213595,-0.46885526982454,-0.395102239520595,-0.849746119765005,-0.892364065848766
0.109282417617105,0.00692440312185375,-0.505132519558661,-0.399047772006261,-0.808707667514136,-0.72136334512442,-1.81619916270033,-0.867148843599068,-1.51666703071627,-0.752796659719843,-0.744570805218697,-0.513754787410204,-0.481632900373415,-0.426055282929154,-0.846122837344071,-0.810869754717658
0.0674233128457376,-0.000375344090596108,-0.191660628200319,-0.370254695259666,-0.679817397119054,-0.79542177953651,-1.71461892008696,-0.731797614777207,-1.46417839724197,-0.847858183375009,-1.08534098099972,-0.702564927380686,-0.476439123829835,-0.429325761799555,-0.931423355349491,-0.538848456523462
0.155832497726313,0.00599715174699763,-0.377757018708122,-0.366600724302793,-0.808674092279449,-0.740566593530599,-1.72443873432249,-0.907613242407002,-1.91848294284786,-0.683760145999622,-0.83206983451675,-0.537428828268515,-0.479883770401298,-0.425523775026296,-0.913977831548122,-0.79725488577395
0.216874870792206,0.0040340654488568,-0.392332238111635,-0.363732330574559,-0.734416067553186,-0.682167791622555,-1.72888748200951,-0.790836322381313,-1.54689994335915,-0.68596103405695,-0.675833247656476,-0.599047369508604,-0.483505923450325,-0.428042155846323,-0.93929315123239,-0.875052607491898
0.16159830084077,0.00332901979804861,-0.311499523094973,-0.372121174288568,-0.705173325108462,-0.745021811817396,-1.76183455787331,-0.676084455580955,-2.06167899538543,-0.666339894884383,-0.87514129464269,-0.590060396222275,-0.476334621904189,-0.400591995290806,-0.904974298162526,-0.807861754673953
0.168147037516337,0.00385903719388723,-0.351972705255589,-0.380093660028701,-0.77639735674023,-0.710570780695751,-1.73102128824133,-0.829102075407831,-1.47186556502482,-0.735368951126047,-1.16006329148666,-0.553840727204307,-0.473954275903229,-0.416073236494997,-0.836422485696409,-0.833299097622286
0.0739669059103513,0.00293636874710804,-0.44772037600134,-0.361777534474519,-0.708478977560244,-0.648120639707283,-1.80216530858436,-0.911051645005683,-2.23902422831112,-0.613889641559248,-1.12811074565926,-0.613307291439352,-0.486346348958491,-0.442311633141169,-0.841196154909206,-0.878742880851354
0.103845709566256,0.0039889804334904,-0.232958546957171,-0.372585587239527,-0.811352705752595,-0.801839242545089,-1.77562879918001,-0.809477593636583,-1.68041010947644,-0.564713847385319,-0.83264772002665,-0.610519962700784,-0.483028931741634,-0.442985427814922,-0.88200583331595,-0.790782291761049
0.257993810457696,0.000348165844644643,-0.302640703005827,-0.352713879564522,-0.77546025237608,-0.796031804368097,-1.60413228521993,-0.858575766813327,-1.81901142773197,-0.77798261198037,-0.857922458866674,-0.613305463838939,-0.482644001040086,-0.418522140941621,-0.929334010156166,-0.808019335208265
0.22179533374156,0.00541925295754552,-0.152412728566556,-0.422120808921418,-0.647174365298912,-0.767775952753769,-1.58967447207308,-0.827128786784718,-1.47493574242927,-0.775816442099599,-1.07403983587809,-0.612311615717128,-0.482046229985158,-0.432119585580541,-0.955008240451197,-0.812150870129647
0.11028821881885,0.00622357642112433,-0.277934130576532,-0.376874626516868,-0.732783615620089,-0.718295040132781,-1.60655942639844,-0.715939545949005,-1.1704883563842,-0.672629416135538,-0.814513419460909,-0.526586083922365,-0.493243535189158,-0.458697181648269,-0.71126010113007,-0.797299985608439
0.183800629107687,0.00328526167038814,-0.133821795628369,-0.375864600152407,-0.701890784150062,-0.763870952234273,-1.48484685332706,-0.831466303340191,-2.19286924277412,-0.580196615505428,-0.832518953465899,-0.556691705197452,-0.455084812978086,-0.403313270930817,-0.810886398694256,-0.830232484785298
0.223219720993124,0.00388981011031957,-0.269787989140016,-0.420624248236415,-0.707807709734264,-0.795508016957016,-1.53136070524702,-0.807240439352042,-1.88915476605822,-0.621642140224433,-1.08067127593191,-0.54944497362337,-0.477463914933287,-0.437212418964035,-0.923226388170589,-0.849811787485154
0.100876954543942,0.00721579606690004,-0.45894850498359,-0.391065955050655,-0.835999549623666,-0.719528249770017,-1.80661038655928,-0.778735800937992,-1.74981793389209,-0.554853051737971,-0.70977544216268,-0.65644223640454,-0.499511176645567,-0.47412397584669,-0.871151378465865,-0.811436465688721
0.0233190262062843,0.00824827375104186,-0.294104584623476,-0.373381707655372,-0.812839088582739,-0.720004681138963,-1.68326248671424,-0.878077476820079,-2.05424212845605,-0.755145128467327,-0.891306888625467,-0.652980776591225,-0.521063353721649,-0.472687281535088,-0.839598941652,-0.75379841496038
0.159673549644953,0.00573330245719364,-0.359431756806589,-0.356973120033111,-0.850468036365086,-0.785738520723852,-1.52642609884482,-0.808662842229417,-1.72317672523276,-0.593575193666538,-0.77012830694563,-0.626228762008488,-0.506701145893051,-0.414036222211835,-0.859355547366972,-0.77852320769435
-0.0226505381804762,0.00621217157207354,-0.247777537856094,-0.387314208262225,-0.814108619206046,-0.773809911037332,-1.82841791521405,-0.808506202940311,-1.42624578661086,-0.764524525834524,-0.82426960052256,-0.718072854031891,-0.473877512640434,-0.428810224209776,-0.826394386673886,-0.760598602635786
0.0637426250341733,0.00299994802581578,-0.229237789307599,-0.364849623288292,-0.716046463178824,-0.758794248178395,-1.81345384531519,-0.771776269869486,-1.67903542143363,-0.709854383341425,-0.939544061948469,-0.61403897355615,-0.481266198572721,-0.448971696433367,-0.770078874370111,-0.807736964459142
0.189536759663352,0.00384480921264319,-0.32841380977562,-0.401711720488036,-0.818551190608122,-0.799754215279317,-1.67816591548488,-0.840935706009586,-1.70766872813747,-0.605684510105719,-1.14964894949896,-0.714074951831151,-0.483896672556981,-0.450216078795084,-0.841398853855059,-0.834355274239998
0.290425826720607,0.00114508226785962,-0.191785263344819,-0.375253840393822,-0.665239824635497,-0.701627471237603,-1.67258179112934,-0.795688105440452,-1.70235023605419,-0.644299619404783,-0.968373906198635,-0.548496667357695,-0.476238453946631,-0.438470947888863,-0.770091367048219,-0.98966185205932
0.267688279335796,0.0037093812619051,-0.413555813847122,-0.380686905694921,-0.743230088822102,-0.717570994466647,-1.61289992643709,-0.799007287774366,-1.32388637622361,-0.481411646883746,-0.620696872940249,-0.577883103044964,-0.479615074686936,-0.4308268471604,-0.945414629586407,-0.892695383710096
0.24145789923347,0.00181974591673604,-0.320210067799315,-0.353202957213093,-0.644336284791971,-0.71535504299712,-1.54721369297918,-0.923963152101591,-1.97163084999193,-0.684176948089523,-0.957835386737164,-0.660940167668449,-0.484114676737172,-0.441054551217424,-0.922987541573718,-0.852274562727515
0.261537389717365,0.000366194204201421,-0.215879387727817,-0.343225346668215,-0.648911195392622,-0.766281069702215,-1.71208809598428,-0.840972425083791,-1.41470425914905,-0.655854775320967,-0.834577377569208,-0.525704314354024,-0.510468068269123,-0.431786071613348,-0.877867675217649,-0.759974752006464
0.131457067901031,0.00466121545876144,-0.352862715589822,-0.370079168541868,-0.795472185292935,-0.809022343908974,-1.66371621511768,-0.647517151040268,-2.38609093855194,-0.642871888208303,-0.908358593618617,-0.67476068856705,-0.468349715670685,-0.432801265397864,-0.794468949021147,-0.9273475364336
0.0671821002161393,0.00303233123870008,-0.454379521320315,-0.352460850977151,-0.731065922628243,-0.774070096633422,-1.65366647776475,-0.852559939823998,-1.93368894019886,-0.717786509289478,-0.873155274996588,-0.544268089364161,-0.462549468384062,-0.42310479402643,-0.77233325443956,-0.805811778605907
0.273315530688882,0.00498976428313515,-0.385819636036816,-0.391998093218147,-0.903217116926421,-0.787737881969977,-1.67955471500296,-0.785439502737097,-1.86128090225639,-0.667395476193536,-1.11284971203337,-0.609133162990611,-0.479643542701767,-0.482671854865273,-0.848172823899622,-0.854315937526435
0.214690913503663,0.00660891775258719,-0.367083102631306,-0.376377494141083,-0.7056209808261,-0.774460141889329,-1.738901874589,-0.884702059550414,-1.65681967674943,-0.576598356339872,-0.94625699925859,-0.551418705045661,-0.503394906648799,-0.427781010049839,-0.858032511494856,-0.846001933108501
0.126181826126198,0.00691823387870868,-0.329257120463328,-0.35706581078413,-0.774729808231485,-0.809706982566747,-1.5977095739502,-0.832093495447267,-1.95069255595316,-0.481439922860212,-0.955898463675408,-0.645915735933934,-0.498141426760782,-0.430953349847189,-0.90041420682172,-0.684335597946437
0.17433519503867,0.00785537920923161,-0.331716301526503,-0.375283006618024,-0.793737147720199,-0.755091141637417,-1.63565684913267,-0.817339832555674,-1.60948597647528,-0.735575223995136,-0.52574619949127,-0.520955424760561,-0.459200486702525,-0.468570286113757,-0.864286417659769,-0.881553965052632
0.119005567498972,0.00454842918519587,-0.383195992363497,-0.362224547656416,-0.752152295023506,-0.735393016685099,-1.55408629774433,-0.700255227503539,-1.7307801527582,-0.566310204493569,-0.878042056271135,-0.501033219109055,-0.485712978968145,-0.424338266267368,-0.893122154553341,-0.847345193171653
0.162019092472349,0.00226988139978474,-0.413857414452623,-0.386660889089733,-0.73164946383377,-0.801462456368796,-1.82432683518075,-0.890884453488699,-1.66827282645393,-0.523807983701944,-0.826639273057198,-0.628292214397801,-0.491309019108668,-0.422472180484071,-0.844834289081406,-0.783181893818331
0.21664777623098,0.00458735385818791,-0.23542233144004,-0.382231101818536,-0.786333682452971,-0.810501230189408,-1.66205167246566,-0.700211252921497,-1.63801535336502,-0.639426859337334,-1.3709641989884,-0.643651210841811,-0.494850384547152,-0.423519497187456,-0.883722416056499,-0.904520711285333
0.107330638196775,0.00708330261249292,-0.190435410189926,-0.37524753419675,-0.703992899557607,-0.717876932097378,-1.72568174193745,-0.822786253829569,-2.27144533071398,-0.602610846337456,-0.887238165102846,-0.574090002949547,-0.484947909403301,-0.437667708442611,-0.801791783932789,-0.875840169718618
0.179230611526416,0.00704671884935762,-0.282465347190712,-0.379564213123629,-0.797090943797793,-0.783550850886568,-1.75169358108168,-0.784539779758209,-1.76507053803132,-0.74625663034255,-0.840329924560457,-0.545840724710134,-0.445549691201832,-0.404708376975483,-0.787279643543179,-0.96135374772446
0.287331061982103,0.00040984766401882,-0.403065472192161,-0.37526891789095,-0.69836455256563,-0.742419024525282,-1.7164723322464,-0.76657586853696,-1.99343693404622,-0.678260921414961,-0.665280604157065,-0.611602042114753,-0.485878408648459,-0.421710092322381,-0.991260942984755,-0.778079947400674
0.24417924554061,0.00227120792842251,-0.332326830142732,-0.361262644940957,-0.720450671457277,-0.765484445059753,-1.61532783506575,-0.726198036504279,-1.77385732197025,-0.700552523123416,-0.910295686270146,-0.568410633513702,-0.454104354274606,-0.435245810472204,-0.809486806334587,-0.749856136628613
0.139459011627118,0.00450571851517256,-0.415466752737892,-0.382097109397451,-0.750693575804672,-0.754347105691122,-1.8159565190457,-0.883085810061072,-2.48004201386533,-0.652155967665926,-1.1008817058859,-0.606625407573763,-0.48971329968004,-0.427164141702121,-0.808508583194512,-0.783275706739994
0.154643989858826,0.00602478412294064,-0.221499240379481,-0.384367158836637,-0.734432023325287,-0.775338699437278,-1.74726017836706,-0.747901329276513,-2.19409250186341,-0.78120914786857,-0.721596109777598,-0.563890006273025,-0.486651353618458,-0.408100300088736,-0.832977905995491,-0.784397429194274
0.185555093781076,0.00418515065661792,-0.404522374174815,-0.371486310740012,-0.818929469671652,-0.795374308822888,-1.57398053493236,-0.706921225707501,-1.79704070168101,-0.842683958365617,-0.740187984394544,-0.670852213679662,-0.525062603697056,-0.44333038346154,-0.84292944976248,-0.803623244417273
0.253720618711657,0.00151739902265892,-0.327428091637615,-0.384784157393403,-0.67358789045344,-0.814298412019424,-1.67684821928222,-0.88849544440964,-1.76509870769468,-0.849829870639078,-0.975380379745324,-0.61810041155743,-0.484232190421131,-0.413563694187548,-0.914817699007593,-0.787528506167835
0.262527643954781,0.00341144947999048,-0.214237439090731,-0.386697997486077,-0.718621227895275,-0.739910945958514,-1.69317678552429,-0.837456771100731,-1.45336480070104,-0.714029964537422,-0.873242542536708,-0.613775967502105,-0.505886450090272,-0.445666433801892,-0.922245843360901,-0.868718219952991
0.339960640572415,0.000742001048818975,-0.23240126301803,-0.412702524772355,-0.640693080935576,-0.766670904498491,-1.70177175287356,-0.827515857521089,-1.76798911336723,-0.719745158638533,-0.800706581834824,-0.681254452077066,-0.528981298144666,-0.413681469770183,-0.858357019562431,-0.786061691015815
0.162486114260489,0.00924784868117112,-0.376613121043212,-0.378027459233297,-0.92385703791424,-0.745654775578611,-1.75332416876811,-0.765159589852431,-1.33868692690004,-0.622479326575278,-0.654742025256908,-0.578855927916652,-0.487175927176264,-0.436229241575273,-0.819419182216107,-0.9090088503105
0.316409913676198,0.00269471904737819,-0.601144110132381,-0.353260722065476,-0.788329573365386,-0.742955426024905,-1.50977816423692,-0.689768949312703,-1.67435530096365,-0.658215636643552,-1.08501886704098,-0.660772016367745,-0.471404669624302,-0.401308735407199,-0.979668896494526,-0.902811558215913
0.182529619365856,0.00461172157111938,-0.248048915032118,-0.380937278020343,-0.804179944719027,-0.833451704378645,-1.79702165148456,-0.923352904228747,-2.15696608987278,-0.673781253283567,-0.664317733480077,-0.545249649407778,-0.50228328154086,-0.459621636255704,-0.832047555528222,-0.870661795824296
0.19626125638931,0.00545960431154065,-0.326462405154677,-0.410216876534718,-0.7926814657523,-0.706855604100693,-1.70525187669745,-0.792176776913348,-1.68292423691261,-0.593527611636986,-0.972394221067486,-0.533111080833371,-0.45066056898579,-0.437518073177746,-0.950958730238396,-0.757780530942994
0.29929481780076,0.000850771585038642,-0.423125272530369,-0.372407514923009,-0.641264167159547,-0.736538854472559,-1.53302055495468,-0.76909419798222,-1.69969143777879,-0.56644058694795,-1.2542651282411,-0.54128706820953,-0.456848165196561,-0.433230929413485,-0.839762106985838,-0.740228411358476
0.184660653235304,0.00648686752529969,-0.484419832566008,-0.397735425409012,-0.770946183420211,-0.812098881765559,-1.5489164685707,-0.759820056909377,-1.54072609461182,-0.713665245208802,-0.930321979226298,-0.615358177239719,-0.498157073502101,-0.438276314539864,-0.885045978614661,-0.912115459700539
0.272633306952891,0.00336207380306525,-0.390326167682488,-0.348957742041723,-0.778540787994935,-0.73931682106106,-1.5139886441634,-0.88743769034783,-1.49910889960975,-0.568135656190397,-0.935040465861781,-0.635708467646287,-0.458139921534041,-0.430900590837393,-0.886756866584278,-0.834852609787958
0.156991893866595,0.00785817157158909,-0.287758872706365,-0.358574502394483,-0.775836195854745,-0.777677449099339,-1.67339608340722,-0.82567959867685,-1.89377500487858,-0.656007406136531,-0.84695753032687,-0.574779214122362,-0.504266054147459,-0.421184919441678,-0.897678147083385,-0.913629971416124
0.227298407093043,0.00640334078924901,-0.441864419204228,-0.37418913367995,-0.682562732750618,-0.765421629060057,-1.71465004941224,-0.807631539114548,-1.50485608457549,-0.622224974617934,-0.946424131637983,-0.644483001235997,-0.434308970042412,-0.440223967765669,-0.80854282697801,-0.778822691167978
0.110954727462784,0.00775325425993607,-0.278053332681098,-0.367319361538367,-0.721374370014008,-0.777853543456181,-1.64201320914813,-0.822862586853308,-1.84553026751273,-0.570004349560191,-0.813143992931172,-0.63908238058335,-0.47321812652899,-0.430687351707277,-0.931017924878422,-0.732730381109057
0.167638057787361,0.00734846247647968,-0.233518241478087,-0.35997183451969,-0.74300243790685,-0.795515884549173,-1.64409511674308,-0.776218084148221,-1.55309591879319,-0.705440247160271,-0.707323225955986,-0.653805924228656,-0.485904313530263,-0.443130804111803,-0.855778116215965,-0.850625546552937
0.246495809376534,0.00136968385152583,-0.392128595315009,-0.357379998042333,-0.774855076700267,-0.806565864416028,-1.80471657918877,-0.801344344200412,-1.32603344408522,-0.67109981966582,-0.806267148043396,-0.60712100261421,-0.464474315838944,-0.42494426112483,-0.787897688014232,-0.871142969165343
0.201265891730344,0.0049911332038141,-0.392850550946769,-0.380152815841467,-0.728965724202618,-0.792336035330741,-1.74055376100217,-0.873947165092808,-1.8928046113777,-0.661110748119117,-0.757864944107237,-0.61683944683498,-0.517948143534837,-0.406047526190304,-0.879680234271591,-0.91846775544375
0.141162713536368,0.00237132453042459,-0.341596068953867,-0.38858862295499,-0.757146053813351,-0.719911620584956,-1.59830398665346,-0.759837585000407,-1.84680617555817,-0.596724535287397,-0.938886149405111,-0.648389058217371,-0.515164107873142,-0.458928577556012,-0.987028684639255,-0.840311293436144
0.175602256650663,0.00176920589546567,-0.264442269991357,-0.356430618594013,-0.70252843583602,-0.740084494205278,-1.65143427866244,-0.817203029834873,-1.66513413050281,-0.622511184077922,-0.813151930092864,-0.608602300231549,-0.471343294583763,-0.383448989308939,-0.834435772882664,-0.786048902991165
0.0742273341692243,0.00556960890205942,-0.450537479915901,-0.379367514439199,-0.682964190177155,-0.642959826656104,-1.70788882037387,-0.721151715032927,-1.44138658406802,-0.551179584565392,-0.997076805301616,-0.599455688831133,-0.496732675067928,-0.452497554324602,-0.821688697216576,-0.840079972620947
0.233869781203747,0.00431028491609157,-0.427519510713127,-0.367060691594718,-0.680680303174996,-0.725628174721966,-1.59957851646793,-0.821970804765825,-1.68454612002415,-0.706606805017157,-0.999387351920211,-0.635884450379625,-0.477630772136311,-0.462998367296958,-0.924228570790914,-0.877408520320507
0.189665601197783,0.00187399412423545,-0.239871484309195,-0.396504205208213,-0.707091818679982,-0.764363327212732,-1.69422407191146,-0.897855524730043,-1.69763950520787,-0.557472330244263,-0.823457627809229,-0.606071425861918,-0.509353356082216,-0.447020369228239,-0.919388314051177,-0.948268710904597
0.223413932056748,0.00574298778537985,-0.358534676291437,-0.354458567808896,-0.822092505766746,-0.744913909660659,-1.49882323567,-0.739801575147529,-1.32458406402316,-0.660538025440324,-0.768361056606104,-0.64586562318321,-0.49855675585291,-0.446909503471151,-0.819925645151532,-0.932056559296711
0.141170679756804,0.00725367703924393,-0.336617341802241,-0.388846292094296,-0.829383414223388,-0.729590723655553,-1.80962656513299,-0.793941820658615,-1.80753746049965,-0.65675965823174,-1.12614569897492,-0.586333807872846,-0.50037628910203,-0.415188800933914,-0.916655222621385,-0.93926281244907
0.162231569817525,0.00140332814001934,-0.32811176316408,-0.376141256668118,-0.751514579701039,-0.768861506084166,-1.64768239331453,-0.822546238395381,-2.16134600248063,-0.721756160532375,-0.944561787514129,-0.672277427211327,-0.478713057168696,-0.45622671861538,-0.886338810023252,-0.771778352868371
0.230271299210489,0.00303189851275775,-0.445720015619327,-0.386963501189663,-0.733321657664672,-0.782005356659471,-1.65838148531823,-0.796245971675383,-1.84581262824783,-0.79606849928699,-1.02046063777474,-0.558908761522906,-0.51084963291028,-0.445035734679924,-0.87118080279143,-0.790256029258857
0.150762898959204,0.0045985803286062,-0.356873044848373,-0.361060778590129,-0.729809128646394,-0.674640836809929,-1.87399785050853,-0.832275880332286,-2.14641225605683,-0.643204953253337,-0.895034282089849,-0.677799570933747,-0.490782110072006,-0.434726296610834,-0.897624739965938,-0.852915440756774
0.161870431633206,0.00154472251634609,-0.317997349618148,-0.361750166836233,-0.84458885038025,-0.660867228907724,-1.67596569711486,-0.785406479617296,-1.74611471109162,-0.665998768829059,-0.924978963662011,-0.627700108867793,-0.462812758465396,-0.399123659930376,-0.857060094214785,-0.766932214636492
0.14882614529522,0.00753144000062851,-0.300958503883446,-0.382474890815001,-0.66119859263215,-0.689002562549142,-1.74131416138575,-0.790531496805302,-1.66293178366285,-0.793112863227841,-0.79712853744926,-0.500257361876098,-0.485403155998701,-0.439958695748545,-0.938399470674047,-0.76169083257594
0.295175678999845,0.00145919987359993,-0.407723409080083,-0.348997943405119,-0.756232199277602,-0.742133889383149,-1.75403434429544,-0.85386906393826,-1.88059557336581,-0.613387732591136,-0.922230116417751,-0.454839020650449,-0.532397203916332,-0.454642876178058,-0.898901048237934,-0.848420701059526
0.0285611493197565,0.00445137277259525,-0.308047599833085,-0.349523218693378,-0.687760784180767,-0.761575341123148,-1.5352872712349,-0.693630952193545,-1.91401797019505,-0.769818889388222,-1.07430517202604,-0.611390278749557,-0.482860849909325,-0.418906649154251,-0.844330229709672,-0.751380737250823
0.173689521673894,-0.000661505305330238,-0.239822039618024,-0.389609668707841,-0.679215160091153,-0.693736970676493,-1.57886111966273,-0.844769348999775,-2.03494938390948,-0.678798581383867,-1.11402265060365,-0.621784624415974,-0.478480023931743,-0.47354864209285,-0.899469727277514,-0.799507561002662
0.182037847542622,0.00408226091202481,-0.412809506276634,-0.378966290814898,-0.793402158010159,-0.746237600275845,-1.57435737860609,-0.84554148616582,-1.39982296716474,-0.639783769318194,-0.680781484976976,-0.597577491066528,-0.436634216604606,-0.441622443909448,-0.880269388143443,-0.898398681374407
0.133161878579877,0.00735082624373859,-0.235716142478534,-0.370372130093728,-0.783171492911725,-0.754082567165281,-1.71587206690977,-0.801456166265166,-1.50831435412276,-0.646602244228826,-1.03301948508642,-0.543904945468451,-0.48117789115313,-0.413153841476105,-0.902397753345505,-0.882416753844273
0.0868932359329737,0.00582675575600202,-0.369237297299555,-0.367666219623213,-0.707240201599687,-0.773058277417034,-1.52282843332401,-0.753945615134056,-1.35250347590704,-0.807973863482068,-0.782721626277255,-0.552055299390353,-0.497760828291085,-0.450222335713386,-0.846531037219586,-0.762350904011279
0.076677767340264,0.00227846398763844,-0.244095293694745,-0.38423918620889,-0.714385396657806,-0.760102815023128,-1.87129436159501,-0.792845756370723,-1.95502605311769,-0.602920145557494,-1.08279915543152,-0.636009413581713,-0.47158284447574,-0.45758475810676,-0.880620131986205,-0.754159446313757
0.30493549342347,0.0026817081547889,-0.272636703328945,-0.35555443104728,-0.784361794716837,-0.793232341096356,-1.69398385246469,-0.897133417755049,-1.89020820479099,-0.744439480801115,-0.946430284666547,-0.622538839362825,-0.453208643755538,-0.450062880563874,-0.811827188283228,-0.716729312786986
0.20479128021929,0.00308938358094831,-0.379353592512681,-0.393227733397276,-0.67289470554647,-0.774831971050911,-1.58038054334437,-0.743700958046527,-1.84341958630595,-0.512040310918266,-0.999182134671598,-0.577071287942172,-0.469811405465293,-0.409169428368044,-0.87462181694864,-0.807916968182259
0.13230662028782,0.00256663469967827,-0.330803949642448,-0.360999129534079,-0.689135342733104,-0.723388274122731,-1.44968351159382,-0.836408811058415,-1.83445739264553,-0.690718998541413,-0.900917813810072,-0.602225176685305,-0.4924263177241,-0.434571104657448,-0.816109479952446,-0.721781735743618
0.18381795023232,0.0061959596462459,-0.427222532440465,-0.351546531044236,-0.768875439848705,-0.77608307383043,-1.79232561808824,-0.782702406900856,-1.75525166027138,-0.638021639935876,-0.895534745354766,-0.621915529226842,-0.5204620781879,-0.410743610156285,-0.868918965840224,-0.783182266133718
0.259670684096925,0.00381698894156578,-0.425498285110223,-0.369789288235916,-0.759680095603004,-0.743189249897096,-1.42880066327173,-0.798785569893335,-1.46229620111287,-0.648394210431781,-0.831654717813381,-0.572511115010442,-0.474601713659965,-0.439119110624847,-0.880855666095144,-0.880172633798548
0.202389343335768,0.00374738437999274,-0.2339706581196,-0.402562542533408,-0.693696014155726,-0.70993530005562,-1.73053406025839,-0.77804684066202,-1.65726744474573,-0.655530015711099,-0.941122236117762,-0.550202926095724,-0.470031629018028,-0.4693326129539,-0.812547851539534,-0.853338381761006
0.118508330925639,0.00775370375533421,-0.206052945090751,-0.388293383131071,-0.633741193159306,-0.730517410042205,-1.58988848619696,-0.857607720475724,-2.01574580350563,-0.627465972592831,-0.726070253708079,-0.502556994739698,-0.486306286009414,-0.418481590640674,-0.807688795941619,-0.749874483694164
0.333125178226441,0.00103713620739024,-0.221457208099893,-0.360023149436191,-0.751564704649697,-0.766450691449216,-1.68387695709851,-0.859451492187314,-2.21643660143209,-0.517645498252909,-0.913656374663254,-0.666541927452618,-0.447891772771459,-0.438302122102322,-0.879710975332716,-0.803257920746909
0.140155436581345,0.00714716752793846,-0.38484205084236,-0.379486810506817,-0.823916051158927,-0.755470154087761,-1.91077217429747,-0.891038836516329,-1.97249454384707,-0.67688941346921,-0.956282794429597,-0.652954063383932,-0.479718560209455,-0.438555174269128,-0.771284571827135,-0.908772430893424
0.242377476433223,0.00873344594525384,-0.305497381018405,-0.366131475781626,-0.66411269701575,-0.713080431389722,-1.87565069614098,-0.891808737480791,-1.82990365628611,-0.639374735325334,-1.2538933109244,-0.68584239422671,-0.495411956128341,-0.412684274119271,-0.945861884793871,-0.703000363480183
0.110759749324753,0.00715286568038307,-0.31811162894589,-0.385362973406947,-0.754738886311052,-0.752496825882606,-1.88130813287128,-0.844585852244636,-1.91279667267149,-0.71157315917258,-1.15542094985648,-0.590148446125728,-0.478368405330509,-0.436178309293831,-0.878019794742357,-0.756149612226126
0.203509445227528,0.0015912885180424,-0.304109366560294,-0.357471217225837,-0.62682304410354,-0.717842143749913,-1.65172630664866,-0.832340178340964,-1.67669731713411,-0.552714947446823,-0.972524482261826,-0.653004934220627,-0.487296460896029,-0.443835576597218,-0.874221594870193,-0.882103362480508
0.184875820056797,0.00104187925915533,-0.336067553174001,-0.368730324127438,-0.747122494917841,-0.682402957579209,-1.63150689504274,-0.787811307680084,-1.60266737845391,-0.586058664111903,-0.763106678597694,-0.584073848173529,-0.495466651104722,-0.444764069644916,-0.814173870255,-0.799187281906707
0.172636570984158,0.00404641806005463,-0.261924672828684,-0.362108619921787,-0.70151561090927,-0.815626434434333,-1.70505384541606,-0.757862118876296,-1.81019831790441,-0.573251539359239,-0.882410382785558,-0.542037072325134,-0.505018597296116,-0.410535127622209,-0.723930581683107,-0.748038221116398
0.0395287419723313,0.00227809841559561,-0.311511972949723,-0.326469035768997,-0.636406994067083,-0.701016505919672,-1.55847193820638,-0.840632235990882,-2.08089220093382,-0.684097393554859,-1.00924824865926,-0.609312718011998,-0.461542898399456,-0.424466189244956,-0.864219220410875,-0.855761292102346
0.174006289627301,0.00524933573091657,-0.220212660777467,-0.386588045525958,-0.707115419941056,-0.771923916258243,-1.80870200064155,-0.83420422075852,-1.71622741854682,-0.668078406382745,-0.871599013863262,-0.646467172449473,-0.488383936323395,-0.439041064426239,-0.910297422183188,-0.791685839843453
0.191738482957243,0.00545491212550758,-0.321630161183639,-0.370649857278821,-0.787054235664914,-0.81049295346625,-1.66805241687709,-0.910377015577838,-1.7756775428762,-0.812166467612431,-0.859426823971535,-0.68019515231872,-0.502479427585858,-0.427371105720291,-0.851358598725755,-0.870866116784199
0.0890957814453301,0.00738398003032842,-0.25288223625792,-0.350559866058455,-0.79287763998549,-0.748531398660083,-1.80967680956232,-0.754297878336976,-1.9637468094168,-0.632452510833759,-0.895713340537156,-0.622705904345282,-0.455309020598825,-0.430680476833436,-0.864742794747238,-0.755609980827689
0.250713368576239,0.00544369008658273,-0.448177881182101,-0.374913797279838,-0.787490794772175,-0.782949358825642,-1.60561157999833,-0.726265501430545,-2.03346763659377,-0.713274547099667,-0.763320772559131,-0.597489934361157,-0.460449921949756,-0.399020813796451,-0.96480265591352,-0.919882451141377
0.0887048143345453,0.0101047429863572,-0.2515200506444,-0.400412792080148,-0.792568354832874,-0.734286027220369,-1.67780239593506,-0.820444426618593,-1.27339560462993,-0.572281306333688,-1.10296154776315,-0.613202645771982,-0.502765238624685,-0.426395813459975,-0.929330243082174,-0.93091012415427
0.196165977853711,0.0050052273117575,-0.408259716249483,-0.35550249068288,-0.709077060496002,-0.777734573614827,-1.82200095372808,-0.784585629771935,-1.46510891265271,-0.58506227305101,-0.79655555172311,-0.521206882124893,-0.474469858757028,-0.431789112229839,-0.942785240127725,-0.825420905253262
0.234027981186427,0.00728246273050166,-0.3385586012879,-0.35759419969495,-0.778434670848918,-0.844728116310418,-1.64698988279104,-0.738259361739756,-1.96818075934351,-0.605982249114824,-0.922163890910528,-0.562121575052008,-0.492818840989894,-0.448664176391541,-0.887221956093786,-0.78501627418704
0.110752669765442,0.00350665102991181,-0.293443608699043,-0.365573493524973,-0.708915966395116,-0.695474800922034,-1.69380298215682,-0.743385753892733,-1.50224827510569,-0.532673896529137,-0.931818584927408,-0.526475205024087,-0.493548657906265,-0.40638002290616,-0.872604848172824,-0.865228306056199
0.19194243799417,0.000863108989708049,-0.365647081760322,-0.374917427344374,-0.678977162464089,-0.777513868695986,-1.50632607321705,-0.843339794150446,-1.52957967394195,-0.750469248929725,-0.862113601019402,-0.703062061150461,-0.46234006960857,-0.429975314670824,-0.800355430933489,-0.836055795600085
0.23917982328016,0.00458255970671394,-0.409219406307663,-0.361415284248943,-0.760713195159059,-0.698985047515859,-1.48422045027325,-0.787133081125878,-1.27973272478055,-0.574932242907544,-0.719788823879514,-0.594457693765892,-0.454424203192115,-0.457197140970694,-0.766258727711664,-0.870209188959816
0.197515538157138,-2.66140098295359e-06,-0.241625102587631,-0.41233691243052,-0.721503723193028,-0.794845294336063,-1.73979090713771,-0.833458270448022,-1.9204157406668,-0.726605123274418,-1.07142900420015,-0.607957719727676,-0.504798830732959,-0.428364654541094,-0.786945807191387,-0.751694945641765
0.265543961225998,0.00428496155921538,-0.379649260016625,-0.353196782884985,-0.646554933953025,-0.744965704666347,-1.77109685880844,-0.816267489867981,-1.52762375825876,-0.583472643963765,-0.785856885298939,-0.616064756829706,-0.492982991464466,-0.442796151705481,-0.891264826715095,-0.865671384374388
0.167584358002848,0.00555383555450299,-0.178543959067101,-0.361613439767656,-0.789318308024307,-0.784340838487052,-1.65773872070695,-0.781932240866794,-1.6946935020322,-0.608183819746419,-1.04932629474183,-0.611131465529063,-0.48591110645231,-0.443447322450639,-0.860501943114285,-0.816213345956048
0.1345216752761,0.0057772560665676,-0.325476184016565,-0.383359042343416,-0.771451580852172,-0.712121970391622,-1.59423995238633,-0.835602472832186,-1.6099957658871,-0.730366637605532,-1.08760391253348,-0.634921061233751,-0.498505356113061,-0.417686950371301,-0.859931400355871,-0.901175036125808
0.170660285097106,0.00393637977444434,-0.374008866867578,-0.402882784718695,-0.709415111279677,-0.762610852898104,-1.64629020302139,-0.812297884940852,-1.93588094234862,-0.69781803198249,-0.986484800357107,-0.595329862163874,-0.460827479805501,-0.433272500136553,-1.00631451225799,-0.868490928778089
0.156008893862525,0.00521004937597159,-0.16555459904747,-0.393584857581009,-0.750142830995948,-0.705274981483483,-1.5769246218454,-0.848599396460321,-1.91722549417585,-0.623302273493017,-0.685576642688037,-0.563207233099254,-0.48388890069413,-0.442916494374105,-0.804220187721646,-0.795488459379346
0.171395943955583,0.00364001966884789,-0.32727017963056,-0.386076793114658,-0.748857071183856,-0.786643613521232,-1.87178780074264,-0.775967818907269,-2.02493712876717,-0.681405866716558,-0.969009479055729,-0.559928695042335,-0.51946613518789,-0.440278421799884,-0.973397043740419,-0.87134171467135
0.0650201405467906,0.0077300858366179,-0.495001531027079,-0.375194009449115,-0.684904509821571,-0.741648868995545,-1.57092695686144,-0.832865485246438,-1.12424793875219,-0.68885179826426,-0.53195273544616,-0.643517410915745,-0.47142781651981,-0.450717670123187,-0.966744879323368,-0.793596624789024
0.218443761116543,0.00095942281496451,-0.401362314450321,-0.350775323486563,-0.622995634530318,-0.742761611788279,-1.55502980468141,-0.856729845603545,-1.31102895514006,-0.654881989076805,-0.836583070454326,-0.64600894897024,-0.506263502155249,-0.43544392012838,-0.906472373437884,-0.873539327347753
0.160417751584191,0.00386804217221314,-0.315277687109649,-0.364553756429216,-0.662183992045635,-0.704556272051031,-1.51758987630718,-0.885725199739538,-1.36745523399313,-0.513284283250626,-0.985209737299942,-0.666943336007441,-0.4792527198971,-0.438033100830884,-0.901888710717436,-0.846190810029725
0.168710008450664,0.00663579782235342,-0.301736804376626,-0.370197642966168,-0.783326640599406,-0.762343613850728,-1.7251549329878,-0.88913560711921,-1.80238318098334,-0.536673268312475,-0.90965722252186,-0.611052578174024,-0.511321614268247,-0.431994097941685,-0.88841860745783,-0.772093511606459
0.233428257133497,0.00199800638600602,-0.336945007256702,-0.380189059699118,-0.723507368771391,-0.750005239150882,-1.6246052054673,-0.815375862415545,-1.81348285638992,-0.708722814730635,-0.885650195126507,-0.625280656739199,-0.501955535055556,-0.473945305485648,-0.816734317351602,-0.779200475943613
0.109249622805826,0.00291622637381553,-0.280193273840506,-0.37502820750854,-0.696927368570588,-0.779751962840221,-1.74518210308916,-0.787238348064375,-1.66847159264404,-0.66749868193254,-1.02902019120673,-0.654560018703978,-0.484967515032361,-0.439013559799497,-0.879994817701047,-0.731589028641975
0.226710186430101,0.00395033613230758,-0.403834985569273,-0.358652665733592,-0.775919310619444,-0.754094118124728,-1.75796605802957,-0.765571157940875,-1.30775941007408,-0.646938591649634,-0.926269502860216,-0.58526488247937,-0.462678001674794,-0.44243169906779,-0.884646392722314,-0.759479823376293
0.148488926161687,0.00286617914737131,-0.257638346979332,-0.344614910604132,-0.746162464903103,-0.775356063428857,-1.95788772178737,-0.86336327775865,-1.60939394701317,-0.698450974588049,-0.955852103097921,-0.611329542515227,-0.467128956350883,-0.460541093231956,-0.926605451622693,-0.702676697169014
0.221136122769695,0.00655652242034902,-0.396538974072304,-0.344050274176476,-0.787342168533868,-0.79201016308713,-1.7107062383359,-0.77972067355029,-2.21619029688723,-0.657274693831322,-0.921720802404169,-0.58139052652603,-0.447159250756599,-0.471433123410985,-0.790749165437942,-0.828353960005847
0.128133980786136,0.00204521246710493,-0.366210061694665,-0.357070291227525,-0.678093843830947,-0.781618743313788,-1.61230326612242,-0.816888784900191,-1.94037626582528,-0.600620700184731,-0.740660829357878,-0.619027801564648,-0.474165995049716,-0.433431743324657,-0.828452024228235,-0.686112789405475
0.220009287217519,0.00120412814122204,-0.381397821691434,-0.384148825213764,-0.642860453318296,-0.833412437984958,-1.58637404014392,-0.860685928326628,-1.88275340223721,-0.742408146950565,-0.761575238522744,-0.549110555805302,-0.442700347386775,-0.456402301781975,-0.953572908468316,-0.89604067518437
0.327619131544789,0.00421090834331414,-0.424134393772621,-0.366747546475612,-0.72580242963574,-0.749821838172745,-1.68788856094192,-0.714034332740755,-1.20517227384318,-0.616161226396422,-1.07152759847628,-0.597521735662827,-0.490024494150787,-0.425123539737526,-0.892069062726044,-0.910615275581972
0.199882362866461,0.00458031070820558,-0.157700329843067,-0.378955019880028,-0.752451951244502,-0.786987223835575,-1.92581225511878,-0.750210207838817,-1.69200213918515,-0.576870739134861,-0.938187939552915,-0.5703219987689,-0.448306029901312,-0.409250636999448,-0.874276524926163,-0.87845877192152
0.136895804442609,0.00448948755586332,-0.320504997895191,-0.396316489010824,-0.805875185060898,-0.770622052066279,-1.70812240785314,-0.763036393333687,-1.40835925785993,-0.690240811655193,-1.06308496331099,-0.641370539861729,-0.499286818008166,-0.446490241515104,-0.84457743227186,-0.919823137147826
0.097773078146257,0.00900371886166607,-0.294390701725341,-0.358044340131545,-0.831854027180395,-0.726092497065857,-1.4824182907058,-0.802893359326253,-2.2251006710352,-0.683193790554192,-0.736803693585526,-0.490433063405658,-0.494550760632674,-0.407441448054997,-0.882673247178447,-0.81380027534634
0.111932429124754,0.00804259646937552,-0.372625841032565,-0.315807767453036,-0.731773629658716,-0.74031886508577,-1.6093226536266,-0.844365920722439,-1.31949469553505,-0.648748505430998,-0.892495709879099,-0.633746937345103,-0.47255880946369,-0.419731342890642,-0.752824658634295,-0.901624453052639
0.174129745700926,0.00628584899719749,-0.339144400182908,-0.343710217253949,-0.746776697156175,-0.835315441414534,-1.71489071623897,-0.855868577100507,-1.43755023376261,-0.554836481818814,-0.738808127241154,-0.618536537745654,-0.504054046751323,-0.429215061573503,-0.774574057340974,-0.919374220643861
0.231523406374403,0.000984557745616054,-0.262326024365146,-0.363138800136096,-0.718792213849003,-0.740260369973284,-1.71152336869419,-0.761817624281083,-1.30703210656335,-0.605526100431232,-0.969290354368515,-0.616432579203154,-0.481341428059319,-0.43472224155871,-0.951912197491367,-0.761898260013807
0.141400110859592,0.00453185059332511,-0.333751694527809,-0.362475674793527,-0.777243807873572,-0.705163750267225,-1.80611348019969,-0.837090100626496,-2.02987232197773,-0.66527055275213,-0.812837035574403,-0.600697586742001,-0.503478784761551,-0.411221102492834,-0.798352259941772,-0.791612229307326
0.211929783450662,0.00051783523949576,-0.325992409317981,-0.403207263887237,-0.658528038944197,-0.756429335213241,-1.7283573712736,-0.793360937677518,-1.61509843079758,-0.672563710986982,-1.08425110104161,-0.606667694617547,-0.498162626633005,-0.448508905661458,-0.901406126781239,-0.816301143765733
0.173114245973057,0.000986317868703518,-0.379340592611401,-0.34047227466195,-0.7231555298452,-0.809359534758827,-1.88041257228565,-0.763984653198972,-1.45777448677568,-0.74721369571149,-0.766778120224065,-0.708312933451149,-0.503884843158552,-0.430398756463469,-0.904520524448757,-0.827203496128909
0.121468520713047,0.00670341560268053,-0.376148876477507,-0.373233842920712,-0.783612583661,-0.771454558894204,-1.74897083163756,-0.86471261595892,-1.84980587537564,-0.542104849337227,-1.12062294941702,-0.654176297554056,-0.499596640073663,-0.412397516504383,-0.865703811239821,-0.841670191924024
0.151952281104826,0.00327535976498264,-0.267715911561293,-0.356591230047513,-0.637174486418312,-0.735921643418763,-1.57826204974826,-0.764017207471987,-1.54744999429048,-0.732147187076874,-0.840224489833335,-0.561268705927382,-0.524182612941725,-0.435901272461542,-0.869401919035978,-0.869355761791967
0.0712410025223674,0.0067500611804762,-0.288277126696393,-0.410461663143226,-0.759306451607942,-0.77783400029059,-1.76447508743392,-0.748184639732958,-2.18609671573406,-0.735964348226262,-1.23827764457932,-0.631547317657334,-0.462928885762936,-0.465688297848802,-0.93591618421358,-0.8700900214921
0.146300345355633,0.00847532313172982,-0.26331167108056,-0.369187288644574,-0.788569052579659,-0.737555673821706,-1.75654482403931,-0.817820020679693,-1.85908316087134,-0.734118543771996,-0.931780243131352,-0.575121558230782,-0.493574719666923,-0.442952615293556,-0.916518306380713,-0.910973338536899
0.0713876864152034,0.0013527047617858,-0.18574792334232,-0.377193459944004,-0.700923804110966,-0.742876576212179,-1.68018404792747,-0.877266434171712,-1.4306290481951,-0.698170630627168,-0.778744076561572,-0.528859870915044,-0.496361172385215,-0.467281617455016,-0.894687255800795,-0.79902364690762
0.149114364385258,0.00182300017947232,-0.31642337657656,-0.391698335971293,-0.723057512052282,-0.732722926942003,-1.68889229961251,-0.842633504875703,-1.85283707664471,-0.761440760382312,-0.837452030536907,-0.596273309569208,-0.493374044809204,-0.390691374461613,-0.917481232608535,-0.775355486154776
0.169329026014661,0.00477740040352257,-0.289312925059836,-0.35646159468543,-0.79960421635236,-0.759682343025776,-1.50176106006902,-0.799904369246881,-1.58546143072652,-0.666411511579881,-0.927265906869469,-0.657386000336286,-0.501702015494393,-0.437855068150589,-0.84656160429219,-0.782765342098563
0.267016228212968,0.00490057198222942,-0.410987279172736,-0.399132830078264,-0.743401966956455,-0.773399178197843,-1.49347106582433,-0.830089759840106,-2.18549720969426,-0.786758781157177,-0.762131664085071,-0.566604408157788,-0.443735949830646,-0.443459341049506,-0.884253426309651,-0.916725427372723
0.226983145724999,0.00390161067879453,-0.447596955703474,-0.397583757909883,-0.698275589559165,-0.750945688944101,-1.61271401629897,-0.873314020237615,-1.63236913319069,-0.74337628940687,-1.17376297356632,-0.598652234451093,-0.471037690430896,-0.394560637486454,-0.9092195782333,-0.817930526536139
0.228355671920218,0.00237026845645373,-0.218282623218703,-0.35212270926615,-0.799286875556881,-0.774889016467328,-1.66626062962458,-0.865777310399472,-1.91905709887186,-0.640350560366945,-1.0620701367872,-0.538523636422381,-0.490431018439821,-0.440309526970261,-0.941077361766511,-0.855613933728565
0.0894694636086552,0.00612772344644663,-0.339037205869664,-0.39987761483144,-0.782861796922002,-0.743190786240165,-1.57569597616556,-0.836798376180413,-1.56549952508426,-0.613907200782335,-0.862392860728305,-0.556584627608319,-0.470931302221012,-0.428762766220244,-0.90728997923383,-0.869866864288296
0.180477513043215,0.00328575155766927,-0.257472692413563,-0.368937289676335,-0.711139458627826,-0.772867216643705,-1.58975398526871,-0.781027574641782,-2.09572813646748,-0.681877908707355,-0.627601356466706,-0.57975654610282,-0.490867298981111,-0.43251864112917,-0.87483511221943,-0.798635382383736
0.152401426661391,0.00473480106894203,-0.450635773429174,-0.390873467842555,-0.780161221259533,-0.774589634235267,-1.40291136253067,-0.869695870304238,-1.60136565720681,-0.501620414400069,-0.764568585846184,-0.625960712107682,-0.513305082427181,-0.422764205365499,-0.799784882607658,-0.79140555394496
0.262441402751907,0.00299145487328407,-0.339469943903234,-0.359478885556043,-0.725197190891914,-0.765676444044219,-1.67993964933655,-0.883161023472776,-1.87424987876027,-0.661784254352589,-0.964340606810709,-0.674889297355963,-0.473577380191159,-0.430292608804755,-0.870424302876991,-0.907930499187552
0.0929100811568387,0.00778119801780813,-0.455900586006978,-0.366880333696017,-0.751042799108544,-0.711256089761026,-1.83840781261071,-0.817250594921449,-1.76156189102231,-0.82922496457216,-0.604630087080951,-0.598139057243138,-0.425115619073214,-0.424801715693582,-0.841857908514774,-0.842706101348183
0.239050547063381,0.00115086499076706,-0.300248904890503,-0.413620859680021,-0.745422035149973,-0.754599664595433,-1.47521422564209,-0.778095542124698,-1.71217802877436,-0.756437001327549,-1.07622991021461,-0.591921975506064,-0.502503342366841,-0.466357406955077,-0.877173657065754,-0.912232607288923
0.0520535505741671,0.00526205670702646,-0.329852536193009,-0.357200976072438,-0.716442402044022,-0.725196812598545,-1.79762728136173,-0.821659738685983,-1.66546280152768,-0.785390977333486,-1.05609259756051,-0.679360831918181,-0.506044785415202,-0.439703462707958,-0.76944753129138,-0.900830989273038
0.198453364766745,0.00116729083234563,-0.264992917391969,-0.361340902695538,-0.570772937442291,-0.789664755551954,-1.66682553189709,-0.790751769369788,-1.62882132264531,-0.663705738383562,-0.683832368445297,-0.62121738386898,-0.486445635116758,-0.436967657423079,-0.939321765433722,-0.914671323912146
0.133927871549056,0.00886139810330592,-0.258543700785619,-0.374954538826551,-0.715994355880392,-0.759185442196908,-1.58171442455344,-0.768799232451377,-1.66748940065726,-0.571050730835855,-1.00071973457322,-0.609813387836282,-0.471232802371643,-0.392948729766505,-0.855191694264961,-0.90087784371026
0.175407328798557,-0.00309524552267477,-0.376182822433215,-0.37634165250964,-0.687568013590315,-0.722448545107222,-1.71676916197468,-0.764305934838667,-1.51155241633012,-0.696399019553029,-0.755826305503628,-0.568258315259794,-0.498879368668605,-0.425847691230147,-0.855053669407792,-0.751425307887501
0.18186644105546,0.00385577559477323,-0.315747397087076,-0.33943191380796,-0.686855843093994,-0.787423519301441,-1.66269303582003,-0.769312565977297,-1.96198635825341,-0.500825053047747,-0.788026063762016,-0.685142063784932,-0.45392421795663,-0.4377279821872,-0.898400842461998,-0.830144476860809
0.0557238393684801,0.0074293316095656,-0.219156523379831,-0.35976147171744,-0.742869838291534,-0.776527324348922,-1.80783216147873,-0.870661564540785,-1.03462815195437,-0.575708275698771,-0.860777851107954,-0.629054711440278,-0.485672226406442,-0.406316333030425,-0.840037391795453,-0.794614191196206
0.143495502239984,0.0087674259854144,-0.444921894502114,-0.409607658335433,-0.875093011458051,-0.84738186335855,-1.70266908272853,-0.89463964209237,-1.20274314178843,-0.729602514304173,-1.03911386480757,-0.669358057253457,-0.473463553295402,-0.417557621507519,-0.961739604976154,-0.776511695497827
0.282957708807124,0.00870070951937746,-0.30680860736272,-0.364713151245686,-0.76341012479337,-0.694088322713011,-1.69543013863114,-0.89505993642799,-1.67084802635015,-0.79684551564134,-1.16583077451813,-0.516429848132061,-0.497190928367577,-0.461962165267429,-0.78745709308492,-0.869561581104872
0.112918319564237,0.0059760912000507,-0.292274450130456,-0.409024631027032,-0.753441637799334,-0.783824076606573,-1.79485031879219,-0.845618341589174,-1.23283880632955,-0.689934380969875,-0.802556750118873,-0.713748216000288,-0.507688619647662,-0.463360140563943,-0.920820113903709,-0.91578702646577
0.179841917150067,0.00622475325490029,-0.342300610366067,-0.350655957980167,-0.740468711701623,-0.774901732075151,-1.80238864057839,-0.75286775751561,-1.79200848196151,-0.729189766651176,-0.828878903710402,-0.630576601084735,-0.455950178875637,-0.442576647420979,-0.916754342360194,-0.871380220554386
0.150816278860528,0.00388090150942132,-0.309089077017724,-0.366387245174896,-0.698183176792117,-0.801467116914614,-1.63975564914095,-0.701776606925946,-1.48541320138527,-0.607344875015353,-0.731747339904388,-0.567024311978753,-0.495835189445636,-0.429910851561207,-0.923932766300209,-0.791527814381001
0.122868900601271,0.0061772416728807,-0.304435584187682,-0.350030190923458,-0.726760956429491,-0.761651649331061,-1.7362374130107,-0.842027859164553,-1.67954587408049,-0.714443114982631,-0.923922465100275,-0.514285273468191,-0.479217883340337,-0.425181372891481,-0.980589090157262,-0.768276249256433
0.152542783260375,0.00265534159176596,-0.281033119301002,-0.367230758889065,-0.720176465387705,-0.670150142265333,-1.69493254388414,-0.851312218288461,-1.49084798231996,-0.769690772348288,-0.670976790482037,-0.571060370441778,-0.496085504856866,-0.394031337752639,-0.89557861260085,-0.749342221687749
0.220885420000137,-0.000975846309614597,-0.43238245369182,-0.362210504432869,-0.665205559087103,-0.712471398711961,-1.67746950061286,-0.81430647346697,-1.45552239295841,-0.651487376629395,-0.767992205645833,-0.571473411006283,-0.483173421793512,-0.435556360693522,-0.795186334051406,-0.764084823046728
0.263167288376309,0.00634331950436254,-0.279874415662001,-0.377783003021088,-0.775498418367032,-0.69580564616468,-1.48748678079019,-0.730861322109291,-1.75428556297564,-0.609173513019748,-0.891004926974977,-0.608048669783937,-0.473029519598037,-0.441287083434754,-0.877478292345273,-0.845791677725202
0.120827788668069,0.00716702930456943,-0.305306332021622,-0.366452329897027,-0.727900413228674,-0.801040067450345,-1.74811478743381,-0.83348911662395,-1.74403108347893,-0.674327861109972,-0.952725377159692,-0.63644030607578,-0.466745660602622,-0.462018394268692,-0.919156727079317,-0.740839589249312
0.17726750768339,0.00633405245007856,-0.362992099787038,-0.381954474170535,-0.813246028742392,-0.778060823442836,-1.47818025836053,-0.812112303004355,-1.6125968131217,-0.827898187165425,-1.00810699701715,-0.624301744714083,-0.46927700633796,-0.430901219442079,-0.991638663463925,-0.82502029803217
0.314178624747251,0.000364999795328004,-0.35541119918852,-0.35396560557136,-0.675379422484205,-0.644755469367633,-1.74867071772664,-0.81956719563433,-1.71661818205104,-0.621047627684815,-1.02792712487101,-0.665728188836481,-0.51118576755469,-0.446925392190037,-0.91459573456409,-0.816507315428325
0.21651797601274,0.002548489962585,-0.290720657693698,-0.37965387980417,-0.775574197851874,-0.792261986097558,-1.52381100543981,-0.821859996529993,-1.83168262288194,-0.699498476608599,-0.917694132062188,-0.564111019458513,-0.493267963607144,-0.428712084231303,-0.880345221662065,-0.825355354471299
0.164388095128165,0.00561154209529842,-0.489466781248338,-0.371867758923517,-0.61446821195173,-0.736246332148369,-1.77110691169591,-0.866989953466825,-1.80179051542357,-0.705852097486129,-0.991520405935853,-0.628572429526063,-0.486900418893766,-0.441122434338413,-0.934500050112347,-0.843006712978052
0.117852912114709,0.000933335745648948,-0.331530523148604,-0.377551310198807,-0.651995367084602,-0.778642527077435,-1.63842564143556,-0.782796359792265,-1.27117952429545,-0.631528372590531,-0.780969649356917,-0.5507751041675,-0.489513996888864,-0.487530097445186,-0.788825668106676,-0.930021742953104
0.305356765593891,-0.000519994718761294,-0.363598741543295,-0.378890574970375,-0.694313498130577,-0.708402425407207,-1.83085876076793,-0.730819077300287,-1.99847895601585,-0.7647818898911,-1.00775095112843,-0.667541684019772,-0.499863967607884,-0.426589194954354,-0.723444445541099,-0.819290152439895
0.191015890750199,0.0033623957427055,-0.301640264591669,-0.391225349170854,-0.875848244551802,-0.723879111700234,-1.62658214094013,-0.833257121830366,-1.36193766020469,-0.618787542100404,-0.965342003053513,-0.617581500880756,-0.499455252656191,-0.455057389640658,-0.837552521140102,-0.838542361028445
0.141172446485621,0.000153206341628694,-0.355005452294822,-0.372499390387155,-0.733599845464896,-0.773988870012262,-1.67713433008956,-0.688694176637326,-1.62440366955623,-0.654318522764925,-0.873412905706351,-0.556421643021182,-0.466198729277714,-0.418287140449138,-0.786915140709409,-0.781271335573682
0.0725846955361604,0.00779909995851415,-0.38731647588297,-0.386797406604947,-0.794500385302244,-0.757097725670774,-1.63744829681222,-0.760878995940334,-1.88186307673996,-0.597448054923157,-0.911507227030918,-0.608020196461558,-0.490669922435491,-0.451795183303901,-0.81602157345537,-0.778388077498281
0.0958177305273882,0.00512314096738443,-0.308911424517497,-0.376421157378633,-0.742103386325383,-0.771456882302285,-1.64059464652395,-0.842082455109056,-2.13637455761738,-0.625643592931113,-0.993402971778918,-0.649545279354271,-0.524422053601214,-0.429019665158882,-0.85289646190444,-0.929897730132412
0.210636925998744,0.00506866510820142,-0.38787244269166,-0.382258140230196,-0.695670437065995,-0.740371083581598,-1.54711740503142,-0.761523277589679,-1.53635004089671,-0.610956567132054,-0.912562905549574,-0.594552677877605,-0.469722321173664,-0.4377856576568,-0.878973141741003,-0.77146394110187
0.156125125618971,0.00104680187979951,-0.307550532479273,-0.353750990953303,-0.713955473681932,-0.765181101180139,-1.57625585146784,-0.793836632475493,-1.78368558310973,-0.73251478304623,-0.87741709232121,-0.629169836114209,-0.502069368789156,-0.448010418606737,-0.836174860173453,-0.922680057496395
0.0864885382265417,0.00430845456044774,-0.227919471641631,-0.37009437055753,-0.711795808692073,-0.79883735183284,-1.8848349724981,-0.82045617745413,-1.59254605554501,-0.492909213298903,-0.856909084325559,-0.619750071619971,-0.48951072975332,-0.402067672589335,-0.855875966135052,-0.792139632210022
0.0489094720412652,0.00697901376157795,-0.325656360041242,-0.364324577958717,-0.657751863805275,-0.761683006131084,-1.70404523229085,-0.850663161891585,-2.09594965133537,-0.660576438964677,-0.876596783948176,-0.61109979888918,-0.465020017177708,-0.448890574886554,-0.918699564457653,-0.874862544444969
0.114139510941751,0.00749775596469166,-0.224349423732351,-0.378256121803521,-0.831007925768224,-0.744979795110155,-1.67742773676277,-0.847582072621069,-1.66213067252777,-0.658161348954142,-1.11039179618845,-0.499012181139942,-0.456667869579036,-0.408636597372962,-0.889055401005384,-0.833610952737358
0.154988117141321,0.00769149154401433,-0.494056171077193,-0.367868982579073,-0.781889324267357,-0.766121063571157,-1.61207123889148,-0.809731109265487,-1.50264601932187,-0.770008502086225,-1.09469575176377,-0.546247485972284,-0.46714897448275,-0.428115343219797,-0.898668172481369,-0.789336175799624
0.00125518573540032,0.00820343527740867,-0.274765862235158,-0.383669834434618,-0.820899120991713,-0.769929917858434,-1.6174113727539,-0.82993297617088,-1.61693169973531,-0.805222475882412,-0.881916830364435,-0.580684539767566,-0.496518974431342,-0.435317093979773,-0.920868473806195,-0.773436235720949
0.272233184115294,0.00322033118179167,-0.203909314654108,-0.364918197618667,-0.72677345105827,-0.707664611388181,-1.58071081253203,-0.811218329369054,-2.23529427416954,-0.654625718162983,-0.819296311789541,-0.650753147411991,-0.475222027676362,-0.444555770284278,-0.87970210889845,-0.95013484033186
0.280572765722572,0.000433740090582114,-0.441473053497457,-0.381034749225162,-0.74478533535253,-0.751054361070799,-1.5978079168969,-0.838804457927218,-2.40377304452488,-0.703568280566724,-0.760346498515563,-0.615485242887758,-0.502145340285016,-0.466848558230697,-0.877624347530967,-0.791359989151868
0.0987196751671983,0.00370365470861786,-0.368476163014213,-0.366684748083924,-0.651422033313878,-0.726180246579698,-1.77454592060254,-0.805261352757346,-1.547063289363,-0.754322803502437,-0.813333565928704,-0.69577273091976,-0.474370809132713,-0.450165837251973,-0.819712164332961,-0.764130120121308
0.181549490709034,0.00852587179653161,-0.275831775904072,-0.378593109725339,-0.740137893771919,-0.739268745145369,-1.57516766967967,-0.809202177778226,-1.64231268711432,-0.662423085496125,-0.700241474145371,-0.538283841031206,-0.477615780194751,-0.429003174105991,-0.796799640852997,-0.782272484971943
0.180307834089561,0.00441658671451049,-0.329436495499592,-0.366248725333167,-0.684386516790751,-0.786087263736647,-1.71073214039735,-0.707329887542048,-1.72454897096203,-0.657016986139464,-0.864750352264675,-0.631068500638643,-0.469482085305344,-0.425076366275306,-0.916396353835398,-0.922742388008934
0.0761613117657206,0.00223543617086464,-0.291999662319737,-0.362906399675028,-0.670757903248295,-0.74129460700726,-1.64975457604067,-0.830420922334988,-1.35421692320141,-0.688310240179261,-0.853453515666682,-0.597579387647244,-0.490927573359338,-0.442182253931831,-0.857682641572013,-0.702610248480753
0.170367668580326,0.00352420776308274,-0.374496063303593,-0.375291723285186,-0.688745805449162,-0.772605736512482,-1.63335234241551,-0.859668918545396,-1.25721094923114,-0.619668796990068,-0.943705621885485,-0.57640121277304,-0.469208809532135,-0.465716850175838,-0.780755038879968,-0.817495484676217
0.290203559184657,0.00367181697102132,-0.255423714537685,-0.382096305350882,-0.767915305691062,-0.746328726797698,-1.6618216010089,-0.723507978606079,-1.67962477552753,-0.666511003877846,-0.881762192486553,-0.606801411692314,-0.528020020725076,-0.424127769433771,-0.904126415872156,-0.834275098659387
0.127242371718513,0.00540042777248671,-0.272312344815902,-0.402903830687787,-0.754284240931668,-0.760562348080155,-1.63189828141113,-0.831980124482739,-2.02439277236316,-0.641439716319211,-0.862794499621287,-0.547219802397476,-0.489504605724421,-0.440213540469951,-0.817874790584802,-0.916520824017081
0.0981369070231697,0.00581416241136228,-0.210204241695424,-0.344174808107517,-0.744883557876561,-0.771366828172484,-1.76585941667749,-0.796498373186026,-1.923560877943,-0.772128093122574,-1.05802322016278,-0.578856506678259,-0.425232901629827,-0.460835955629128,-1.01437555976109,-0.909496474095465
0.175916252946221,0.00485187932997664,-0.56190816986431,-0.374365967127787,-0.791529983255624,-0.747531090939729,-1.60578793211002,-0.81492263166431,-1.91939920611414,-0.725422602439303,-1.02654542511388,-0.5668040987778,-0.463433691468819,-0.438060808402214,-0.873972627429789,-0.979349416283702
0.111682928964381,0.00672232368560993,-0.454824254368429,-0.38965305059804,-0.773439925052331,-0.703922178974351,-1.64090232866896,-0.82386601820623,-1.9409317201265,-0.747412564790579,-0.753693354282968,-0.532013159101899,-0.477739879203032,-0.405477228593784,-0.851729944906679,-0.722015707105352
0.0876868241847645,0.0114125310085804,-0.356062604512868,-0.386665615112927,-0.865117436362508,-0.761552130724653,-1.55647171244829,-0.825196727182749,-2.08216719880755,-0.771475439606386,-1.06212708389409,-0.54942567369159,-0.479556307490133,-0.422293810068608,-0.816057344396899,-0.849797853186059
0.148478547059422,0.00396800777852254,-0.27686034962874,-0.368781400417999,-0.702385793915723,-0.794016188516688,-1.77696125865682,-0.900094136173104,-1.65562937334857,-0.72653012940024,-0.825980446095601,-0.520346985593226,-0.515998557782849,-0.417113867045332,-0.940416533279573,-0.808009104574649
0.137304391175129,0.00380723478349128,-0.399576961291126,-0.378824024844075,-0.737387787602932,-0.740134199963396,-1.66485216950996,-0.736762934230472,-1.23726161187728,-0.640985861318257,-0.621846818616475,-0.558193643443551,-0.511787684030215,-0.451504800165656,-0.860361764070597,-0.722111315478953
0.0866706018936531,0.00531258719477837,-0.402120377010497,-0.359130944618135,-0.728107484157566,-0.724429393780323,-1.67592164889504,-0.790995983987092,-1.71384148307557,-0.673689294694438,-1.02157971635151,-0.662121693579908,-0.496476131200984,-0.44775253914277,-0.874487801798434,-0.727528305461799
0.116073281975225,0.00632543656063827,-0.260937016834239,-0.390798603065214,-0.769169241705082,-0.725792029154811,-1.63141183239235,-0.818350600426897,-1.51319249173007,-0.643875878801301,-1.01298956270451,-0.606752316575235,-0.481182164657951,-0.433760058188817,-0.89821341944726,-0.808625196491675
0.160605467398835,0.00314885984303404,-0.265217866105675,-0.37442252729877,-0.624089347930151,-0.727976749506554,-1.79428204701181,-0.774622502541319,-1.75931002789611,-0.721380015884117,-0.919340988028199,-0.552288194692448,-0.511455053030946,-0.43773577679276,-0.824105417239036,-0.710484400664358
0.156257203346952,0.00409759914183599,-0.389635445174225,-0.387247333231597,-0.71535694716564,-0.78797435870149,-1.64087154475117,-0.748050056378498,-1.63375507231291,-0.695295747863835,-1.0501956165383,-0.57987070516186,-0.467214010817047,-0.480426872888967,-0.793486451658724,-0.853298196957964
0.133088213412757,0.00217132898981533,-0.229125687070972,-0.397959875526158,-0.751996744674422,-0.800026675687824,-1.55953005819017,-0.849461068162086,-2.17383325425235,-0.563791831607187,-0.82503805105724,-0.580105765942638,-0.505139091342229,-0.403039520231513,-0.96996980958939,-0.794312949450485
0.162040141353193,0.0061194557484075,-0.3525432769047,-0.381498893331725,-0.722564204301607,-0.734803999128922,-1.42754178038977,-0.834439851395545,-1.51124058328221,-0.705699690100624,-1.01747066093331,-0.616423479768788,-0.452031172019888,-0.435270831899469,-0.886347343652023,-0.83334349519404
0.122142095462491,0.00594431387272793,-0.283385427155129,-0.37351695249518,-0.842428204886749,-0.802030769250871,-1.54943251304151,-0.77007381926899,-1.24836910528992,-0.69014765624638,-0.920415038021654,-0.546909796869283,-0.489887374126825,-0.409685486129087,-0.75465377264125,-0.751498408057263
0.130188318178697,0.00618178758766794,-0.493840423330344,-0.369707056329224,-0.819069006453031,-0.779958592197473,-1.77987477317524,-0.864545136010852,-1.83024812522893,-0.617650414885082,-1.13089769521169,-0.702753541296521,-0.506789864870141,-0.446957480191759,-0.802960268298476,-0.85895059686709
0.142131458003098,0.000772611593138515,-0.311193724568265,-0.37951763676879,-0.752257056967616,-0.691779453766326,-1.71097182760022,-0.761337870155485,-1.26843211743266,-0.634158023496952,-0.884774973098502,-0.546044886410386,-0.568194220547537,-0.426495707599053,-0.75673474446378,-0.770166380464121
0.160349980119248,0.00277056974245857,-0.199806560422641,-0.348639057145976,-0.770783710071771,-0.795034940710653,-1.521039627992,-0.817304601102215,-1.90581441757898,-0.731553792482713,-0.948541275738436,-0.638095854986572,-0.462607332220483,-0.401600302386969,-0.923598184180687,-0.75348884084873
0.153222197640387,0.0107931271632182,-0.180581307142356,-0.368055657576074,-0.80445587077939,-0.767009997921286,-1.56474938713854,-0.762881517985623,-1.65726809375089,-0.554629423635042,-0.77425054870377,-0.60510538381846,-0.491407098107917,-0.397684833275096,-0.85366744689734,-0.897888702798183
0.129542403517453,0.00486240492577235,-0.353424241749264,-0.343611402164482,-0.773273156669298,-0.779442442115751,-1.6609722124302,-0.812764696789338,-1.73870633914876,-0.721265703491228,-0.667982376449692,-0.693008912465018,-0.468560689380388,-0.444443999848459,-0.865892306650816,-0.788326221546124
0.183650965107698,0.00647312492825961,-0.301221663278042,-0.397995869909882,-0.780733057781105,-0.788702932024096,-1.90780453099781,-0.801432588728242,-2.2242726238669,-0.754652806841185,-0.736684649374011,-0.616676697825959,-0.49336991215352,-0.412780969865038,-0.815547251915966,-0.943709606661973
0.183415744356233,-0.00072705716050534,-0.296616348331148,-0.365443922138438,-0.658836529930331,-0.738152120402404,-1.79225349670469,-0.821542239540704,-1.8659344086439,-0.618648859283935,-0.932350509639675,-0.650595457033836,-0.511373109523428,-0.414638909754532,-0.887458705572208,-0.778413708228568
0.251508137322155,0.00363529864584292,-0.269293171372386,-0.40549617201283,-0.757276802420072,-0.801700086618259,-1.60231348823643,-0.724878225247637,-2.01696401171735,-0.755456439401113,-0.798653739719384,-0.606374368477924,-0.50312676995134,-0.427642163462215,-0.890684988981324,-0.864865742363175
0.180952655902675,0.00247816848019518,-0.239813424548459,-0.3787637894482,-0.704033135212965,-0.772358305569966,-1.77941554069217,-0.760674345379219,-1.43931594354269,-0.666127894999972,-1.14923743011966,-0.601124197537209,-0.422556002730228,-0.43486316928446,-0.821068744024574,-0.825165674744068
0.165400871176162,0.00650283229146451,-0.324991761232597,-0.367134286963258,-0.85113420452802,-0.753883279400643,-1.7058198505639,-0.873788165942828,-1.87935103013721,-0.580320026546856,-1.08565917490348,-0.574850447917892,-0.489124545862392,-0.489214582381432,-0.843641265039178,-0.778125792583045
0.202480848674588,0.00179462231619427,-0.507812355072917,-0.351883708739873,-0.804173090299517,-0.737219312142768,-1.62228169734012,-0.871352319771085,-1.92595954541739,-0.637872738483664,-0.959114623696495,-0.627722500885494,-0.463759240085051,-0.457368076105693,-0.909617486426081,-0.817857874917818
0.247805164089089,-0.00019587838509369,-0.372385642566497,-0.373498364255367,-0.682427615452147,-0.836205219445787,-1.75223816432145,-0.757195368090212,-1.14196415679327,-0.738683934364446,-0.708412406240148,-0.594578503217172,-0.480731479247743,-0.472342397294939,-0.879456124832026,-0.918003415985748
0.0722371376989451,0.00690330286834589,-0.293733814868718,-0.377679275151963,-0.726311565438206,-0.793927637246757,-1.63793333741992,-0.742493852436101,-1.78513384852427,-0.684447272327009,-1.16855881365658,-0.643345005954974,-0.487758571910834,-0.407495629309161,-0.807449312962024,-0.825785034774971
0.18941831276946,0.00237104541927602,-0.219030433866507,-0.367640255410173,-0.694935680334439,-0.737062111027714,-1.76336530246627,-0.761307297898707,-1.9230462252195,-0.584148862832101,-1.03228455279392,-0.56718430476719,-0.507257187321161,-0.395155913519948,-0.777927294721377,-0.719762275837845
0.199107775395383,0.00416633192136552,-0.330190940555128,-0.367554053211602,-0.658968277938963,-0.765230879336934,-1.42693921880109,-0.838049133847007,-1.97020703939937,-0.619839805559476,-0.752394241415877,-0.6282004072691,-0.518281611382156,-0.42797617503545,-0.670016062788751,-0.846730749856483
0.0942601519794834,0.00756410880372068,-0.372497771835425,-0.391116110875693,-0.799681938211182,-0.727829805108842,-1.68162283193125,-0.83958534580866,-1.49278405929104,-0.642468146762241,-1.06063637270432,-0.662642554906184,-0.453893755924398,-0.402480722580759,-0.717962059185666,-0.935599716168694
0.1947457080505,0.00639498324260999,-0.246271994014394,-0.368341239058761,-0.761620406652359,-0.761736285539373,-1.6548360302351,-0.748401060200856,-1.43837209185176,-0.676715067266512,-1.10800152086544,-0.519036911739296,-0.459978111975584,-0.445353034005497,-0.922656452628585,-0.832483930822236
0.251779221773416,0.00407688344703121,-0.317087015845542,-0.381778524133187,-0.78219073203298,-0.722404106198692,-1.73393043899121,-0.838920634779952,-1.66358380606454,-0.686950405788856,-1.24243170681924,-0.546726707430669,-0.425325525964877,-0.438850774324993,-0.888249203665007,-0.888387119572521
0.0413850009560597,0.0138182514305407,-0.238772794346705,-0.366499613304525,-0.845899890462188,-0.790063843237696,-1.72009659938679,-0.775244413948681,-1.97657743114677,-0.657819544087955,-0.822945310031135,-0.500959363597827,-0.433507573567837,-0.442849936817296,-0.822769467579037,-0.786574902839426
0.160952409026908,0.000649431835504967,-0.148323206621316,-0.365382336611222,-0.712327342158406,-0.77188176860306,-1.54199769133514,-0.80014497692583,-1.82964980268655,-0.613335193247751,-0.86652226597936,-0.618965578386938,-0.524997974805549,-0.430582533027072,-0.90495375740378,-0.796975445707929
0.159671568786214,0.00322728815091934,-0.289029901897885,-0.394083981353324,-0.68938522489948,-0.724771284215857,-1.68295999493618,-0.828756755843658,-1.88746107040961,-0.673335683479391,-0.898329088068863,-0.517064176516109,-0.518276038659762,-0.44119903440842,-0.806279465381795,-0.876615096067145
0.20000894304776,0.00483890660143615,-0.313624836356627,-0.390467558204315,-0.817459139669237,-0.728498482900479,-1.60337296170837,-0.814054324308939,-1.72977455204706,-0.721486378287779,-0.85606012144077,-0.58258094338449,-0.468579775576255,-0.434911196080915,-0.832752156239035,-0.692541211536242
0.213741420912446,0.00182852245552649,-0.485363750337538,-0.384716095581513,-0.73340110855444,-0.717808481405994,-1.7537513653429,-0.918903987232764,-1.48337757767877,-0.591973678940547,-0.932091387378892,-0.597274137872586,-0.495906038181439,-0.412792407155081,-0.862915004946125,-0.741162268373982
0.11223625227848,0.00970082461192356,-0.309315263951911,-0.372724056087172,-0.804866032188201,-0.690129122042877,-1.65417228557437,-0.804244894115571,-1.8133119957929,-0.627412536148441,-0.576341134597758,-0.667642268948103,-0.520445354142872,-0.424040148926323,-0.886172477378661,-0.741408343392489
0.16169477766912,0.00874229726338388,-0.349002145058531,-0.374276132357626,-0.804703777555,-0.794106749001567,-1.90688145082413,-0.790596932451181,-1.6713470004752,-0.674302271081428,-0.805391532217364,-0.572437744624777,-0.470466308312858,-0.415956984320045,-0.904286430385046,-0.820621692328193
0.160240309249526,0.00328480587124406,-0.169609729476293,-0.350426218943476,-0.766683448540674,-0.783901565223894,-1.42758903235489,-0.674134700142354,-1.94972696071942,-0.626841712902227,-1.15152692522709,-0.576370786137225,-0.45033420790162,-0.43160048534336,-0.819451355249187,-0.690802179349322
0.124718043135399,0.00447631733731673,-0.403659988004601,-0.388533701861498,-0.820690071106075,-0.740098834515694,-1.6057222999064,-0.798756936665083,-2.22679076759017,-0.639877410007246,-0.834605620349267,-0.50805995108493,-0.506861197883466,-0.470350164622211,-0.922849096511039,-0.840046943365766
0.19540552946535,0.00441947544872965,-0.282622153032399,-0.361108766864174,-0.83968483495029,-0.778656636285379,-1.72996445592174,-0.839227015009509,-1.83818436718828,-0.718718598362102,-0.949668362983823,-0.619341761086468,-0.497705333977146,-0.411426802660125,-0.950604703342541,-0.769871029819527
0.170041668343231,0.00530379505176049,-0.257165845749829,-0.380101452710696,-0.670430497872455,-0.694577062190912,-1.69221682251942,-0.872612543090037,-2.02711646550952,-0.54531537421516,-0.677272972185088,-0.606254991316394,-0.469379848487477,-0.431677646907483,-0.819194629891899,-0.792040094965628
0.160189163177343,0.00769921569255799,-0.330985389369777,-0.35167026760733,-0.827028945834618,-0.765656551179479,-1.6815647605557,-0.798261166605318,-1.91844442401667,-0.743429172272138,-1.13547244937645,-0.52598260455393,-0.492204115338742,-0.433355830479256,-0.812897063145664,-0.647768244794904
0.15965285700584,0.00129767411217768,-0.200303495307056,-0.357527431195967,-0.728933750844386,-0.77133538565764,-1.75961010146086,-0.807735469171467,-1.57295645357668,-0.643607634694476,-0.906467385033063,-0.66161032075028,-0.485941889008679,-0.446888310614595,-0.811522368494947,-0.836799852234541
0.228305631397596,0.00510651632923866,-0.370199832971274,-0.400458836820316,-0.681152151689764,-0.726422836680859,-1.74732203530489,-0.801722103150595,-1.57255360859478,-0.590632810527599,-0.858152205486504,-0.608225966635082,-0.503352237040841,-0.432648871385957,-0.841970245613993,-0.860902603218336
0.253553266808916,0.00288297110147439,-0.217046615105374,-0.356184436994957,-0.641415503258525,-0.746784440544212,-1.84795695995206,-0.851497707143935,-1.44025890809688,-0.554580103786347,-0.989976640475483,-0.528999388702333,-0.471140020595448,-0.384904728715898,-0.750343643737104,-0.884889933859174
0.250318560391894,0.000666403186412498,-0.306080220900893,-0.356205051596655,-0.71206999748774,-0.840793775545205,-1.62024108626216,-0.769732341729549,-1.7320190473794,-0.71760310891519,-1.10138141367224,-0.637760837069008,-0.509693027601918,-0.469341196821952,-0.926502541281251,-0.83129278679495
0.128707445013128,-0.000547115098170095,-0.455722500271807,-0.396323440371772,-0.661264710831667,-0.78963588547288,-1.90151055826485,-0.83089198930087,-1.51861670125585,-0.647503781405098,-0.708852626688443,-0.570379823527135,-0.479643604810009,-0.417703284449655,-0.963993157388587,-0.789739825354556
0.102799395815158,0.00582291230259616,-0.398286812460557,-0.359721968853859,-0.696448311979222,-0.750464144619597,-1.73759957842575,-0.71523891028288,-1.5282313289114,-0.678369250760994,-0.693885606494448,-0.597362344546759,-0.480402268388709,-0.435575558645487,-0.890659011312561,-0.894879703130232
0.189288918614663,0.00569476858816627,-0.323189878991736,-0.347962083337705,-0.811759674657069,-0.776123687823031,-1.73771614431999,-0.875012232261363,-0.992412058142417,-0.693298626867086,-1.2046162171282,-0.583495857843258,-0.427334198116602,-0.460584501236427,-0.850398241425897,-0.802700636795859
0.124909308629212,0.00286305144585097,-0.355135339826756,-0.33333133299165,-0.651878214163706,-0.748520411408866,-1.71920993893329,-0.870956045709202,-1.42903030229394,-0.773414796257874,-0.912405222923258,-0.592802430147572,-0.502891504030505,-0.410937434916184,-0.837815241324589,-0.857394429835397
0.11954450271891,0.00608106137779461,-0.528250099582803,-0.351083703049157,-0.770088000398799,-0.717257146556247,-1.7448666952154,-0.813695832932315,-2.00256402851031,-0.704285444605151,-0.921183376474227,-0.592476778293593,-0.505442879041736,-0.429419614096565,-0.825165573128617,-0.801414684356472
0.220770247240807,0.00323047909283971,-0.441000574733926,-0.370053988505933,-0.674144319616038,-0.756074851089333,-1.63329481221197,-0.746968393576876,-2.52385096041429,-0.60238199146756,-0.760625833872755,-0.635250817365653,-0.532917868337228,-0.449530537686353,-0.882838996316471,-0.756480580619936
0.171729916949787,0.00486628044400463,-0.308966819674177,-0.40350796025011,-0.725639010932879,-0.804496913579446,-1.5935034473429,-0.826757245268655,-1.2454236721957,-0.685215382155623,-1.2009623025208,-0.566748119132218,-0.491779124744857,-0.420894166556116,-0.904111037934674,-0.806573750662705
0.1504165787264,0.00541264761546856,-0.454255464262483,-0.374810767919183,-0.673065824195741,-0.770255390990354,-1.45621834650992,-0.728427558591258,-1.28878144540832,-0.670167855797902,-0.920867552371465,-0.557498083295397,-0.501018589192352,-0.443626330680244,-0.938294156032175,-0.970052067601107
0.219901219386672,0.00367575453657249,-0.328390614757941,-0.371507098164915,-0.798598061188939,-0.760671811916972,-1.70879198288622,-0.789037517958652,-2.03265573815284,-0.738596290470592,-0.799432671864268,-0.633065775317319,-0.488179669793759,-0.468915469576312,-0.814490151268793,-0.80189836400025
0.0712523528744088,0.00256880874048844,-0.304827534476978,-0.360435597060191,-0.734115577694222,-0.812750166709938,-1.59438160693712,-0.825802562718319,-1.44200988884508,-0.630830153983327,-1.06289654208912,-0.69918837501709,-0.485493012514994,-0.459086471692873,-0.802943495989375,-0.8603981101897
0.251075992375764,0.000585761839041264,-0.234786165484106,-0.366551516988722,-0.697718788549032,-0.780991040138495,-1.7689220864509,-0.804379748753629,-1.99406580182818,-0.565847440827795,-1.04793011294101,-0.582056141650916,-0.49522779178943,-0.440423655922754,-0.78735716848543,-0.767916760164921
0.142865706548052,-0.00105627825689171,-0.402820910289545,-0.363891477132927,-0.641479057100508,-0.745882687800565,-1.69479964388404,-0.797386034566016,-1.60433165283744,-0.733181789384438,-0.927453103045815,-0.567448882075726,-0.520601229518491,-0.427345554330274,-0.894974487619786,-0.875543867068335
0.182361606647342,0.0048028035495436,-0.368410552670033,-0.360571770643282,-0.788666630078718,-0.749418087739001,-1.90948947867601,-0.815999540054363,-1.6735768632947,-0.593258657190576,-0.870285915354054,-0.615875848680321,-0.47709635358052,-0.436167726119635,-0.868920381275442,-0.88140325628358
0.0535911559965731,0.00588805652612286,-0.291230761918515,-0.353685822150609,-0.734202311056162,-0.789393478933981,-1.64817257127597,-0.74559841969524,-1.49743139094023,-0.680896232235766,-0.687980616915125,-0.649245802457165,-0.499015256036244,-0.4251339405758,-0.838086102865014,-0.681636906112916
0.12886794784116,0.00682420166425059,-0.343930786378201,-0.348745029385378,-0.800254316205794,-0.753598112510378,-1.77166187071686,-0.799111180274385,-1.46152158632577,-0.667115986545907,-1.08029697883774,-0.519178156555588,-0.483708437493694,-0.424642973825463,-0.869877265768717,-0.886589268876598
0.169793743415862,0.00543806689956759,-0.387962955700375,-0.382288324321209,-0.656346480204833,-0.785090768847463,-1.66031011981724,-0.863427103984045,-1.74993465424139,-0.566357657088716,-0.935440374992041,-0.657288768377671,-0.506563216522886,-0.448735499641601,-0.878835711673518,-0.769542766455343
0.166973582564666,0.00627312259054264,-0.318025144047283,-0.405005194287098,-0.754667003063095,-0.799372767147936,-1.54540233861044,-0.782344851543196,-1.56010573077626,-0.629948778542291,-1.02156141561237,-0.589940605617263,-0.468999434867703,-0.467950353753834,-0.836912140346299,-0.827000789176352
0.227840026006354,0.00430875482392765,-0.301781545429065,-0.377238913079348,-0.749257081987864,-0.74558623280181,-1.70795692128324,-0.888827389023513,-1.57995564610365,-0.746209114648991,-0.653450430433238,-0.635717464294114,-0.499738501772669,-0.400836836366143,-0.932952434355265,-0.894449059298493
0.223622557682343,0.00405327245592013,-0.369950775050834,-0.361565186188113,-0.773554035232476,-0.76834448281864,-1.67176865857542,-0.730469314888258,-2.0535245892054,-0.678881840876866,-0.70312071498798,-0.565986589926098,-0.49324900422258,-0.423244765785055,-0.937636508438471,-0.81047054619545
0.19444531996748,0.00421180533838672,-0.385780310594112,-0.350541339274459,-0.775768253827852,-0.83981317390189,-1.53778816135998,-0.839368744824239,-1.58760679601337,-0.787687709324135,-0.94551951783422,-0.651772328372921,-0.503405303037884,-0.446457748931097,-0.803762404541517,-0.793138713418025
0.214776009124861,0.00440850345061864,-0.322814317230838,-0.38041864603691,-0.717320477238567,-0.762897717094634,-1.61394859735637,-0.795193079525519,-1.59117148585648,-0.70484208727519,-0.62093955870652,-0.586420617559629,-0.477761392915075,-0.420638825817434,-0.854491385529404,-0.783541554217523
0.16086443554812,0.00832878316795953,-0.412483665261791,-0.367032178781211,-0.676309630862681,-0.785330443868708,-1.53744743465416,-0.803664320699428,-1.6276519471872,-0.565689952198394,-1.22295664863095,-0.653575203736305,-0.486989004276317,-0.391913551614462,-0.986696084328684,-0.875328827247329
0.110390194748598,0.00538758501511277,-0.51510320555499,-0.382666035374518,-0.666715597634896,-0.744266443939933,-1.90182487909903,-0.776952634683952,-1.70377468773028,-0.650484011819142,-0.755655308690022,-0.54288043764531,-0.487377190500047,-0.419200799294685,-0.941957934492253,-0.798748499106235
0.152787972215507,0.00747087580767238,-0.251003997030205,-0.373310778552977,-0.817063055548337,-0.764646384176905,-1.60372685660286,-0.930044840059038,-1.83742681752123,-0.647571136858418,-0.992766315094336,-0.618119133710248,-0.488010147275753,-0.435251054387929,-0.828097698162324,-0.863559530527818
0.218209206029721,0.0015558146597358,-0.536050040306965,-0.379574899141643,-0.724443302409879,-0.705893520399663,-1.79232277173062,-0.819325301153561,-1.66299429333882,-0.561923222674496,-0.984608614110528,-0.648015379831203,-0.491251458502226,-0.455429274391648,-0.851522702306214,-0.67956832756066
0.20672396809566,0.00406210899029181,-0.435580571644327,-0.359662494572815,-0.687444403238157,-0.752585318390043,-1.67645128473283,-0.686777262965315,-1.39592402296766,-0.796838239572226,-1.02022196015511,-0.742932971971331,-0.522788397720822,-0.46172261461997,-0.839815133327067,-0.923143577479847
0.0702416894698012,0.00663162884545451,-0.285298979359162,-0.352589486547511,-0.79050152042667,-0.729778784812177,-1.85258812356166,-0.840460926149917,-1.63833470204437,-0.59889255795257,-0.861896444834725,-0.611600473618855,-0.500028986979995,-0.439320426627162,-0.952431808422978,-0.784659126266861
0.112472891723236,0.00795866845907171,-0.324030190197623,-0.385093289074616,-0.766603910282236,-0.784030348650109,-1.93251502125922,-0.845575690772205,-1.63780924488761,-0.721305626244683,-0.965893460865574,-0.632748598041165,-0.502474902697157,-0.416252502040066,-0.890581385917573,-0.915974901895693
0.233174934623106,0.00106041447850412,-0.291936086771842,-0.38632822749245,-0.63135861715345,-0.729474066624639,-1.6428631455227,-0.871638115265299,-1.49411371362973,-0.670320182172578,-0.903800928340285,-0.782530044150307,-0.486354077453086,-0.436996844067276,-0.895582317880622,-0.881897788103049
0.136297421327512,0.00564398824050098,-0.336573844638843,-0.366100706787184,-0.677809007286291,-0.750203226111486,-1.70398263202203,-0.807990455571066,-1.86275400834028,-0.664934738322047,-0.894548191026116,-0.708540229809459,-0.44410361064824,-0.412885500574751,-0.789734471017523,-0.800150303083153
0.174142730221753,0.00263991275393579,-0.401991474492799,-0.370239703467829,-0.607542139882971,-0.756543445514977,-1.69656237056477,-0.779104091237231,-2.08549837201892,-0.690139104009426,-0.881183396695795,-0.605946239997638,-0.49685677723172,-0.465180394451566,-0.951135022961551,-0.778741705940958
0.153504742485044,0.0038406049662973,-0.296170037487852,-0.369596327229177,-0.67502562239196,-0.77864117524819,-1.74759530969405,-0.777467486188635,-1.7183407684896,-0.727875886726061,-0.666151691564391,-0.662362174813579,-0.509726302898052,-0.435123075297557,-0.931420412380129,-0.939132641357669
0.313396254886849,-2.37729049221338e-05,-0.362496099777242,-0.390085431582858,-0.724647386126998,-0.707987404523576,-1.59411597426918,-0.926051327522598,-1.78099009172934,-0.530887406849056,-0.948087352285843,-0.614633589007577,-0.463980977268904,-0.437833352059993,-0.810394168619827,-0.812860448051376
0.0405333686397527,0.0051105946999455,-0.289885453966703,-0.40062451303246,-0.734036514788048,-0.789610374258815,-1.65111154396158,-0.775240505411803,-1.42866196263428,-0.602372388112522,-1.00618390147521,-0.627527694767048,-0.477716297536638,-0.423419515417916,-0.889894022245536,-0.776515232594557
0.214411331784805,0.00178421954115828,-0.305366734016563,-0.383952178223692,-0.795585958533082,-0.789475532879056,-1.8616153210276,-0.781100026516831,-1.41346276838473,-0.679994591924048,-0.853262067657765,-0.610060943013544,-0.492748565823803,-0.43570556767567,-0.886226149669457,-0.878295037871539
0.124544701924211,0.00601671170229596,-0.303343380777313,-0.368927814793486,-0.750193491110177,-0.71220718454035,-1.60196085116104,-0.818103450172092,-1.5760002395014,-0.653978641867625,-0.816417140473488,-0.640346313721993,-0.504389458862085,-0.440557646482203,-0.838875811356751,-0.808916724620683
0.157928240238462,0.0046770681615578,-0.293272897099049,-0.388808758499331,-0.662574909183347,-0.758761559816005,-1.77301685454278,-0.850000697138653,-1.74288097763418,-0.644205782223264,-0.61091091937814,-0.631590339903984,-0.488978392868778,-0.413225555550254,-0.904695265162841,-0.922861211293879
0.208631897042461,0.00556944224633207,-0.238506188695833,-0.394238930493128,-0.768510918590472,-0.740969118435734,-1.75130780225894,-0.816371978024528,-1.93537108925773,-0.625480268419291,-0.599158002076902,-0.741198162323594,-0.483631582196599,-0.450958239825019,-0.870637289222521,-0.88104208815958
0.0863300257617397,0.00331696153207931,-0.252578486215291,-0.340268787646234,-0.762442167943376,-0.822935244042224,-1.84383833442725,-0.858591762894072,-1.85510450048223,-0.684816699962914,-0.709877340996507,-0.5705500744182,-0.541480304722133,-0.439357663474302,-0.969429231004776,-0.891849703893582
0.209122062150434,0.00121538920340857,-0.401007744166966,-0.373338949539993,-0.710636246538208,-0.812239723413659,-1.63796135643869,-0.843070883237208,-1.46066424649803,-0.702914382880875,-0.905215302600285,-0.616957406670445,-0.490216775552287,-0.480205193223304,-0.858313215770284,-0.814845125177119
0.21108256834898,-0.00017111730596353,-0.379387869285325,-0.372409114636504,-0.69523113081085,-0.747869513235689,-1.5709057573331,-0.82620627495856,-2.27229855307562,-0.624142748590279,-1.03951809637016,-0.606647728277748,-0.518332679584124,-0.431983600620136,-0.900024097204008,-0.814302781574426
0.149871434806917,0.00655436612835803,-0.243694093595885,-0.356091130911429,-0.747524711595309,-0.767346727125407,-1.60313243449568,-0.828026232164023,-2.23726888647622,-0.660973538545782,-0.873767726473377,-0.610260121572052,-0.48731322911373,-0.438090600990475,-0.763759557748388,-0.857377570356163
0.165912546507253,0.00781811395549206,-0.24564487788631,-0.402334199683691,-0.728708640831297,-0.703689106231832,-1.67542278462819,-0.832699894409251,-2.03055055300046,-0.559864797257406,-1.04500840699519,-0.612699318126946,-0.482335911558541,-0.42175108309914,-0.910658336935894,-0.896689195031809
0.163849381708075,0.00508563648398654,-0.315566631884506,-0.38508563545618,-0.66208801062427,-0.743464761703855,-1.63509868731661,-0.801073529164684,-1.64313253675624,-0.590803635151197,-0.928238123812439,-0.594082321654747,-0.481886788215955,-0.421825911228609,-0.815926672747056,-0.904200082971282
0.239331618524807,0.00106308781045227,-0.416066786234051,-0.370412633235245,-0.785738027679675,-0.7106129782487,-1.82879204168183,-0.835260608098075,-1.62159522135468,-0.670561402655976,-1.00048470723365,-0.596206170781495,-0.452478989896356,-0.442745213730602,-0.820579978931203,-0.761027881236996
0.214745161258489,0.00517833144317255,-0.228979289028977,-0.355445671984761,-0.706041238534996,-0.774210277116152,-1.87823114017095,-0.758061333890301,-1.69767515532954,-0.739707232566507,-0.887935677958016,-0.665097736165185,-0.511800309075767,-0.458126897906432,-0.911819701370148,-0.869723082656568
0.163602662055235,0.00437211452938335,-0.424613457066529,-0.382165186709471,-0.631821502771697,-0.760911221075964,-1.70038565603463,-0.849390270022261,-1.30251745160741,-0.664980664471094,-0.64372721685757,-0.581593463322781,-0.459244331525743,-0.416325318575906,-0.865061062575315,-0.919747078219495
0.219247730454683,0.00378704385298063,-0.290800513547029,-0.368855466947904,-0.821981894494236,-0.745497496352566,-1.54093825376387,-0.733751813045688,-1.62704811458419,-0.661712410042186,-1.06046235439616,-0.613808064392697,-0.513869445097679,-0.449759113431633,-0.917748005998745,-0.809667340070145
0.0896603790671046,0.00485563574290234,-0.40485609310303,-0.35583261265585,-0.716354841273907,-0.714023949363302,-1.60198733598261,-0.846353785579299,-1.83342870050901,-0.650318794269039,-0.899370565381821,-0.66599641104833,-0.506460543439731,-0.445494139946264,-0.865032363214915,-0.90026607097963
0.157305125304152,0.00615886579360473,-0.291872981384096,-0.355605314831967,-0.69723054062981,-0.744621152472796,-1.5299608714863,-0.835406252431216,-1.68283696887422,-0.61323266166756,-1.33598370641652,-0.649941508852906,-0.485461219072354,-0.46383042945345,-0.869522627082336,-0.845716633662232
0.142204192976299,0.00144297151282008,-0.293450959659529,-0.382874973326556,-0.625262459676638,-0.769857649453817,-1.67360602098023,-0.783746984878385,-1.50619112292437,-0.683030268975243,-0.848893560630991,-0.605180291615417,-0.477261032042914,-0.473729468304911,-0.895598793555329,-0.846052113693072
0.142057513542749,0.00252769343921358,-0.316007820546239,-0.356981033219873,-0.751018642161797,-0.770027416704477,-1.72735019966062,-0.739306358902227,-1.96339500385241,-0.612778955486057,-0.857886119086782,-0.648817281146118,-0.471852354456006,-0.419063599804721,-0.878012301223544,-0.834437757523892
0.193992134363424,0.00329972018542951,-0.354942012655851,-0.398459456850631,-0.741240530475795,-0.739210319712599,-1.70830618223343,-0.810432896226754,-1.80839265640039,-0.813939104241333,-0.97101672978916,-0.662217221555911,-0.484937288376187,-0.473124801088197,-0.799435267574804,-0.876284681268887
0.202787587950632,0.00145319859789616,-0.392448455243846,-0.382275306683964,-0.725281527241187,-0.796507316364717,-1.67087208925433,-0.776745592208586,-1.89274788809081,-0.618437959030901,-0.596259327321752,-0.673936404666083,-0.483301868134071,-0.456157331006037,-0.871227148548083,-0.787230561625032
0.114016256672263,0.00435021087341612,-0.342671731963012,-0.349183387043324,-0.732690671921284,-0.803141244679473,-1.55575938212534,-0.812853557472524,-1.60282261061514,-0.671685116018096,-1.20014091191201,-0.535579477833156,-0.507954093340039,-0.443612353060772,-0.952351084427944,-0.771772074910442
0.0586946868094746,0.0068348767253083,-0.43652402508203,-0.365956547097963,-0.672972988565628,-0.80063376831693,-1.55088161577521,-0.820491056394237,-1.69512237934328,-0.781047424385224,-0.590725387028431,-0.546761509628707,-0.527184584307026,-0.393259585154408,-0.813790432846907,-0.937950747779788
0.0412217472375402,0.00493198424817862,-0.293233975901934,-0.362755537697489,-0.681101644073689,-0.739250902386747,-1.57844163635061,-0.82189152384447,-1.81641090412626,-0.700246355574303,-0.879458771894837,-0.685560147549727,-0.476433801116525,-0.398434499572326,-0.952057460697724,-0.875851239758048
0.261771881827437,0.00215960339672158,-0.265657263628154,-0.348245088918622,-0.714757294949601,-0.693890687390205,-1.56025962127306,-0.724108299082733,-1.89482347674605,-0.597956319766883,-0.867419363691862,-0.609156186767204,-0.528857317182767,-0.393285530946916,-0.845623928455989,-0.750168943299866
0.174601003917111,0.00505089441103625,-0.360864542519324,-0.383655061734879,-0.798602222862678,-0.758276510559221,-1.68493046966912,-0.863261656766326,-1.93600583358376,-0.627941667056044,-0.847235856278866,-0.569702682028818,-0.502925293244063,-0.42767062693957,-0.973952890496815,-0.894537892249168
0.227338178846523,0.00199705308277754,-0.242440974477247,-0.369399803517462,-0.765462893274632,-0.770815484354924,-1.7148486080917,-0.798680107890651,-1.80364048194921,-0.697890973394631,-0.833673779119614,-0.624901111906346,-0.482627229355549,-0.405749266897531,-0.824439429506464,-0.811943430698879
0.125018658043257,0.00707698844772287,-0.311370377364583,-0.385513381945651,-0.826261659265461,-0.725755599464448,-1.63399666819295,-0.753715402296175,-1.65141159778666,-0.701701612327765,-0.878989795253637,-0.592404666243912,-0.513307644246511,-0.4409340057565,-0.7965847316866,-0.87296794249832
0.145277209992267,0.00445254663894177,-0.382685558010558,-0.38502343703873,-0.692374058454437,-0.729175651416649,-1.63078726018117,-0.920814196763553,-1.7959002596841,-0.667225683630237,-0.843993672345673,-0.604842524399751,-0.464629915738901,-0.42196624105492,-0.865744423845735,-0.837366290771425
0.13918855425361,0.00654351538335842,-0.377535334703431,-0.400810002222276,-0.751136896998488,-0.793775228794603,-1.76909113406065,-0.756765210000268,-1.71678762489115,-0.654739416513045,-0.720439748912946,-0.594703650437478,-0.452144461590441,-0.384602107127127,-0.859413095961074,-0.841923780008715
0.141399642276077,0.00504220447202297,-0.248033289901427,-0.354605935891152,-0.72856348322465,-0.733826306404122,-1.57235253278928,-0.834912292756753,-2.18307536583815,-0.699134866541353,-0.945474282778554,-0.661127085086489,-0.501259990940048,-0.448514006609497,-0.868001541219294,-0.876704510461436
0.178903599312164,0.00208281256848382,-0.275161817584201,-0.406191689422537,-0.700441520522068,-0.747876934800089,-1.76702370539092,-0.783063521483982,-1.80730802878647,-0.6419491767829,-1.099329480247,-0.590257738266209,-0.497617702141044,-0.411764107576367,-0.84229969581349,-0.778318661569051
0.17829213699315,0.00259974332052358,-0.156600887714675,-0.378337414174057,-0.773475109317891,-0.759242210328946,-1.55279812713037,-0.799564952067179,-1.86065551934865,-0.628719409915023,-0.870332986795911,-0.624618792995388,-0.47516745138948,-0.446810506342248,-0.827683556443322,-0.7534616045863
0.0601425901452417,0.0056381620643627,-0.287234006496385,-0.371519796481845,-0.820625752970246,-0.736952322081282,-1.69926512682172,-0.915334295771629,-1.729587649765,-0.640782941250773,-1.20556710422705,-0.597208149167009,-0.485254762605463,-0.450467777632223,-0.800953960773538,-0.790484485982718
0.15743810352951,0.00246519922593583,-0.336966140591978,-0.355439304945018,-0.807642939022797,-0.753208873880604,-1.83828949021315,-0.691123748557058,-1.87261572589128,-0.702696180908248,-0.80188027545838,-0.694061938175716,-0.500714148785484,-0.439072877721554,-0.819378308464454,-0.844831657302192
0.173866519413882,0.00521510682766934,-0.292923917044417,-0.370652872589271,-0.736574268450003,-0.775275481631895,-1.57445632216889,-0.779536242517209,-1.82173312117549,-0.695776332363108,-0.793754410198481,-0.575516690696977,-0.504763581023297,-0.435156593446683,-0.806944686435629,-0.761789246654322
0.133960224083236,0.00349726165146258,-0.358796752554273,-0.367544395890861,-0.748601267419761,-0.82841671002993,-1.5530541773755,-0.821420932302129,-1.75354459628397,-0.792429207235136,-0.809683530437989,-0.63060674426405,-0.506601231220079,-0.435386553760045,-0.93133518090344,-0.871635744637049
0.182595074752969,0.00662920254456568,-0.26642394583986,-0.362195357537685,-0.720304077629741,-0.764663528564695,-1.53991318260104,-0.80683044054536,-1.65401139648617,-0.652890587934107,-0.777549209120705,-0.68907920699347,-0.479924340527297,-0.436704179834895,-0.81486685729193,-0.852161656857641
0.182185019272453,0.00503406704244549,-0.38092166904428,-0.362953861373928,-0.70828462556266,-0.725190716394327,-1.64360511013767,-0.866259302538889,-1.58707178869067,-0.673251027572466,-0.998694091916261,-0.585522489512441,-0.486315146717231,-0.412939142508341,-0.928191346832539,-0.799435511415355
0.019615924162046,0.00752211423094492,-0.423399923688801,-0.363121086105733,-0.802731722612493,-0.753381539379985,-1.92281341657061,-0.792930032714019,-2.04283091297705,-0.745396214108027,-0.81237116745255,-0.643157524684086,-0.455883503930479,-0.46380695469018,-0.832521356989426,-0.865122292252486
0.211896961868736,0.00474333462291708,-0.288901393037792,-0.412259210818165,-0.710824928597166,-0.739889461468915,-1.76642803838039,-0.807343958214299,-1.98957925954405,-0.620866622475985,-0.781422896129814,-0.640895225543359,-0.480514963496774,-0.399303192479085,-0.80490377640499,-0.877260172990715
0.229567401411446,0.00187356495438358,-0.333205917321846,-0.382859472217248,-0.769860986205716,-0.764821378150601,-1.86788902989086,-0.809564679068726,-2.00789312906096,-0.551181278883919,-0.844550927557732,-0.52000727426747,-0.503797283342679,-0.461639186504507,-0.959006371002526,-0.866780085747991
0.20259679080547,0.00439555850631713,-0.284997470165721,-0.333430096148746,-0.708748179526366,-0.765780417252191,-1.51369025407166,-0.797687713229983,-1.70922541727626,-0.527105195539289,-0.876557454635411,-0.611421939814192,-0.492546014636179,-0.425624111596065,-0.959748780790349,-0.876691731754753
0.160862118685879,0.000803316498834516,-0.293462228192759,-0.367295697690576,-0.71426455781457,-0.76755209732197,-1.70143622477171,-0.760100079104207,-2.2948754427102,-0.544111524029699,-0.720270687428302,-0.622540322739728,-0.485923936503842,-0.393230478083268,-0.83405071262973,-0.813817526600342
0.19390549444345,0.00258276324448178,-0.271978053929144,-0.378377173791557,-0.715600789847413,-0.702824191373196,-1.80029115156614,-0.828026369626327,-1.69305232345942,-0.82829044190232,-0.704041961970116,-0.751759965508314,-0.516420104714253,-0.411985383645652,-0.814407307361031,-0.886744948388512
0.181318463178753,0.00350902979328619,-0.278878806726585,-0.36444454758958,-0.730493019751476,-0.756579109529805,-1.4921316961994,-0.893799487116186,-1.15973575531262,-0.709057198904484,-0.583095973502013,-0.525583153932938,-0.471366634092273,-0.423465995309619,-0.910235812585989,-0.911914566809482
0.178711777892033,0.00286294499320869,-0.283698736887073,-0.350524380076776,-0.760915583672397,-0.74845283326699,-1.76884098739742,-0.834083586150513,-1.53942363922195,-0.63588854723113,-0.92334690526517,-0.58851258128186,-0.515333626535319,-0.411288512208945,-0.818153642302671,-0.778862640892299
0.100475104639732,0.00500065044713429,-0.331982617935661,-0.377464089995576,-0.669340556927365,-0.725144089087287,-1.7318310564634,-0.824881574948973,-1.54012825434303,-0.660292124923897,-0.936892937285751,-0.562722936085765,-0.485432647912601,-0.45318030976164,-0.818854683859488,-0.83212239662433
0.0849635324131244,0.00274642439277893,-0.246449541593304,-0.367412555805671,-0.703876849379619,-0.747969808947069,-1.54990124414912,-0.823235117680894,-1.87078930357179,-0.66748521687044,-1.03367495468385,-0.586101621931957,-0.450874024570907,-0.430762664639353,-0.818808623801607,-0.797772198545024
0.27477217827445,0.00325877412724614,-0.391478908986167,-0.349395256010854,-0.737261720180786,-0.758237661138135,-1.66167059220719,-0.81294502893988,-1.64995157210277,-0.559097244122046,-1.09906308944018,-0.515339553709646,-0.431723755596674,-0.396237658284784,-0.877770914740893,-0.783964861980099
0.167442860164448,0.00763410729281542,-0.39743210357551,-0.384416493976799,-0.632422250792416,-0.757150728562578,-1.64689793845021,-0.73036274194359,-1.85602522474132,-0.753932463362186,-0.930495883164158,-0.636970688150042,-0.491429583503199,-0.418367604986984,-0.888061767248833,-0.820078649420278
0.24526478683756,0.00398130593751103,-0.387676224355301,-0.328008004263399,-0.719741175624834,-0.757970001542055,-1.74308067315411,-0.792486198345239,-2.24205610249545,-0.706928973105628,-1.04727734888254,-0.668807247567264,-0.479403287742191,-0.412857521482248,-0.890716474382412,-0.905258906183153
0.148385285021657,0.00606522924216371,-0.280612453276715,-0.403522517720472,-0.770068320153929,-0.759255142575823,-1.6874090736506,-0.835768039295915,-1.52510461241983,-0.631033532633891,-0.894229052146359,-0.61324885128528,-0.464509661734072,-0.430598118703838,-0.842179162999984,-0.867151203874362
0.194611574550121,-0.0017133768708337,-0.276414746678127,-0.405930602321743,-0.709044387201521,-0.740070841598025,-1.59030867758495,-0.836648840366733,-1.22107132634404,-0.586546545721781,-0.812694247333052,-0.658783067703741,-0.481708541086128,-0.390993931647296,-0.834602409602794,-0.863491340496563
0.152166279138236,0.00470664864607493,-0.277667578973278,-0.368187464865426,-0.649149859220216,-0.651521359831637,-1.63829537289364,-0.822587049395907,-1.8525683679255,-0.811601771629459,-1.16187698895494,-0.668496338137299,-0.485067389164973,-0.4181825038179,-0.900352786811256,-0.771077641637305
0.119118417442823,0.00371665966470585,-0.320091506125792,-0.366080136922893,-0.666604762520002,-0.767564357184312,-1.65362117186446,-0.877196362526027,-1.64377228846636,-0.658291469615726,-1.03267270838682,-0.482161622505345,-0.450101359390151,-0.406828534575004,-0.799319210778144,-0.792074327404561
0.0926751802523476,0.00463245590879413,-0.2229809151796,-0.397918686407156,-0.70956692020241,-0.748204822687218,-1.69612827477951,-0.751264333473991,-1.51426397785226,-0.608144126251161,-0.834142876011426,-0.668721298677494,-0.477511136317344,-0.443690662696969,-0.844904781859924,-0.891140569300697
0.0370427017641217,0.00888435265816685,-0.370185734095298,-0.405142344353726,-0.808545514271807,-0.771352176958559,-1.48118144100575,-0.787015013301406,-1.94855595715778,-0.742017839159473,-1.05171806991473,-0.620718578345639,-0.474031335052554,-0.413357240459514,-0.906492862716912,-1.02794102773561
0.193742221069815,-0.000814771696968454,-0.378775297526211,-0.407802360836048,-0.631749332696558,-0.791625166588657,-1.6445862869319,-0.774200262982373,-1.57472273365855,-0.693232172272688,-0.708721209549504,-0.517139658605669,-0.427731123470285,-0.416906507691561,-0.839639201006422,-0.699021084218021
0.181387425432903,0.00475250515394243,-0.202849344049345,-0.364638634927972,-0.733588109387866,-0.742330615054346,-1.64696746608349,-0.775206367184006,-1.56293011432524,-0.720116874264452,-0.784536512394443,-0.684511480025343,-0.49761130997716,-0.414939584556441,-0.909612947872692,-0.774619121387755
0.151183812803966,0.0082779594124865,-0.405988755856746,-0.360244751027666,-0.762242526236639,-0.724466598978557,-1.6317419751194,-0.840296272943722,-1.87957101869621,-0.767817235982668,-0.984163611003128,-0.604000942418699,-0.507022078201025,-0.433292753887031,-0.785028450491429,-0.811211573890771
0.085831790849149,0.00443310948984357,-0.239001425448768,-0.370847536854228,-0.794223585850439,-0.778791432992984,-1.64718257907313,-0.893459423505965,-1.9979560812724,-0.653774082832087,-0.755513156421192,-0.6275549081636,-0.495744787788524,-0.41744386403159,-0.876067243010548,-0.774364050837359
0.288184834950895,0.00230068312587031,-0.365586081167712,-0.420668312895848,-0.744999685198282,-0.7282716156373,-1.72826944025486,-0.829190810758219,-1.92775295533067,-0.554054972072894,-0.929902478155131,-0.595027685106096,-0.470427673862957,-0.430333242883824,-0.854205849561572,-0.819492294258316
0.0665146503212574,0.00480536687997114,-0.276828840023346,-0.371194808968687,-0.864311274611316,-0.709720570681072,-1.59915550606854,-0.822062848308108,-1.79798557835652,-0.706372767133677,-0.757210797977958,-0.60999965702338,-0.502715736064617,-0.449939989131192,-0.894008071236364,-0.812189328229417
0.0870426756814655,0.00538312487564833,-0.395111539165664,-0.371467747032707,-0.821053724820338,-0.733081892306327,-1.50345886734311,-0.837582227788163,-1.84081921841943,-0.772118559182795,-1.04620921359183,-0.530911638695707,-0.455246077188657,-0.42453975731601,-0.817877199499057,-0.870834583279955
0.164816540354625,0.00528584013978147,-0.345468223345864,-0.369127515619631,-0.73681326620344,-0.718351235889761,-1.68771189145142,-0.841234616361426,-2.00798176104343,-0.749010294524537,-1.0081603772534,-0.598698992501796,-0.508601568803348,-0.394174309525575,-0.831395740090792,-0.87527504330866
0.230919929739335,0.00496463483446659,-0.381942375227096,-0.371590815709222,-0.691907940019287,-0.812565270465521,-1.48428456487596,-0.732276911053681,-1.36430669443835,-0.580121644326725,-1.14182653881342,-0.590900547889451,-0.483903917755605,-0.42711774219146,-0.947560366560802,-0.885978741238293
0.202377536466001,0.0027756007078561,-0.400331328597422,-0.368076498710672,-0.77081633549357,-0.779454586260738,-1.59468946856494,-0.646123052971082,-1.44558487676224,-0.62410016056656,-1.03115806840725,-0.559340369664157,-0.472098225694279,-0.413658572272752,-0.94227964043044,-0.851642329310051
0.0925055274405973,0.00557610016852409,-0.379549544129194,-0.36663812970215,-0.757937189552959,-0.751337857725912,-1.75222754707405,-0.725606194794134,-1.19864888679269,-0.726259617187848,-0.707983400851577,-0.540605915310515,-0.443614103638447,-0.432524115698397,-0.736892421318238,-0.884102420580094
0.16374633842968,0.0028419673963804,-0.344863726422898,-0.352870960552473,-0.820224289129662,-0.793335752185232,-1.73316131980782,-0.875262682744843,-1.79143062011933,-0.715380376772657,-0.946672895254242,-0.614322924342512,-0.491699466662973,-0.441153970050309,-0.856802756517151,-0.901551557756041
0.144099800220026,0.00324783576344282,-0.236617758683047,-0.35280398037307,-0.656176339528506,-0.771453168335911,-1.71813621760251,-0.799800322087012,-2.01580647860279,-0.579080661333606,-0.864270333265971,-0.55466573033821,-0.483242283049226,-0.495569681583657,-0.825494543690178,-0.840012944537567
0.0181500485766216,0.0102430595505842,-0.371768473974447,-0.356829224855509,-0.88238239766325,-0.796496734911858,-1.6554033945329,-0.865993307306,-2.07222829276637,-0.685453634510961,-0.729404669398665,-0.604193489943661,-0.494804616220829,-0.433733519692885,-0.928113530531297,-0.881125719069306
0.207436932885461,0.00422240071075231,-0.350011113381471,-0.365593613882528,-0.713412219417626,-0.799452540007448,-1.595635694167,-0.774656032443667,-1.40740730932041,-0.730244257911238,-0.861943276029513,-0.6622378763107,-0.456532951887529,-0.451878078759759,-0.970086679343057,-0.917085538979895
0.134621383182578,-0.00411425486224487,-0.382203286692786,-0.337780688282995,-0.708750394157505,-0.813799929720407,-1.71736576938123,-0.921566740495156,-1.8638944534272,-0.684500049922896,-0.772002358452396,-0.689895801110633,-0.477384257187947,-0.418787255463103,-0.904727475548541,-0.63523359713791
0.18385531995803,0.00723049054594766,-0.388841203143443,-0.386367127820773,-0.71787237034787,-0.774552985699528,-1.71177692040537,-0.722732209996605,-1.51512492778964,-0.72289040992896,-0.92263470105404,-0.616638210616588,-0.492122201449077,-0.421501685131349,-0.875196727198941,-0.81443761181348
0.153506325505499,0.00222860755193283,-0.429432114906712,-0.409061259107921,-0.753514369710119,-0.780566792287925,-1.59646121351414,-0.81598522032474,-1.87400151214376,-0.647401305552351,-0.858600871775911,-0.693801558693865,-0.45811840385479,-0.466667796235867,-0.924292016811274,-0.78343136602611
0.0963896705511021,0.00562097497595335,-0.320502006519396,-0.386893886333911,-0.732419527912336,-0.74284281131875,-1.78427802728102,-0.809240022032312,-1.63701275343327,-0.617411541886248,-0.915494955543065,-0.639095438127308,-0.498849275809725,-0.438261656300747,-0.883541920636728,-0.79802479969095
0.124933388132782,0.00552674331835759,-0.291238398869525,-0.356988271447472,-0.744670589353954,-0.751922821180122,-1.76186599616828,-0.721644854012746,-1.67053293992478,-0.662970542406939,-1.04033721779687,-0.56665457468298,-0.552127485246332,-0.404185509731369,-0.880242956149866,-0.842019432880456
0.101143259627436,0.00724027436109589,-0.222683356095936,-0.375271297559799,-0.717697776698819,-0.701742575899121,-1.59573598823041,-0.853467529590307,-1.5720494498279,-0.569714962409661,-0.955626387234817,-0.634297705864336,-0.521324926307291,-0.462785317364118,-0.861926387704371,-0.854800573646045
0.0632033658670526,0.00521407369242037,-0.289737781238614,-0.405608734748341,-0.740680314274026,-0.702101112558107,-1.62554987351504,-0.866733861886828,-1.55134629137406,-0.624510965348293,-0.842260033790428,-0.603827180363889,-0.480160730193641,-0.429846154862367,-0.897343378802942,-0.899693338740818
0.21907009450077,0.00429329257568379,-0.28516662085395,-0.356555655699562,-0.718375381071334,-0.7686590591583,-1.61187972938583,-0.826455825973692,-1.59802257283953,-0.747633598893755,-0.810781344328257,-0.585451132308588,-0.500752129818378,-0.43311614168787,-0.894656050679649,-0.75767056022398
0.122823382514324,0.00479290653162096,-0.216223930444441,-0.383724719879334,-0.809965706128604,-0.753656806121158,-1.4484344796611,-0.72546348886319,-2.36652829204397,-0.611322906338043,-1.04417038237267,-0.626417236241849,-0.537772970236192,-0.412921960120657,-0.916165257982626,-0.715545489015
0.140784852401201,0.00412048331031144,-0.292078727731911,-0.363064334441776,-0.718045590331349,-0.75974278878882,-1.63993354882473,-0.880617011286833,-1.58972075285392,-0.642924830462434,-0.650303831502654,-0.635025503098578,-0.463976351108396,-0.430333735616736,-0.955861698259058,-0.773001635234755
0.128873387671731,0.00409753189782037,-0.208832765933306,-0.382655070738686,-0.61579689423718,-0.749861183805576,-1.66560130788657,-0.775681123431128,-0.97342676558547,-0.723340659244182,-0.895946696965222,-0.672049519169744,-0.48477061230228,-0.413235472476518,-0.936230424493494,-0.709165206291532
0.101774234000518,0.00756064234011909,-0.325937086019535,-0.368672848293916,-0.833916741975728,-0.799660672426781,-1.74066765551656,-0.820467527631585,-1.7783001592227,-0.60229827187096,-0.725215349049804,-0.6602536115782,-0.457399645723715,-0.410241074385516,-0.898929859632686,-0.830876643083541
0.193231740785258,0.00559872091628378,-0.384175610181232,-0.369519552890822,-0.712019459048238,-0.713222312520007,-1.63756695258357,-0.786862865754267,-2.0060272934714,-0.669757088684982,-0.847960940959095,-0.567230481453244,-0.507564729659302,-0.450592277723244,-0.910893242261679,-0.750990571942489
-0.0164093719187287,0.01242691520445,-0.280379415963966,-0.358650611993627,-0.809580987425203,-0.721121597626729,-1.50861134299626,-0.755722328674202,-1.73099341115303,-0.742914825798241,-1.09233657598708,-0.54618104238775,-0.510849566891542,-0.411229308038367,-0.801889451567584,-0.910502627024293
0.239441952647466,0.00600080365507426,-0.387277714962592,-0.358705172214891,-0.743809171905116,-0.77894696597117,-1.80145595140105,-0.790328191311887,-1.85018143252158,-0.512836086559844,-0.978697924292057,-0.612926319878929,-0.477431315274519,-0.429344809522269,-1.01112014326101,-0.844225500803232
0.165867174550597,0.00955211067618268,-0.431080656914527,-0.390447956721431,-0.72621235902854,-0.756254564914861,-1.7670293339885,-0.776235583667858,-1.39287846761356,-0.74699699627971,-0.7915511671355,-0.567766383089918,-0.533974212490386,-0.434430490542215,-0.919369790469577,-0.75303045617263
0.111224200849527,0.00765392356716735,-0.372090994392649,-0.3793727024775,-0.659335262087948,-0.769292395434882,-1.59416490407464,-0.742217258008601,-1.00289966294741,-0.722286439114237,-0.854627182209853,-0.56706256746148,-0.50237345729264,-0.397838114183167,-0.858698252363873,-0.845236760467135
0.0598662343648367,0.00583068906044642,-0.274261097771634,-0.390748947717389,-0.688152299954235,-0.790612539260663,-1.7718281079403,-0.802770613121857,-1.37160387100221,-0.686848350029744,-0.870109929821017,-0.561243266382064,-0.491720603256501,-0.434851626054067,-0.8952921787467,-0.731321261312026
0.289569835667159,0.00107442277073928,-0.491421401853232,-0.403431189934766,-0.767583691515349,-0.758303755685992,-1.62156785849396,-0.809045091119668,-1.57211573020402,-0.550519826262944,-0.827093096706131,-0.665116435393407,-0.474527979803289,-0.470895447912573,-0.803628180090293,-0.781424586200269
0.0770373611370713,0.00823739322514826,-0.448401660667265,-0.356073289672486,-0.761293340652069,-0.71010592806682,-1.99508202833257,-0.852142532208545,-1.68523086105141,-0.71595692880539,-0.825367517921888,-0.643422498815787,-0.504266245682606,-0.426734588217601,-0.92302822328963,-0.884442152345108
0.175203431057449,-0.000668308450381344,-0.227439207642815,-0.376068304536659,-0.699582716369798,-0.850959177986842,-1.76975148550305,-0.794135801994584,-1.49883812680875,-0.673059857433102,-0.945038264744792,-0.573877698798216,-0.509925770567954,-0.445680577745695,-0.922089606733406,-0.809348575374763
0.229093065203964,-0.000943000315060572,-0.463391671921671,-0.375473271120447,-0.710833097425339,-0.765420597834996,-1.74068524544145,-0.865718007707142,-2.02130869583567,-0.648270234714327,-0.972057851202238,-0.530961784092931,-0.492532012701599,-0.445277044046704,-0.807144633827307,-0.780779575062138
0.159980615962722,0.0051521028369729,-0.341833587490845,-0.376168134846384,-0.709817679092536,-0.732634511123715,-1.68984393595863,-0.810054987732115,-1.77246647056707,-0.576625936493157,-0.721575481109636,-0.522884732528533,-0.490824905320612,-0.446027387009319,-0.893854081804531,-0.819754852917382
0.182284144838629,0.00326940501041114,-0.340852822801003,-0.380560006330395,-0.817426038546393,-0.769031855493064,-1.64036894410315,-0.815216648141652,-1.38680290973052,-0.631024494557629,-0.874184908556572,-0.620189805328379,-0.50847199469117,-0.425292246898194,-0.878501906411228,-0.911959877461538
0.116627263987766,0.00515479247758421,-0.334154864745041,-0.34598743638512,-0.748316768289647,-0.757860425108099,-1.79674325314732,-0.836575605888328,-1.78791295135725,-0.613888952814662,-0.962848525576506,-0.609394817914526,-0.483085895963312,-0.443200234757932,-0.856441200053073,-0.900998269070156
