"logco20","logco20xyear0","logcost0:REGIONGROUPCHI","logcost0:REGIONGROUPEAS","logcost0:REGIONGROUPEUR","logcost0:REGIONGROUPLAC","logcost0:REGIONGROUPMEA","logcost0:REGIONGROUPNAF","logcost0:REGIONGROUPNAM","logcost0:REGIONGROUPOCE","logcost0:REGIONGROUPRUS","logcost0:REGIONGROUPSAF","logcost0:REGIONGROUPSAS","logcost0:REGIONGROUPSSA","logcost0:REGIONGROUPWAS","logcost0:REGIONGROUPWBK"
0.564252523648126,-0.00840537021174558,-0.416371975961186,-0.29936061500374,-0.733155116672835,-0.553122429474637,-1.31406632472581,-0.712120007965115,-1.47404485815475,-0.539841984105816,-1.15705773384731,-0.523041961658523,-0.500470203570297,-0.35045766187953,-0.816724306962333,-0.724703055465928
0.633492190156786,-0.0074312865351789,-0.541749655076176,-0.319680509996462,-0.638972110073099,-0.585684691610414,-1.39756048232196,-0.61954294688956,-1.07471534836662,-0.405797963350446,-0.911129603422152,-0.382772953532367,-0.452893634493626,-0.341348088420657,-0.76801450453936,-0.674955049156863
0.691398849028881,-0.00916979989054658,-0.36766844013533,-0.317891273317065,-0.701399879148832,-0.556650066137573,-1.25560416921468,-0.689055325389858,-0.871309910503999,-0.409232487410129,-1.16036350667053,-0.387998412817165,-0.469359059930107,-0.286709599667237,-0.602167595731357,-0.760140884192178
0.471643318052482,-0.00549199507088291,-0.336348472851478,-0.299281381012531,-0.683893166877773,-0.560533588001782,-1.36246524622377,-0.634698269352767,-1.43232096161873,-0.516255007529893,-1.10886615640984,-0.48847082214765,-0.508714613830538,-0.324870240064981,-0.780494550385773,-0.699179443192334
0.511899948357701,-0.0113537408851442,-0.310090136065719,-0.309771685109226,-0.613026933402873,-0.598246830482625,-1.25803856872715,-0.655014328360977,-1.40709064201096,-0.377741371713899,-1.00513328685075,-0.391478407133413,-0.446905095054668,-0.353268654217967,-0.773090517399442,-0.67428185546602
0.745197312114657,-0.0149533257861659,-0.476013210490987,-0.296355709017008,-0.666519990994049,-0.579864093322637,-1.27093644862842,-0.612740021269531,-1.25906827722396,-0.799007644687643,-0.744696127546052,-0.378111980848718,-0.443695725668131,-0.332160508485512,-0.69675213894298,-0.684168722212803
0.46912172065064,-0.00977569193450548,-0.347585972319229,-0.314098025090358,-0.653228160445327,-0.591888804208955,-1.50815903855608,-0.658004824713487,-1.54450104195576,-0.49465105943064,-1.01838364372913,-0.43521771088907,-0.408819140387198,-0.347374834369594,-0.760219110072019,-0.630078576781203
0.562388973945612,-0.00971295252111839,-0.400597632444479,-0.30738527783111,-0.620877004336738,-0.622195250698847,-1.28809676625632,-0.649052848963712,-1.40746127843783,-0.39996394955359,-1.14260288779304,-0.337400174592822,-0.457912975737383,-0.352118287765429,-0.765813866819457,-0.588332572571301
0.613206294013328,-0.0102747299625143,-0.362878382318225,-0.334113847523788,-0.642015415472793,-0.527606687246236,-1.37435141799288,-0.715550455703544,-1.12067750879711,-0.463286505145111,-1.07588937400294,-0.44436609871941,-0.397717171455304,-0.365533692104578,-0.745401676666914,-0.622922410558724
0.559006272713764,-0.00842518320531563,-0.346102142147772,-0.338242229470429,-0.63703558639087,-0.588907863275711,-1.21843521125184,-0.68804930584997,-1.28636618651322,-0.497329760773378,-1.29758142216081,-0.433923144590002,-0.455741659655907,-0.285755832300325,-0.631225850498851,-0.649229127210417
0.617749801572636,-0.00946353425510432,-0.331684880460635,-0.301446116331432,-0.67617629639164,-0.6184065986034,-1.25520203670674,-0.636860367108858,-1.32577024031181,-0.400298476345907,-1.2520155281263,-0.446837784971182,-0.464064414857571,-0.344068025035454,-0.767703587044998,-0.680430029956352
0.592613911587232,-0.00612019364276613,-0.397059906666225,-0.330102471018647,-0.696631343939986,-0.573171438105715,-1.57402269161334,-0.714640998034678,-1.21808646122193,-0.534243905037458,-1.26153830669433,-0.412873603301072,-0.453001104105167,-0.326747308672989,-0.873464935037094,-0.795895641820698
0.668024553924905,-0.0112427088700857,-0.373524007544029,-0.298018287780081,-0.649556880542256,-0.55756468251468,-1.44143188977119,-0.580732551072936,-1.48205667746334,-0.46056027539601,-1.14780834903947,-0.405383964014802,-0.466531410893792,-0.336974834080851,-0.725026813789033,-0.770042446199694
0.670237822820166,-0.00932483501099663,-0.2122642820916,-0.317337599386368,-0.616153274660747,-0.588322530347167,-1.38142308949445,-0.712890491478093,-1.30964105515315,-0.408109832231743,-0.889398685026504,-0.479058830138036,-0.497861521973038,-0.343366003562423,-0.650340829169564,-0.790910514650957
0.62793241260187,-0.00573661396504022,-0.436692226366921,-0.327577037632775,-0.660694582289246,-0.636530799658376,-1.40337983361511,-0.770006782678902,-1.08321091100129,-0.453143064049135,-1.11192837579659,-0.439440101300277,-0.471980611825172,-0.349181528627188,-0.604530898414476,-0.756775616314575
0.581517790405482,-0.0124559731306887,-0.460013434622447,-0.339425567714846,-0.570484546123799,-0.62711852735252,-1.38719067995259,-0.670976700580665,-1.38068605420681,-0.444848434106037,-0.97058445627809,-0.415322709577502,-0.49129638051111,-0.335361359156175,-0.663244496815281,-0.670401642786477
0.59945121995662,-0.0088863198601177,-0.338637088256496,-0.345202128889643,-0.674138615627549,-0.610313535537747,-1.32255399515629,-0.728352070990715,-1.61337055496371,-0.455601463559723,-1.12151472071242,-0.393833616777351,-0.452053667158821,-0.286692415325544,-0.720133692661413,-0.709336383130343
0.652275734796726,-0.0139387179373151,-0.389227042454262,-0.295257950690124,-0.66977262649924,-0.677528788084747,-1.4774938585382,-0.6041164141727,-1.1076310317417,-0.443292039621693,-0.874131918780175,-0.441601469323715,-0.463362490932201,-0.319312244457221,-0.855449579595032,-0.742210632850931
0.517534756808143,-0.0107846721892005,-0.159110025516435,-0.31050035163826,-0.668343684355857,-0.618138105311667,-1.2083708479183,-0.723198298342006,-1.39399369178127,-0.436030885142591,-1.06089938349038,-0.38271593040844,-0.429258493024581,-0.327258843897173,-0.682236006077895,-0.680595593639804
0.683357430696598,-0.00861338029599677,-0.395349577659801,-0.271181379347555,-0.637649252743595,-0.675206799743503,-1.47068425191295,-0.686166746782333,-1.01912970774306,-0.433784195545309,-1.5188404637856,-0.48787563546966,-0.456463601193246,-0.348382061074904,-0.787679737204392,-0.680092798006832
0.556862871147894,-0.00965953759521154,-0.461611993669196,-0.324871185347754,-0.710649437876304,-0.575155879644279,-1.42137535144912,-0.713809650996776,-1.75231253652763,-0.392148782155963,-1.16545549987333,-0.423627544387214,-0.466745663190641,-0.326005546984202,-0.716722882179837,-0.704571892849119
0.462572188068488,-0.00925125032660731,-0.435488768251188,-0.332532164318536,-0.652752512080645,-0.606624987322984,-1.26419335053559,-0.662709477000727,-1.18119734714472,-0.454191995356432,-1.03907724290891,-0.489901522555995,-0.413750117119146,-0.321302068335677,-0.711093815121754,-0.68890096007591
0.542700852494604,-0.012669264576149,-0.292360268288768,-0.322691763082535,-0.592047297978477,-0.609526341047147,-1.4967401109953,-0.624305310248582,-1.15688623905328,-0.482448529903746,-0.870251422005497,-0.51672838475291,-0.442680744364022,-0.310388821269892,-0.886003273891138,-0.522953157675632
0.621576938488527,-0.00702704210324122,-0.342734510820536,-0.297496854342938,-0.808033463501053,-0.632184663988646,-1.04492936526414,-0.54119081573541,-1.21362722783207,-0.576894284335064,-1.1308708534923,-0.491291919268764,-0.43310863473417,-0.321126437982475,-0.825499217377273,-0.739758582266405
0.571326318077278,-0.00877950116663999,-0.473551114055077,-0.285592494013794,-0.71113084363098,-0.63922606831664,-1.26699809504049,-0.634987409283386,-1.49979952285553,-0.347949379288649,-1.5881882521012,-0.352395870799525,-0.419261035768153,-0.337704324242834,-0.741324529640462,-0.737214487511881
0.623884948540717,-0.0131591366120636,-0.244298605929802,-0.334068871770495,-0.507600803767559,-0.598050627838296,-1.25671210774856,-0.683537440198388,-1.51446211451397,-0.610410568293247,-1.06674893621804,-0.454951677142192,-0.42936709242254,-0.314120225058563,-0.740218129499304,-0.661804827987694
0.604249771969958,-0.00847820782727896,-0.406180119277387,-0.330229194958134,-0.737555303064337,-0.608059045990647,-1.15446937180179,-0.755472554492331,-1.65235122662707,-0.31464136948826,-1.13730401271922,-0.426096832929867,-0.429685759107757,-0.298207725699587,-0.793606030330624,-0.509671943375661
0.630283811683787,-0.00950697639212806,-0.265056010716451,-0.316581036760628,-0.648577850056063,-0.58727729154544,-1.27324380456761,-0.65030871177991,-1.5730805428045,-0.421511285721467,-1.35037898744252,-0.520335391630377,-0.453645017091188,-0.311356979347921,-0.809571747044348,-0.677072115757095
0.666448733439144,-0.0131659011388419,-0.376265079872782,-0.296650566612513,-0.622997191485538,-0.556935697050215,-1.45584368842733,-0.694747959075614,-1.37784165212884,-0.390098625583695,-0.726327611407585,-0.434612597100971,-0.41684314826572,-0.293756237627825,-0.906024792525149,-0.621794417685515
0.612817958815236,-0.0122095556213103,-0.225181457419175,-0.305333838580974,-0.582504370807619,-0.615713720364227,-1.39801521420625,-0.71321758930753,-1.01087178652139,-0.48635052912054,-1.3021563737443,-0.292011195810807,-0.443458807831078,-0.297003401993739,-0.749620427892033,-0.742439139783122
0.652009009229127,-0.00900757413493676,-0.489428401552576,-0.315798704935148,-0.759816855781066,-0.602023972493075,-1.36583480055387,-0.687527223056101,-1.29619784982566,-0.569737992928793,-1.07454306350421,-0.397019211048082,-0.455715987419469,-0.316962113358904,-0.808864464308146,-0.649171624921411
0.640833312358398,-0.0113640936621009,-0.316929299873175,-0.327518859604394,-0.652874740397968,-0.594699239394909,-1.23929618857414,-0.667958348573012,-1.19890877658028,-0.463277272364556,-1.07893629744757,-0.515841752622644,-0.497455559061298,-0.347344365789899,-0.749751310013087,-0.670590212117067
0.677342446802511,-0.012104338503455,-0.426321778155084,-0.336207955441945,-0.738465202756477,-0.633296779202302,-1.05427162538242,-0.646736811627284,-1.2469267183331,-0.433553808331577,-1.026267183474,-0.353535588949189,-0.455227762117324,-0.322337220089991,-0.899068510811828,-0.715740941759289
0.645162086534929,-0.00677088694631974,-0.384687946419526,-0.28224868415,-0.752063970513964,-0.533530496996189,-1.46873458115152,-0.66799380202987,-0.881316096799885,-0.373056226958792,-1.05038877717763,-0.4053232508765,-0.418893916221573,-0.291909029727809,-0.77109597871746,-0.712725188710297
0.522936865192105,-0.00704503657512461,-0.390716101858078,-0.30734683421049,-0.579544008148762,-0.595086032063086,-1.22841763155382,-0.71304497982816,-1.23391665700586,-0.36043009783866,-1.03410102666701,-0.508748767397955,-0.411578940030735,-0.345145516224422,-0.779566575716701,-0.639000215504498
0.631514404237599,-0.0108512417533829,-0.263483977777399,-0.312591190924162,-0.62203105434028,-0.587653566002355,-1.28710019809187,-0.638006032550968,-0.936968518173151,-0.518164374755079,-1.24806795451909,-0.31964130047571,-0.406691536414689,-0.310161025227696,-0.694254288828766,-0.699615452591964
0.623435747225702,-0.0107747442124317,-0.432410268503851,-0.293615089104317,-0.702185678549711,-0.621821911054815,-1.23174864449184,-0.623087145583778,-1.40881662069832,-0.429014338200904,-1.15899345331448,-0.436651226126754,-0.458491284176202,-0.292347883023508,-0.832755183141032,-0.672121264371152
0.584434491387308,-0.00764485676369838,-0.322297066544447,-0.324139921835192,-0.63579305897246,-0.645163699837544,-1.415437146168,-0.630456024354097,-1.4417638878781,-0.413082561358697,-1.14038109452083,-0.404567604135858,-0.461061379484797,-0.308372237271323,-0.726883190769797,-0.758112752561039
0.567837857467539,-0.0143271284396411,-0.39114335882213,-0.30708989772089,-0.516816016900194,-0.569437712095502,-1.23252639450057,-0.670656925323574,-0.592868712897193,-0.405011585199856,-1.09544668439549,-0.453478015522671,-0.401214300800306,-0.323170835704141,-0.866328607961412,-0.616911636239471
0.514352242215119,-0.0134199075804893,-0.520652971966155,-0.325769568687021,-0.699018156326798,-0.570617648705858,-1.1840101333258,-0.647776503548959,-1.4763960655839,-0.520726903836952,-1.23446250448929,-0.399878489095364,-0.422113983070741,-0.277997632057923,-0.698926750576301,-0.535324288976447
0.585234234464802,-0.012134470194475,-0.423944838065069,-0.305890025983868,-0.652548729004585,-0.633653568882493,-1.39610258932296,-0.643745354674539,-1.70193959499019,-0.536021366749257,-0.841684378056301,-0.461457679458405,-0.456716389164982,-0.341233925047603,-0.786213777379518,-0.722298072442241
0.586355465673279,-0.0126554477367888,-0.388666267119023,-0.310995861213721,-0.706394014562712,-0.639047318677762,-1.55237714707406,-0.633895053400801,-0.889829534543097,-0.528763781015095,-1.0350140200607,-0.362485954863409,-0.440005063248377,-0.309124923265436,-0.59977969520915,-0.745122184296228
0.696733246600385,-0.0116944549994292,-0.325239836825423,-0.317388899945336,-0.54987747128219,-0.540285039069077,-1.48318853033716,-0.66955285141833,-1.36912665197889,-0.416144677834678,-1.33443399222091,-0.387029861397987,-0.447175977812662,-0.315075655549818,-0.78999216915862,-0.684496262531117
0.581797862702934,-0.012323523826127,-0.259586745151114,-0.296831406399871,-0.57154438245887,-0.597118400894296,-1.3787554166711,-0.668630022063551,-1.20131463374196,-0.537203349133683,-0.941219617915899,-0.427524291907259,-0.435247818634131,-0.346213888563374,-0.767909405665414,-0.697479948653132
0.540336733612799,-0.0117551012050154,-0.379580873553246,-0.323596140049718,-0.599209018041813,-0.572217509323793,-1.49568790148226,-0.700351171699772,-1.47895133158479,-0.423112980331947,-0.83676024770252,-0.524379278166784,-0.456083040778614,-0.337247511588401,-0.601499957035213,-0.662093996379748
0.658797115213954,-0.01335685312735,-0.520919403532804,-0.313195365413519,-0.579403797992316,-0.663926351834655,-1.23003622589626,-0.728928971291024,-1.03437577017398,-0.601751109324147,-1.24021735996062,-0.428772265137381,-0.423940128921854,-0.348091718093124,-0.740291104579027,-0.533362037363055
0.49779223979331,-0.00881626058089796,-0.372735942651604,-0.296922518250329,-0.600955206384124,-0.627631170153091,-1.51512621971635,-0.703803179328429,-1.20560084704698,-0.487094959066216,-1.37530845800539,-0.428689458015601,-0.467290376164286,-0.300819113635556,-0.777866456487975,-0.666743302620112
0.560521742461511,-0.00375917036904783,-0.328211274173889,-0.305526221418348,-0.896528193236031,-0.603496503537176,-1.59096196383689,-0.71072495311193,-1.55407409505818,-0.421021667863605,-0.855603013177748,-0.442455101496808,-0.430713541522378,-0.330653783013374,-0.668364301611481,-0.63407797291809
0.566471307094202,-0.00990617855969765,-0.277286242428547,-0.305186701408794,-0.693760858323145,-0.570374269083773,-1.37592110086193,-0.692519358449094,-1.53185363527134,-0.329577275923218,-1.25064183591068,-0.369382961634048,-0.426713774182306,-0.355052523430141,-0.724293999666798,-0.572635566087303
0.573765199711564,-0.0096121043210423,-0.388520281880123,-0.327839319999958,-0.656350417429631,-0.600320853236971,-1.34313081324107,-0.698874979536323,-0.849455992906377,-0.395765439761996,-0.717380535633249,-0.393926876542988,-0.451545909670259,-0.357246030877536,-0.838735497895833,-0.689072369379654
0.687722894199338,-0.011746196370654,-0.391203759723841,-0.307606512488002,-0.568363120142804,-0.610378697727929,-1.38320736052498,-0.70692740602134,-0.932999564811071,-0.478761413855081,-1.20376951962181,-0.385664388878518,-0.436040833771737,-0.307070344645701,-0.760353277828373,-0.730333492507273
0.658939486816528,-0.00635711600813609,-0.335781765158144,-0.291565845106587,-0.658210386003977,-0.55176742238953,-1.33908331100505,-0.632870556471683,-1.50890100492702,-0.476917593619032,-1.02175872429894,-0.379668826933236,-0.434205074048812,-0.317467343465801,-0.810536083387917,-0.764564406143653
0.686322901943762,-0.0128487283241679,-0.330801159026355,-0.295533165297767,-0.61222274277805,-0.608200341876691,-1.20900500728165,-0.69717463953015,-1.43891982653317,-0.410927625899293,-1.38658750323101,-0.363901241305806,-0.424844054370173,-0.31630261332688,-0.704992305689317,-0.706602845672152
0.5485941161996,-0.00743070067014726,-0.374538697537798,-0.316704370774102,-0.680876320495391,-0.629247818071914,-1.30753684482325,-0.709495602122335,-1.60174487326703,-0.481068931178293,-1.26908968554704,-0.454565932403767,-0.418695610347071,-0.323336102103998,-0.718479332149728,-0.631317558274155
0.506403825773677,-0.00586088264316657,-0.421035867086236,-0.303790632913674,-0.735819390772955,-0.524929486759296,-1.35468173582203,-0.660282201097121,-1.4925192251192,-0.398367443243949,-1.04488501775575,-0.373633613520962,-0.431755721736142,-0.35209005147404,-0.658391803628567,-0.721556157702139
0.61567503724795,-0.0146282586766774,-0.349948062193663,-0.286632115219727,-0.596392195371439,-0.532578772294793,-1.37348679056247,-0.695808940791044,-1.2242381982449,-0.636296434536061,-1.32757969998404,-0.440474595987291,-0.432059966714108,-0.33706657415049,-0.77787357906837,-0.540024340587013
0.63655779577783,-0.00441862236877564,-0.355228382790862,-0.286139745077032,-0.722486942789149,-0.598157280104842,-1.45839562068113,-0.637731580401959,-1.57932277045787,-0.658633500433142,-1.01324440683378,-0.425855598751816,-0.436109166292456,-0.327182930427136,-0.758628530386515,-0.853565137452047
0.587612693870667,-0.0088997805946925,-0.437023460860227,-0.266896671727347,-0.670632285375975,-0.620783798663918,-1.46850563445689,-0.672330366547147,-1.31828748200363,-0.464141384655112,-1.13677239273017,-0.41085780008846,-0.469917057279818,-0.326992443894314,-0.783409847751876,-0.640252139962465
0.638626442796522,-0.0136870382752845,-0.509250905729423,-0.30574156646603,-0.595924140485963,-0.558118336894606,-1.43682607459399,-0.673012849970586,-1.3910942746062,-0.460480814343294,-1.05842491348018,-0.543478074367896,-0.454553198530266,-0.298819495412155,-0.749510568847195,-0.622006126103618
0.674017200847915,-0.00590138652225222,-0.291356986687778,-0.320944372758001,-0.70305595607443,-0.597844269410814,-1.26430067736202,-0.62434192123218,-1.68940524424898,-0.427566235570257,-0.986989743145457,-0.499024211531879,-0.436475786746096,-0.342920738038664,-0.730308665463831,-0.775764620410761
0.565045295774727,-0.00925012157296643,-0.398027993883725,-0.319687917408274,-0.609264393967549,-0.635675208600567,-1.3999342346264,-0.665268530602952,-1.28721469726743,-0.441121358963474,-1.03417702729814,-0.346431842438483,-0.472268207599304,-0.314896062597779,-0.788591839602849,-0.648154568703499
0.521775698429795,-0.00736574011664918,-0.456339990322554,-0.32174423077406,-0.625062423879718,-0.561986330019761,-1.40086312351716,-0.558260723879449,-1.5371685169082,-0.421770459573562,-1.01065111907163,-0.383052908679982,-0.41730049534422,-0.348081857843986,-0.72992735365479,-0.620371053516855
0.5085794674418,-0.00867780423004473,-0.380993673319752,-0.327529646432853,-0.61789394320633,-0.593968481950129,-1.41701317529515,-0.662512469918873,-0.917290341908438,-0.393982450470088,-1.35480017339442,-0.380348816446112,-0.428579813176053,-0.340944593486924,-0.767008482948232,-0.614365550198754
0.557282338366304,-0.0131019581478756,-0.524513674445392,-0.317889266517337,-0.665836371479887,-0.569794187400814,-1.35799894754668,-0.632967064670595,-1.98987486208328,-0.557472045425824,-1.28736090080267,-0.451834254587678,-0.388987690613958,-0.324794401427948,-0.685135579406795,-0.600913081194729
0.567614307296795,-0.0117573040889495,-0.394424070405745,-0.297366830946872,-0.636906309898287,-0.603404521783142,-1.34877849380543,-0.741400353645655,-2.01100584294957,-0.530020749295257,-0.902562444316939,-0.447174703588651,-0.453427772153517,-0.331667132731139,-0.741214106292534,-0.54884253829974
0.531869535568014,-0.00514307026209619,-0.484252450569336,-0.309552351492924,-0.688968153273106,-0.630543199708525,-1.38733226972997,-0.701346414601488,-1.4461730917032,-0.383780096386082,-0.938931909105648,-0.376197865383605,-0.406767170309147,-0.350750759632098,-0.675270459001873,-0.67649801316964
0.585438861214504,-0.00768930993103021,-0.414578837246423,-0.3003521578708,-0.598016198476862,-0.55528612346512,-1.32315883753425,-0.65598759907099,-1.48987255694443,-0.428899532567122,-0.944257893235387,-0.424640147595571,-0.461079741589331,-0.333864425731809,-0.767637604171069,-0.610902675059725
0.539658299127506,-0.00985299206921805,-0.321867252797193,-0.307897760457078,-0.687182892282856,-0.605307379906642,-1.50029733100556,-0.677775851128068,-1.78275495115648,-0.360534588044748,-0.966303626382148,-0.430021819508733,-0.450954408465495,-0.357515923371468,-0.785675343160279,-0.673409482345227
0.465206271322417,-0.00811545207461797,-0.352106088127348,-0.304017084159266,-0.782954349679202,-0.556541109180743,-1.35559772675586,-0.69818147418179,-1.2926564715462,-0.61179691039051,-1.42475064077775,-0.429595071360117,-0.445274004586987,-0.330453098238116,-0.730472407046659,-0.650622305045051
0.629550320760362,-0.0112469123107262,-0.322694077441767,-0.310565876576616,-0.555307103169151,-0.541540654339479,-1.50295581465013,-0.649843944246874,-1.10782506384937,-0.282308998756902,-1.00890075393476,-0.420071025378635,-0.450474036639726,-0.335836766661465,-0.723046793816007,-0.720686702217761
0.720191841781225,-0.00968388857757384,-0.354430124661429,-0.325317519041649,-0.666391958900999,-0.606010614973478,-1.36660602556959,-0.600421520469089,-0.918654603011184,-0.545225176773242,-0.761796821705196,-0.375980125709083,-0.439807666174785,-0.289726180979686,-0.820036027318493,-0.771855757328853
0.540546989414144,-0.008892443339339,-0.377053739526405,-0.327934141399558,-0.676209846847359,-0.540633959467255,-1.43118280636015,-0.640338972050766,-1.65692278328976,-0.403973240901914,-1.13480156399963,-0.434996961947769,-0.446685161003253,-0.315693732642313,-0.873845284693853,-0.63327743138318
0.636475610770989,-0.00703598783841542,-0.454048402171782,-0.31564941512265,-0.600331235635421,-0.597629334511309,-1.2841550081554,-0.699386383862682,-1.13742806161394,-0.407162108154526,-1.57487860708276,-0.460808202061292,-0.409230968879258,-0.296265508099352,-0.854722684291463,-0.658586719640684
0.551074120861681,-0.0097548243361042,-0.34294540328816,-0.345046573449401,-0.628258397500614,-0.5896604689581,-1.55596960189021,-0.669107009111167,-1.56121657655225,-0.395573490574936,-0.899879972980925,-0.462687846472887,-0.450860924962103,-0.313591777657095,-0.689196719461586,-0.641222043832142
0.521122551741779,-0.00626134117387843,-0.410018960585171,-0.323385022131891,-0.689011205492392,-0.625274649725696,-1.44134021997568,-0.562388531421389,-1.32401896925582,-0.422383168406642,-0.998932833126861,-0.381871001695532,-0.44377018789541,-0.345797271281967,-0.742874383324276,-0.722812514354784
0.630714789707462,-0.00802237725413446,-0.468437125755781,-0.319783495355531,-0.729329259886522,-0.618986405115261,-1.49955609006006,-0.626584068352095,-1.39321212028281,-0.499101127875468,-1.23289792651777,-0.414518840969951,-0.425015538430584,-0.356250982464468,-0.750324417325926,-0.630443224690073
0.576742421114595,-0.0101822370116719,-0.3484012590746,-0.298209747293286,-0.784963115084704,-0.618885191843011,-1.48382371564687,-0.673367925827915,-1.49092613530623,-0.411346360423283,-1.05403145275674,-0.376453638971027,-0.478436755205476,-0.310372487959606,-0.782508197486085,-0.600634705414788
0.631096828570571,-0.00978176396907367,-0.384174387016174,-0.292372630661632,-0.676665138459971,-0.596700993452303,-1.44600676820276,-0.630252512174193,-1.48492669733105,-0.433044448607536,-0.95957754751328,-0.389316673909831,-0.433229547692013,-0.378133593332072,-0.70197315701517,-0.710607326372098
0.755033746162574,-0.00894104377038788,-0.415823699144454,-0.304099788443806,-0.702557923724455,-0.578071393955973,-1.46201324515416,-0.709249342857292,-1.45928905456494,-0.489252142050113,-1.14243904360909,-0.481897452215735,-0.468935829269788,-0.34643884861379,-0.697399488680439,-0.781308732458621
0.612473231147384,-0.0167575395901404,-0.507660338740774,-0.308787527711788,-0.49632311972046,-0.626156435807046,-1.34246633490909,-0.630516041012331,-1.65242353196856,-0.498113807932198,-0.880677070711386,-0.472226143975056,-0.469244516930452,-0.359917051500411,-0.838695428127294,-0.714588013820713
0.587902229258832,-0.00936448196208677,-0.469134719168067,-0.270445206547682,-0.723293241237257,-0.56277405290668,-1.30965841606071,-0.660224865529317,-1.25756368332768,-0.485410454250332,-0.976557748557191,-0.360079730504328,-0.410185802462998,-0.351529425323541,-0.772807909841397,-0.765356863321718
0.657359334349797,-0.0132929209986835,-0.425622454155814,-0.326001004208908,-0.684152185391789,-0.597620534718338,-1.50594478749556,-0.675401500277895,-0.94423482269032,-0.5451563764755,-0.885957286693937,-0.459189536351927,-0.491884230379999,-0.341210965993742,-0.823929817014395,-0.572871709460892
0.549121650622506,-0.0104847648823011,-0.487617487475387,-0.290305343291547,-0.68084026549431,-0.616388986525241,-1.42577902686454,-0.698450012672254,-0.934080116980398,-0.473500306611643,-0.806266911417016,-0.41995481248289,-0.423939183052062,-0.340620060801575,-0.733672711300592,-0.674242911884092
0.533228020331355,-0.00848464822987252,-0.3997042221991,-0.296991353238381,-0.628465985348119,-0.568908435223766,-1.4932956671917,-0.583136460741104,-1.68157530805442,-0.531888408177067,-1.06732768664905,-0.437588470648413,-0.441217996297045,-0.35526379607981,-0.726522129041058,-0.682440546562956
0.64880599137499,-0.00915077304579774,-0.310485287011694,-0.318850134623467,-0.701606406923546,-0.597343721317824,-1.20836638318309,-0.668904780014384,-1.23956089327527,-0.477679252709909,-1.05294647170411,-0.442835364136927,-0.447616494710066,-0.368081831796547,-0.754848863752317,-0.754174451827311
0.667923832780053,-0.00908595778493033,-0.341185177794581,-0.303122769826247,-0.626645157075344,-0.601100555796799,-1.54052311056658,-0.758920709030482,-2.01397550690994,-0.460586949689893,-1.05809283519847,-0.49904703024324,-0.464970313801293,-0.333886287255788,-0.857893072035768,-0.77676787359454
0.566948921866406,-0.0110924049263238,-0.334120701030903,-0.316389840053756,-0.582401185505991,-0.638202609429233,-1.5101424475265,-0.612203338695709,-1.11528089214904,-0.558880500092456,-0.940910602625244,-0.452057004551972,-0.466282134475403,-0.316679544665181,-0.810288453210901,-0.68479970371628
0.56008846925733,-0.0100646276463383,-0.321531616042941,-0.289990422083223,-0.603006134762594,-0.532760192608413,-1.58690450914298,-0.65653057067586,-1.67135871401203,-0.45126229272035,-0.939814330542711,-0.378585408535003,-0.438435584296573,-0.343236788454101,-0.649610796254027,-0.611564303382806
0.504094575697167,-0.00197483683700445,-0.462715173266506,-0.29432677668577,-0.806119432504021,-0.604990279506823,-1.33132219265213,-0.685245570039979,-1.46412500213788,-0.601633778484039,-1.17583546421776,-0.464233025163086,-0.440774410693154,-0.318887137787601,-0.812340886277237,-0.817935427728239
0.397321339121382,-0.00727667548986114,-0.375288543003824,-0.292957022854252,-0.706548426194406,-0.59736276680895,-1.19690385019073,-0.657287814153795,-1.60131118999444,-0.408425962804986,-0.979758361820277,-0.407329933881964,-0.46438986625144,-0.322658440035226,-0.684929129322318,-0.652384989128632
0.535930654509776,-0.00512843913379525,-0.390748988332386,-0.33188775536623,-0.725429571962892,-0.66071914414293,-1.42167635393227,-0.697513229139418,-1.1712707059428,-0.511357201431764,-1.11912034806156,-0.365382269102595,-0.420493562566321,-0.352743269908617,-0.768804252021604,-0.749347586634056
0.575726527639266,-0.00895159914081216,-0.217605862730788,-0.271262358133928,-0.664137530959262,-0.645143432521122,-1.37543028570277,-0.71033208339519,-1.8843703889356,-0.518905534210398,-1.03903301222342,-0.497559118992421,-0.441643425747369,-0.298202625101363,-0.679867142384966,-0.766015132084051
0.590048428980761,-0.0149980657902474,-0.436721769872609,-0.340709606515004,-0.572709134309301,-0.600295827558802,-1.35213708457363,-0.709903773715164,-1.63618280888968,-0.524775831726482,-1.15130707280351,-0.412569660436156,-0.466913300073276,-0.315256792111131,-0.804959123359466,-0.594973349890561
0.432546316844547,-0.0117373155375524,-0.40196841846573,-0.290259853917384,-0.713239154207167,-0.612118874745314,-1.10842412242971,-0.747308166344762,-1.36058931977179,-0.465977795744763,-0.839774832645543,-0.477962068406914,-0.425822770121479,-0.372955081343931,-0.665936426747005,-0.667352009042811
0.636647890256754,-0.0136669745914557,-0.401383775438896,-0.28137892957326,-0.662991078997349,-0.652910315908756,-1.33416222587362,-0.616642971813869,-1.24353093864127,-0.294178921570748,-1.18684254040435,-0.370640932003872,-0.451044850601772,-0.350857469622991,-0.703412888397393,-0.679269293989963
0.565722786030055,-0.00731693377180057,-0.354616382002153,-0.302424114847196,-0.711432715233849,-0.588486645838968,-1.25173682879067,-0.70867723901783,-1.88286162643475,-0.476517225649506,-0.954120089602964,-0.438740795160388,-0.475094077522962,-0.354102420655132,-0.707177288567598,-0.581038369559204
0.588577258476805,-0.0115872038683203,-0.44330180298949,-0.301351797994174,-0.590542254823297,-0.637051292598403,-1.44095124421859,-0.580329298070184,-1.13869268257788,-0.566891437863849,-0.93174284062126,-0.401613046500681,-0.458282322984403,-0.30621330885435,-0.712656727001264,-0.71181370900445
0.491294046163733,-0.0115101061371852,-0.458660846467221,-0.309484388188799,-0.693091925446277,-0.615323870199001,-1.44065985070644,-0.593273023157607,-1.93987659399908,-0.551080679001586,-1.03097910357195,-0.490225757625622,-0.466188323765276,-0.317235662653544,-0.859619444108144,-0.621573035210099
0.772059229545728,-0.00968452612527326,-0.343113448908215,-0.282604803847685,-0.664435571270831,-0.56731244573077,-1.18602545658295,-0.597030878704747,-1.70933480047137,-0.407854714823561,-1.29433164990122,-0.463948309313534,-0.437835704569428,-0.334993935328901,-0.69972281456127,-0.789664757871352
0.683727961468635,-0.0102400694800962,-0.358336839471305,-0.277489543407716,-0.714483210212079,-0.627753775984824,-1.24103320921833,-0.678528494568495,-1.51579222939719,-0.43107026772555,-1.26800496596542,-0.476585394894202,-0.438371884582154,-0.341520105891933,-0.70968430126035,-0.65318772900687
0.459535233154225,-0.010869955495457,-0.34749415927597,-0.316497744129812,-0.593033678811608,-0.559806202826393,-1.2222043330816,-0.750662803752189,-1.42240824092569,-0.472969335184434,-1.10351080992164,-0.402607742661379,-0.441355531189641,-0.369875748831037,-0.786808817486035,-0.594480053575016
0.56624989511808,-0.0101945211481254,-0.388163922925302,-0.292049613044668,-0.664592920924156,-0.62375280568454,-1.34486365033613,-0.713458332416376,-1.78799596603903,-0.559257184882726,-1.09421735275302,-0.379449400359041,-0.456770716035322,-0.338273890073513,-0.733851999060975,-0.681765610684729
0.62711183004219,-0.00998441094017573,-0.413794980344366,-0.297965743532665,-0.629213888766385,-0.615461713033699,-1.36411136078616,-0.675223923306423,-1.21965282867785,-0.412346851254655,-1.04141491829245,-0.481476406051831,-0.451548278789096,-0.363836561416679,-0.851246100292413,-0.71744015809421
0.535729191681346,-0.00554895472446644,-0.352552639037861,-0.300724074855193,-0.66377068389293,-0.630800363717678,-1.38822012375321,-0.629278744207968,-1.34154171859484,-0.533116792846319,-1.11273270724109,-0.395924536821262,-0.408465474525683,-0.349030939775783,-0.754873001793027,-0.624921882433484
0.733481691313896,-0.0136244745337571,-0.238444375738311,-0.281391659503365,-0.60328922080762,-0.602969558769669,-1.59544892389589,-0.711465654498944,-1.22713902290564,-0.385193019358032,-1.54757804425826,-0.483904203905117,-0.449599572872953,-0.349824141178332,-0.644945396935927,-0.685452002898152
0.641639743052764,-0.00831379270355484,-0.336048786171232,-0.31489156763725,-0.742411580580342,-0.580171728115255,-1.45670283847582,-0.71952146334359,-1.56872518094262,-0.462465359778787,-1.11931749184339,-0.416119637799287,-0.448549720686444,-0.360327170842188,-0.791294587677704,-0.660630113941691
0.656666300097235,-0.0120558834502433,-0.447522099509942,-0.298670964258521,-0.669253457154184,-0.613150321874679,-1.50500931527301,-0.654058432467714,-1.29473457877669,-0.489639415768731,-1.22126188953746,-0.44516337302921,-0.419221192186024,-0.32384835072618,-0.597656786883098,-0.712530389674942
0.603294140315727,-0.00927461642761987,-0.449033273077839,-0.291598350617369,-0.651840101876608,-0.534574349134704,-1.41531376516147,-0.744799094683572,-1.1227423470432,-0.393898551607237,-1.05709645822971,-0.415089862930027,-0.44839304628728,-0.341207131539792,-0.78309640629089,-0.659798493969283
0.670380723674983,-0.0117473856594403,-0.419985739833923,-0.294930140479084,-0.58782718822894,-0.643274170646156,-1.3349198435442,-0.653307682192755,-1.08965842082548,-0.501106414046031,-1.2255838971919,-0.354725820047281,-0.457078566597462,-0.342265147187941,-0.741034086193466,-0.616123076112085
0.551397716243766,-0.00730566083420575,-0.413771946255455,-0.29723301927813,-0.73628682919856,-0.615738567448377,-1.40887212545101,-0.720835166952854,-1.2770674280292,-0.422238267733555,-0.942507596395027,-0.339220746921975,-0.379898400399409,-0.344525959737875,-0.8514096639896,-0.647201594238338
0.557279167406649,-0.0154321201199134,-0.436534678292369,-0.297198322179616,-0.683045462457212,-0.558670930542669,-1.32931539535137,-0.663278837251847,-1.68770695194733,-0.486206592361285,-0.939783124647216,-0.401919231428818,-0.444392615683575,-0.335298453858645,-0.830831632451749,-0.663436624240635
0.665494641163795,-0.0155895676446714,-0.360302844795157,-0.298712457456408,-0.562089862574186,-0.59828498964402,-1.37567139287771,-0.677055050191223,-1.28236207057669,-0.530364971697372,-1.1327100009266,-0.436842102041856,-0.484667689519745,-0.31267333248181,-0.776378738488074,-0.608403905477199
0.664108077297145,-0.0126231403179632,-0.418491552217996,-0.307853523939583,-0.676351534516225,-0.609242967342906,-1.5487328627479,-0.575960873934051,-1.15594123764998,-0.485699587550325,-1.306554904065,-0.460789902231221,-0.386332890463949,-0.322656537952155,-0.842867767456633,-0.686859661517474
0.549172539271102,-0.0102293867243956,-0.499634989985584,-0.302800930065378,-0.65737657876421,-0.571313114627167,-1.41970473464772,-0.638385862555854,-1.31807138789621,-0.566464618703854,-1.00165538832234,-0.36352317813113,-0.480105227047547,-0.314946422594809,-0.744830384571413,-0.688680798520732
0.642475847409419,-0.0152202011428815,-0.535961726532729,-0.338565997771203,-0.561449802205329,-0.627433289244585,-1.39927883254481,-0.582742198093334,-1.25472926476868,-0.482279942925817,-0.887646050562481,-0.473164473964396,-0.47295209120577,-0.355977669861568,-0.756033500215258,-0.551727733389048
0.522037065402085,-0.00767290118661324,-0.463892765657971,-0.312888819623759,-0.6263965631681,-0.58681713725629,-1.40095943951998,-0.658556327843599,-1.26855711682525,-0.452479776276554,-0.963722404412654,-0.389754851838204,-0.433568616325513,-0.377452428878709,-0.777595183034887,-0.673576722364667
0.578601477932387,-0.0117682874137656,-0.405259424971796,-0.301079689736527,-0.61918779947266,-0.657381121866351,-1.48260984785155,-0.653423544215411,-1.375482668986,-0.495694526696863,-1.19027999980983,-0.460972974782086,-0.439410126963303,-0.312842642442468,-0.776604897799492,-0.733603698690104
0.58928305927147,-0.0133150870121353,-0.3887007798794,-0.313976548783502,-0.645816684271018,-0.605196378335341,-1.29715105152414,-0.693749211674147,-0.815084185056424,-0.551384418663295,-1.22228465596958,-0.437011610581571,-0.464267263578428,-0.348833102134294,-0.777985582904356,-0.736478573720856
0.635750516980944,-0.00924529307950531,-0.275320915693791,-0.316222122051166,-0.569319470931772,-0.578648196299559,-1.22380919349309,-0.639050292666602,-1.25708814205755,-0.465347497408974,-0.895531539926221,-0.362341785251653,-0.435561756867644,-0.322780571040612,-0.742960313090668,-0.689838130877814
0.710747451737055,-0.0100855512655957,-0.477699036742327,-0.307716887773359,-0.620855940573048,-0.60394926329691,-1.30933957769078,-0.647608910594185,-1.41048209728485,-0.51783680962095,-0.951212653082462,-0.432489988140305,-0.444245604603089,-0.319951013107535,-0.833568961824343,-0.774306044727929
0.592935141146676,-0.00684330737897057,-0.429361368465286,-0.293992529372917,-0.717765512773967,-0.565129292572735,-1.33114827534354,-0.609993743303402,-1.6162525261314,-0.35090090087564,-1.14677497873086,-0.403748569575997,-0.425596056292867,-0.322974041615476,-0.800801001057891,-0.666715486124162
0.736015498700051,-0.00620658761202198,-0.333584147747301,-0.306862529445909,-0.739439673581069,-0.616023753426088,-1.21504012317712,-0.681978641609711,-0.906592982814304,-0.58122567038899,-0.946819472154272,-0.464986462813258,-0.453469104742567,-0.331549041184938,-0.711364208123959,-0.713743116389897
0.549349215467517,-0.00903904406540815,-0.287546712652617,-0.304110640792384,-0.696223815454849,-0.556357424071509,-1.43077681349012,-0.624575020492074,-1.12456692942152,-0.658078193336217,-0.871431458563658,-0.351572815351184,-0.409876287789821,-0.389091948363826,-0.745509637843732,-0.668355908175829
0.498278919571914,-0.00861307969794295,-0.276376558941444,-0.323642176046518,-0.645719942013474,-0.541023072665385,-1.38690412847224,-0.6590815865445,-1.09845065982388,-0.458966283493648,-1.04256005780152,-0.350685485126665,-0.447112387509119,-0.325336555872728,-0.767419279258687,-0.69767205225383
0.571280937668506,-0.0086704671546328,-0.495509377529061,-0.31885792616875,-0.805337023059702,-0.667520153887137,-1.26594185520604,-0.65123935181911,-1.80239641139221,-0.4451468585685,-1.23641850631848,-0.375615693640157,-0.480579929234342,-0.365785754628377,-0.737036074699894,-0.735570050337895
0.495175544481423,-0.00655321819880111,-0.357542743581148,-0.31126938910518,-0.653838020298302,-0.632605159063964,-1.339319112072,-0.728176703621692,-0.866842695793972,-0.455757829624933,-0.959324725063838,-0.415972681598359,-0.442545818738992,-0.349195935806058,-0.699852152627441,-0.644251924566503
0.642620136611836,-0.00930971271019832,-0.41899814733383,-0.315155383423267,-0.688144390502646,-0.52408096860875,-1.3673377750738,-0.670875376135846,-1.49592861209388,-0.584986356244427,-1.1698636519436,-0.367683406662506,-0.404517748305412,-0.339796233575971,-0.78512770684126,-0.63611842492402
0.60099627760981,-0.00797741968072044,-0.28816346955859,-0.299510154292157,-0.705871669892819,-0.666831074983197,-1.19599499000026,-0.707827044164039,-1.29695422021481,-0.455176332722503,-1.03415201376596,-0.435622701000212,-0.42200419286554,-0.33799383440719,-0.805504855478103,-0.644842134555825
0.640088143009824,-0.0133062233591621,-0.273745624101082,-0.291857706799759,-0.6558186630798,-0.641015750082556,-1.39804061319154,-0.681396901040571,-1.27570939833195,-0.560255591661215,-1.02906612450143,-0.39370855910935,-0.416326630790877,-0.361189106583744,-0.712952361650855,-0.678088500719819
0.760751657230494,-0.0154196485540139,-0.365743210553918,-0.326146876774431,-0.576176325310069,-0.585880230708381,-1.43567810613281,-0.722233540318401,-1.21164470916167,-0.433713948805918,-1.30545571964217,-0.421162907186583,-0.46776457710782,-0.326945851062803,-0.72950961091072,-0.621888318319843
0.478530922814404,-0.0075069575007544,-0.245186190720117,-0.347669478493181,-0.641042242517232,-0.608021245695042,-1.39222513821251,-0.608546440329258,-1.51440475917595,-0.458202938209192,-1.01856031907996,-0.44522432021469,-0.417838491481576,-0.306520628526678,-0.764605045922333,-0.640012809023723
0.469757463168363,-0.0065392980846164,-0.361458626070661,-0.302990394804085,-0.62780857296742,-0.594215411797142,-1.22467855454446,-0.722916790007489,-0.94743298400846,-0.462937425616906,-1.09817141123116,-0.366803679169113,-0.415542697963145,-0.293076484702347,-0.71825506282989,-0.730332307794023
0.679020598233895,-0.0118873968393451,-0.481637205518979,-0.31014751288461,-0.61159190476016,-0.629699204839349,-1.29350577747325,-0.616265285438122,-1.72929944809359,-0.422101395846174,-1.23452475897121,-0.475337071217003,-0.441894150847967,-0.326049612835011,-0.697150411055689,-0.730285438785507
0.63292069540969,-0.00920070939182139,-0.344845436834998,-0.311837510979307,-0.542407787844385,-0.609629984854506,-1.46157062816916,-0.636827801687342,-1.33607403041976,-0.467597664163599,-1.07708478141194,-0.46122381282889,-0.409464458489246,-0.277256402621508,-0.729333688246373,-0.679749613016439
0.56716097859871,-0.00993985055935506,-0.404005941104192,-0.278091715143198,-0.669696649216353,-0.561577819919712,-1.45155943218262,-0.666692632327747,-1.51994193752996,-0.4588136421603,-1.27938526928506,-0.485347578052864,-0.443439617479993,-0.351689633597089,-0.77127969633582,-0.697688552141396
0.569217121968603,-0.0101023243710106,-0.290681295760422,-0.290341795997703,-0.533952250482957,-0.647317168408306,-1.26843354185022,-0.629221382268043,-0.900305902038939,-0.447931486547935,-1.06084272632071,-0.401828531935,-0.428356182809416,-0.314936319115096,-0.554051228536745,-0.634723391578752
0.48475091260973,-0.00883277328049118,-0.340075883280034,-0.33326392822506,-0.694967731279119,-0.62958401171689,-1.42470088482182,-0.62198285501793,-1.18945712916356,-0.374992822762218,-1.25429847695977,-0.418735322554986,-0.411793057465888,-0.297564866429139,-0.756989016537792,-0.566305026952951
0.483281530718845,-0.0101735837540821,-0.396758195178626,-0.244255301296188,-0.546761126718762,-0.663503072092412,-1.36362888067058,-0.644543144644091,-1.31999274874575,-0.509766096456513,-0.882541351585927,-0.430072491847557,-0.405962912757756,-0.3200293489367,-0.630254031586536,-0.593958741843729
0.580595222452456,-0.0115503154611022,-0.326733764284693,-0.321849143465678,-0.646757513762643,-0.640211532449357,-1.59676224365761,-0.626167280321619,-1.61229201973304,-0.464271060689394,-0.996090442389743,-0.482057569012926,-0.426932904707184,-0.337621113961491,-0.77045629118102,-0.708912832143655
0.567833514116534,-0.00368199059985824,-0.421699002934632,-0.301074264418103,-0.771131199237186,-0.635803820756105,-1.35246644125666,-0.55646559290277,-1.70666385648658,-0.499808925652088,-1.32630096314932,-0.440119722783381,-0.453009881013854,-0.313867928621246,-0.711082781212208,-0.759174677948414
0.607009400776381,-0.0112429284909916,-0.3494798536246,-0.341940324951421,-0.667344640860286,-0.651431806806926,-1.39943143551585,-0.667657919785387,-1.53028988130959,-0.622831307001383,-1.12030689689195,-0.351051451788965,-0.445440234909188,-0.335525560510594,-0.753769752392216,-0.600426045757063
0.494229898632137,-0.00782520182603284,-0.458104256873954,-0.294428911795385,-0.635533377416714,-0.628464287387857,-1.51190101508432,-0.651533014923742,-1.74891615465247,-0.45081259977114,-1.09254247614239,-0.421565908287129,-0.440996782711678,-0.336773226338729,-0.798714071288267,-0.63478547408294
0.609039652056926,-0.00710491581406877,-0.360654691282381,-0.28406384150181,-0.650470623270677,-0.628791740239251,-1.50748347767236,-0.682355265326329,-1.33567733197967,-0.648490701860918,-1.0488673290318,-0.378703622674832,-0.411367909709523,-0.285519298101098,-0.777704847122338,-0.637442817445559
0.496871840200729,-0.00748888311232296,-0.438959309282784,-0.312989903326944,-0.673137794863391,-0.566890444270293,-1.31918408991444,-0.627791902327906,-1.45591735823997,-0.407238400144562,-0.998966162350449,-0.44885503767997,-0.409876525868484,-0.346034275119793,-0.738758282591966,-0.717702287371378
0.608396882835144,-0.01186638042582,-0.430652140932901,-0.292934572212792,-0.62506468815814,-0.596169578334724,-1.51070526140047,-0.749724359713591,-1.62607547459207,-0.54902605631116,-1.19725615046278,-0.402279757111343,-0.440000023213271,-0.39324334953415,-0.758927280412718,-0.684602856345234
0.706022409828817,-0.00770514930923033,-0.393909688146793,-0.270428790858811,-0.591315510026888,-0.584483405508907,-1.21935863587262,-0.724218973953396,-1.27943613020205,-0.377817306283343,-1.14461770269909,-0.385819066480445,-0.419347540304619,-0.354420919572551,-0.643426483404944,-0.675277426713789
0.613745976957816,-0.0130835116210357,-0.447355990215522,-0.305227764905638,-0.556826261541839,-0.589256058060338,-1.56991334432953,-0.646175028865967,-1.43894490254688,-0.504769964404478,-1.04192106657585,-0.485706519054458,-0.423707748729708,-0.372935735920223,-0.715591534415224,-0.676274771746424
0.62663346483059,-0.012054129953865,-0.494573297072784,-0.316797255272308,-0.620844301042983,-0.539852828381573,-1.53907842481307,-0.697654076423694,-1.35462816195014,-0.650599522467508,-1.19294559913476,-0.502460530909991,-0.425117694116273,-0.331952821625843,-0.754107809927274,-0.755696911160039
0.802672144686354,-0.0140631258803506,-0.45152711602236,-0.33318356451084,-0.680890829072067,-0.61005254304365,-1.42869248153857,-0.628085333657443,-1.38639925614356,-0.53069549804248,-1.34076105131843,-0.499508262815473,-0.407310843238599,-0.320379538134263,-0.790685463916028,-0.692377708098612
0.591820693669798,-0.00510229436840864,-0.489632969417878,-0.311442468403864,-0.638531247734143,-0.541925178677014,-1.30749743220177,-0.657565526987014,-0.998650597398193,-0.498537023047118,-1.06644825663709,-0.356023434269748,-0.405459596589847,-0.372517294827311,-0.733280510639027,-0.677219680286844
0.645158137182487,-0.00961417508400672,-0.31291998872957,-0.320029963176349,-0.634693982549456,-0.626855669122538,-1.39301397397766,-0.709283824684547,-1.7502125774426,-0.477461382571258,-1.23112747994145,-0.49392286656827,-0.46383233429868,-0.396562475151946,-0.677289269578785,-0.659880868586553
0.71203303857889,-0.0130306956008551,-0.441850913556564,-0.321806989335816,-0.471757101550641,-0.581046721839724,-1.34265505672739,-0.667089398339779,-1.31235980951271,-0.492582630045045,-1.11692496916439,-0.396212923883791,-0.430462646998827,-0.341072988518053,-0.861166376007563,-0.726228895870397
0.644718270700773,-0.0101116030405666,-0.432123125948158,-0.29394723085603,-0.670488080209805,-0.658272647200263,-1.38684305230898,-0.648696099377139,-1.09411830867902,-0.377294587196951,-1.09600673658525,-0.394382691035662,-0.457996500755472,-0.361480159743775,-0.780390329506053,-0.68703917699512
0.578686333447698,-0.0119037875134913,-0.407550156174107,-0.311316201516411,-0.631258456079741,-0.699307081859731,-1.33650994115754,-0.803827623866118,-1.34285290071155,-0.404880862504941,-1.15874061966592,-0.390657592460177,-0.419286143800537,-0.341542212384912,-0.732544108171929,-0.705158950434942
0.671796782455746,-0.0117008572913177,-0.49521478531927,-0.304832127523376,-0.604378711269857,-0.583215526582273,-1.3188742763577,-0.570353369918444,-1.3562013187356,-0.503160617147282,-0.911538299743635,-0.412029325056064,-0.45594575176284,-0.29502773355873,-0.75988173364229,-0.659442395016939
0.668020092245863,-0.00584527766177398,-0.520060123653919,-0.331344352579015,-0.754885545719948,-0.570804772006316,-1.37913791369682,-0.632951510117262,-1.48587377076595,-0.519720575182235,-0.977875467053795,-0.36699932138634,-0.432580034691012,-0.317821032671288,-0.813688668638108,-0.748946871781517
0.676514966503938,-0.012320609418285,-0.384560034968897,-0.297574058419979,-0.682120962200628,-0.649216845324961,-1.57132540569718,-0.66272309143494,-1.23336673116659,-0.504930819852367,-1.16330115657451,-0.407093013037513,-0.451088918395878,-0.342275878463318,-0.711962415403184,-0.680647072997186
0.590507607745003,-0.00898253175777614,-0.320151341691302,-0.290281557339869,-0.55168382186544,-0.590830958342163,-1.3948648647962,-0.68169748066488,-1.67845424850571,-0.406031169123449,-1.12841668668027,-0.486157466713795,-0.409961028274361,-0.354649389598773,-0.87226001223059,-0.664290626195683
0.452830585657761,-0.00704445673492341,-0.339480603836187,-0.306642119571518,-0.745410630366777,-0.625093896280393,-1.48014219221256,-0.58823954144021,-1.73769179729452,-0.469986780508496,-1.17174757090241,-0.479851839889926,-0.475142448749893,-0.347731470923172,-0.83066265283017,-0.628352000139057
0.588341038396832,-0.00998433884874294,-0.296610459933546,-0.302239350035806,-0.663665042830837,-0.589617089743346,-1.3387968693851,-0.617757916636692,-1.21343430479315,-0.487290842614766,-1.09902258354987,-0.525895104664271,-0.411255732075489,-0.321116361146376,-0.731731444914293,-0.779561510370605
0.679858211726949,-0.00560430396737571,-0.443023043606509,-0.297790240781482,-0.694263037183856,-0.615758002098467,-1.28761097568744,-0.604880156809563,-1.31845421221649,-0.58789204261097,-1.04897480560743,-0.374862449851778,-0.417602375973662,-0.339249032900925,-0.837740051282388,-0.806306474358629
0.531281674009403,-0.00696120569599188,-0.379313605745983,-0.30498273804073,-0.601339797464899,-0.596149651015565,-1.24756244934528,-0.559922478768105,-1.68261721766402,-0.549203919774594,-0.977408667442829,-0.443877243048365,-0.432995256279016,-0.303973451759061,-0.758893239244674,-0.714295534175347
0.402667181644213,-0.00243797306997926,-0.319302988456525,-0.291937810479651,-0.659669038635348,-0.595235421120151,-1.45484650828355,-0.623254702499851,-1.31756461198227,-0.561200998735892,-1.06722819105868,-0.449304403678707,-0.437285017889433,-0.304940376611856,-0.72439761029739,-0.65108517589721
0.712714333350319,-0.0083995471011887,-0.293342147075979,-0.307025052935692,-0.658756004635083,-0.623658536073297,-1.48343524679668,-0.590381612869434,-1.53774960507294,-0.468837979184754,-1.20346877842554,-0.427180875328263,-0.48152575702023,-0.299109914813896,-0.674806483617171,-0.684035040415595
0.682380571731681,-0.0150777066093364,-0.402489844520229,-0.313343193691902,-0.597159265965329,-0.683159902346191,-1.58063985822491,-0.718543209415461,-1.34745798419751,-0.458284320910852,-1.05068322971926,-0.392923992696081,-0.438579740363921,-0.359115390435822,-0.881589814503689,-0.702148032013523
0.684773310557794,-0.00882487361040872,-0.441171933720529,-0.280435159491111,-0.57601017031261,-0.618159553262284,-1.32944946243929,-0.697842296913345,-1.14579056961494,-0.386300634777309,-1.18482081490971,-0.427077933882405,-0.410981960013519,-0.326906650497932,-0.688358790514292,-0.684732556760401
0.564256214666446,-0.00506434202809121,-0.211952883841301,-0.294061842093503,-0.645601180109871,-0.601417289332957,-1.18510290737084,-0.649148429710756,-1.37664231934521,-0.46209433253606,-1.18073636075957,-0.485395197285108,-0.418902138826335,-0.301181995387305,-0.795957948138013,-0.759450322399179
0.513579362440697,-0.00452769700156346,-0.237047439864069,-0.28379970881545,-0.655722195009023,-0.63779481352482,-1.44113529272963,-0.677490498093756,-1.20671861355676,-0.461207850803985,-1.17940322719006,-0.416534394911537,-0.462196441495062,-0.310482077911649,-0.768840799013734,-0.820311841881129
0.593146141025007,-0.0132571973580367,-0.289679533080194,-0.326475707141784,-0.625291732522336,-0.585061726667008,-1.36395094519977,-0.560083749446707,-1.05518497959198,-0.399640292185168,-0.852457056629816,-0.513708465590963,-0.417216554972339,-0.366793050940031,-0.815250903210456,-0.64033188216338
0.483368069262127,-0.0103450554768318,-0.457148917613769,-0.304965776093922,-0.583715881771325,-0.618985252307645,-1.42181885696123,-0.674777490049409,-1.32764696777562,-0.445142881465071,-1.06214181973682,-0.375785866617748,-0.448938317328603,-0.325323121127497,-0.841354331612392,-0.640486214008108
0.60065101506163,-0.00780416745424184,-0.416440589787192,-0.343764435214795,-0.672554983671757,-0.635793110736531,-1.41355844626058,-0.688890913701069,-1.14621726684152,-0.545121381989557,-1.09781707475783,-0.407489743030439,-0.420907432044524,-0.361627791950543,-0.731167568552417,-0.728355316561487
0.621888279564369,-0.00990656557873734,-0.455681224648163,-0.322737117407866,-0.74651185487535,-0.634483674206932,-1.42654988228274,-0.635461809222255,-1.81173191859348,-0.595227318401758,-0.986701761472557,-0.49936492472985,-0.451515127219199,-0.317515663071979,-0.717549916081186,-0.597338017907215
0.629537836562336,-0.00923209900661555,-0.399751703708564,-0.316597997764186,-0.683479913666191,-0.558696104322536,-1.37782408058392,-0.602256409344295,-1.1878707772135,-0.472736937082646,-0.96342896044605,-0.408240404168598,-0.461522545270687,-0.318410441979627,-0.7353183197698,-0.689700212349315
0.654781704827572,-0.00944736510953722,-0.268133890162017,-0.327417134005191,-0.672152886948181,-0.615193831893824,-1.47283587103677,-0.752684521473682,-1.26839474803825,-0.365740201883879,-0.963102405514343,-0.421926984229972,-0.461562304363089,-0.346593502678385,-0.740360053216102,-0.596832249950897
0.608213389835686,-0.00738928875995804,-0.30626422300053,-0.313100202616439,-0.624018978702695,-0.58634681937231,-1.15670923648282,-0.667423084869715,-1.65983658199609,-0.417882972598562,-0.876365379597758,-0.511850199286851,-0.410602962124343,-0.337778901678701,-0.718547999725585,-0.775594953771384
0.581918105119299,-0.0084942070158508,-0.426185423496951,-0.306009206185911,-0.647960616468443,-0.546186563546058,-1.5105274927638,-0.710092588683837,-1.48225778992015,-0.374613651283703,-1.11589019557566,-0.425847492781987,-0.440205278768358,-0.319012540060585,-0.790761272966982,-0.730059788376601
0.604392314016975,-0.0132827410298463,-0.275519934326063,-0.302232826929424,-0.675720730383677,-0.623475942605919,-1.27798285107276,-0.625396424184271,-1.88389523115889,-0.63045924606935,-1.17383286408154,-0.426949618556631,-0.460840946062264,-0.330101069105344,-0.762923463850827,-0.583447114820095
0.546449152626243,-0.0122019213450777,-0.375362210590477,-0.280846848910462,-0.632319994427418,-0.672862849464827,-1.42213563192975,-0.544348838204149,-1.48445209510363,-0.432617811938924,-0.99397237862306,-0.544693501962492,-0.474993760984412,-0.329131141667722,-0.698370598381265,-0.713242268965253
0.49830204084241,-0.00844359344728815,-0.397306532734717,-0.330014749691708,-0.746977494848174,-0.647777350179907,-1.31377637180428,-0.688723816843161,-1.5236259593005,-0.50922007214174,-1.10299654801976,-0.418505724739139,-0.488779280042067,-0.337266477236572,-0.801731056222082,-0.647467687745417
0.410924373591967,-0.00760934354020858,-0.342852249751345,-0.331082945885906,-0.792463096288635,-0.63244016667468,-1.25161973286768,-0.729026434959776,-1.7072413863544,-0.461715127526591,-0.8274506299277,-0.373357066790312,-0.429550891534552,-0.378287990885286,-0.800821189907976,-0.813398347784338
0.602733792855543,-0.00898373450714016,-0.416591946292167,-0.316961247584433,-0.601449534747882,-0.558020162740661,-1.28760663570281,-0.70434331194004,-0.961449382179557,-0.541989270383272,-1.16186687075389,-0.459804235925312,-0.449719472061312,-0.318816086240879,-0.792001264105948,-0.653923481345158
0.512721159129337,-0.00912856590066997,-0.337637669127489,-0.285304922648378,-0.615389385984063,-0.630239572400633,-1.10220723207207,-0.661645731293045,-1.03158486133795,-0.318856933298348,-1.25745963369087,-0.449060379584055,-0.45959396527228,-0.373941349738962,-0.746705127550663,-0.564642251590734
0.575597780089242,-0.00817195564446825,-0.44427700503356,-0.32224646218337,-0.77996182930424,-0.61000350151085,-1.45112010544909,-0.593184310983762,-1.13341614062879,-0.38251197307401,-0.88548758930165,-0.416888086072273,-0.450479772500822,-0.329675411815659,-0.665522698140874,-0.779050229207733
0.45065682946424,-0.00996103759926405,-0.296288842856667,-0.287569737480287,-0.706660074473372,-0.589264554895576,-1.5717913774885,-0.689618204421398,-1.21809089429335,-0.482180489968738,-0.855971655718441,-0.478269739245056,-0.409661730273234,-0.324442357736255,-0.735750791650634,-0.60691580820392
0.766047077426337,-0.0138669048442172,-0.385057648606922,-0.308424040722636,-0.631342662443977,-0.514874426056686,-1.21715658896685,-0.694055457740825,-1.40696590867003,-0.461082975344928,-0.950947923790853,-0.468271732240598,-0.414134000902078,-0.332500940073474,-0.698419584712715,-0.750642146311555
0.5664029657483,-0.00766407885393515,-0.38374081692955,-0.338681316766143,-0.690854062441161,-0.591090216008685,-1.27688761006744,-0.690281568496442,-1.381160708808,-0.483375750650709,-1.11495209998522,-0.432275221140607,-0.432819697637285,-0.316649982359524,-0.697911979351615,-0.732469689929463
0.626623344512052,-0.00782830460741912,-0.330469949362969,-0.291065271281148,-0.651557001205394,-0.564566999869378,-1.49644007458013,-0.68511865675468,-1.42217877326591,-0.446624372386183,-0.951939445035877,-0.455928108301404,-0.465690349925172,-0.313734981792379,-0.677998482723019,-0.79029464829447
0.576087746732966,-0.00551569107397996,-0.194950611065601,-0.281845452911346,-0.641611731671716,-0.663459969623845,-1.49841719366327,-0.634476904089436,-1.38032775642164,-0.39748158374232,-0.928088914753136,-0.377937182342055,-0.436383013478256,-0.321083075560743,-0.717765948020798,-0.637542362291836
0.671018810628978,-0.0111569234312892,-0.488695913498246,-0.316838905637393,-0.686540284428795,-0.654448874748745,-1.41199902641433,-0.725695307604024,-1.24624302710873,-0.505530607043614,-1.25223067646775,-0.356014702988277,-0.449304731547076,-0.311878150825735,-0.767667786215201,-0.711265563334039
0.631451422354459,-0.00894528173906085,-0.382719998665818,-0.30907418911419,-0.644562359756084,-0.609755120491148,-1.33780317897474,-0.821006729117825,-1.40027162227892,-0.509819088812683,-0.724451423236034,-0.383608039233227,-0.422371058062319,-0.325317697989719,-0.675632650943241,-0.727686701644496
0.620377676631856,-0.00903260481856322,-0.493570819808965,-0.357146702732021,-0.714711395300848,-0.588605133150872,-1.25742593113336,-0.726362216664374,-1.83721282330506,-0.424407607161413,-1.07628621034386,-0.420111837661673,-0.443023220200494,-0.340034155124402,-0.718721948953762,-0.662561780156108
0.600666958984428,-0.00841761728465767,-0.386046743193157,-0.30087321553284,-0.79348408591196,-0.647792460455599,-1.42834344050946,-0.655821734538017,-1.46456638839571,-0.352909197232646,-1.07370765993875,-0.469505272725361,-0.437115801668841,-0.317569877173713,-0.767054214688978,-0.746272272147736
0.588811812716372,-0.00774794691298092,-0.398572570769803,-0.310553659278268,-0.631289585163446,-0.563000136292907,-1.32183233201668,-0.566375435101466,-1.24757762689576,-0.523805589321903,-1.02035943673893,-0.354754413348706,-0.421373399183088,-0.333511205138324,-0.798532165943167,-0.824625650557894
0.650334457859039,-0.0073685725700005,-0.509084179101439,-0.288361805701162,-0.549729241780772,-0.607326819897748,-1.40824486727146,-0.633632727121052,-1.45797011019141,-0.426420356543506,-0.953825306077907,-0.430201081707305,-0.43072018804829,-0.332462769685997,-0.713929318650179,-0.74316964036164
0.72490010348848,-0.0101246670143507,-0.458984068868336,-0.292006724920532,-0.691606660274726,-0.622358112990017,-1.28906466183553,-0.690024741041198,-1.72575477980478,-0.501164478354315,-1.03361548184009,-0.389112817817013,-0.455842178484222,-0.331513295269371,-0.75328392563164,-0.71580693265805
0.541357696276254,-0.00848448887493171,-0.432203536128583,-0.261590656615065,-0.631899370217045,-0.640311627392681,-1.3637633416345,-0.594961046186697,-1.12381136200529,-0.467471816699373,-0.950247911753176,-0.331284409061063,-0.463063865673955,-0.336322001495134,-0.798790602175978,-0.743089597632148
0.676200143449462,-0.00815405778476844,-0.639439379723477,-0.303816045211669,-0.660800531282191,-0.597412239740072,-1.46203771978327,-0.700183273442526,-1.2651319343707,-0.451844344797705,-0.813598968103962,-0.492768467906844,-0.45454364291553,-0.320888266786308,-0.72459163214616,-0.62832423248075
0.672546287075372,-0.0102823915695077,-0.340498329969478,-0.322645726531418,-0.544169208776735,-0.570942655980748,-1.38186827499548,-0.687857775972965,-1.47351580113728,-0.350962444437994,-1.09460452728448,-0.40944292514696,-0.433655337073424,-0.340611970353543,-0.782832011971928,-0.674700424860801
0.611342450149589,-0.013555406541316,-0.56550048030723,-0.323209469433148,-0.486386689982579,-0.627089480933552,-1.32326419770381,-0.629807639181858,-1.09915435114888,-0.512768231819053,-1.02963305059805,-0.502709113180289,-0.438273788471469,-0.339423511506967,-0.742472147989812,-0.632692415832427
0.583741537852256,-0.0085272543501507,-0.40466714022068,-0.300246655982759,-0.694684305278507,-0.645626852344606,-1.42080154729995,-0.727470268670597,-1.21245066597807,-0.392450826113646,-0.930147388458515,-0.341293230003861,-0.445975978247585,-0.364518182290469,-0.789923049535344,-0.757635973061398
0.674413273424763,-0.0106189903525276,-0.427195648611025,-0.311305764127481,-0.561704815549318,-0.549586437731084,-1.32032254051708,-0.67684583491837,-1.04159434486635,-0.527402942115266,-1.45976345893361,-0.426935977946763,-0.435065181111717,-0.315974578894666,-0.717334031988905,-0.576525030415665
0.628149026899031,-0.00999053109916435,-0.390860515122412,-0.309520680250506,-0.584615399844075,-0.576351789378763,-1.45529565506158,-0.600774209439042,-1.02177444472804,-0.384400166574023,-1.00057185128407,-0.375097358370389,-0.458664005694251,-0.343899831810184,-0.841753696866406,-0.720455114478561
0.605334162165406,-0.00724404665004808,-0.337079660276223,-0.333143735324366,-0.737953701770536,-0.585217735130718,-1.39296428051889,-0.706410272113996,-1.26347484064869,-0.441617791259282,-1.04659319382488,-0.46694184814879,-0.419615732078656,-0.3394736724528,-0.779894819830308,-0.724282465256943
0.596807141767996,-0.00306500498448523,-0.400602477944023,-0.295536825405183,-0.662689053025352,-0.609421371880559,-1.39653050528496,-0.612521922332247,-1.83484424326376,-0.689286910233845,-1.08057422731261,-0.463037111735008,-0.445689274065144,-0.322843247569365,-0.729281536644405,-0.660044059936359
0.476730652407135,-0.00665549374366564,-0.404523682936464,-0.310011802128263,-0.694752645577395,-0.564020885572439,-1.1860482304256,-0.567910126696275,-1.11936340085214,-0.490300478537552,-1.05932690007482,-0.484621832430794,-0.459182933251951,-0.29861575505478,-0.665031800701129,-0.666510299357132
0.580004670368096,-0.00764290343681053,-0.492531120902553,-0.298484986807776,-0.606737093575678,-0.656974714301196,-1.49354398232312,-0.732051292030905,-1.4436861410185,-0.379754734349356,-0.894459484584489,-0.476630705708862,-0.421181217344446,-0.310530253229541,-0.732360619459646,-0.701130060690063
0.683368219180735,-0.0062087208340607,-0.435307120805389,-0.341856737513844,-0.793307153710184,-0.582057147953635,-1.28090977283561,-0.694803591203167,-1.03618019357418,-0.472018702209464,-0.97462297316126,-0.399548720236923,-0.476310939211275,-0.331554861245227,-0.713664461359974,-0.715002114435357
0.770287960650561,-0.0115848558109024,-0.350283513698151,-0.303851830805376,-0.621716924415985,-0.629509079524108,-1.21958820454428,-0.676686884089278,-1.07739457171472,-0.484957792472496,-1.04751893168718,-0.452619688773158,-0.445940271066346,-0.351259386470093,-0.758697989600117,-0.670739962184184
0.708784727057663,-0.0106600213254782,-0.283158642780554,-0.292119016567682,-0.643067203702361,-0.594376802176168,-1.38860699739539,-0.636089134380164,-1.41723372101756,-0.462713557163737,-1.07862921074095,-0.370940101775132,-0.469866614794362,-0.34711676322544,-0.817885587383679,-0.65234711901741
0.445311157345353,-0.00801949677232766,-0.47912154417077,-0.317824895097469,-0.709855993846336,-0.620478565516826,-1.36201786319631,-0.65439265429288,-1.6716624205503,-0.51145872229519,-1.12656901261658,-0.457676428282186,-0.48026399475304,-0.300067886489791,-0.792892914475072,-0.757810044902564
0.614525851032852,-0.00575743314166232,-0.423752468428211,-0.304027123761301,-0.750822947795717,-0.588505780663356,-1.29570002154678,-0.714331174091277,-1.57991548828372,-0.438951098213826,-1.23900705544072,-0.491498583753306,-0.454730180000836,-0.332139083196869,-0.89060336172074,-0.727355817366991
0.529026838500541,-0.00690702020428455,-0.341829115699508,-0.298978475684036,-0.68894668892937,-0.586731571628141,-1.25492979395405,-0.712979320901284,-1.24854169226043,-0.440232451264511,-0.708260697652413,-0.411887561726634,-0.464361529970787,-0.355318076274258,-0.680473068168328,-0.640324962305965
0.527606271411836,-0.0134453978472449,-0.463751519911518,-0.32209817514263,-0.538094979008233,-0.585057345071501,-1.40248663506227,-0.609564365287833,-1.23121089318607,-0.351810961268962,-0.987918740666675,-0.450626961753602,-0.445139653869557,-0.336408299908412,-0.716193941735745,-0.619403425530432
0.496581742110506,-0.00448651642307858,-0.384462819278815,-0.308051496709554,-0.698116459252621,-0.584281888636066,-1.47064544790243,-0.623856961874285,-1.41276724304121,-0.331860726003829,-0.889776401132147,-0.42862761621099,-0.42864743853532,-0.342080131414918,-0.702597774271511,-0.68694906838331
0.58152770746395,-0.0121381197411121,-0.510878240845316,-0.320779181471345,-0.611050579114673,-0.590350424100263,-1.23217207309078,-0.684080407875375,-1.09247907642533,-0.483873861405098,-1.05893314449619,-0.434271221851962,-0.464462836667694,-0.383829625727388,-0.720265095974141,-0.702016062129292
0.544338043785688,-0.0115164807988425,-0.268237793753958,-0.305146615798898,-0.644772676480819,-0.640978740048068,-1.44076973595832,-0.577756922104239,-0.907342021132307,-0.57911185015324,-0.916279231987317,-0.45145212321951,-0.442567973261228,-0.322383483314647,-0.779729980558571,-0.777303356188648
0.777383336888138,-0.011160495338682,-0.419767868443917,-0.305099022294407,-0.743200668702472,-0.600512950553326,-1.54404721858264,-0.635314498696339,-1.58146700501733,-0.473927930506171,-1.05646905005615,-0.496614231899565,-0.423614152814614,-0.301980900342041,-0.661661434837886,-0.629992647453202
0.602615218708942,-0.0112100882235633,-0.437670364204031,-0.31337800509636,-0.669681493251691,-0.63484597220734,-1.39883532135821,-0.63025794092501,-1.28820535363172,-0.569036001083971,-1.00396492296362,-0.39195206104649,-0.457408904125128,-0.348727130387075,-0.786434414660644,-0.66946999788484
0.662085216469755,-0.00692674918535778,-0.437999995960713,-0.280635287318203,-0.638537271350639,-0.627340360819015,-1.24370133952322,-0.671298150687937,-1.46323815524571,-0.461807716512864,-1.08832623477165,-0.402777823491604,-0.440018862217627,-0.342416141808522,-0.7088070793303,-0.655101607916053
0.582835975142533,-0.0100790314163588,-0.326913818152189,-0.277205075405588,-0.673537401148747,-0.651172971304005,-1.32083649735085,-0.646722070192092,-1.57064284753635,-0.459681180148886,-0.941270120339067,-0.386283707577195,-0.399846737386422,-0.336496819141176,-0.674387575663499,-0.553286439875522
0.622130759411576,-0.00997260676746798,-0.394132789263866,-0.311746251105577,-0.674164422929405,-0.53399246330682,-1.51504375900391,-0.719642310559205,-1.6056698257905,-0.470816364039988,-1.2085706647478,-0.454915050803142,-0.442544967525783,-0.311821945093007,-0.869752063610753,-0.711763698416456
0.651321288020872,-0.0120486239459322,-0.318228178850628,-0.286271544727363,-0.656949675054757,-0.650883550344604,-1.3866558627227,-0.735768873530363,-1.79792097253521,-0.563016278941037,-1.04629187052618,-0.470539122827845,-0.436270382258488,-0.301523723747638,-0.724617815434609,-0.64002750975603
0.55006173300041,-0.0088047793254581,-0.37404277604023,-0.314216304668388,-0.735048849647939,-0.689726673110318,-1.32649852660027,-0.599443998062852,-1.51584802011931,-0.548468651842319,-1.10902743600384,-0.425287696378672,-0.473852313504826,-0.317502561941675,-0.694950327931578,-0.626448306986259
0.560014329421215,-0.00775422629199711,-0.388189053644587,-0.317115032089265,-0.673677878892896,-0.638714151400303,-1.30721434976863,-0.67478604247731,-1.12933048192335,-0.483214693264036,-1.00972136673198,-0.423292427701207,-0.473862912366349,-0.327787758296377,-0.694264944702438,-0.786451998164605
0.524957216086395,-0.0121023796613357,-0.350579566782331,-0.300737678389771,-0.657407985767022,-0.506351522072944,-1.30599509199686,-0.65355846655308,-1.22969966283627,-0.576073095874288,-0.960099773780886,-0.448600064769604,-0.422850198707579,-0.330015438295237,-0.657222934182636,-0.74113978576935
0.64175327517836,-0.0123244492417524,-0.44078154196866,-0.30511239426416,-0.635245083806315,-0.593111807091662,-1.40128207337317,-0.637241749130464,-1.2208192709706,-0.445616605554425,-1.16272065392841,-0.34764064751124,-0.426332913697632,-0.33291109646268,-0.84092614727122,-0.650677485133543
0.634602990074122,-0.00779623736196922,-0.305791212649428,-0.299080961082712,-0.608875493256648,-0.600312816616197,-1.32828476597416,-0.56784483598981,-2.00064213153844,-0.439917853000752,-1.01953026804306,-0.474540813791302,-0.451484060923384,-0.360558168876077,-0.632981378603682,-0.739265953936871
0.604963488392228,-0.00767361305326079,-0.323070145298571,-0.324354060985132,-0.705705975574324,-0.612047802565483,-1.21095120391987,-0.588526627275911,-1.65272565405792,-0.476331266111381,-1.3846917059605,-0.379803837878642,-0.44739305651221,-0.325019415791158,-0.780185905397296,-0.670891905970044
0.594647094113042,-0.00493270148615517,-0.367088337523394,-0.309318607215175,-0.678409864852547,-0.551977679225248,-1.31412912891539,-0.676952333984225,-1.13615131257794,-0.568046486475481,-1.09143793914775,-0.397397296525752,-0.453978576183121,-0.294633573633797,-0.745101494568436,-0.728339888445023
0.541723442448453,-0.00779196650054159,-0.373808453111546,-0.356363827307543,-0.623667187771134,-0.641503998251962,-1.412271191666,-0.719648707411954,-0.975273054433439,-0.433329756222652,-0.861578248025183,-0.362693234686231,-0.436191373993715,-0.334358272290052,-0.769364929728581,-0.613058059005206
0.581763492792479,-0.0072714597016184,-0.377268558265809,-0.317357423579639,-0.739448124915162,-0.595661173031456,-1.22295196839648,-0.721986592346761,-1.3476717265154,-0.519437250994121,-0.800378797504146,-0.441978075316998,-0.420467163484932,-0.34767871573944,-0.699886609040019,-0.564623663710535
0.611202847518978,-0.00744945992029873,-0.32315588724786,-0.311775765027458,-0.742662131258709,-0.613729036834202,-1.32933478243469,-0.686320544732036,-1.14473230135723,-0.428458457408009,-1.08083406151686,-0.381541328701028,-0.423245045299033,-0.338076851582421,-0.785388196912352,-0.737773584771672
0.590827683567997,-0.0114762701984774,-0.314925330249922,-0.296321165436778,-0.558620977126717,-0.632153476553328,-1.36163285645562,-0.620697764865555,-1.44494641998608,-0.405429355547908,-0.897416354667535,-0.351025192075398,-0.396764235650299,-0.334442491124102,-0.689445567815969,-0.481045879382262
0.555362932750492,-0.0091821219011325,-0.308543197545068,-0.328625264048476,-0.612074144181748,-0.587307336840485,-1.16791408360535,-0.78988227052511,-1.44421750596259,-0.41142697607898,-1.27720352426649,-0.489637030326623,-0.470751615178015,-0.360353419518638,-0.70729059296944,-0.723936914927351
0.574195292057822,-0.00510089515780221,-0.373920928707131,-0.299138940971178,-0.706346923766979,-0.696860391445314,-1.45281869109349,-0.679877571047782,-1.77281789788009,-0.559188282720797,-0.979172691121242,-0.436591199744379,-0.46098833581552,-0.323471799376705,-0.807156217667484,-0.644467244858576
0.481894984401633,-0.00480214560759199,-0.314337088942763,-0.299904568846129,-0.721445512806414,-0.626651546739769,-1.34677264910486,-0.649902423159816,-1.38635230668719,-0.545697874718764,-1.05594883409088,-0.395433963834445,-0.46567224538172,-0.332305469781496,-0.63796153893864,-0.531514177562926
0.559759086757338,-0.0130724787950244,-0.412203280002839,-0.317363510555482,-0.593656675242318,-0.603787492786194,-1.29417207752482,-0.61032287363967,-1.00679260964414,-0.558526120451476,-0.970696131263899,-0.4775637181836,-0.428917784953238,-0.350900156313627,-0.760495866617623,-0.677096366758765
0.544402485110571,-0.00928135841499296,-0.532951580307845,-0.346854469592081,-0.600968311693929,-0.654751367809686,-1.31904738933658,-0.649566698706302,-1.37097038322629,-0.453784561284701,-1.19128541133478,-0.427192832149729,-0.409806719229576,-0.375786555267938,-0.718058803082871,-0.586133921973401
0.53141729875831,-0.0110256317082196,-0.418243708341404,-0.298461392727709,-0.644281850837543,-0.598088377891172,-1.35434574177637,-0.694381293703429,-1.25478104981976,-0.55027890302043,-0.977763025071834,-0.297093495464194,-0.417930538896454,-0.357424262376439,-0.737207895325852,-0.739562197447412
0.580419509716654,-0.013303591670776,-0.364198091651507,-0.271411025179493,-0.695669247418755,-0.634860233879104,-1.36966748586081,-0.686835357991715,-1.22271750921092,-0.524710500104356,-1.35196675559701,-0.512922553893861,-0.439212962685223,-0.313311587217636,-0.753659144251703,-0.668891211910062
0.706047125487694,-0.00829077152695912,-0.460061038324326,-0.31479693390596,-0.654844169126061,-0.602838972561005,-1.37759309949877,-0.600942858393916,-1.22810053034211,-0.40684612240628,-0.94621881545913,-0.401966373482369,-0.424754309947225,-0.329552421135522,-0.778718757004171,-0.712629040378786
0.628532002427301,-0.00968880893958705,-0.464763599401475,-0.296628728056837,-0.701332180241752,-0.609145837447873,-1.1497339811732,-0.707390080707633,-1.75642858424229,-0.493759837504108,-0.614764587453551,-0.428594331711616,-0.414544440044376,-0.339385809318978,-0.684742053822863,-0.72068743131071
0.571096890726473,-0.0117768633257966,-0.421155363254534,-0.324371929916113,-0.530102695792314,-0.538092590409122,-1.31273896716292,-0.736554206465468,-1.56677710833956,-0.443936353359512,-0.9996822396759,-0.393699279279415,-0.421733592713106,-0.321286516938098,-0.723650144840296,-0.684856277599521
0.461321223907793,-0.000630278893101847,-0.282106564129982,-0.319869794258339,-0.68705105199698,-0.54430491215251,-1.23634877378564,-0.739256140405994,-1.32575014972833,-0.390773978193915,-0.983000091872623,-0.364098609757989,-0.442125803534616,-0.347339212259645,-0.650924464261428,-0.663825465796957
0.414321881982212,-0.00513654435565912,-0.40288627436434,-0.308632598658107,-0.717240149222631,-0.579868661056038,-1.44759059179743,-0.614174562119001,-1.13677848272943,-0.456453623555065,-0.973248049109363,-0.444588611263876,-0.476839260221632,-0.36026118369088,-0.705290618384272,-0.612275506339824
0.620356912304155,-0.00227496869434683,-0.57667528795733,-0.311801746650903,-0.780050096012475,-0.586768715019476,-1.44959629985322,-0.637432386611474,-1.08364036363422,-0.476058104285518,-0.848162196260838,-0.459702300557059,-0.438274165647979,-0.32901254554589,-0.864994691515439,-0.757244691314474
0.520850745976629,-0.00696438357773885,-0.255903430711127,-0.312253181801072,-0.624520774473238,-0.566223525666049,-1.40261789326238,-0.646726254818458,-1.37820617323329,-0.518660530481689,-0.854780300879373,-0.386071733311269,-0.434022173308897,-0.335654502022297,-0.832624313911644,-0.683605513079156
0.494805422868312,-0.00928080041755103,-0.426055466340473,-0.316362770122548,-0.66799545174909,-0.659168172171686,-1.42813212542934,-0.665991719252184,-1.64078340626063,-0.296745917887833,-1.27358923927841,-0.412140506294036,-0.398659692311025,-0.284851940239124,-0.758125361855017,-0.710350921775198
0.359588458708349,-0.00462460831523285,-0.328017221636567,-0.296161987094713,-0.631204686438062,-0.571621727025871,-1.35486875433096,-0.710329457973526,-2.03742484499424,-0.528711527664593,-1.11815083625712,-0.470915975687771,-0.445379437969113,-0.342271079145343,-0.697441514383576,-0.7100904801955
0.733989837336317,-0.00700851754574517,-0.497320417744806,-0.274194847568836,-0.691168088465192,-0.59761080926619,-1.30229604131723,-0.693062154433584,-0.885572521026612,-0.393631039441252,-0.845827198703501,-0.45789442621111,-0.414392817186636,-0.296170943225426,-0.868661017134774,-0.860251560704319
0.629177957445603,-0.00903303885847748,-0.374366797593252,-0.333715902491975,-0.674978178358572,-0.580632683946503,-1.27546577896136,-0.64071918086475,-1.24642284753227,-0.424040398504099,-1.07019209064111,-0.364783903556422,-0.440796440016023,-0.341754927862904,-0.698337992807696,-0.738133686662832
0.63026222261675,-0.00977786601281814,-0.355369339594085,-0.31289615418281,-0.678771458974028,-0.60319287112661,-1.21545310126611,-0.630531664255641,-1.45558805097745,-0.341278275172562,-1.18470457224855,-0.440477831983978,-0.427307642258736,-0.300789376466015,-0.75388590941419,-0.770112437414441
0.570194015710657,-0.00513149676974847,-0.453992926693061,-0.323010027498923,-0.707347602971204,-0.597223471673921,-1.31586630347431,-0.707415855223294,-1.3337281929469,-0.395100880786591,-1.08238865958284,-0.471600334384551,-0.44536119454669,-0.288138416302687,-0.78823970022679,-0.690714468131198
0.505418914371892,-0.0105464278738224,-0.317281818930831,-0.291322154585267,-0.650449329305474,-0.62072811172167,-1.22818795324322,-0.649367914567175,-1.03727151454225,-0.46955012595684,-0.827998972613312,-0.468454648355012,-0.439756898339354,-0.34702214953492,-0.711888740056069,-0.687636678199041
0.55391700315957,-0.0054325910221907,-0.398387251673546,-0.288473687689333,-0.775048254198184,-0.643082050102236,-1.33281880469618,-0.720674385573812,-1.18485359194057,-0.557205725530601,-1.34925613605934,-0.383720259773183,-0.42214475038487,-0.325510254489547,-0.753965698520098,-0.742005413276296
0.559737732411931,-0.00937113491768582,-0.39799172995409,-0.331245695903956,-0.631859576126059,-0.622604373826335,-1.34941517021794,-0.714173194194358,-1.25657388367646,-0.56110249017611,-1.32093845227605,-0.42501748469741,-0.449798821383234,-0.339010932939221,-0.684381863245597,-0.741944348041564
0.54414363859459,-0.00754259401514825,-0.424129517928926,-0.337291188990683,-0.626694444072544,-0.644705476449715,-1.4257996038704,-0.658930510776888,-1.00517066751607,-0.51282868184641,-0.938277197956591,-0.325636149138171,-0.433407695387035,-0.323206923879209,-0.714706011054968,-0.712630837325845
0.697488571562476,-0.00899203227687065,-0.42770636157922,-0.306464020408921,-0.639685553100726,-0.595645659102152,-1.35125654440265,-0.636165636558593,-1.8173075241977,-0.469595470624106,-0.971603251137935,-0.402337818054056,-0.408934993769477,-0.311156255717656,-0.764285495281691,-0.639676635132725
0.451363289013297,-0.00979957897306279,-0.318258728557454,-0.304552680725275,-0.750052782248297,-0.58273336455475,-1.38727478749812,-0.718362130383272,-1.0419334730406,-0.486353867738895,-0.95314203228157,-0.415673152695005,-0.441103375311075,-0.319576439512433,-0.709798899950136,-0.710535315842996
0.5516900853799,-0.00716870501625399,-0.332147085368031,-0.274331527481301,-0.746297398628706,-0.593979117128722,-1.09680177604955,-0.680128951792966,-1.26143741653795,-0.466020454921225,-1.44015359409586,-0.409647459132977,-0.423660035410072,-0.336737742666043,-0.723360937192658,-0.735672748127532
0.710150684316569,-0.0086637836596265,-0.349681471787158,-0.334863742716495,-0.68043788696005,-0.570357080843554,-1.36247951822378,-0.640882075575976,-1.48516662591705,-0.483896122874474,-0.955719246703637,-0.398761228648037,-0.436806341552555,-0.320410960117106,-0.73662989857298,-0.69708027453586
0.577355910217498,-0.0107150337158642,-0.319665161934528,-0.319959161981263,-0.644277728867799,-0.665350345266178,-1.50253875026923,-0.659681642304105,-1.36529795865916,-0.498424269553753,-1.08553336493301,-0.456001947084116,-0.470208774767698,-0.34438449663224,-0.79600937251879,-0.669772279942117
0.495965368980058,-0.00786548328200642,-0.262841409097923,-0.333142699236019,-0.701330800217105,-0.59420285390753,-1.42345956074322,-0.681485803787315,-1.2330459332169,-0.456000158655449,-0.994313636114415,-0.488398406358271,-0.453421678968632,-0.349928702800231,-0.672260647058247,-0.799756901387098
0.574631481650209,-0.00807889601116483,-0.41069656158285,-0.292637281329168,-0.64933331802473,-0.606868377599354,-1.54619018493379,-0.750149259840921,-1.28601289253974,-0.484933197415813,-0.909251595310833,-0.48706530005153,-0.424124298073016,-0.376445816425403,-0.703467253446429,-0.651367440687602
0.488908530900116,-0.00733979057389884,-0.367791370029324,-0.272368443865345,-0.663970693287858,-0.590841736528969,-1.4226761083516,-0.562584818641276,-1.31130835892478,-0.474148452256213,-0.849842331814358,-0.306901977169257,-0.440724176355741,-0.324089964817431,-0.711878929737945,-0.736405759457815
0.567250489054144,-0.00591053661235545,-0.457203274217635,-0.307145726933506,-0.634889352541931,-0.609794007977987,-1.28501253488531,-0.653267693324607,-1.26215583244151,-0.370753851310989,-1.23060179026199,-0.456096695651866,-0.424485044353677,-0.330526019380731,-0.691532620085844,-0.697780526859937
0.638488903031517,-0.0110120754831069,-0.392333764937818,-0.302946438392953,-0.653380278716342,-0.616461785079978,-1.25458949546017,-0.625576202602152,-1.34721217977837,-0.44059951887226,-1.15373231583275,-0.384711024415493,-0.460696237884413,-0.367512723136768,-0.781641050204088,-0.711610350440218
0.669122871700411,-0.0109595117343861,-0.283659446262409,-0.293706196493554,-0.657419279701163,-0.632512404957824,-1.21445964265932,-0.698608225925889,-1.31658166572127,-0.515816919672649,-1.12861164699326,-0.431434878114805,-0.428497308860709,-0.375805553828781,-0.804822723890872,-0.652174551940709
0.662683361241897,-0.00819025703404832,-0.392909931180599,-0.308073173493006,-0.65472601923544,-0.5833352496858,-1.31492523968738,-0.609556138086409,-0.91481432709855,-0.504605530964695,-1.04475000983173,-0.467034488003366,-0.418826537743117,-0.348520291908593,-0.731297469829296,-0.690958760477123
0.679462507397895,-0.013007487061062,-0.244787547573752,-0.320433720568063,-0.555751075222197,-0.57427143318748,-1.36175609433318,-0.7158201111301,-1.27727949377899,-0.44630507949068,-1.19929843414734,-0.303174454971985,-0.409246544486386,-0.354504212594815,-0.794582866649644,-0.536139718863186
0.68373862596681,-0.014539418484105,-0.515074417081739,-0.312497348072646,-0.690417125777683,-0.575274604628888,-1.40850250158279,-0.737898484156232,-0.991478272941853,-0.437680079295736,-1.02215550126098,-0.447512902059426,-0.404626359209575,-0.335535589552427,-0.781045615708384,-0.563336023734488
0.689778139565244,-0.00614111848391999,-0.37955884389322,-0.326803897151216,-0.728889813916127,-0.589914067446622,-1.42409268149207,-0.621409104572705,-1.1823483930091,-0.523408920365673,-1.06804087206738,-0.345121772981317,-0.444452998070273,-0.323019019862642,-0.6840079345528,-0.726917651548878
0.562153104528219,-0.00831958774257374,-0.357215368886156,-0.342034914340256,-0.648798904273514,-0.635958821755824,-1.3443485101389,-0.610782381780338,-0.705517399214383,-0.483733317706686,-1.17398415664568,-0.513907942974464,-0.417040563261086,-0.379890012477424,-0.780886451416729,-0.771557920918133
0.655396607212572,-0.0123426823064896,-0.407997204089784,-0.329099564431437,-0.756985364475335,-0.616277975478244,-1.31198997980313,-0.66755690481418,-1.4244649214842,-0.512547327751194,-0.871941410354498,-0.509206632235321,-0.434025562130755,-0.33455416339677,-0.761372065955616,-0.744792247366613
0.660164634064383,-0.016505791634103,-0.341358086830438,-0.297206580102298,-0.601291806806683,-0.660761228834288,-1.31440484026862,-0.644617781526298,-1.61133808669237,-0.500040796496085,-1.14382409090058,-0.375146295834551,-0.492345584804724,-0.382553688387962,-0.696464751558309,-0.627817116169814
0.632455942274318,-0.0105458795108423,-0.355148897709436,-0.267026321779944,-0.718120128467429,-0.620294877369546,-1.50297356265967,-0.65892325419389,-1.4464007925624,-0.437984365005121,-1.09379696525763,-0.463463419101044,-0.428451057305792,-0.321127461359344,-0.668108950284325,-0.633414592699486
0.522197731099933,-0.00648793185688375,-0.30585346655296,-0.278817597859574,-0.626248219157465,-0.612087195059221,-1.42130555155198,-0.729517480194327,-1.34522941077458,-0.469946057301212,-0.937042976881325,-0.428745870971277,-0.451614500562385,-0.352330934497852,-0.677062446816434,-0.740023360829816
0.3678553377667,-0.00533010109178648,-0.457592992936922,-0.313968810203996,-0.719972547241617,-0.576218895547873,-1.32356135600158,-0.695030545588495,-1.50884724109501,-0.513867121548281,-0.938522759564544,-0.454428666697782,-0.455419573811739,-0.34878611662681,-0.733811139254901,-0.60617915870186
0.654895771631926,-0.00971878104650551,-0.254418937276704,-0.306433610606814,-0.598004961580978,-0.593004370008402,-1.48953960399065,-0.600420094807675,-1.5207808494676,-0.497525735191395,-1.20011923711878,-0.470563307282705,-0.439739913847817,-0.339033466160543,-0.752668300144354,-0.617766251704938
0.640044812572326,-0.0111313974645996,-0.426294964252093,-0.313555240604377,-0.632527095032359,-0.579681992429786,-1.35611423442607,-0.640332460383439,-0.922329244253147,-0.457839441833758,-1.08122359550636,-0.473770659471965,-0.494408844800661,-0.31042518524571,-0.733099631790359,-0.634468089234101
0.606380260611755,-0.00868854207263464,-0.325143538063001,-0.307435613589,-0.713978810806766,-0.576842409486308,-1.2964640268913,-0.609751043477431,-1.80279404349979,-0.366513026272394,-1.08989200877985,-0.411963185594558,-0.428192703721605,-0.299248475788804,-0.83198394491413,-0.721180906830555
0.813389411909521,-0.0131742813186583,-0.295166452753731,-0.306579886925353,-0.587595243764634,-0.596125123467793,-1.41318729397845,-0.657334034222591,-0.947809172396445,-0.445895234240506,-1.17658795034528,-0.528907636022246,-0.404974116985232,-0.365073096006496,-0.819769661571733,-0.678142614665918
0.554896560154386,-0.00797497354648059,-0.350907015554182,-0.301301482469241,-0.701477679506733,-0.610018038334519,-1.4825412868752,-0.733492704207063,-1.83553019950856,-0.62106044186445,-1.13052585683748,-0.429198816595203,-0.446628020057137,-0.332540198933335,-0.763328942284915,-0.754901950642361
0.631178744408566,-0.00796661526592311,-0.333585402051248,-0.291536037552279,-0.745770976526598,-0.622032189521839,-1.51369501083655,-0.630859675179237,-1.12561275299027,-0.535492805281173,-1.2704101639903,-0.45114392953325,-0.433662398648126,-0.314188801778323,-0.750956979836099,-0.664820040044428
0.58859363624664,-0.00819795275402469,-0.400376893337294,-0.313748993946358,-0.669946293657949,-0.600984986128635,-1.27063025521393,-0.739559534485666,-0.950865056279412,-0.441881338232652,-0.92376619678336,-0.475924177203362,-0.465776766404741,-0.342637595440748,-0.718317830691157,-0.630815897120339
0.603145001282722,-0.0154926658573033,-0.370068659556774,-0.290438344243134,-0.599581017375748,-0.60766234067035,-1.11144530017664,-0.680566264472231,-1.47452543752267,-0.533072600585392,-1.1152913148168,-0.40761958682712,-0.455207639646029,-0.349600253728249,-0.772552441618215,-0.526480285178232
0.688071469591493,-0.013610211650741,-0.367674126455965,-0.297067752721628,-0.663993000123667,-0.585722016455582,-1.45692649270512,-0.704326154032579,-1.70134841834176,-0.388467380636322,-1.05504027007661,-0.530327855371439,-0.436963367328274,-0.328474086771239,-0.818033916536161,-0.622677412922579
0.67387564111844,-0.0122968228828054,-0.331481972881953,-0.326245470101512,-0.575008602328767,-0.598792576632285,-1.35168201096088,-0.693608887984744,-1.59579990032764,-0.447815082701102,-0.928262647821999,-0.509339688805422,-0.457320855519454,-0.32571913105256,-0.768850395144555,-0.704913934822189
0.683160722049429,-0.0145382070854615,-0.368840955338057,-0.322738872075015,-0.653939521962195,-0.534248972971165,-1.37462247643264,-0.583920995956589,-1.65728609696933,-0.627931120413303,-1.18341770526219,-0.433040457542491,-0.43845976014314,-0.352558541686839,-0.730629089833588,-0.754636440826584
0.608094378706345,-0.00834278539800519,-0.439556463697209,-0.333365236596789,-0.725698886109096,-0.545189992944374,-1.35293585519193,-0.699707573208305,-1.302532508887,-0.474135547310884,-1.105748562234,-0.444738306055913,-0.443958437199787,-0.316670429923509,-0.787457922273781,-0.631718107773901
0.592496332753764,-0.0073670778853019,-0.550577931034158,-0.30710464453286,-0.602661589469136,-0.598772245762606,-1.58860376570253,-0.609232751939461,-1.4423791106099,-0.496609424210025,-1.21314051626323,-0.393788460367652,-0.43832701210389,-0.351427387067967,-0.772820326800904,-0.62338421896958
0.534749314763884,-0.00802262625658986,-0.448343826685801,-0.287290294249893,-0.62179810187775,-0.548369568553525,-1.24365313164415,-0.706682905897188,-1.46048994713646,-0.4533820086302,-1.07538035728309,-0.480891584370074,-0.399855102389186,-0.297371450657028,-0.815453797459937,-0.75866167973431
0.776021727426324,-0.0121230820646945,-0.318929098396927,-0.330490276110974,-0.68074336862651,-0.658036983160354,-1.28541191142201,-0.643547528535604,-1.79274058341675,-0.407192228511723,-0.961747956234713,-0.384378768504022,-0.458669268249473,-0.291975456162708,-0.713235493779793,-0.687016263622038
0.558330322887957,-0.00490602845606895,-0.389454327019044,-0.318205755879284,-0.719849718932453,-0.633915704848592,-1.35426380914074,-0.543754489445142,-1.47973968174476,-0.498888160217428,-0.703533632420511,-0.438169473529358,-0.431799264054285,-0.315552262494703,-0.749575055422557,-0.698057775537813
0.560474163185053,-0.00684655851323355,-0.344741706148368,-0.31298032534786,-0.729873695782458,-0.670084703789111,-1.35272386780469,-0.57909180052252,-1.83403249097575,-0.582726759558037,-1.22793483569447,-0.445910723375754,-0.396714779761496,-0.321333123642641,-0.778681365054765,-0.589151116934996
0.453286410476902,-0.00763540751183083,-0.515322699068011,-0.287257086854739,-0.63282067498385,-0.557291694711458,-1.48238583233584,-0.604352995845765,-1.22230979367103,-0.516504879725937,-1.11004491791617,-0.378450445418575,-0.452363197008075,-0.299355146292664,-0.684101840306783,-0.694114312933435
0.511000274895616,-0.00408910807712135,-0.581158806014262,-0.299145329883123,-0.847499728150532,-0.589710212332046,-1.45653821205022,-0.651443570228453,-1.27852316663194,-0.364369665314932,-1.16080680822995,-0.494864218272584,-0.404335040720848,-0.298874270691556,-0.708177975820283,-0.724514812636523
0.557855086909165,-0.012030583947155,-0.378851985632537,-0.281446032987976,-0.652821015863802,-0.654184599552929,-1.36184572818286,-0.693845123128676,-1.45077723509022,-0.526302645700442,-1.17929079412157,-0.400229835350622,-0.437799378538111,-0.319336153549759,-0.697570060172031,-0.640392783671183
0.636840863194841,-0.00865947149778436,-0.402797962841596,-0.330268992463935,-0.700467938811215,-0.608947384000715,-1.18666249420174,-0.673807776016668,-1.35087747261633,-0.442130985618924,-0.963799596480612,-0.445399715266227,-0.412321087885893,-0.310855729241982,-0.795936040179545,-0.660435417135164
0.676867639076569,-0.0132450251901603,-0.378477560217062,-0.299052759419451,-0.613004328566226,-0.559464277422194,-1.24665985294535,-0.697318865788303,-1.72248971203392,-0.418836541692733,-1.18156664694942,-0.346573790293047,-0.452515760035048,-0.327813696775142,-0.72608529410184,-0.667410527788053
0.517159497187387,-0.00987070808981175,-0.346790020603962,-0.30052537474854,-0.652981163196639,-0.653841368444613,-1.32024226031924,-0.785906780907076,-1.68722155742894,-0.432471530821817,-0.936773955239201,-0.388899115848106,-0.448272236013383,-0.310574952298139,-0.737806062093354,-0.647385389999075
0.511522242224315,-0.0131131855458218,-0.349538414576287,-0.322204206358177,-0.564422569825566,-0.618201106393645,-1.35828324557919,-0.683045826890938,-1.03155230640872,-0.418985637126677,-0.972021092550877,-0.437838524829887,-0.423262899886139,-0.306847280868615,-0.754674725671256,-0.606891240109404
0.718564934679027,-0.00955495180739842,-0.524076092903112,-0.322290898448373,-0.754717736222889,-0.598765518115275,-1.46458825527301,-0.612360529245252,-1.76533930917826,-0.542196845823999,-0.808229180162743,-0.368936216258417,-0.434793373196424,-0.315037541979079,-0.685271916480807,-0.714272432130447
0.681545056937973,-0.00964088705428646,-0.497945157815298,-0.336209119956784,-0.696947831651982,-0.630621780435636,-1.37452609041358,-0.654653622239369,-1.33173689728773,-0.495755529226284,-0.828064689616682,-0.439691298408805,-0.465286053067215,-0.341094884375302,-0.694476266681771,-0.837878242439682
0.400979741963383,-0.00952696854221957,-0.403225175169221,-0.311282773123253,-0.661437557543918,-0.620885653920801,-1.26586689995647,-0.713961576044486,-0.999702030078946,-0.430787617476009,-1.22790457885733,-0.409492093006488,-0.440121929518939,-0.327043188211322,-0.750977349304813,-0.646017396215215
0.590108811189075,-0.0103622310011331,-0.433717153330871,-0.309612250358714,-0.664443806165675,-0.588009795584513,-1.27263840941333,-0.648238132775234,-1.46264630734328,-0.386563927800013,-0.93811642124978,-0.319024942923223,-0.452531795214639,-0.316339493679076,-0.735678615936568,-0.70736935235008
0.700564057785776,-0.0130619985566595,-0.371288715192525,-0.298108163378574,-0.541219673917981,-0.691904534804507,-1.33897261885464,-0.586285793947024,-1.51306055295349,-0.550593195377334,-1.03882102137383,-0.461841968928414,-0.463036950269534,-0.334846910109861,-0.714221346486124,-0.665995515612005
0.563988789776433,-0.0113869545728128,-0.407876463966582,-0.279213190421296,-0.722508878389611,-0.601640285729873,-1.27539901001863,-0.637799310738619,-1.44122990208432,-0.318071300136403,-1.13065270632196,-0.384517919643147,-0.441356429946393,-0.32143158998893,-0.867007271900369,-0.734894697604724
0.596510734607689,-0.00468193475918961,-0.382090003823582,-0.30285648176123,-0.709691634507599,-0.6336418806253,-1.3447591481688,-0.635152901548655,-1.03045401563078,-0.375635757129097,-1.41301918072288,-0.421205884965752,-0.477504234788743,-0.329971726518257,-0.790863158125393,-0.844983476653635
0.644039690711194,-0.00787948342340746,-0.429743955524963,-0.302881914436561,-0.660486164089707,-0.615108893849377,-1.31628210045507,-0.712349996060257,-1.13109122944218,-0.511137444846364,-1.02967704168945,-0.416915983448224,-0.47390621915479,-0.321141763576139,-0.738409444258921,-0.763647649491033
0.453646652357564,-0.00639584943611595,-0.236717632690187,-0.308608114118958,-0.717811488895112,-0.580131687787689,-1.47887544876582,-0.72003501485049,-1.38144111968468,-0.55199450247139,-1.24657461485069,-0.365731866375219,-0.428159753349791,-0.3154043540937,-0.762439546931435,-0.689076547173806
0.758272255801452,-0.0134794062141544,-0.357587921823645,-0.329889954653239,-0.670397641991964,-0.630329731607352,-1.26554906974218,-0.739792952986612,-1.36454125966632,-0.384845411428123,-1.03861227466628,-0.326206700268829,-0.436745532909692,-0.329564500501108,-0.785550636209736,-0.625267919828563
0.626316435220663,-0.0121872890462963,-0.488681836159041,-0.318713098635229,-0.644279083798242,-0.611538448748766,-1.47985580074842,-0.650159279702496,-0.90104483097571,-0.486823778711965,-1.31170267133165,-0.45687734556446,-0.456080434166182,-0.337041860908049,-0.708171446515214,-0.789575707886514
0.658684609176658,-0.00833806820704,-0.375924421286305,-0.309746209438173,-0.638201013596024,-0.556724278078505,-1.24883345334278,-0.62516548225371,-0.994923386402133,-0.339254885429612,-1.00172587032251,-0.4018367683541,-0.448132237234522,-0.343276067326046,-0.803971071959409,-0.729858128069239
0.723472027794252,-0.00848165184139055,-0.327203069571872,-0.315200515019868,-0.670214980634395,-0.631341594658364,-1.26397168293189,-0.678914299302582,-1.43137420048534,-0.566105537553082,-1.30697938573898,-0.420797242418604,-0.442215205313468,-0.329246786060573,-0.694950552018229,-0.676771296272691
0.594744562948098,-0.00867858242096933,-0.358565276846336,-0.277284318413582,-0.722110464625024,-0.628777437906545,-1.24165131082131,-0.641042692034605,-1.18364129109407,-0.524952130631884,-1.04702923302108,-0.368397268653123,-0.446368542468549,-0.323822545142482,-0.691505467946254,-0.585418316202302
0.558459356203977,-0.00950418501257135,-0.372748758873584,-0.317465450737533,-0.628954440541534,-0.605017151857978,-1.37056787202447,-0.756534752820405,-1.40020245112647,-0.573509555077254,-1.31996861939096,-0.400177937879213,-0.43337202280841,-0.338948535791284,-0.725291971653395,-0.663007272308374
0.547098867041464,-0.00891477633019875,-0.388233316749184,-0.328358250383996,-0.547693445601669,-0.618897418574505,-1.16346115661405,-0.597081077550135,-1.77350791281852,-0.481482426961077,-1.20667409882183,-0.462673210637024,-0.435984542767459,-0.335422992918953,-0.774424891934349,-0.733028956507004
0.496586798174095,-0.00543911470606784,-0.338985416672709,-0.301525430607229,-0.595204564984952,-0.583799692135022,-1.34000083844805,-0.644904801466531,-1.35173462702205,-0.398701908250368,-0.913168778495724,-0.428950535538318,-0.464655641857815,-0.338951911805176,-0.779088724379488,-0.693471214351056
0.700833995417983,-0.0104679474435094,-0.363987751661613,-0.306589352437814,-0.572080654548495,-0.493768320357969,-1.28518201528861,-0.651321096732817,-1.26726205976396,-0.472750647927278,-0.933516158501927,-0.431284435915098,-0.445400726571071,-0.309456715309031,-0.814510597657421,-0.626118492807142
0.6246656343523,-0.0126158963720434,-0.389301973743564,-0.30256826939299,-0.577242800665346,-0.584405587930545,-1.3295814507965,-0.599815798633847,-1.01377109621451,-0.550475599048777,-0.806000693895661,-0.470739560517112,-0.448560127508222,-0.364596434897894,-0.75300656415814,-0.585546430869858
0.53874919824774,-0.00927554151949636,-0.257067042016606,-0.307669225469558,-0.615448233320447,-0.643668326483401,-1.31698323134789,-0.683022040901139,-1.39440654859047,-0.332840875980298,-0.982738819014644,-0.382334877377333,-0.410202361511809,-0.351873018136053,-0.792362657182696,-0.673632404955848
0.480902015222895,-0.00956090638945892,-0.439029678364272,-0.311888532433606,-0.612065925370356,-0.646046139948075,-1.39757986445152,-0.70307686366786,-0.930071288083364,-0.563613317399763,-1.25740295741605,-0.406343265067519,-0.440933049422786,-0.353660953380907,-0.832574377006828,-0.750737122388882
0.67444448046582,-0.00780257544443151,-0.420641913690297,-0.322990766342267,-0.665464123191417,-0.588753212554687,-1.28154676720765,-0.638006830041382,-1.21973484262474,-0.337998104885493,-1.03551463629673,-0.437308365887046,-0.416465361262872,-0.346536232427878,-0.757525981615358,-0.733622242519377
0.567256799609491,-0.00864665501031475,-0.530679994896346,-0.331893225462779,-0.733035159477849,-0.612288054056601,-1.44494936699542,-0.678861902025325,-1.12154892380539,-0.364637835780985,-1.06673207480037,-0.476697186339123,-0.458509152562403,-0.332274160458884,-0.785238971371325,-0.68795250794359
0.650615869124115,-0.00895348312875969,-0.328146538876767,-0.304608860207413,-0.632639177952265,-0.581323851867608,-1.23973369012402,-0.596948366967046,-1.56293971485993,-0.43575931410336,-1.15449629705617,-0.365731162031454,-0.43169851393683,-0.348208709517273,-0.804906103933741,-0.79389397981215
0.668153262723492,-0.00959546528575422,-0.355701750266467,-0.306023900581052,-0.526271209808191,-0.595384242584387,-1.3376082027215,-0.667929323328468,-1.11283701170808,-0.5040818692292,-0.975611127475176,-0.459288132674147,-0.458176404257694,-0.320433283987922,-0.773146688118141,-0.548570807614816
0.575591231610464,-0.00399379610511445,-0.410294084062922,-0.329261912374859,-0.697275568101006,-0.626062945198948,-1.46762657407306,-0.646267928951391,-1.76485102804382,-0.42425788121126,-0.878992318207413,-0.419118616399363,-0.439041497276915,-0.32473911001841,-0.833784432823653,-0.768353079874603
0.579886297107008,-0.0101049641865078,-0.510952237858451,-0.296045301275725,-0.726252319742318,-0.594920657136163,-1.34926280335128,-0.639978174386098,-1.56007080557782,-0.673683046250588,-1.40858862077711,-0.434230728337866,-0.432599991366852,-0.325432078301941,-0.744845168721843,-0.639711767849741
0.662159366966046,-0.00980841402729393,-0.437670389956582,-0.299806439897047,-0.699009690968879,-0.624644441854811,-1.17009740044796,-0.606017416180072,-1.27551871040359,-0.471583021325656,-1.14719404359672,-0.400432273632985,-0.441604803796222,-0.341407366044391,-0.737654024739748,-0.790089648139978
0.564597749179519,-0.0093896810598424,-0.330611060250119,-0.305003820114792,-0.665048414846628,-0.634979067031228,-1.19196691413307,-0.664666622524444,-1.07599754258606,-0.537109833465048,-1.00090201242958,-0.413088345570207,-0.487931755918828,-0.334441823863868,-0.797275775538987,-0.540186749858075
0.569937857994381,-0.00925405041901047,-0.283200171663955,-0.320178001329291,-0.66447300779504,-0.616545333617728,-1.41362251242,-0.610514399098393,-1.11933004866161,-0.561604776732666,-1.13339418983531,-0.462778231541352,-0.478522929282857,-0.326649401494754,-0.705464413819743,-0.686238802656595
0.616405106740095,-0.0124952454102497,-0.421265658853079,-0.329673836372614,-0.604351601061478,-0.654147484568751,-1.18393917248978,-0.730256092615037,-1.5101294569324,-0.419924526640508,-1.34710622397123,-0.430303059205454,-0.470550179966059,-0.317804377383433,-0.760260338397232,-0.702722241847477
0.647509667956288,-0.0125147859925913,-0.463195378712301,-0.322303163141682,-0.644739016035464,-0.603105103355112,-1.50252769691765,-0.655485675182721,-1.33540016302867,-0.36284979728309,-1.41969524047202,-0.429569368674893,-0.464685725848926,-0.329790476499659,-0.723692450956505,-0.518016012344289
0.620110631066096,-0.0118810892130009,-0.316804403291769,-0.313695921932589,-0.570026625010847,-0.623050180658699,-1.36343801582864,-0.699832413118685,-1.22883245838578,-0.496111509121322,-1.05834487861233,-0.390576467812678,-0.455649308640383,-0.347295963986976,-0.714853866579092,-0.720457573827293
0.527957454740478,-0.0069453002649123,-0.485860424162862,-0.29510904141759,-0.727920730551588,-0.629503257357466,-1.38551343257626,-0.767315517326374,-1.42205768950196,-0.423040164148498,-1.10401904012615,-0.391319952579978,-0.437603479835455,-0.350182048713869,-0.707522713483314,-0.759496879736707
0.604037767565131,-0.0119558468201025,-0.3295437978249,-0.300361786056332,-0.621866406090364,-0.634147852488337,-1.41576900256051,-0.720062702512867,-1.32670013319107,-0.631193973473067,-1.27988928509273,-0.449926923588906,-0.426943212226538,-0.326498123014866,-0.68027563639403,-0.702556245090286
0.67421508479811,-0.0122570010217248,-0.400384253184726,-0.305414584292874,-0.695488698349986,-0.645342008518293,-1.20982498155429,-0.655678869602668,-1.90039710589037,-0.478883516051443,-1.02382626622613,-0.396971664049406,-0.459648272954199,-0.339022760180637,-0.784307573539821,-0.615630069912687
0.682791637264692,-0.00730865967019102,-0.459777254055621,-0.307398291370863,-0.686742163428745,-0.612592235988002,-1.26143528758246,-0.636617432455248,-1.20100786779258,-0.469120248891567,-1.16233194215394,-0.417789972533206,-0.467138942289611,-0.328733780654546,-0.753592124669864,-0.764048768834346
0.46628505875381,-0.00826057256141199,-0.499127394017628,-0.297316838041535,-0.687325821487046,-0.564567652454037,-1.40779103471134,-0.664508843314107,-1.30623815082855,-0.488440863321771,-1.20806439378655,-0.412983830807718,-0.464565112810367,-0.337884528401193,-0.790965488495913,-0.591847436369491
0.599241601502015,-0.0109188962269198,-0.400518938334098,-0.316019386154572,-0.710200243994147,-0.569819128378564,-1.38616816321909,-0.696260892485534,-1.3602573732002,-0.423371009227998,-1.25651522208318,-0.40382456911315,-0.432509903058629,-0.331508389617187,-0.692609282477644,-0.640701139143419
0.599507159375608,-0.00478650329461875,-0.341226145651535,-0.298380121320538,-0.679088798703404,-0.575239845170075,-1.70925961550365,-0.653314289501545,-1.0383234732235,-0.441181126774051,-1.14960062820884,-0.413394842858699,-0.442002437405131,-0.32931181178899,-0.689610694745213,-0.657379841597172
0.634895707404006,-0.0121014265698287,-0.509645341189785,-0.300528720618682,-0.636267341419415,-0.60109688412331,-1.55766948614683,-0.739959878490227,-1.15441228617505,-0.437356432133381,-0.952497560098817,-0.302472111106576,-0.446314920117186,-0.341689662846274,-0.723350304818288,-0.648492275911054
0.432378801451435,-0.00698727064403009,-0.415804830997894,-0.315047264566488,-0.701047544419596,-0.605440473017108,-1.4010443821892,-0.583616242403496,-1.4888917105673,-0.573036885145192,-1.05302545353384,-0.410206456618279,-0.435788008517021,-0.301865992064718,-0.756851373273172,-0.661621528621102
0.723142897700976,-0.0118253455465517,-0.377079099197718,-0.309112599839372,-0.664824244067627,-0.626732721104732,-1.49698773456073,-0.652052117400633,-1.12125146841761,-0.523662606983371,-0.761203633367546,-0.429333449342505,-0.412676813706415,-0.355162661186622,-0.861102540672887,-0.622686779034883
0.597957114695766,-0.0115623934750928,-0.290997636968056,-0.270847177874007,-0.683630610647738,-0.609984123049074,-1.54502957089581,-0.60944444421964,-1.48983457755726,-0.551806457085222,-0.800824816127766,-0.452319211979074,-0.513398128698104,-0.370147343604527,-0.754837170875017,-0.502886755199949
0.482329245371077,-0.00949138088334137,-0.310932852453795,-0.318814278237453,-0.685832403453837,-0.622184354750607,-1.31448107890416,-0.716049207455066,-1.0980421670109,-0.600484775690485,-1.3074151219349,-0.416710486646222,-0.465600171102403,-0.34686406595871,-0.654250596547777,-0.573463948649979
0.500552220606291,-0.00405964059624652,-0.215360957459636,-0.304675170612968,-0.656729115247865,-0.618659198117118,-1.34047234733028,-0.692121784775041,-1.68467155522457,-0.407623290358665,-0.879884565391802,-0.367338705294089,-0.466536009430546,-0.280220414534864,-0.780774207981101,-0.65576049748665
0.612317549879524,-0.00898951772728871,-0.461863812766981,-0.299089619404055,-0.544845744322302,-0.626186933091608,-1.58236388568544,-0.732936332139755,-1.07258542483497,-0.487128591859565,-1.11973479573808,-0.345506937979228,-0.466813656120525,-0.359507206304895,-0.686700752926715,-0.634050420595928
0.658493326985922,-0.00673387954762917,-0.440882680105726,-0.333899794102898,-0.690502534356055,-0.54654804121573,-1.3280772867453,-0.681921209772863,-1.40902502143758,-0.473448476883783,-0.961480377299464,-0.492864120501275,-0.441996482692942,-0.340993528074936,-0.800698787303136,-0.81480214818366
0.576437271847267,-0.0113536100654936,-0.368573566736591,-0.304992839055764,-0.683821154927044,-0.606809276151683,-1.41927201609617,-0.765732359862884,-1.56660446042931,-0.452776988511048,-1.02544278037904,-0.504578215415877,-0.452007705449177,-0.315085929331072,-0.884488960859056,-0.658366892807264
0.559583491088136,-0.00584899764872453,-0.398314817890383,-0.293956706497298,-0.696759479256989,-0.601752129666282,-1.33851943685544,-0.675816038689547,-1.36814113084147,-0.588177320027208,-1.26758206126861,-0.342304989888963,-0.468789342179179,-0.321908427798982,-0.688183432713033,-0.83961553437657
0.62073845610442,-0.00978568114154081,-0.348161396364105,-0.307086729657579,-0.712378586175841,-0.583584353621663,-1.3299385514665,-0.665509153702064,-1.34154467495109,-0.440218777545869,-1.12859756503785,-0.469660122848171,-0.429386372593006,-0.32498386033859,-0.650034758563318,-0.70075045495145
0.674454462383326,-0.00754287629359254,-0.268382820877255,-0.271618058425009,-0.618257532428501,-0.593069354665488,-1.26945451575119,-0.65706438470669,-1.13524614006697,-0.32395286036387,-0.925015760218842,-0.397447656726746,-0.447937735519298,-0.296557739152909,-0.724327233567222,-0.82582624979764
0.692353145531087,-0.0137965908980332,-0.258459053373057,-0.289953652426585,-0.694222099848811,-0.608554198646691,-1.48440183286458,-0.67923218955864,-1.15112142113037,-0.496642483530143,-0.998748808985538,-0.416561464196189,-0.419139440022409,-0.323735909210506,-0.803157903373835,-0.6823373370041
0.521596906379007,-0.0105457400652529,-0.397007307350806,-0.312457487216346,-0.613996140424711,-0.512277853157984,-1.23339336432631,-0.609133049353247,-1.63176844195281,-0.462424883621196,-1.07628443979244,-0.455198470336631,-0.447023084696639,-0.346192187696045,-0.737889958571771,-0.702958652794844
0.697806643612952,-0.00884206253606639,-0.374737772237616,-0.280914789268786,-0.668262547255197,-0.586491715171817,-1.4132656436956,-0.718657095877194,-1.05486924648026,-0.570416545624157,-1.16002322165715,-0.432352372359734,-0.453008684279143,-0.338843888635575,-0.731215287247123,-0.714590371520989
0.542258536341618,-0.00836517949774694,-0.529944658528836,-0.294560398704836,-0.574546328857621,-0.585927062658217,-1.47498165311551,-0.647891375427695,-1.23453446219156,-0.565850114552749,-1.26476904727973,-0.431536559906237,-0.449235354405155,-0.327251411235367,-0.810251287679698,-0.660392225093151
0.451956814740602,-0.00812162756396903,-0.380748681408866,-0.313667034960448,-0.730694405734685,-0.61328172064226,-1.39315681192252,-0.608305072053888,-1.34531649425739,-0.533473900256667,-0.960346464428689,-0.447067173154844,-0.450419803361847,-0.334179846724814,-0.767023825814727,-0.554320096747667
0.714138909870242,-0.0133974139963842,-0.237403354057964,-0.299806585574257,-0.611732922669325,-0.583277648244271,-1.33912908102567,-0.5767411840622,-1.29958667717001,-0.520017713905804,-1.46024282845442,-0.391277844549304,-0.409474038382626,-0.3492061277667,-0.684275493000541,-0.610256529186188
0.585088033945857,-0.00513744922944936,-0.41403942145916,-0.297343514619199,-0.76744822830708,-0.599707638234091,-1.25153471131874,-0.620681357867793,-1.57371471046518,-0.433216752678553,-1.04364463461155,-0.425963725008854,-0.429199749041547,-0.35458111283525,-0.779740259786887,-0.690047720106673
0.612968999489337,-0.013183758843114,-0.324731677405154,-0.283051838419263,-0.628092303768568,-0.580126962891227,-1.26490240412341,-0.590386957534706,-1.39143828865009,-0.443660944029898,-1.09597907467933,-0.380155635793093,-0.436134213032867,-0.322243886050109,-0.79564356937414,-0.752467686413625
0.504650294735842,-0.00737515461459362,-0.38587029277688,-0.302783005680722,-0.691039933040804,-0.579988755293537,-1.61053785432456,-0.672866215466372,-1.25539442803195,-0.522788415130088,-1.0804985789155,-0.44579696367958,-0.439103568340482,-0.316070512524558,-0.694889729049967,-0.628906363524953
0.52026609989138,-0.0100444160331322,-0.317289943226112,-0.290458456574482,-0.605770681120781,-0.620559792103364,-1.38027820243274,-0.662775809811248,-1.56691141088205,-0.39436495321439,-1.23893118512535,-0.408658283623438,-0.438307492235506,-0.314932837210302,-0.715742822144118,-0.774727949229998
0.575763916662231,-0.00856056035762074,-0.531876368984606,-0.307101521133042,-0.683890375113811,-0.551221149193717,-1.20437998763261,-0.62772476028182,-1.59847139741067,-0.454576936201359,-1.25137727351175,-0.458131744052749,-0.468401945894644,-0.286477796898369,-0.698290309039465,-0.584101782467538
0.625006900112198,-0.00803002600906813,-0.328905996370025,-0.325202034140224,-0.75092453113231,-0.6107704472359,-1.62235673192426,-0.637299284715625,-1.56138929052252,-0.326162811818587,-1.15562294686641,-0.391121835007285,-0.445432558130843,-0.359247335716817,-0.780680096672967,-0.61386808631702
0.488001207291519,-0.00676287310302864,-0.319255844471993,-0.292215534032914,-0.712516594574237,-0.606581987481035,-1.37822238709985,-0.691361315026239,-1.68527130987155,-0.461038434660641,-1.00734350689244,-0.480745443904175,-0.517642746275243,-0.32065214185321,-0.873294537840085,-0.618257156673827
0.570599087740635,-0.00928506946995664,-0.315835613855634,-0.289732972421778,-0.757869997161589,-0.62364372998721,-1.34240314975245,-0.674957769584211,-1.13884001946735,-0.405611159730823,-0.972995269769973,-0.422037322357614,-0.479249119399438,-0.3075103331459,-0.805279474519823,-0.649982167296055
0.549193542203728,-0.0113916971727886,-0.455395642030366,-0.297467901246949,-0.627910648744816,-0.630441297589911,-1.39546096830504,-0.753885438239793,-0.951229832124428,-0.525100190170841,-1.23961285575129,-0.454382108232264,-0.443789577470919,-0.338751978005611,-0.749212427420166,-0.578921434031391
0.595421242346641,-0.00814651538412468,-0.438440558074956,-0.321302428151504,-0.785562047721229,-0.57836686411004,-1.41897376239503,-0.658056883347976,-1.22030559862314,-0.513759346896008,-1.22280550716315,-0.378213676973813,-0.455303770917826,-0.331221546376776,-0.701911008693147,-0.736239851243017
0.526106991169734,-0.0126709533786412,-0.422657034561409,-0.321315862953377,-0.600509242295618,-0.643373669428576,-1.2371359787768,-0.680038340814598,-1.74114119882869,-0.534349486284897,-1.06075382617044,-0.405438962156822,-0.455031271967203,-0.303044922389768,-0.746695578480062,-0.684206420144309
0.716693301212582,-0.0126947998306518,-0.365046100483323,-0.297434979176774,-0.573938380828754,-0.567486746046591,-1.30009483316357,-0.749779910574677,-2.0377504342433,-0.536390159192903,-1.29666628687836,-0.437805568276491,-0.466457912602482,-0.300681178526114,-0.656326673683394,-0.653789035852545
0.61783042798233,-0.00682342901484816,-0.377857787460674,-0.291989726257657,-0.702989623476647,-0.612394208374496,-1.51827168956023,-0.696731100874989,-1.21857090408264,-0.548583408233863,-0.92575437789034,-0.459871479510728,-0.458855106965428,-0.323520559489799,-0.786809919056425,-0.657132096673379
0.638886293203969,-0.00990314697904184,-0.32215405453851,-0.317576040493589,-0.634608442487557,-0.68755807551675,-1.31912648059349,-0.657864107149718,-1.28905653550323,-0.384853461701218,-1.09799062214824,-0.433470002728355,-0.419835187464698,-0.330200628163699,-0.833604401397894,-0.639186891481897
0.501195688495864,-0.00515193112918958,-0.278693565064137,-0.304544288208643,-0.673111388853723,-0.589937531078806,-1.30545519739786,-0.699386426028896,-1.83488038949886,-0.519796328153174,-1.0824677801203,-0.491734391252815,-0.434358744703433,-0.331143922749578,-0.771506660869661,-0.685371516455446
0.526598087067408,-0.0070870730298324,-0.466838904956813,-0.309629860554026,-0.647114309697553,-0.56961442389272,-1.38436223874582,-0.649553509194308,-1.36130715866206,-0.513333782726234,-1.16833592237941,-0.436436301315543,-0.454628069681794,-0.366006705876766,-0.644390010686962,-0.686319669155036
0.740238844928885,-0.00991502890899143,-0.345671700930807,-0.302760884242752,-0.646656974444723,-0.602285514129341,-1.27183590676092,-0.685677798781936,-1.49332353917019,-0.331405008962957,-1.07053773440119,-0.489381353787301,-0.419565115900725,-0.317269399017784,-0.845393997856332,-0.770175325839015
0.390376775756726,-0.00412862010774019,-0.456555239686505,-0.321013906827056,-0.741066080678271,-0.602800730681886,-1.26233934754988,-0.640677639080673,-1.12629807047503,-0.462810529539718,-0.97435921043027,-0.427985751560071,-0.457891600884737,-0.328663460360834,-0.733424263418776,-0.695493650127578
0.465631075286937,-0.00472043641319809,-0.255364395710521,-0.30725839157366,-0.737038865340639,-0.62833351972114,-1.26182420952692,-0.676797743921416,-1.2608745004114,-0.364753938217397,-1.05748224916488,-0.403092886112136,-0.451079056084647,-0.29787463070358,-0.682002021395339,-0.605967335221821
0.710534519728752,-0.0050696470514922,-0.426747331029257,-0.304657326121145,-0.792658241448876,-0.628737515208578,-1.28600017352925,-0.637621549249386,-1.21167735754598,-0.42773433219675,-1.02211745637203,-0.485723164541477,-0.469371153715462,-0.337454512438721,-0.763746773266067,-0.776648654435738
0.712996547111525,-0.00915789250111241,-0.535522979765266,-0.295654990086852,-0.626360716742918,-0.60552750547791,-1.40126832187997,-0.64308732151279,-1.25751358271041,-0.419124049810723,-0.960599018258014,-0.40463380727335,-0.430048439882302,-0.31313258089487,-0.666823377466061,-0.733458625250816
0.425310543846141,-0.00762357100819667,-0.547387986328935,-0.300482999471168,-0.599140160126862,-0.602916359680432,-1.29081584518089,-0.696426382317853,-1.66574346540413,-0.384385009236479,-0.785695722471294,-0.399707558391343,-0.470091111836576,-0.335975444578608,-0.770519595041648,-0.652847631062923
0.560528403548338,-0.00977607732742997,-0.398006662148208,-0.335219824103685,-0.780529478853585,-0.656449237896641,-1.3320223562066,-0.701696622840185,-1.40526396478181,-0.433063375526161,-0.960725004257531,-0.633335989324355,-0.467475818425503,-0.307482513488186,-0.668983583380435,-0.59263486352004
0.549485932933733,-0.00803773955434776,-0.407637085053867,-0.29748115733483,-0.60038770217817,-0.599029883846243,-1.19687084455313,-0.769149316745418,-1.08608997147898,-0.398534810477219,-1.02950342096478,-0.382438413503839,-0.435214490128719,-0.310371750777342,-0.748408752944704,-0.683614977441836
0.597030973067776,-0.0070344964767438,-0.451519748590313,-0.353215858161287,-0.809678748890909,-0.581188254517767,-1.50106433566478,-0.689542156285273,-1.45224485168966,-0.495988487788566,-1.24540572907524,-0.41034033013992,-0.463565440948562,-0.291765291857575,-0.76352297940218,-0.701365081104293
0.588915874890793,-0.0132398832923187,-0.397909686099182,-0.295879437463176,-0.681580317595179,-0.596741583321523,-1.26630979611734,-0.716495865104838,-1.70030442679929,-0.558373679512992,-1.12855542576572,-0.465455837146936,-0.462994275957492,-0.379297116233003,-0.71226339977187,-0.681948657601755
0.545307722929979,-0.00927001135982719,-0.419674727531058,-0.329947258716525,-0.649433436859419,-0.640422033880685,-1.38203785845287,-0.675248816203516,-1.76561427620901,-0.584411048257856,-0.95177669314956,-0.458406473627955,-0.419607705703942,-0.326047612013851,-0.711259743192581,-0.692300394745471
0.488427434496505,-0.00364647734122871,-0.31975758005471,-0.334136964268277,-0.783925230690807,-0.62237417014938,-1.43838421234198,-0.658004555270925,-1.78846691254822,-0.650176718276113,-1.10032819451263,-0.404975788505704,-0.396960225463326,-0.353159574571949,-0.751513341070601,-0.680829205474623
0.591314617313153,-0.00516012972901777,-0.229432845996247,-0.328771300929208,-0.763336190076707,-0.650518425012075,-1.49001660568585,-0.690072563538627,-1.81583347816985,-0.378620723435001,-0.797548110797807,-0.364465104903187,-0.442325307186345,-0.327048570283752,-0.80672041676529,-0.78814801061449
0.553526088088047,-0.00936750033805157,-0.3539264374497,-0.289714557492453,-0.618576542544825,-0.542692664657176,-1.29905350593809,-0.648215671721074,-1.27669950226417,-0.498813710154631,-0.990655603617585,-0.407832336469725,-0.409335043785332,-0.318068020287136,-0.712674596457706,-0.669321422768848
0.440301394014584,-0.00523512919313194,-0.395485345976456,-0.314565139744031,-0.753525262842231,-0.659807800666453,-1.54273731609854,-0.635995684492343,-1.61324145299307,-0.542463818509974,-1.02358484427576,-0.548938600156148,-0.467719210451016,-0.362262973542778,-0.785299218238467,-0.643964184462873
0.64705081561844,-0.0118484292250295,-0.350468865211528,-0.334786259525187,-0.603123867253193,-0.615053484309271,-1.50845545089592,-0.583871394464759,-1.49634800249404,-0.470433796777334,-1.08471179595167,-0.333948365466643,-0.445812256375275,-0.299278994269819,-0.738646891164052,-0.66898830609831
0.590686481434086,-0.0117965682759268,-0.437727291945911,-0.277079810182333,-0.534309127481484,-0.576465772844005,-1.50185045773659,-0.606550236198784,-1.34295741415198,-0.353532348324665,-0.986001493647414,-0.516875135938881,-0.456470457889938,-0.329204104019506,-0.746649707486731,-0.71642201539549
0.422568377505562,-0.00790198440229343,-0.338097236267661,-0.283248830518191,-0.6594943060964,-0.608353719484459,-1.15950470863208,-0.70761153255309,-1.53663998957538,-0.507041704424049,-1.25186318596131,-0.403740397356185,-0.432135468641549,-0.356410954563588,-0.740104510932214,-0.675436797923838
0.547308032819533,-0.0101351371116744,-0.30776643708192,-0.308108402520733,-0.569020516303512,-0.674572148320362,-1.41755685273955,-0.590254786829733,-1.51376714371976,-0.432229764095751,-1.14093968578758,-0.429610480983159,-0.441910217961664,-0.298939323089334,-0.781649814450412,-0.677277049654297
0.540667986032057,-0.00795031511460726,-0.342527970349914,-0.314034181126806,-0.651028658916434,-0.614408757340868,-1.36351287161639,-0.591556940747744,-1.56519867045009,-0.573712553923645,-1.21019565863138,-0.476346497182656,-0.434982917412396,-0.333010386546334,-0.739012629596497,-0.732805156520087
0.643861397608416,-0.010341326298055,-0.400988515980673,-0.257702817537566,-0.551207370791326,-0.625420406465389,-1.4318986236783,-0.71586261768174,-1.7024280516251,-0.459258438221679,-1.24341992090676,-0.407552965102652,-0.482734598126944,-0.305693991248473,-0.806906033495243,-0.715202724488106
0.600473125950574,-0.00719155850591641,-0.325264108164325,-0.313673209493535,-0.688719036672429,-0.653948800672591,-1.41671842951549,-0.641932276674298,-1.36693652413723,-0.455671680711291,-1.11326265671692,-0.344522846679485,-0.452358235146471,-0.340204711359548,-0.697583181209241,-0.692867762603227
0.725158206490252,-0.0103323103170961,-0.392842652214134,-0.302188088692265,-0.562432793260549,-0.649723780401988,-1.24623536612901,-0.578003556139083,-1.66573156578117,-0.516949774400772,-1.27506350174547,-0.503310462159784,-0.419499824354417,-0.324353083737783,-0.797000791445669,-0.711892728580235
0.513100395481385,-0.0082051251256366,-0.47502345227538,-0.317912596673188,-0.695363989925023,-0.666979964031514,-1.50153290138943,-0.707494522464596,-1.0534088058995,-0.475406470859232,-1.11882105716563,-0.415698255142296,-0.429696329044525,-0.324583385932574,-0.69555428356815,-0.730322109894325
0.532545457561951,-0.0098555369248575,-0.349701529554835,-0.326052711454375,-0.697674644464037,-0.581244011678135,-1.27831999226453,-0.68873740795098,-1.26022598658725,-0.548733353872115,-1.02920965565488,-0.482812588618566,-0.492924793940336,-0.380089595566476,-0.763706388795816,-0.832091578263967
0.717249904628598,-0.0128982117639745,-0.494378089959119,-0.303089888138104,-0.509208475320411,-0.635347955355598,-1.25131562248921,-0.758294979742533,-0.814779980084059,-0.4590420081821,-1.07478422700533,-0.438448018013451,-0.449249089546863,-0.305901128895941,-0.779627247115925,-0.66191309093703
0.58024595709657,-0.00984832377594989,-0.307225120885986,-0.336134769480858,-0.675885659886879,-0.61132575512224,-1.37216846052555,-0.704912880342013,-1.59919839680642,-0.609837819852749,-1.15054836403359,-0.389399156411824,-0.445151697001068,-0.306855613581069,-0.760952482412943,-0.586354367190886
0.605688119913726,-0.0108519691556523,-0.302148569133674,-0.312583383359107,-0.608872010004439,-0.583302264381689,-1.33501448430746,-0.763691758820018,-1.40766334504352,-0.518963258910268,-1.03419477704002,-0.440063976957452,-0.46009140596439,-0.321689152521245,-0.78244294264962,-0.684305287466914
0.621606459817192,-0.00873370251839776,-0.49631407619723,-0.310405325054852,-0.61193568705925,-0.580721847830904,-1.44607568570104,-0.70847399533895,-1.7581202733471,-0.354537254286092,-1.01050065125294,-0.428112436107772,-0.44883296801294,-0.34349060745811,-0.731957599350707,-0.623027697985207
0.54317303170839,-0.0105349550665764,-0.284509731836312,-0.299026702794311,-0.63878509408175,-0.609159625351596,-1.52972354617211,-0.743518937838952,-1.35753966470302,-0.478280069638166,-0.824950187251984,-0.437592737193341,-0.440108359159358,-0.351532552147047,-0.830207641890156,-0.741727815339374
0.468843087757581,-0.0094073500241819,-0.292791311562343,-0.316443976240076,-0.633118578888061,-0.55677786818764,-1.34224600505097,-0.684330300110824,-1.58215969977867,-0.529487057466204,-1.14043017613222,-0.426966981085658,-0.439772009530978,-0.343868483901769,-0.722733780932816,-0.629877425991767
0.635809393864931,-0.0112961738547652,-0.510805064826226,-0.319792433839811,-0.631631374269057,-0.619914352597726,-1.16678687409292,-0.736381511989143,-1.03501136766845,-0.43985934000748,-1.1084002543742,-0.475565364947616,-0.405189869293473,-0.356417771166848,-0.668099458220729,-0.783242974397162
0.678514562673585,-0.0103297873100613,-0.397790063200702,-0.314099312663896,-0.612862911098221,-0.597222169357816,-1.31918618764671,-0.703020313463433,-1.51004425501153,-0.448360800088917,-1.34702250515414,-0.433026088641699,-0.477053411067001,-0.332776924923526,-0.725527029524881,-0.640181412250617
0.529439119619168,-0.00609173583752247,-0.441573066645129,-0.310669597060018,-0.69491553004095,-0.553089825013478,-1.25848438197797,-0.710032018162353,-1.60998273877319,-0.534988329775672,-1.29747679903284,-0.342795828404955,-0.437706209609746,-0.369931244344186,-0.739614621921259,-0.719669640288218
0.707529334637945,-0.0087681862513582,-0.431100414361838,-0.303888463307139,-0.653438541389988,-0.607916114760886,-1.43524619390376,-0.652234693246877,-1.20826295217943,-0.522252795045716,-0.951842459776101,-0.471936051062288,-0.431056665301957,-0.317290067004017,-0.773398916334576,-0.766261799257934
0.618299424708394,-0.0107621134578923,-0.238277715342349,-0.332073806394345,-0.64461315931794,-0.587206613366683,-1.56183095580751,-0.638519125502856,-1.81409296554834,-0.530059876829719,-1.18323598282083,-0.487038023732691,-0.456350425365089,-0.333115808766187,-0.755881046384979,-0.610237528923456
0.622249407736406,-0.00731186625503393,-0.376193534878183,-0.286375559108622,-0.681887897508828,-0.595627239082418,-1.34361810812767,-0.727487036427944,-1.04776151429807,-0.576544277876182,-0.955209377877994,-0.352360038203501,-0.440748200148709,-0.359224291718247,-0.770893248440999,-0.679403135977081
0.564910838423925,-0.0103187250483971,-0.332974041108838,-0.304626362961526,-0.657496550845828,-0.60488583590205,-1.46492124372932,-0.648567854174363,-1.91983475799057,-0.448228099941529,-1.20473458416801,-0.35351968677195,-0.458371512771456,-0.327298039175177,-0.823076139980612,-0.746009748340129
0.660172874577327,-0.00373189610795079,-0.552178306068255,-0.293414436744746,-0.60845133768737,-0.58114235673095,-1.24528466221766,-0.786860522180206,-1.51873516856747,-0.418131604938166,-1.09412185915896,-0.363963091787944,-0.461873286498863,-0.323642858097895,-0.73714306671815,-0.758410332759628
0.638832202222065,-0.00703846234673673,-0.508913409099641,-0.293289647686623,-0.696997799390276,-0.596322087946859,-1.36074775717948,-0.644447653117168,-1.50860983984078,-0.589578507599886,-1.24734702127271,-0.428231301817281,-0.461192048404913,-0.33135927777957,-0.72621359562063,-0.724115600084705
0.578118114708403,-0.0102932602598628,-0.439268276101696,-0.327258443574227,-0.74492987988267,-0.570319391299327,-1.25484522172151,-0.630282711775755,-1.15493685876191,-0.689783946527703,-1.01521109711633,-0.457682130955075,-0.440899056234608,-0.340640591503468,-0.686192493436618,-0.627424838529796
0.529057222094006,-0.00703603544524166,-0.416031923778827,-0.290861502396631,-0.71169078827119,-0.645833277674229,-1.42258275940365,-0.681909857117653,-1.24640859446625,-0.486390221723598,-1.26764662985583,-0.445885881064459,-0.426999326250997,-0.378625564261972,-0.77117650454687,-0.736680998268731
0.549704126307977,-0.0103314002363368,-0.52344600476545,-0.335774454038756,-0.67953053033236,-0.616062670825509,-1.39807799198592,-0.594794194752715,-1.02255966029667,-0.387128148731837,-0.862616596460498,-0.378087244625344,-0.432909417173022,-0.336845820782955,-0.812043515046391,-0.707014915466634
0.670065817557079,-0.0117122332877149,-0.410928805831578,-0.316960076990831,-0.743729391027922,-0.674389757796416,-1.2936198616116,-0.724551474557782,-1.25659679329892,-0.494195927982181,-0.945826716569852,-0.459778316360655,-0.393943874686066,-0.337233420522807,-0.770927630755617,-0.76006138710993
0.671592006984213,-0.012553747048536,-0.315613128687677,-0.292790145997944,-0.608448367334189,-0.63997042572878,-1.41933106686418,-0.685473949293723,-1.11831845964627,-0.545884412283633,-1.01626949342674,-0.425983803382606,-0.45697457450397,-0.31069140954624,-0.636546301564085,-0.755353099618829
0.630925661107192,-0.0121102019734308,-0.424348702261559,-0.313126899104718,-0.60177382441724,-0.587524109389846,-1.36228991957203,-0.611773991936547,-1.27908583111795,-0.429533802071875,-1.43114736056977,-0.456838992616952,-0.422106404965719,-0.340331649441599,-0.830655037952623,-0.568339453540507
0.482301219985159,-0.00508753452907885,-0.377536437733738,-0.308781944236705,-0.638283475712649,-0.588623767210959,-1.38348154572846,-0.667470768100459,-1.45014550274615,-0.574073908581213,-1.16228254526773,-0.506677051643001,-0.45408385315829,-0.313049273577229,-0.826143787894945,-0.687140121480132
0.572001369869503,-0.00913013265970439,-0.513931616523396,-0.298246163759307,-0.656717537398983,-0.622349038594093,-1.4117228757247,-0.680961953857894,-0.912045961273859,-0.4306288828402,-1.23950029518834,-0.423972938566275,-0.470828773106874,-0.334400243558317,-0.68640574642168,-0.668418051058205
0.620698607655501,-0.0111125808648489,-0.348491320591374,-0.31730674350072,-0.539214425383953,-0.594226570472532,-1.51584534175555,-0.598453208961686,-1.32504808978363,-0.491362753687344,-1.31165058712444,-0.395537296839726,-0.450018125035743,-0.348076349531135,-0.733536956595589,-0.623788062403225
0.470014849669469,-0.00607257222442958,-0.445802173005391,-0.303323548488956,-0.618178889270363,-0.571382855287145,-1.49350083190426,-0.635306585452922,-0.960703553817284,-0.459191662035903,-1.25565006691994,-0.500321286563494,-0.413551034856547,-0.299830956967255,-0.788838177915537,-0.641116560182546
0.431107504601898,-0.00511857161850484,-0.203142014575777,-0.292175866725129,-0.754313809059353,-0.662953640042081,-1.47965442471372,-0.668306355287242,-1.47921664332561,-0.451807326745176,-1.2948634045042,-0.381499193641144,-0.416283290299763,-0.314432857355352,-0.848938763210836,-0.644989312974645
0.527951168931996,-0.00592779555347703,-0.364937405374759,-0.323571463350454,-0.652924333506595,-0.576873797774375,-1.4157477812082,-0.641824879493185,-1.37743908687145,-0.54049395859535,-1.08957790358427,-0.369356791167566,-0.456508363793037,-0.330692530325619,-0.682124250718408,-0.623149089724365
0.56974127457529,-0.012373401796894,-0.381850548194677,-0.318371748975428,-0.703740476834008,-0.589045336412348,-1.38354816794587,-0.663514610639446,-1.57152702405259,-0.572554172299616,-1.05757649633659,-0.426252233109326,-0.437620280596009,-0.398813050882194,-0.886817398679587,-0.681714965053152
0.559475109997418,-0.00914473435719229,-0.393899274488691,-0.308497010493869,-0.681408760874566,-0.606759541256481,-1.46075063237077,-0.628955549352092,-1.28257390328593,-0.471542231076552,-1.00840632915416,-0.396650431920084,-0.441024373808889,-0.31746201832295,-0.859478498547783,-0.652170917688445
0.607584595974447,-0.00711692589190826,-0.302284103761919,-0.326897139489636,-0.690170722109515,-0.632441204652302,-1.36362382032562,-0.594653209295935,-1.66461867456603,-0.49846133287424,-1.1830998265198,-0.374965814525348,-0.420048285898172,-0.3102235767926,-0.791442679615935,-0.622224259599747
0.589275229920395,-0.00766596204694344,-0.388888957656395,-0.291787727345805,-0.734931263791122,-0.553140902774959,-1.36145269068061,-0.599098513548838,-1.22827968970057,-0.446928357184492,-1.45258159631175,-0.436923199892272,-0.420312026846017,-0.305329864241899,-0.75283748895011,-0.67434442284767
0.4514790877123,-0.00951002798690284,-0.288812442334123,-0.291896150783858,-0.579435351912042,-0.558890287185736,-1.53047677188095,-0.637649596383387,-1.22467961067717,-0.540699150879847,-1.01176013346092,-0.532542326071164,-0.444580506788201,-0.351857409429805,-0.702531165897623,-0.660349648115538
0.472899733323659,-0.00879070798465333,-0.434493786874647,-0.323052254533666,-0.658583211965635,-0.618133987583814,-1.41224048151901,-0.61390225402303,-0.742632340689745,-0.436670787048805,-1.19483391319022,-0.372468970812729,-0.461224320493441,-0.321412450494015,-0.693477137938873,-0.623173909722578
0.669471140669028,-0.0152596929502032,-0.258706255387206,-0.34377494095666,-0.527380300503218,-0.59355203655629,-1.22436716270718,-0.71398929956475,-1.21128545342519,-0.35482208127989,-1.05412858674593,-0.405085688259382,-0.4511786422821,-0.330897074176192,-0.791011269242252,-0.758641669936258
0.59050107150915,-0.0113655456640443,-0.363649388731083,-0.317638188300356,-0.59094670202232,-0.668529948766509,-1.28270045110445,-0.59646867522977,-0.992992307709272,-0.561879069454875,-1.01445636633887,-0.391217105387052,-0.445797570156313,-0.343175509167343,-0.616296374005902,-0.761595660754099
0.578840668431852,-0.00579822375625121,-0.361272941497115,-0.337077564430358,-0.715858260494766,-0.551594323009796,-1.31826287703304,-0.682040929642024,-1.36226313571902,-0.422222448949569,-0.792116593554964,-0.353306245790821,-0.429460168373153,-0.356475374594216,-0.692583213432853,-0.763536270587084
0.642831363973287,-0.0124163291670911,-0.232336655770212,-0.308192826199918,-0.616703316341221,-0.593657780456901,-1.44571801574715,-0.793119799690169,-1.61334308731003,-0.514066271518403,-0.685714515628777,-0.410344649762526,-0.459716020149462,-0.308416628064159,-0.883185331789094,-0.564754871731427
0.519614903455418,-0.00544914403224311,-0.3538781491147,-0.317860249140059,-0.659143220945116,-0.533346889590621,-1.20949223599929,-0.695390969418652,-1.46720013386148,-0.590334966485133,-1.2523181905468,-0.466464658458646,-0.441684761125405,-0.31852632253767,-0.724376434355645,-0.769556887537065
0.614279300873341,-0.00481260352426056,-0.545439090813153,-0.338931114409634,-0.60813885459424,-0.562135014469602,-1.2226952107511,-0.612439694537331,-1.35872916483514,-0.356075499210851,-0.926639498284176,-0.461248271953742,-0.461236368374786,-0.316847258617234,-0.730751001529151,-0.695546058070054
0.611189902292583,-0.0113258320144718,-0.258939290136017,-0.320429757582234,-0.657487609253399,-0.574325162420927,-1.30941871976756,-0.661535161256068,-1.65905206795861,-0.356585927571099,-1.28626618682463,-0.527799750123062,-0.486136989474125,-0.321540790597628,-0.764950698233413,-0.67837522810483
0.499811116949764,-0.0128694771630149,-0.475591012083024,-0.286193273971515,-0.546442151844442,-0.598909317428365,-1.21989864089507,-0.608492794689809,-0.878994007694484,-0.489467359486145,-0.977409744184907,-0.480125431717767,-0.374605025003417,-0.344995192123431,-0.788710259668858,-0.563583294618346
0.653916915706649,-0.0125342760928476,-0.453630954800489,-0.33232875869932,-0.632101272787962,-0.610725994430565,-1.41966687833269,-0.675297563594858,-1.63066969260198,-0.441456195810876,-0.889069959531931,-0.394088996629484,-0.429110535785882,-0.342534642473568,-0.820981271398225,-0.746650535002597
0.495186962001266,-0.00723021009763925,-0.461781895379835,-0.310662691945416,-0.680386151414514,-0.629271125426821,-1.19983342750726,-0.728383531958419,-1.32159916156503,-0.40704902639882,-1.13953136384662,-0.504485311477651,-0.5048304452648,-0.35252564148068,-0.749365984523543,-0.669368039348417
0.679374223136778,-0.0186641739831875,-0.359672512753536,-0.305526050475137,-0.552460736304057,-0.593029244359289,-1.37350359839449,-0.652553594438998,-2.24547393123873,-0.421861030658264,-1.1124094826609,-0.416038365841229,-0.45616335485084,-0.369467387697091,-0.794874458908144,-0.717302171920004
0.465616637289753,-0.0089796594349339,-0.313180572542006,-0.31348317471703,-0.664589425090996,-0.582434778000712,-1.09689353592044,-0.736671154863925,-1.54191859797309,-0.443503795320198,-1.07677469631244,-0.413041815539735,-0.478843916558704,-0.336766647973087,-0.753089295969282,-0.632097114994849
0.544269096229979,-0.0120736034276409,-0.359997708383453,-0.294442709845857,-0.635580790812623,-0.683399074365144,-1.33302183904458,-0.613239862419378,-1.46628157593862,-0.430120000378693,-1.10647440705315,-0.380706485653927,-0.502542473181361,-0.312035499805541,-0.693492103091132,-0.64507111547859
0.710539952912744,-0.0121593705060705,-0.488621685594117,-0.289027276164275,-0.624921130857035,-0.582142952683315,-1.35241226417176,-0.70897671679775,-1.35964623409522,-0.462041890706308,-1.16792315995784,-0.430786958790428,-0.436766007811805,-0.309939580080913,-0.834485951636386,-0.662825178705022
0.738228887220141,-0.00649758492279126,-0.316669950405922,-0.303255404659474,-0.707358507483136,-0.541184713980272,-1.24381861212607,-0.640957432283055,-1.71920812654066,-0.556872845434936,-1.00562858054425,-0.305354990821811,-0.465514466538182,-0.315306467462294,-0.709314431210021,-0.719690663958223
0.481606413935292,-0.00996225406553388,-0.444065779811645,-0.318612421745122,-0.651878168599525,-0.627124706541573,-1.51651835478131,-0.711338993077213,-1.25567821408451,-0.350387913019757,-1.07103469353204,-0.386330247537271,-0.43924809411489,-0.335475626772343,-0.733546410966005,-0.681351967181521
0.733801583603886,-0.0065931453105695,-0.362027819086923,-0.299447660903185,-0.765639552698734,-0.584272532614143,-1.38653340106952,-0.718616524800953,-1.38728929605908,-0.464870645761802,-1.2514976040098,-0.489050968057803,-0.411198613282524,-0.290979107191243,-0.823395038122595,-0.805619296787008
0.623224216823541,-0.01113552614705,-0.322271108565667,-0.308908535496349,-0.693855566352419,-0.62786587535555,-1.19057410755912,-0.741962275607343,-0.900394546511307,-0.431373419534003,-1.11172606412229,-0.448398133307238,-0.488212982300059,-0.328091471697832,-0.860439186481344,-0.739229171635299
0.621263499697277,-0.00922588099877928,-0.389461819022699,-0.305416032059159,-0.655761671503385,-0.606343256392967,-1.39734989963779,-0.602629327429128,-1.30270767765418,-0.488035133777652,-1.09511919503932,-0.453015370561673,-0.461520889567858,-0.340886674886604,-0.823216758987435,-0.684296700876214
0.545148998074086,-0.0101132820275441,-0.342632630378402,-0.319279311214392,-0.609373059172596,-0.550334725471798,-1.29864878359889,-0.548112354706091,-1.2264106413898,-0.489907854679418,-1.47135290965172,-0.421422812548816,-0.385471866205216,-0.307504501768431,-0.854981959450128,-0.68541585556129
0.701820792753894,-0.00981055854591741,-0.256253790537128,-0.286263846477079,-0.645941249433006,-0.568927211826975,-1.54290126582143,-0.691725303523132,-1.31870051347953,-0.502399821468473,-1.14685094162996,-0.426625089317538,-0.440805793602443,-0.342004221301359,-0.736243527409034,-0.75487744788812
0.569096084549559,-0.00916701211805749,-0.342145730145009,-0.338055429513823,-0.68608175110551,-0.650761873717883,-1.4438938662832,-0.587405605904225,-1.26054304905711,-0.443345658800665,-0.990993055774317,-0.434698949958623,-0.409385706775968,-0.330690596485736,-0.678254882706752,-0.659504250099225
0.538163987338872,-0.00743996405914417,-0.371401195191966,-0.302045289875194,-0.704270005301297,-0.590490031547213,-1.46535193500203,-0.728154135740063,-1.35971714064763,-0.345100522879678,-1.17212850095466,-0.380333874516258,-0.46449225862419,-0.324973693714579,-0.804900250394955,-0.660611964054752
0.729105508827053,-0.0136478353999093,-0.633585465087417,-0.30477276242619,-0.661027627641465,-0.663999057972733,-1.65527734585959,-0.694363676041507,-2.0151743053261,-0.4614395121504,-1.06803748648435,-0.365611409729456,-0.458747656656466,-0.352610166262846,-0.808224551191633,-0.750666014356289
0.529107826304991,-0.00943244348793588,-0.31895299888667,-0.297650871433346,-0.748303338633943,-0.611887027707195,-1.14750346716082,-0.643463649155007,-1.48074143759691,-0.455225050011611,-1.10626720691071,-0.477688957345162,-0.471967063991849,-0.378518650671941,-0.778355376456962,-0.67282126501577
0.688077375881474,-0.0121100011722136,-0.395758552969712,-0.313874935234388,-0.60117565377977,-0.617266105855011,-1.21833381437462,-0.615648859150892,-1.22708049291408,-0.426649860803515,-1.30082043518083,-0.43991448429129,-0.445489755032753,-0.298838468590218,-0.842743318273279,-0.656078059471893
0.641304775570708,-0.00965652668180665,-0.352028173335913,-0.326421152997344,-0.568268449038411,-0.635515211235364,-1.38372109235218,-0.726041905133595,-1.50134760079589,-0.475576143434214,-0.892189386089695,-0.500772004758817,-0.480036259239713,-0.343944549836065,-0.83396500219254,-0.666116693558404
0.553102848401511,-0.00647702228338591,-0.380333920865256,-0.305771384140312,-0.62498177256974,-0.634188836505472,-1.3498936078272,-0.765976817103469,-1.44761896832747,-0.543980451283375,-1.3182299555173,-0.465539234826189,-0.441292142269879,-0.31922776245692,-0.727851874886981,-0.715679676086823
0.545312001474083,-0.00799198907834893,-0.532455027128024,-0.293438613639072,-0.67158219861557,-0.588600761054562,-1.50840144835868,-0.609583111698605,-1.78640906290812,-0.463743342791828,-1.26675374130264,-0.47604066334951,-0.432183161888924,-0.344639174841222,-0.721342889790025,-0.689088187935326
0.550028270355295,-0.0103535976334961,-0.374608400116322,-0.287845433805305,-0.516370743364037,-0.603021444807865,-1.19399194466411,-0.555035271035472,-1.11530756723867,-0.513466176046044,-1.14784155401376,-0.370285595969964,-0.457126506313887,-0.339296409788062,-0.839977339478474,-0.672716588053026
0.628741962397942,-0.0126294440794193,-0.447922138227601,-0.317896648362264,-0.696483065923147,-0.577852218271997,-1.48939113341736,-0.689771430068445,-1.36055861322006,-0.350285558530117,-1.02360659162185,-0.407622373706993,-0.450034392261846,-0.355674457901283,-0.661169470715958,-0.765895417134135
0.573246385951158,-0.0071885006790479,-0.328843664881705,-0.32902302442548,-0.689570827326984,-0.578000181512975,-1.37450694535323,-0.613856722791984,-1.41252782946942,-0.546509414990634,-0.966379723498273,-0.354243059343113,-0.464664217819077,-0.318895166119017,-0.782948754697299,-0.660216925312618
0.486814485834477,-0.00772635781227749,-0.488436910809432,-0.296752896629555,-0.629842602061345,-0.63629752257407,-1.16345348324838,-0.610201510463563,-1.65712016298497,-0.384734144904412,-1.07845104141331,-0.352803856690231,-0.431566439406411,-0.313131397216421,-0.769518234629339,-0.592847614279743
0.543724350017479,-0.0131844418088385,-0.293454952342486,-0.310975038011882,-0.649926873768167,-0.55103211022577,-1.35079858173792,-0.678105940497793,-1.54402180894749,-0.517626072954866,-1.02231254416507,-0.425750567388401,-0.458134045650933,-0.304489990695344,-0.722497177096489,-0.651774055660784
0.515761480760325,-0.00582238664115616,-0.394710773416756,-0.306997392767653,-0.708362459311852,-0.623280034446847,-1.34274286328225,-0.582288426997579,-1.55453917052974,-0.482400018155887,-1.27553771732009,-0.479449067850311,-0.409728868283498,-0.377130653077473,-0.790807155477499,-0.690998064310781
0.49542570504715,-0.0169692824430854,-0.445218421152602,-0.305501194696513,-0.591386866360761,-0.649996903362078,-1.35438226772802,-0.675474652219772,-1.43664285273758,-0.414084508687001,-1.08637907326884,-0.445244731276705,-0.476529896762836,-0.347566400280397,-0.758014007106198,-0.605006611288962
0.410831175011359,-0.00687537966009248,-0.294607281041129,-0.303661098133982,-0.62310775433251,-0.582771853708408,-1.47172383387557,-0.72481629551005,-1.04686446221036,-0.467273267898909,-1.34477223028897,-0.388526638104137,-0.460557809030897,-0.36164013774178,-0.830699108508378,-0.778401984403438
0.662987422314535,-0.00733189498745843,-0.423363326668002,-0.289854484306056,-0.701802938630388,-0.656115727176356,-1.34966061690579,-0.670574544496094,-0.935415307565314,-0.584184466412743,-0.995429052234105,-0.427344788181379,-0.478709893916954,-0.361000555534356,-0.644648577077418,-0.746761066415424
0.598934142970415,-0.0124817804142818,-0.478905100588619,-0.330387863764911,-0.719737606231704,-0.597522135276627,-1.26367782817701,-0.664572963442318,-1.44567073482648,-0.449049317417807,-1.16043933091332,-0.52852211304907,-0.433117983648448,-0.334009088439566,-0.774297731138024,-0.70311938698456
0.751243765722485,-0.0108125321252158,-0.288586533979701,-0.317967936233418,-0.6100300806948,-0.6234785379998,-1.37725728518884,-0.654747594280655,-1.42417747138299,-0.44949423616182,-1.33997797340513,-0.37217836453116,-0.468175531081351,-0.35112550152483,-0.757668291418888,-0.668945027823569
0.649871197707371,-0.00919562350297445,-0.398687203228316,-0.318138217606724,-0.741750298072696,-0.587556447932953,-1.26758273252568,-0.683762999951118,-1.12543104818984,-0.58566943387711,-1.25591705335637,-0.37613764903121,-0.426117671092784,-0.324682969245469,-0.773455820050005,-0.663118219674056
0.451930075316973,-0.00506272752221573,-0.439609568140556,-0.276020347521435,-0.714366532339709,-0.593855779307815,-1.3669957516246,-0.681533508101989,-1.49801465720377,-0.490580992359699,-1.03933311365339,-0.322437082205434,-0.451453881406611,-0.298147575140868,-0.775888052911031,-0.7646882766494
0.652319526298006,-0.0108746194129819,-0.457383194734859,-0.314054418022227,-0.657219266215123,-0.585355076834452,-1.27117497005569,-0.707046525045361,-1.33751687140341,-0.507060366679426,-0.957379194716481,-0.383749379861793,-0.456324085767296,-0.325528971927023,-0.703999584267442,-0.716257191728001
0.648481227369208,-0.00726785884774359,-0.413929314622946,-0.28582057319775,-0.647849222274763,-0.596370277452585,-1.52561892128259,-0.612044709589536,-1.30649686448825,-0.431524126913113,-1.1782072782016,-0.368255370024418,-0.421989529040758,-0.319332131643145,-0.778778987506171,-0.776926599458078
0.547493765326275,-0.00529647959964427,-0.321264837717679,-0.312841445311708,-0.828447367024285,-0.60573178120998,-1.38303911871062,-0.808116026698812,-1.71232749920346,-0.489190225240462,-0.895064269894419,-0.42103769108499,-0.444552569581464,-0.34461070471401,-0.737105064648873,-0.740326295925142
0.657926106604724,-0.00801742542651426,-0.303982257914422,-0.33503707099633,-0.67318939450784,-0.663366712538122,-1.3073796171654,-0.705493751402708,-1.56031596719244,-0.465993044789727,-0.922285144362834,-0.376019528117772,-0.464837566518542,-0.354843233919967,-0.741052130304631,-0.703134604882135
0.608462162523834,-0.00865232062752841,-0.425850057927854,-0.300579552178061,-0.590934718617682,-0.628338997948389,-1.3485589519412,-0.680560513029023,-1.24996561975104,-0.43444146922825,-1.07865997990959,-0.397403991376763,-0.441494338147528,-0.354409445920767,-0.765223018312927,-0.719640297730321
0.655634408962656,-0.0121803564917496,-0.379130335317799,-0.275583105586021,-0.613087416285901,-0.585852920920177,-1.6120968208578,-0.639298590508385,-1.42863992456951,-0.3727630980694,-1.21195480674238,-0.368044723054487,-0.464071729093293,-0.351032007248158,-0.777329686731577,-0.660653167232989
0.643006503908031,-0.00762476543301771,-0.381215161874132,-0.31505775179271,-0.73017264070472,-0.637723169911843,-1.37735241717176,-0.627195530416848,-1.024005069068,-0.462931535064522,-1.0577397843344,-0.423815159932578,-0.440574649682107,-0.335268659206837,-0.673983131093753,-0.774360734621296
0.51633995184331,-0.00695764929638819,-0.376233965420878,-0.331035421549512,-0.714962702525548,-0.616770097559517,-1.42832584512408,-0.67397032475548,-1.9755258045954,-0.517765835285686,-1.1827954120937,-0.449414604065278,-0.452134814859787,-0.325461542538651,-0.686270739247658,-0.777158556871796
0.736682337059455,-0.0137585554605495,-0.305073324829401,-0.285083658956938,-0.568629892849681,-0.598941822792148,-1.16863777116284,-0.634166069102505,-1.43289527983101,-0.492300466386907,-1.00391171452057,-0.392741290286733,-0.414092350624829,-0.344931800978535,-0.745692630583458,-0.677594626605609
0.587485791820125,-0.00852859590883416,-0.440617827720453,-0.346682610812955,-0.745029071146978,-0.621451476394372,-1.40067763512499,-0.771423648179787,-1.51798405972128,-0.27966801962706,-1.22247835192439,-0.468966791100301,-0.445651603241823,-0.326546288582141,-0.73327858528492,-0.598902711830387
0.531338120588336,-0.0139439126811935,-0.375231268197331,-0.32148073670477,-0.683450602899771,-0.597415940275993,-1.27797871059969,-0.791181553243945,-1.08530837915613,-0.621100987391952,-1.12884637544884,-0.397668763842151,-0.463193352287665,-0.344622432028158,-0.693088544122737,-0.601944136179429
0.659567715841391,-0.00883746171019275,-0.376195779734224,-0.294141412623006,-0.691426032134099,-0.613847506897427,-1.24126101414262,-0.651365798305796,-1.48032904609203,-0.614137098739384,-1.06038816965616,-0.432342551998206,-0.430947554353526,-0.304698111843033,-0.845225224053777,-0.614964355091454
0.573108745985597,-0.00905608478459022,-0.305644984317718,-0.3073704363638,-0.701976089770569,-0.645853354765375,-1.41148340406938,-0.745949420640648,-1.32399977149849,-0.601576013798773,-0.86650254690447,-0.451866238006408,-0.471239056090946,-0.278929811384555,-0.744520370435635,-0.697335985623671
0.573263472002479,-0.00681591026168534,-0.350717459805792,-0.306328005409071,-0.752656418579508,-0.659074856748622,-1.30929925640343,-0.552712428682373,-1.53974255094479,-0.433052778750598,-1.1277406155639,-0.486178755437775,-0.466832451915385,-0.338604082441284,-0.733018939014952,-0.830250254163018
0.660007037208955,-0.0110020407673675,-0.424742183786948,-0.275228003192096,-0.74819024183074,-0.581585218501094,-1.24462305353665,-0.655086855631948,-1.54510419543737,-0.477880995129437,-1.15250974386363,-0.401568528737538,-0.43286923381875,-0.333916137958271,-0.667377948608151,-0.743239977243948
0.644732356913164,-0.0124308159397012,-0.321250950087116,-0.338110968506197,-0.710141443617439,-0.606772616380254,-1.39465663572583,-0.659332262493344,-1.77461274816111,-0.462612868166163,-1.12637000123461,-0.491086740778563,-0.470531245039009,-0.348906173535525,-0.786189147196224,-0.692244950306471
0.6165194534968,-0.0119526316515264,-0.357021843087814,-0.313238520602161,-0.663275940157133,-0.637117649486737,-1.45300239823319,-0.670594282016072,-1.18693803167768,-0.563702282532103,-1.31452036374849,-0.413820434802078,-0.445728263284962,-0.330717141489193,-0.657831103166969,-0.656530556222686
0.542242303856627,-0.00889015851040661,-0.367151710752551,-0.287969229065007,-0.66914203505568,-0.602554380822773,-1.32738774381679,-0.649060621185355,-1.5274362540173,-0.434319110669375,-1.11351857391924,-0.490573456160202,-0.406513364626014,-0.34254767456952,-0.750174937132791,-0.707172225940848
0.484838676622396,-0.0117930165713621,-0.412542425738236,-0.284818855203494,-0.621342415988555,-0.574937980304948,-1.37451369028918,-0.68046064279823,-1.52679162705791,-0.431370839583637,-1.08651115415483,-0.408948008789291,-0.423094024297666,-0.349094569336294,-0.710614487066822,-0.685986030704013
0.727451732506715,-0.00798726059685466,-0.37861523397963,-0.303513602824214,-0.760191186093025,-0.597557235480834,-1.46117953009667,-0.683571357816644,-1.90942244996087,-0.443655888422996,-1.30927346904979,-0.46476431918858,-0.452124338618787,-0.344094553490094,-0.70064911253592,-0.724294166248957
0.538863232663973,-0.00811946686660646,-0.362834286646695,-0.354366118805433,-0.682070735177123,-0.633624700766549,-1.50393681576922,-0.651912515607349,-1.63647397658993,-0.470804128942356,-0.973755634246986,-0.433678416354107,-0.467867217419266,-0.335026133313353,-0.839771955807738,-0.727326851769465
0.601518298147695,-0.0104419817522773,-0.344535624539779,-0.286992538032628,-0.698848695158602,-0.554047567757641,-1.43206748855784,-0.626514178575371,-1.05322761160634,-0.456072646385942,-1.20090176399959,-0.450408257131814,-0.439092184613058,-0.337765593317774,-0.74353248797016,-0.677613666341069
0.566759490182495,-0.00482561284885561,-0.353419190846663,-0.282843052888325,-0.734665789664549,-0.623758135130448,-1.4803449959527,-0.67110947868495,-1.5907357912258,-0.46726644589337,-1.14988128700962,-0.310204210363055,-0.425255415800229,-0.328386302819136,-0.707915149170758,-0.654883472182921
0.684226867477506,-0.0068723224443353,-0.491454063783364,-0.307614446379165,-0.642122507172953,-0.591446875900722,-1.28481827674312,-0.536066760896372,-1.3256289688447,-0.422488018081812,-1.21031670215306,-0.512261720761481,-0.441409993639579,-0.32238032231993,-0.693928268638972,-0.800047862157068
0.494580838388969,-0.00582105100724731,-0.277681506724166,-0.325575814579876,-0.740559865220641,-0.601441024884728,-1.48842913297653,-0.721726538586234,-1.46459187502955,-0.541130700024368,-0.911159645794143,-0.464230692130613,-0.410705334121946,-0.33411663633347,-0.754398556575956,-0.653672031572071
0.628539018869739,-0.00412584596241723,-0.407766107191748,-0.298387944342278,-0.749532094518533,-0.583466721845771,-1.32980679150502,-0.646527821247019,-1.08075051301745,-0.49647713124381,-1.09770183480419,-0.361955524887366,-0.444982701581871,-0.351502632888502,-0.728071676834452,-0.75082329640553
0.48775183920615,-0.0120647452857952,-0.332713876409817,-0.309138277961444,-0.610478770252011,-0.647539104821125,-1.3771999406461,-0.662830418735279,-1.54867942826656,-0.442961690473955,-1.31413192308799,-0.410603607699373,-0.466563323588845,-0.354779228901931,-0.878898753212568,-0.620752315768512
0.599105143318574,-0.00712358482367939,-0.429004496425664,-0.299694252685603,-0.612812093818925,-0.674333120355877,-1.15131884849048,-0.674827301617781,-1.59057166079714,-0.484467661267081,-1.12404032303308,-0.406788611336038,-0.430812146223209,-0.320914082048008,-0.661786425251566,-0.669768271393892
0.457240522851653,-0.00838861022668341,-0.420686727728756,-0.299251147448084,-0.653117711455199,-0.553836935118117,-1.37091334763205,-0.696791531468458,-1.45038824707751,-0.45005688833515,-1.01943696299006,-0.374590754191142,-0.452451003725424,-0.328897466800043,-0.636932220958522,-0.656293416656987
0.575272343377743,-0.0091392541457537,-0.387587932408006,-0.319721889724616,-0.704931533853514,-0.625206954168709,-1.37792592674577,-0.660574852041556,-1.41436568545842,-0.484716757120907,-1.15713807702681,-0.453205765347971,-0.473115539585854,-0.345898310657947,-0.714106012857606,-0.75920333248198
0.576721499201808,-0.00856689197631776,-0.468714549087783,-0.287796332530813,-0.674913392468455,-0.641798822506657,-1.30578521499348,-0.666313139914535,-1.95008938107183,-0.484416560198122,-1.41024709908432,-0.369529202744333,-0.466514531670491,-0.355640099303116,-0.732814965982027,-0.586651335200707
0.71300959218042,-0.00895084530775227,-0.524243138672515,-0.320716459098796,-0.69359775711437,-0.64656544066169,-1.40779086199218,-0.649223750407442,-1.49638262899058,-0.544813854023704,-1.15470051016031,-0.403950232860434,-0.45914796939513,-0.348514532345076,-0.899203482462735,-0.762820739456736
0.61589944008339,-0.0089852562082354,-0.481488422561195,-0.310888318982116,-0.679521879981254,-0.619430436741712,-1.31108439041141,-0.70752317921313,-1.49522236404601,-0.513585009059912,-1.17393832717264,-0.415267894871719,-0.408520072561315,-0.361601377992144,-0.719236114724228,-0.679675577726607
0.658205564946743,-0.00789299138334653,-0.329921191706724,-0.31987801083264,-0.642848875232892,-0.571046240495429,-1.26837266744008,-0.751680001045163,-1.73185539412248,-0.53282615298061,-1.21320923685547,-0.323162131301242,-0.407141176298539,-0.316420762989884,-0.759363004778164,-0.713919942889155
0.522804454898902,-0.011355290562022,-0.440239966984056,-0.31315826840223,-0.570853871375397,-0.595032841053242,-1.52288207787071,-0.623010382419128,-1.45748837735123,-0.423793085623515,-1.10488515423232,-0.436259810669387,-0.455459926431089,-0.374800034473297,-0.749342109040024,-0.674539359559556
0.659667319795494,-0.0115476557149556,-0.280175054280127,-0.304639416009993,-0.567886289105701,-0.626003978323673,-1.29118621146992,-0.667513997412298,-1.24599134923286,-0.471287080533602,-0.964415707874183,-0.477177052502899,-0.448071724230608,-0.338102738824594,-0.788331341688972,-0.75743653538899
0.66313591010612,-0.0111943978992863,-0.480286751522229,-0.316931336986116,-0.62186416273723,-0.61281573602944,-1.4621874529939,-0.614663112301108,-1.40276352822247,-0.520909175396625,-1.09686717942698,-0.367179810916424,-0.472840321027015,-0.312516863829875,-0.755612627256923,-0.768614202278865
0.626565112375625,-0.0124416507699003,-0.329368940145016,-0.287365602107991,-0.618768245600407,-0.624094319448177,-1.30662612495877,-0.668503865175688,-1.3890419937391,-0.434948061387505,-1.04046734927597,-0.456019703032179,-0.479707008356658,-0.352739523770765,-0.716277499306557,-0.658119508706712
0.526988438081476,-0.0137129826075735,-0.421569824748571,-0.307923353663563,-0.517023442037226,-0.657785528625964,-1.41416418065691,-0.746434756349704,-1.24365419269237,-0.45012207708202,-1.05186926549741,-0.322722967552903,-0.45071376147116,-0.336353017911512,-0.719575291133503,-0.685019062581655
0.527249228918286,-0.0106355819948711,-0.422959306440928,-0.302988365128836,-0.669454954017258,-0.589403023265045,-1.29667829067601,-0.691141838884907,-1.33120245162394,-0.408027137174697,-1.21438566367523,-0.421184579654397,-0.494816489732425,-0.341125266007427,-0.764256958902247,-0.657435286297702
0.649604838539084,-0.012012316740035,-0.332624720409619,-0.332273807580467,-0.602488295713738,-0.57018571722336,-1.17829602841072,-0.687448735946149,-1.37198404385314,-0.50812370726369,-1.29559583893028,-0.429920628361705,-0.471604401045324,-0.332092593990846,-0.73053092893129,-0.716742002132186
0.512418475585739,-0.00772305709191757,-0.514526487374943,-0.322051746471224,-0.717092220797196,-0.616126105757941,-1.30316118164403,-0.633726318840445,-1.07028615477866,-0.593377663361725,-1.08392758347543,-0.376197457857438,-0.428705881247972,-0.351766170649248,-0.783730983035969,-0.743452387357112
0.643705685244267,-0.0129330285734752,-0.382268243920122,-0.331650094265341,-0.583902941324858,-0.637719505390494,-1.56627168419896,-0.637928981088234,-0.99881674965188,-0.471926418739737,-1.25627893384444,-0.433193437692789,-0.468896699430472,-0.381297160667382,-0.722459430033414,-0.677425063973832
0.690612284924111,-0.0130647484473186,-0.420379438067592,-0.269437039198605,-0.695220358829297,-0.638991183506693,-1.33197817131003,-0.673514505817905,-1.51536674544163,-0.516561788390271,-0.945027274426506,-0.445932892388119,-0.415205524290137,-0.333974907799409,-0.659427824927652,-0.705946927391197
0.732583574422204,-0.0123997915194946,-0.506563464313277,-0.317931561524025,-0.660687483677906,-0.652941996716868,-1.54845835970343,-0.652358775495447,-1.82872003027913,-0.405197528716968,-1.0446800853952,-0.349004034333488,-0.445688423465838,-0.353562633947069,-0.729727674126937,-0.732091148209353
0.593567808409951,-0.00828717951010115,-0.379274108463747,-0.293824163543836,-0.684226768182229,-0.652661585113661,-1.48776248092885,-0.583483319538624,-1.4417901404725,-0.570052245215708,-1.08966119512121,-0.454132854600709,-0.451211801570204,-0.321232290490337,-0.678976879109757,-0.826331643547362
0.510330664001569,-0.00739700889208363,-0.459271897046045,-0.319204472972694,-0.515573177721431,-0.642868169099085,-1.32432704682113,-0.706731325504283,-1.98228352706243,-0.424958910852453,-1.10728727363231,-0.394185515775948,-0.427876724473543,-0.33446013957643,-0.763686831670612,-0.700453235831158
0.602105170087202,-0.00980283485172625,-0.336983779602168,-0.343164150250791,-0.666962029107581,-0.619369346736106,-1.27089382807321,-0.57488639376381,-1.38585506987887,-0.533994089956492,-1.22102176391853,-0.352819108124342,-0.451872609538086,-0.325738876320559,-0.753241328602123,-0.748240251951701
0.555497114078046,-0.00526769379259347,-0.369463019775516,-0.321248716415665,-0.656962745057403,-0.558599306757496,-1.4672762766756,-0.734673930113254,-1.44109467272264,-0.354215511211241,-1.0166888102912,-0.350902169093512,-0.438809053320322,-0.356293541066877,-0.747016706965001,-0.595086082459054
0.569287153092344,-0.00728082504866803,-0.389072536683544,-0.266498983648806,-0.64991889408116,-0.576079636790186,-1.19646344371311,-0.612769884520242,-1.60696856397436,-0.477441899554016,-0.848821805296529,-0.34504517128803,-0.507719861204353,-0.335360092933746,-0.828651716210971,-0.628839192529214
0.561616457952733,-0.0106549328726989,-0.296979157554245,-0.3242384611113,-0.50918345495789,-0.60801535294978,-1.48779209243914,-0.594544181129545,-1.21881448286219,-0.394224469093814,-1.30915266010614,-0.415234792121691,-0.413003706409282,-0.310200661666725,-0.673602009132144,-0.531865762228377
0.675901833062881,-0.0109168647269506,-0.508042286719779,-0.34823064126476,-0.645278238328527,-0.654931048334162,-1.22736144489951,-0.641823332381095,-1.55243656936459,-0.546394225234853,-1.15811203177878,-0.454159900966458,-0.422738372048699,-0.336661920994007,-0.682020543324991,-0.578875841972377
0.56633580907082,-0.0140210613495221,-0.437730137739039,-0.303813385697445,-0.55857512981057,-0.653016290080729,-1.32916623905501,-0.651575319408928,-1.34455440749068,-0.436348872136535,-1.0832869008444,-0.388292677989083,-0.400922884282227,-0.343334286675183,-0.69279720356971,-0.609070657946119
0.705753340244562,-0.0056413602542891,-0.341984855436817,-0.291768955675867,-0.692142872334134,-0.599415151834377,-1.18346138222098,-0.711003109184824,-1.22810409958001,-0.565161243424177,-1.1373590035411,-0.501436195086594,-0.39838145772238,-0.330982598459942,-0.708520364486112,-0.660773304842521
0.529480250227724,-0.00496312057097208,-0.366707514312208,-0.304342839695579,-0.773135839044926,-0.513467580902405,-1.36026100112867,-0.677803830990949,-1.28400287545902,-0.416476731740326,-1.03945881961057,-0.403601592262761,-0.49663676433221,-0.339235787834602,-0.79582721815459,-0.585218747238172
0.603009233821178,-0.00807506520276609,-0.276309111593088,-0.307225763309774,-0.687457622995473,-0.620901369621506,-1.29690813861046,-0.617633940352202,-1.20682397967022,-0.392897264042629,-1.01792914182299,-0.314957057277141,-0.447274609626136,-0.312000212346008,-0.726319440106138,-0.69404257304178
0.595492705046077,-0.010080052057992,-0.460689516847969,-0.269026773251614,-0.586816203940329,-0.615886675895947,-1.37344748934176,-0.669767512235007,-1.36437008781777,-0.548520342286247,-1.20175381353769,-0.394292628251019,-0.439311427297345,-0.343113296574544,-0.81459570195133,-0.615091192396916
0.662385332309882,-0.00704069515459259,-0.290084370809726,-0.302739071285482,-0.710901584827512,-0.542175419190803,-1.35938176813532,-0.606148581422095,-1.94283986727519,-0.500129967955548,-1.09089541963331,-0.451428290728111,-0.429660827562857,-0.330860073637673,-0.774109132446632,-0.723309229495963
0.451863654111183,-0.0130660872136243,-0.35725786521004,-0.290446388160828,-0.572540973748805,-0.616228034763143,-1.54534876524422,-0.685062929586127,-1.62207136990543,-0.492641468750961,-1.27042047342371,-0.514689824250093,-0.437058737218715,-0.347633974171101,-0.756709267886637,-0.628712506666217
0.575899129639516,-0.00799794991137933,-0.320479348488845,-0.333657909477198,-0.646304683282849,-0.575750822172998,-1.23133228986227,-0.651848649062427,-1.29134116757738,-0.406500914684063,-1.3476198788451,-0.510144713839104,-0.469187377477733,-0.334669242100842,-0.731131480431429,-0.619112015756207
0.543724743050903,-0.00891692725161389,-0.410169405419318,-0.304717734935392,-0.597333301390322,-0.642600293921501,-1.42988135083335,-0.711899588699624,-1.69369005599672,-0.436986285991515,-1.22561791403912,-0.447817009257984,-0.451986236080865,-0.302787339046134,-0.78357656021815,-0.640341640268102
0.533938286199986,-0.00752769678550198,-0.487200180588935,-0.327854781535503,-0.717797779769226,-0.679732472409701,-1.26412708474829,-0.636540655188656,-1.70139043715712,-0.46265365900566,-1.11626029865406,-0.471167367056647,-0.433632023997346,-0.336462248676009,-0.765727254213249,-0.763104808003376
0.540635016517681,-0.00862026395178903,-0.194426246606527,-0.280496327254769,-0.660745296062755,-0.596141074646586,-1.52931557515146,-0.615715328056952,-1.62811115328812,-0.417677090981438,-1.16381755464492,-0.493481353743402,-0.433229693218177,-0.330513485299533,-0.723160849680023,-0.673737734976769
0.63599555001425,-0.0106515712243743,-0.32908679682081,-0.340782329055735,-0.63872192191123,-0.6120805481226,-1.24165223918382,-0.642897157380771,-1.18768381898573,-0.437270585155994,-1.07873332334202,-0.514847257282084,-0.451150269713411,-0.322320108195145,-0.819674578528667,-0.663908785226121
0.479946456009666,-0.00495157804500169,-0.483528481515272,-0.306620171366983,-0.652532170639901,-0.562611052869314,-1.33936641741818,-0.659418229405684,-1.61717316579138,-0.400173878175635,-1.19129391282965,-0.414843955830253,-0.431070508633035,-0.365682399760602,-0.836168519348341,-0.646518494118807
0.586373077707626,-0.00813853336505668,-0.367996350445918,-0.322796439465457,-0.617482989374209,-0.585428586307498,-1.29700855006354,-0.595741684939734,-1.52796215417049,-0.440972260277448,-0.932735128156902,-0.482213246593653,-0.447486746463762,-0.330369051113751,-0.721400262480873,-0.605426171186193
0.747435305180884,-0.0109540245176245,-0.339548402644092,-0.341088975495612,-0.585461000894028,-0.620574079732468,-1.29143154935037,-0.667908230200121,-1.77257163306677,-0.420399447708473,-0.992371101501261,-0.368657195894412,-0.42853320445309,-0.330342622530956,-0.719850742303937,-0.624584931044448
0.522588660716054,-0.00778559245987539,-0.327244078713304,-0.302028937894778,-0.633119835210074,-0.633275608110576,-1.23742647735087,-0.699070507775437,-1.31244244963181,-0.387780756198361,-0.958872436210729,-0.442805264261928,-0.431255055639494,-0.305087486769501,-0.657422177841135,-0.755159556672782
0.421071403797534,-0.00920201859666211,-0.511684170279618,-0.320584478924052,-0.645660420814655,-0.640761954161341,-1.24789454906826,-0.683675444534265,-1.3987598979152,-0.42855820286849,-1.17126791738988,-0.388446062865525,-0.43850709263213,-0.354587300899884,-0.741647752319308,-0.697958437701664
0.628572399934341,-0.00664120024935996,-0.460906656255477,-0.300684054687757,-0.791016872662281,-0.654640788652191,-1.38543114409677,-0.767323414996788,-1.45176363777655,-0.460032546160694,-1.13788645615273,-0.471489756719714,-0.433561638989159,-0.341655322946931,-0.771091986635683,-0.683446526243388
0.542160247124246,-0.00925248704045253,-0.517237819192815,-0.294987102066519,-0.646201751050625,-0.588822718689504,-1.45008322436752,-0.613243865747146,-1.32977437471408,-0.384485121293155,-1.021797081316,-0.458940654521405,-0.464023911457587,-0.349808933133812,-0.75002298648308,-0.69762666016251
0.477185602080269,-0.00771087855105182,-0.277655787109827,-0.307388476328695,-0.647903086442193,-0.622237146851918,-1.21594246197119,-0.727214904323445,-1.08812828347122,-0.483948917506461,-1.27498985122226,-0.354018014810854,-0.419262376952544,-0.317538742810752,-0.901001828532933,-0.661708979983989
0.478560860769092,-0.00770862243461828,-0.387041085406648,-0.306924012046576,-0.621953865434714,-0.590889784290318,-1.17079142640052,-0.667743624131535,-1.62272616776943,-0.56072266873401,-0.909172329411345,-0.429171934755047,-0.440178375795568,-0.300470893175537,-0.778105671141919,-0.66659318435496
0.65306957309433,-0.0095955839063285,-0.377442010996192,-0.295963745267848,-0.662117302253412,-0.56302723533527,-1.25754749121884,-0.589276491072891,-1.44131314007456,-0.468763540279426,-1.05363765459999,-0.402966002405814,-0.450615998209897,-0.312727983244164,-0.807007434008436,-0.786462689934285
0.727618552288901,-0.00675830995755847,-0.46916158104543,-0.342984592005868,-0.664845060223788,-0.613241887018471,-1.35084260876433,-0.565970038180977,-1.68600736335091,-0.540582552738663,-1.22328215816628,-0.42986162322157,-0.412771160202898,-0.33699249083009,-0.709572725864499,-0.705825212374724
0.520731328736406,-0.00755288545109762,-0.48140061797702,-0.328530722234203,-0.69865603911345,-0.594261771391687,-1.49943269961203,-0.796194515207731,-1.51229748219625,-0.425289300081072,-0.789098878072362,-0.481744838923833,-0.448093724018897,-0.30509676859789,-0.751573737935034,-0.712069556155234
0.515106802194744,-0.00765235170706391,-0.40114158141318,-0.272416973041713,-0.692543254483665,-0.607140243320388,-1.61141553271314,-0.683184931358666,-1.06674321543483,-0.474065626569882,-1.21460410455779,-0.530244877145845,-0.455923965682716,-0.335396049076707,-0.805009460040338,-0.721926040124178
0.590584014228216,-0.0125243425088561,-0.406722008265157,-0.33135781041633,-0.56727677991356,-0.616876802131878,-1.33305757877085,-0.657235819771913,-1.42456892999715,-0.551265174367335,-1.08559467986113,-0.38006973745392,-0.434774586479205,-0.338117018252488,-0.724051192843822,-0.685159654331224
0.646628881836847,-0.0095975195876193,-0.260316371172923,-0.331039147796775,-0.669818853393651,-0.569304184886249,-1.379863249102,-0.659307845880373,-1.20189799668258,-0.483562889011713,-0.948099697970936,-0.371419485869195,-0.432455840566578,-0.32874176342211,-0.666912712983777,-0.712795326784602
0.605844953776102,-0.0081906782992844,-0.461670753956554,-0.331811706654011,-0.698108987981985,-0.585398510642438,-1.2926199827513,-0.714421788595869,-1.83284192456055,-0.441244752021141,-1.04365678220848,-0.454336649551154,-0.450290318663117,-0.317450412807435,-0.661075826785179,-0.67435711970521
0.543944882077182,-0.00996678610488487,-0.396771905871415,-0.330213313124295,-0.696145908774797,-0.581822226640644,-1.41068830675305,-0.622709137993449,-1.3538998280527,-0.494497077498701,-1.23147213107156,-0.452244894706487,-0.450537112377433,-0.33837019132182,-0.715725564946885,-0.599519150237574
0.637276643551989,-0.00791093481415486,-0.396537708698897,-0.313686058377565,-0.66204806128428,-0.574839818970497,-1.34740910193642,-0.729259574560928,-1.88672329021737,-0.578026178569644,-1.06563046975985,-0.387188555049416,-0.433873352669681,-0.313456432261507,-0.685645150812627,-0.666787226562081
0.551869210146446,-0.00888784632003369,-0.324906067879474,-0.298587507732237,-0.687069806335162,-0.595433733421153,-1.39034803937883,-0.655833986881152,-1.67585561093904,-0.524986080939395,-1.43001491336996,-0.396648981635714,-0.444533259266342,-0.368908164733983,-0.727610133086676,-0.781266408953295
0.755892151278504,-0.00507467119783959,-0.456510773974238,-0.323143818303509,-0.674425289358556,-0.62240671497923,-1.499305679243,-0.620199265228242,-1.49443981227841,-0.573958491365745,-1.3287631286328,-0.344553992380867,-0.464042915172935,-0.362615325516858,-0.787364791291872,-0.823932362715378
0.569916744695525,-0.0127881947711887,-0.426489756615775,-0.278889424830319,-0.626433766134891,-0.641421523404248,-1.32522139557592,-0.748524652497391,-1.55292960588629,-0.389449436864611,-1.31971420106164,-0.444003539236349,-0.431549035985498,-0.331821288784989,-0.783024618439451,-0.578876125074014
0.468312258307262,-0.00838185617461545,-0.359233610934814,-0.339232529719192,-0.69695314328067,-0.644981540217167,-1.46612220286585,-0.708600045227033,-1.27029088412118,-0.452785553470541,-1.31856752585353,-0.452973208864146,-0.452792408183949,-0.328803111509131,-0.750584384197275,-0.672072657612115
0.661119989499673,-0.00936684652096525,-0.39335795319663,-0.276120244409744,-0.640763634999155,-0.509934620112773,-1.17682838567033,-0.642960733342812,-1.33448166938547,-0.480497404754054,-1.07612441351552,-0.378133604892262,-0.4433079548168,-0.346989694647322,-0.855119973927136,-0.731909011349442
0.639968547909687,-0.0132225693489767,-0.338116558118069,-0.280988921563066,-0.654343926619384,-0.63422166550102,-1.18901530069316,-0.699452658679773,-1.66688339516357,-0.445741365099768,-0.98716209564108,-0.313338390544817,-0.485009492259416,-0.348593421648144,-0.817493389295536,-0.690858030386614
0.649233473664189,-0.0052106958497714,-0.222776156212127,-0.310702891611177,-0.651690646018489,-0.628818528890232,-1.47316375681313,-0.686626839170448,-1.1008916253999,-0.464253872758296,-1.23879831055781,-0.382226112589102,-0.393971769288547,-0.305951274289479,-0.74977194516458,-0.583469219538247
0.650503467955108,-0.00814998627371682,-0.49474926737339,-0.259825565862238,-0.665363687647755,-0.54971355495488,-1.24560696773838,-0.5995867344712,-1.15454630979618,-0.49456712789966,-1.59586766158647,-0.46262674982415,-0.444674309791206,-0.328460372684794,-0.789686744574924,-0.688269065202522
0.726399228588957,-0.0121528165120133,-0.276843176485349,-0.308212406254541,-0.683833272050999,-0.58175581009089,-1.11018147015656,-0.690073645498193,-0.865453050737896,-0.624266466272779,-1.19147849731387,-0.435292164570057,-0.435499865801747,-0.33537836011977,-0.763053728282232,-0.646194383803386
0.704650660128256,-0.00936615479632787,-0.278492537377986,-0.290069511462458,-0.650736559344803,-0.628556145327888,-1.38204832386845,-0.637922403698714,-1.24743842273598,-0.471770072421734,-0.986166746493279,-0.369641105685771,-0.456584109099018,-0.321749247198019,-0.73285135070865,-0.676370402882426
0.595178238599936,-0.0140651018540856,-0.246326136448956,-0.329312869568892,-0.700459038884275,-0.653685482748741,-1.43082031028214,-0.710893528058779,-1.27797691790315,-0.593298688656348,-1.22195249907103,-0.436138959104399,-0.462638236832584,-0.327698406062364,-0.887826341977903,-0.559647732331556
0.580331839760627,-0.0113704171583309,-0.487371650397809,-0.323251385691815,-0.626466954077127,-0.654601474468571,-1.20070972487104,-0.660144481878757,-1.31136299092919,-0.36978950286943,-1.20286014322445,-0.385868800646097,-0.45124524330006,-0.346646724413242,-0.786362419495884,-0.736941047346109
0.594500179911756,-0.0145996336510659,-0.4214211745305,-0.3205326486575,-0.526652845542338,-0.612676318789252,-1.28900617256177,-0.642897619167386,-1.73021604363991,-0.566724556423021,-1.08151059944869,-0.47343529544978,-0.468929994650635,-0.341185542463391,-0.665096905284976,-0.672088802027879
0.719929843235305,-0.00621256497361003,-0.438123745591396,-0.328324227809635,-0.688330300665137,-0.595368232040249,-1.27898326685405,-0.624996999115419,-1.6516263076098,-0.488199228009043,-1.34193723030506,-0.390701864602538,-0.458655990514607,-0.313681590142943,-0.670890180129476,-0.774282951310363
0.531057928792471,-0.00643754877811562,-0.499219395737855,-0.3095480000083,-0.748706991162316,-0.645556706362604,-1.51173082601722,-0.762383530178356,-1.38936260842122,-0.34674981565533,-1.12076320386193,-0.481446849263597,-0.464961960747464,-0.326969926204472,-0.809970543693449,-0.770522763436268
0.511084396823609,-0.00438395735933283,-0.370498213113776,-0.318248583974347,-0.790661134586115,-0.584058595437972,-1.25567223338431,-0.705843298574564,-1.11053022728731,-0.595106986118266,-1.14925806537036,-0.33780345052139,-0.435068728527853,-0.333447512769262,-0.76367732218742,-0.687947546966196
0.518145881200879,-0.00803857081689432,-0.372447642492271,-0.326484526286879,-0.586439519061829,-0.612266680492696,-1.17513637871993,-0.667428963142966,-1.36737978883296,-0.505311469980137,-0.812292185314389,-0.459177444618295,-0.422530250116635,-0.295558872843631,-0.69173374738537,-0.673981421461462
0.650031577960461,-0.0109102795306676,-0.336379983665654,-0.310921954411017,-0.708198437859827,-0.6164597435867,-1.44269392439499,-0.636782236579944,-0.744307777205826,-0.402709129027034,-1.01184220754562,-0.41763937077063,-0.443665821886994,-0.341639953364663,-0.815987061348605,-0.729195994013778
0.612274055167259,-0.00827153682078745,-0.280513872087282,-0.303215426968852,-0.676789295279304,-0.661001625728203,-1.36073569750833,-0.689289004205382,-1.77282685156003,-0.475807277392243,-1.17830665152124,-0.54513773975455,-0.4058112785986,-0.305436081873043,-0.72192595456716,-0.768894951920344
0.617472159307017,-0.00771722458408224,-0.339382096016516,-0.31478592180685,-0.607530879198363,-0.614780786437537,-1.39875843475213,-0.63449247062276,-1.40080547928707,-0.627697996946853,-1.15053380236774,-0.431456424410655,-0.407794396648515,-0.330410665779235,-0.887786026933674,-0.68916325874456
0.621299586721877,-0.0116361994538972,-0.432216407156834,-0.304464549566427,-0.695598678487612,-0.601613583306327,-1.17696044472153,-0.59931560330105,-0.76288391327571,-0.397488344464933,-1.0143621124897,-0.495211864538285,-0.425171189549777,-0.339683412576837,-0.752727019247443,-0.593667135960294
0.613529614589974,-0.0135603026818117,-0.4507171921132,-0.322362435723233,-0.607917510513093,-0.624612828766414,-1.65230298611351,-0.667050095539338,-0.99458477248987,-0.41797862078863,-1.12440390495366,-0.407592431816265,-0.473518675496969,-0.319260820648841,-0.744357891913091,-0.627427331322754
0.678493609989693,-0.009289469142373,-0.444134813653183,-0.316187659186618,-0.701399565687173,-0.598344938144868,-1.38730053335358,-0.725519132077146,-1.60505575243238,-0.459318493674768,-1.36751928792873,-0.392099026754331,-0.429079096794712,-0.305592600402758,-0.75370792446366,-0.775665655977358
0.513600164444946,-0.00928901856232029,-0.392752983858981,-0.315457834734084,-0.678110549983098,-0.67071630304726,-1.5550008199352,-0.674658559987013,-1.29838105214338,-0.534765258952193,-1.33613535515419,-0.451282655762359,-0.424919563164229,-0.326838902422606,-0.852123467307778,-0.715422827333512
0.566574791398867,-0.00567940390757011,-0.519549525162209,-0.290454209995782,-0.663290988241355,-0.602891231786193,-1.27779425115179,-0.740287956057327,-1.25736175211356,-0.498566290469501,-1.08099980803934,-0.388952654204636,-0.451238802345562,-0.374709530987795,-0.775953286597558,-0.734743268642433
0.681673619590275,-0.00789624953874982,-0.258421933438072,-0.313063593998388,-0.729614202297189,-0.680776204886143,-1.34925443743843,-0.604958103272758,-1.55567099140158,-0.402419276901334,-1.14710894479652,-0.322381811142642,-0.423148552519505,-0.331331532217564,-0.760151718649436,-0.736424191875985
0.620653538123269,-0.0124836737484297,-0.417816732921232,-0.306925702107647,-0.568138589671099,-0.640894491854048,-1.22207591520412,-0.678767078711232,-1.35554574920628,-0.47181087475646,-1.0040901668078,-0.467686706082879,-0.436296899689532,-0.324288177670253,-0.777947230555232,-0.607156449056636
0.599473158197374,-0.00982458233516573,-0.454359082901381,-0.285337244786293,-0.735748824112652,-0.553141396399386,-1.28578451056398,-0.640387674866485,-1.71409295398735,-0.451089020781112,-1.11720995320553,-0.380542341324008,-0.455095770856739,-0.349715417170362,-0.664746815198374,-0.588452436456183
0.653717092074513,-0.00895449142816312,-0.383721807203823,-0.290121531463991,-0.695152161619265,-0.62037421961019,-1.47552313943274,-0.632935515625496,-1.23236521071893,-0.444024353712065,-1.21416025291779,-0.40649495513719,-0.476426490474955,-0.337108383207853,-0.774647236255367,-0.714591359036246
0.520214780260878,-0.010454993966214,-0.412923227132101,-0.290485188559904,-0.7520341024431,-0.619181743227313,-1.47312460848957,-0.646799640736276,-1.288844529002,-0.485957953302254,-1.12379999619407,-0.374594730630252,-0.458060007037372,-0.325828906088601,-0.689193924207873,-0.665297226506709
0.58521293245601,-0.00686889435178635,-0.325315128502983,-0.305626467001635,-0.643479238619783,-0.594066051723995,-1.19292039161408,-0.725286479631949,-2.08216671325616,-0.556194505771197,-0.999934043270619,-0.347627202839986,-0.419598060403161,-0.328948886310768,-0.822839260642952,-0.718404690570414
0.47764750436862,-0.00659414955273312,-0.316442607118186,-0.301463172277679,-0.653595663310748,-0.609100842374847,-1.37484143804578,-0.65999107982904,-1.210285223643,-0.386698311143468,-1.15658456781271,-0.533187521124006,-0.431171949648548,-0.330139240470508,-0.737723558653825,-0.61139132948401
0.720064085969964,-0.0108535662938874,-0.451703927588111,-0.342091549436026,-0.59613542680623,-0.624775165823962,-1.21700587355413,-0.642669240613318,-1.0932416062829,-0.580251278712274,-0.913167298606244,-0.445916124512385,-0.440014648545181,-0.347262563229295,-0.631584818122454,-0.641354195433011
0.581884826416223,-0.00895455033977107,-0.390337857560734,-0.336409697016128,-0.685825190045332,-0.642943341556209,-1.28695451957054,-0.628471645132154,-1.80459517702938,-0.410644681856153,-1.15290943911345,-0.443717685942118,-0.454711739158953,-0.365128577038866,-0.671183743472004,-0.707971138021406
0.48599912577991,-0.0023333026792323,-0.327689148841356,-0.301736112456613,-0.676197354905385,-0.619790908075564,-1.2924667881418,-0.742128113735817,-1.27439842931727,-0.46653041400414,-1.01152267465,-0.45904995035276,-0.431642137828001,-0.338968392049434,-0.669884441092244,-0.665900154173515
0.651233331518741,-0.0105908529305489,-0.384708640787972,-0.315358759848017,-0.573842289729912,-0.601695823228935,-1.2715404553436,-0.721923982209593,-0.870384518439614,-0.627634543507973,-1.10145911427566,-0.413055855474997,-0.454796306213904,-0.296871480196293,-0.723963668233206,-0.650390241975597
0.563123624562961,-0.00917728108074662,-0.44334130706211,-0.287191866922802,-0.610258989031677,-0.587187912100162,-1.41540021236717,-0.684627931129422,-1.32995188088281,-0.602088220806707,-1.36235694116393,-0.439003145125132,-0.418637022121762,-0.349356402564072,-0.793202223829996,-0.646543333364004
0.645668608549733,-0.00945440706093208,-0.378904086622542,-0.284834012561123,-0.627607392425373,-0.645007106282237,-1.31371582659646,-0.60176117269554,-1.3942121049386,-0.195697606965661,-1.22831105626731,-0.430180584444059,-0.407605225140878,-0.346286027722464,-0.722423608703688,-0.687364435606763
0.681102723305075,-0.0146683602328381,-0.367434450499376,-0.315388990507649,-0.580430844135428,-0.579997052166924,-1.19478080538226,-0.646569190037053,-1.22107979261789,-0.371837690630504,-0.993494305601939,-0.475726135391965,-0.477072227927617,-0.32277976035579,-0.822835722714018,-0.666989943992531
0.526581208960179,-0.0139101261358819,-0.345709326241275,-0.317364145125025,-0.556920960002447,-0.562637292071571,-1.47733421790077,-0.670413290302223,-1.33953563064482,-0.433756078153687,-0.988405040111534,-0.422731441406458,-0.420390854937555,-0.310429804336814,-0.803598416498729,-0.645503955127081
0.506300426893026,-0.0089369036686829,-0.446487466548826,-0.307901425247176,-0.714284828864943,-0.592418461577818,-1.30865010891399,-0.690264861205503,-1.43953391115217,-0.459070234168104,-1.25262150954158,-0.36965149850112,-0.414912435224095,-0.305870961446866,-0.803987232618698,-0.57456373551895
0.752562831865434,-0.0130368540894286,-0.506282352459162,-0.32867720185294,-0.625570786118134,-0.627986602840489,-1.1759047905501,-0.641772614155353,-1.75884639373128,-0.375771934858888,-1.11451305885311,-0.508972544478798,-0.435159218931567,-0.344644404181237,-0.737195889292905,-0.609252547812972
0.576253235644821,-0.00623778804150324,-0.401427916329632,-0.290754779566536,-0.712096996850247,-0.614363096360326,-1.44951170781898,-0.585477240521121,-1.38328432921386,-0.452930335179295,-1.09558685788685,-0.31788141833118,-0.422135691399454,-0.317859002156087,-0.740382055696967,-0.583623895689003
0.52596630986495,-0.0137310483652726,-0.273203876606164,-0.314428682928244,-0.643841058240577,-0.625573901058668,-1.43148021476592,-0.70800305857512,-1.79090524445018,-0.418448246742841,-1.02834103350021,-0.390627271199686,-0.431396614050516,-0.3398622622309,-0.692207991639088,-0.641298189421927
0.574145393717125,-0.0110281336212031,-0.372996181270837,-0.310292398138857,-0.538836295753736,-0.657266347300494,-1.2712403839195,-0.661410354246446,-0.976136556289052,-0.585931958721872,-1.18508982217912,-0.429391554738433,-0.476391355607129,-0.320517334248926,-0.801971805528903,-0.656613872908653
0.579945828978273,-0.0122231079755182,-0.337865298583655,-0.313354220265266,-0.678739870491129,-0.589337373397708,-1.35864962534812,-0.670424999665636,-1.05633178487131,-0.516471462847297,-1.08395048990694,-0.448597130235308,-0.427359018029764,-0.274359558559449,-0.850069476344978,-0.711076393391858
0.626847134796769,-0.0103928161949481,-0.286325660744387,-0.320494436005969,-0.626324110898577,-0.636812226665547,-1.28057866709801,-0.641107806715017,-1.56947742134724,-0.530890619200049,-0.994640202667844,-0.469340279468384,-0.397984102926794,-0.375208004605918,-0.690767652561898,-0.687900860752582
0.498795566611656,-0.00772719729419612,-0.358015246905865,-0.304352800432204,-0.66454403268722,-0.650210404908578,-1.26644301642556,-0.695833750854463,-1.31383502604016,-0.621342827819007,-1.18105439079767,-0.40932734202658,-0.452617195690519,-0.32111660934635,-0.822155437049314,-0.732606173872259
0.602923447575568,-0.011420094594865,-0.248598673491489,-0.305270732221532,-0.635358601202572,-0.606545596379257,-1.37334787244,-0.692477243956404,-1.23723306641397,-0.489696786896268,-0.849598698741188,-0.3606004611824,-0.464726363102052,-0.372859709683075,-0.847274519244453,-0.6525565081343
0.64466832684384,-0.00674520703096897,-0.401047823297769,-0.317429831931472,-0.692322289335401,-0.558768430588271,-1.5006488659977,-0.653650455313773,-1.01580553474875,-0.433031022282748,-0.997048115766278,-0.439348902927039,-0.445801454980187,-0.362150997641558,-0.749603858984746,-0.831051708199097
0.667131880096403,-0.0128624986371378,-0.340335254018161,-0.302655818246303,-0.615349265258097,-0.61811146356736,-1.28407856608693,-0.655899451306236,-1.1479305000474,-0.160838386954217,-1.08913231106855,-0.472885470455532,-0.442522722449641,-0.342561715225411,-0.743493782781178,-0.542120195006483
0.612315969835511,-0.010731306684492,-0.511782515853721,-0.332410640990593,-0.604314951333325,-0.538163822172929,-1.4840629395625,-0.623495792738883,-1.72832577410291,-0.419885692483849,-1.05590994815405,-0.399966228511793,-0.470070317680387,-0.328436201313514,-0.757383672525875,-0.599185283865665
0.795688399803879,-0.011541703098786,-0.409667892708448,-0.33210301107152,-0.698648070525091,-0.60119843652755,-1.17188091074766,-0.696501644650165,-1.24812110408331,-0.45160040959607,-1.05146933479456,-0.415649415207483,-0.452823335936841,-0.359302153032604,-0.76940241487302,-0.729039388318439
0.566916284053282,-0.0100037180551085,-0.40899515535685,-0.287574440435259,-0.679521971905315,-0.652666869901724,-1.43530602654282,-0.685376652646573,-1.10348067947159,-0.618103703068979,-1.26164433398412,-0.417233584921936,-0.479458312175818,-0.324732386480442,-0.783715678149819,-0.606253690495105
0.509077312346196,-0.00893135911653203,-0.421445236888202,-0.297629967079152,-0.705033251141017,-0.558487108138531,-1.25202372284083,-0.639770958879387,-1.03880462503674,-0.483560497446588,-1.11530787183972,-0.43342324013295,-0.464233726924096,-0.313252607720331,-0.712909211164951,-0.811971260836881
0.544060113235238,-0.010307890713909,-0.401743047368697,-0.336254816809096,-0.641214260088717,-0.602224165248098,-1.32986973104904,-0.640735504447731,-0.946195636639263,-0.413867464662741,-1.22261772174893,-0.447416517921827,-0.4188473782612,-0.353691303542087,-0.742451265056579,-0.761927070786655
0.581913697524147,-0.0106574869164279,-0.324738223775727,-0.287938684566436,-0.73420222138854,-0.617811282017413,-1.30918134716828,-0.733966505849611,-1.32381966836372,-0.446560498237901,-1.15877104649649,-0.384386922527809,-0.421629953578772,-0.310418201158595,-0.7668230152381,-0.6812239460905
0.696507834443268,-0.0116228521080155,-0.440517411410403,-0.295562844456197,-0.680079866538174,-0.630695675581447,-1.27882045702047,-0.634317624302068,-1.6012456704969,-0.564712014545983,-1.06872272911803,-0.38253582639032,-0.47376430814105,-0.308588208891111,-0.592491407803331,-0.706483255182673
0.526066739157469,-0.00666275933358693,-0.3675093331227,-0.341353125235447,-0.740105190752688,-0.580059381713042,-1.40940330262066,-0.6200164496772,-1.47836055328576,-0.402884588839806,-1.25066830495698,-0.367244784192042,-0.435475403527057,-0.32977477902005,-0.731623092458418,-0.684902933558394
0.468862029179114,-0.00929085901340869,-0.482956073953868,-0.326821236797368,-0.643377030766457,-0.565478830102726,-1.20250442183577,-0.666820129397435,-1.36837270899305,-0.529818750228174,-1.06863326252405,-0.448456736129428,-0.485064062513795,-0.373918304978159,-0.698268148118395,-0.591355233702965
0.508887874351288,-0.00854336473890816,-0.477784741035903,-0.316366802917422,-0.651212152344157,-0.586377091439128,-1.35129200250548,-0.730291125704767,-2.1361373402071,-0.542434406397094,-1.25136514710582,-0.432028029765841,-0.440978603930602,-0.341991895844601,-0.740027470469678,-0.79501758883988
0.537276535788039,-0.00882034067227281,-0.385823407045853,-0.31644763794359,-0.726496403859507,-0.60115446757919,-1.43859568701703,-0.578788910719472,-1.62130413097229,-0.426732035269224,-1.10559530165888,-0.433881200237095,-0.424410466301534,-0.334992637855544,-0.723673168138876,-0.657139135630017
0.509453360042293,-0.00866183335369255,-0.506091435308323,-0.327268710808049,-0.677216068266753,-0.615426383115392,-1.35921688378256,-0.64624670921646,-1.57865621341951,-0.480594258311391,-1.31565216414092,-0.351846909293004,-0.40756750416524,-0.339820774587129,-0.710466534990183,-0.554561380735951
0.694501447380465,-0.0163114148877758,-0.449792883794485,-0.301171504387211,-0.626117597829532,-0.554426076345857,-1.51629291756627,-0.642447604774859,-0.902350823172387,-0.278728565693362,-1.37400885403823,-0.464170652751865,-0.47911665001531,-0.360040243956949,-0.785117537063391,-0.605628556990861
0.579439778133204,-0.00553079422780456,-0.32195463373223,-0.282080551053127,-0.68192818682121,-0.611264435382796,-1.36926597736081,-0.713582704945636,-1.11569856267854,-0.477889914662687,-1.20013955491533,-0.447929203152702,-0.452300039817227,-0.324711441277655,-0.86442864629448,-0.814345849398936
0.526357582068764,-0.0117435553019092,-0.373516156847757,-0.316059720382365,-0.576570017459071,-0.627642525886301,-1.36483158076943,-0.714079841749371,-1.1435914986907,-0.49837614815191,-1.13898303640804,-0.460689885817003,-0.424741119425514,-0.336242407772737,-0.782629608535633,-0.493802382408847
0.583091730361178,-0.00862787750662575,-0.378756986664542,-0.337399714920704,-0.770522321318458,-0.613663674810575,-1.53656382867337,-0.688642060956037,-1.16298596189204,-0.577462001447387,-1.06661466875626,-0.28511027260009,-0.408695031587291,-0.363403148900828,-0.724429022547533,-0.677863820081103
0.410461090362134,-0.00584484380271079,-0.32657349939321,-0.296272838043999,-0.624314264099406,-0.60000514087513,-1.23711304733176,-0.749944961943842,-1.26673129677269,-0.53201071722386,-1.05268577928887,-0.383992811577697,-0.489892477685782,-0.33544643737367,-0.739168675292835,-0.668156496082722
0.506735801794114,-0.0092484135021113,-0.474395591113625,-0.27607580538911,-0.701161018943861,-0.575483390855909,-1.30211913702086,-0.694736334985051,-1.28988177571582,-0.385924530820722,-1.03962866695952,-0.403132872487481,-0.47625481512022,-0.327161274113627,-0.725401493317179,-0.59867978926006
0.526369544136021,-0.0150923938761297,-0.458669739301833,-0.301507750370182,-0.60679810553154,-0.61095342798304,-1.31668774521299,-0.750697331575671,-0.769651160166782,-0.415513927213968,-0.993609256211135,-0.442996834937522,-0.462854420997468,-0.317159930685191,-0.678251086510239,-0.512453394854961
0.505928146631879,-0.00610532273888378,-0.212456027573321,-0.298533992428019,-0.758720215649665,-0.587610636374421,-1.48112810926246,-0.589154717606163,-1.04844973803059,-0.565362425360372,-0.976533415043644,-0.411196772156889,-0.434238421066979,-0.312956546560565,-0.746344720321475,-0.765101344615082
0.664728019427265,-0.00934336688604227,-0.381026661027412,-0.291610042890479,-0.650479974932216,-0.634619682100641,-1.55509078304521,-0.676871116955377,-1.1893608031462,-0.511184648722807,-0.990939465700383,-0.41915705308634,-0.437955086811646,-0.318899998172063,-0.825207882535194,-0.649084306542773
0.55315178827144,-0.0110016389187634,-0.37670085161783,-0.300626937802436,-0.68814333356801,-0.613424844360595,-1.34723929597541,-0.703270181951356,-1.37279046769914,-0.338731834035203,-0.898607309793968,-0.41426550627227,-0.462141788144824,-0.328511687337441,-0.866626833539217,-0.604157769560206
0.669627560701772,-0.00752514093462531,-0.330222613900359,-0.311417565147415,-0.68827560582675,-0.577565384673298,-1.32482361845773,-0.75209408905226,-1.63985291079564,-0.379263216953382,-1.04573886599519,-0.420677814782725,-0.450955601745819,-0.337023403406214,-0.763764309677579,-0.692143816591514
0.757741473814323,-0.0109122494255313,-0.438567268044036,-0.313466108698127,-0.581612174871971,-0.624479136435834,-1.22242045723394,-0.599269278707615,-1.53913419685395,-0.350484592259951,-0.866799267125306,-0.332107272111508,-0.455702499174262,-0.33632320798777,-0.728974079966862,-0.783797448697262
0.610239301230542,-0.00848914685455919,-0.282626163872071,-0.318827538601195,-0.713857706094623,-0.58020367779979,-1.20090741332983,-0.653385350427662,-1.34952999076017,-0.498516432347512,-0.99955773119328,-0.436533154144071,-0.452252523539646,-0.319036913980145,-0.71531152240098,-0.645727155542848
0.488760934746651,-0.00810936776388169,-0.467423418419379,-0.319894653871311,-0.746277146866395,-0.665640752451162,-1.36614644129017,-0.561855049501856,-1.59168124122153,-0.582827508270388,-1.22643966359993,-0.348537580481412,-0.421061576166404,-0.294362665030497,-0.832338616539248,-0.613361942649408
0.675332082384583,-0.0104276337352092,-0.362177524757908,-0.28979003826608,-0.619561968599079,-0.63294992626586,-1.44930297344377,-0.618690371793935,-1.23658684432654,-0.672051971919248,-1.08023398382805,-0.39318330218593,-0.447549899338813,-0.289868733431053,-0.763111346373032,-0.616773834995147
0.626400556877824,-0.00932474857333539,-0.37720266180956,-0.323726428990214,-0.612557081059034,-0.647776454447851,-1.49859506252035,-0.644810048534555,-1.41109134881017,-0.379472818871327,-1.14018377542186,-0.386215350622541,-0.460457324766931,-0.32057782672376,-0.749530104480915,-0.606866924792892
0.554762160619986,-0.00676428756206552,-0.378807138246929,-0.320928638650487,-0.636047888397598,-0.645605191897468,-1.35303613207665,-0.741276824777148,-1.64215440903502,-0.484255322068759,-1.27336415246891,-0.432037578636022,-0.407998235223442,-0.348227661471915,-0.777365618343823,-0.644711278012057
0.514430404104723,-0.00546410144123778,-0.43696057538504,-0.301155857389096,-0.773981923492751,-0.600832566919029,-1.29335773599719,-0.666448396954525,-0.996594035089868,-0.572578090967351,-1.22672782943842,-0.492407051184386,-0.448888746260032,-0.350313444908204,-0.779556086335922,-0.58420760287007
0.616787407209376,-0.00761286641186515,-0.28131261862132,-0.321162095065929,-0.66468787560601,-0.593473449346156,-1.44809813897117,-0.678088256040201,-1.62834004543377,-0.415363718467923,-1.02173103420237,-0.407920075790341,-0.444916797657428,-0.352587510191264,-0.783961078802263,-0.656942398475313
0.528939733342987,-0.00539427129434206,-0.275646860369589,-0.306489148005973,-0.749564967651495,-0.627931120158748,-1.40255977092223,-0.553976536602396,-1.09762339969838,-0.526654655831412,-1.17997036679449,-0.368610621607427,-0.45569641824846,-0.353251999197589,-0.794213674875752,-0.548268582152528
0.598903068049078,-0.00689591710806208,-0.435953038471897,-0.305971540558382,-0.760479046355051,-0.644083603506926,-1.35381581742433,-0.67785259857832,-0.978417854821379,-0.315684428864861,-1.06789446224977,-0.412627287053311,-0.42760299822479,-0.346457110822718,-0.827799208575866,-0.592914619146628
0.694952294421693,-0.00779608939958776,-0.295381027856041,-0.333240814129353,-0.679088392101169,-0.576232015088459,-1.10748302731961,-0.693254994512652,-1.70403978522476,-0.471518990554459,-1.28049127157626,-0.37566097785972,-0.439834757164814,-0.339885954662954,-0.837988862031217,-0.59665202595527
0.618064719225397,-0.0106435478211369,-0.227718341096473,-0.280942524079137,-0.663180048868665,-0.634490665091501,-1.49507842518639,-0.639878754457053,-1.3089227416108,-0.237461805539757,-1.29935924237018,-0.400724907662313,-0.432392246806118,-0.298455855342622,-0.654031712692046,-0.727465976600216
0.479909463975476,-0.0107212073236065,-0.427471032064715,-0.303992202239033,-0.623132071307987,-0.595355475984894,-1.27616622759075,-0.617230611258046,-1.65991728756286,-0.38738010392212,-1.15053005897368,-0.428507739574569,-0.431015874295804,-0.315975891153733,-0.679108682246029,-0.55991731489662
0.723831545875926,-0.0080616682723136,-0.426777166149504,-0.32621691104955,-0.77671804660647,-0.611447390121469,-1.37646171876292,-0.709570388176303,-1.46126129135292,-0.463770458364236,-0.810443469610638,-0.374543132748123,-0.469246743699999,-0.296556014742699,-0.861076708670778,-0.68734892431953
0.53438096087019,-0.00701248046376958,-0.276109960537316,-0.31004771884048,-0.736347329456005,-0.61702644530197,-1.45969037506159,-0.662088644385713,-1.33571262480448,-0.516005516957257,-0.874270826336117,-0.455570890454279,-0.465366026483589,-0.340023812812144,-0.743122057545927,-0.737066261387289
0.686331158689061,-0.00604996313975164,-0.472001405733103,-0.306158541781092,-0.650098566798163,-0.652979735317771,-1.31441679763316,-0.625799408269047,-1.88161575468907,-0.367695375718108,-1.2611861121313,-0.350237890736365,-0.43382646008273,-0.311305628798204,-0.705913906558317,-0.639757820460681
0.537747201940093,-0.0128471833948932,-0.362021737508154,-0.329104075793142,-0.634398898184401,-0.641105069285833,-1.301029433911,-0.702627624428911,-1.4368614656035,-0.355245581820461,-0.892163519387824,-0.449741976842711,-0.423544013326886,-0.343559811065298,-0.737304807297182,-0.613246408468433
0.551912641769839,-0.00901770751499494,-0.374529242929909,-0.314627565769852,-0.657275493664598,-0.634996384236855,-1.5533933145746,-0.649306506010344,-1.38402473885335,-0.479868654914979,-0.97058025164514,-0.546955483577902,-0.446989110110961,-0.339077459792409,-0.72506642095807,-0.64328607188341
0.676962211397636,-0.0110338373380398,-0.575252732074489,-0.320586678082771,-0.591557556168134,-0.605220771785402,-1.48855083214601,-0.717023399146126,-1.23169172983461,-0.323735102808053,-1.11227671991925,-0.320571132013349,-0.416186744321398,-0.334496540761552,-0.745193967611373,-0.690225274026863
0.567353692106903,-0.00488959281167962,-0.397026415506942,-0.319824214658812,-0.757375118576586,-0.581247546502676,-1.33907859467538,-0.690347920411091,-1.42138745132067,-0.636284065448552,-1.39701712599951,-0.451237208501337,-0.414987830493309,-0.291889376129864,-0.843593302007483,-0.787950534150131
0.597215046610145,-0.00918863671377693,-0.378139583651471,-0.303341681861912,-0.74186907708192,-0.542723495984815,-1.38599322386107,-0.627750164629606,-1.27424073467828,-0.489807852436268,-1.31156548036239,-0.336097192557507,-0.396489366127519,-0.325258602084832,-0.74950939900525,-0.710944507209604
0.60368977802019,-0.0105730973033022,-0.377777850525278,-0.324555795104653,-0.55032866431077,-0.642000738615092,-1.41130693589409,-0.710812161158578,-1.04606389277541,-0.385878932708439,-1.15568834932028,-0.457808896581392,-0.456701364346887,-0.28466936473634,-0.73702991572525,-0.750369511097592
0.571571192305621,-0.00882079233597315,-0.217185076980493,-0.34321630634906,-0.634746723757985,-0.6177112784504,-1.35943896258955,-0.643503335275115,-1.28609614125077,-0.328857889277641,-1.17245580768537,-0.485210396434966,-0.463974686975046,-0.332439552602976,-0.780698080831494,-0.681192493607644
0.551206464613173,-0.0114371738699208,-0.456076873878335,-0.311207135562777,-0.649463478561061,-0.63401528595919,-1.52949962473543,-0.678218835306067,-1.05352962447481,-0.494498648394379,-1.35868411033729,-0.456896415443351,-0.467057444426023,-0.358897841674485,-0.770212627541155,-0.689067932241452
0.600973248011884,-0.0131388624013027,-0.356653191188947,-0.323583480896576,-0.751389092187349,-0.5990269221252,-1.45988221658324,-0.691430020342287,-1.75387040136883,-0.402544623159326,-1.2161552471911,-0.488654776327656,-0.430929884708451,-0.34061260668108,-0.761168544157377,-0.675082897658636
0.597288702014604,-0.0160131582228827,-0.388187515909891,-0.359014456334249,-0.591727332540503,-0.576042715169874,-1.42513218756489,-0.646800978117627,-1.69611423673079,-0.389304381139136,-1.34688325959139,-0.331789523171643,-0.491978579992136,-0.344368570571016,-0.75479968939464,-0.657527522073911
0.516465789184285,-0.00846573414098,-0.333070400450507,-0.273589984992865,-0.670652179367446,-0.575377740569713,-1.19425997451325,-0.631642884640442,-1.21108718213675,-0.39399872974733,-1.02141285232718,-0.468366644505862,-0.470002325355661,-0.350977408660345,-0.665037852445621,-0.650269997019495
0.449376609603624,-0.00928543421272269,-0.275412232763274,-0.304224459997513,-0.659598354426676,-0.581188088586714,-1.58805236315084,-0.699211807247903,-1.50516971778185,-0.407416319756815,-1.12961604431129,-0.466648580900958,-0.467551260059624,-0.364890538420736,-0.708113582777298,-0.592303657492507
0.59356496955717,-0.0100095139189217,-0.420817947028981,-0.297178586457345,-0.556840020673995,-0.57617543980442,-1.34117680768817,-0.625877140987864,-1.24105342081731,-0.613468868031849,-1.13432951396365,-0.33910465373699,-0.442790396280969,-0.347700737693584,-0.795461366915903,-0.684136170957654
0.489477185889719,-0.00571973314974521,-0.577590719662892,-0.323063413299861,-0.649225960312113,-0.66173315158238,-1.55904662745623,-0.804369300812868,-1.31661808758424,-0.551613640472795,-1.34434539984869,-0.394828586712048,-0.429781607231186,-0.329215856906817,-0.811891333036592,-0.676332507734243
0.628544642661764,-0.012589326201516,-0.326264744740919,-0.292529568859299,-0.587145054892436,-0.649417051138193,-1.26952552934751,-0.610312921404149,-1.70224898882162,-0.456643560440844,-0.897113385915603,-0.412304013345634,-0.442978362266313,-0.350642202819736,-0.796827615879777,-0.72995389322796
0.613022335296331,-0.0107893266642726,-0.492850117543161,-0.33695154517028,-0.62151287468721,-0.546899394871686,-1.38904255027699,-0.740457272150393,-1.68012918838224,-0.537508651275852,-1.19984008678759,-0.357873030222983,-0.46025904668925,-0.314600558744197,-0.818534293232765,-0.672754604168628
0.649071424877957,-0.0106446783266181,-0.434915789237841,-0.295514521719716,-0.604168865566919,-0.573603033418585,-1.358753781293,-0.79532665030955,-1.88746179467823,-0.512982777535027,-0.931260380569328,-0.46170790213665,-0.40758280848206,-0.325605076708612,-0.798897904405711,-0.805631991552438
0.549254546165121,-0.00595309168533964,-0.310484316929345,-0.320250169160266,-0.726632884391089,-0.563713339546037,-1.34030719578527,-0.610104624108937,-1.47197148887992,-0.503769574856444,-1.32387466642887,-0.455556982030606,-0.423523660767804,-0.331127650279814,-0.655520165370973,-0.683984197557107
0.554450613059232,0.000618769102945465,-0.372471640849417,-0.338684900262657,-0.793063012279802,-0.615605032846411,-1.48656897069581,-0.594033897396402,-1.27446963131421,-0.495800766587473,-1.12774576013015,-0.407543650434131,-0.431996019898964,-0.298058326979279,-0.701219275388042,-0.902140500577393
0.560260081688628,-0.00602183813105644,-0.372850665504963,-0.309485755825784,-0.737621678361603,-0.608469056001853,-1.36081571730759,-0.647022566740074,-1.13917805737279,-0.329695346661416,-1.34297464919745,-0.386931953600095,-0.457570931179191,-0.287979561979335,-0.729101761664903,-0.738305803220773
0.496401757625023,-0.00767245222093426,-0.365302031227989,-0.30505343817866,-0.609591332780515,-0.61078114110957,-1.38895857841425,-0.725613798346014,-1.20931896817554,-0.356504703713012,-0.981335886765866,-0.399380928708548,-0.463201764023182,-0.322365532470288,-0.673039665796301,-0.704728692582321
0.566257066077474,-0.00771067469513244,-0.441574290714092,-0.337436065030552,-0.631740806175217,-0.601339070566573,-1.50733997578336,-0.693447276173881,-1.24954923546016,-0.36711463466732,-1.3015451010061,-0.302519695292719,-0.424210766334855,-0.343115604258125,-0.770561658365304,-0.714399389088683
0.63244388711821,-0.0086355863490319,-0.251526188220572,-0.283533517318327,-0.727856480636953,-0.613606333793927,-1.41511537536187,-0.605891787696301,-1.19491400233407,-0.39984134685679,-0.897742846808498,-0.316047410389727,-0.462806151140373,-0.3316618099447,-0.79142591558641,-0.55315556565792
0.644414046408788,-0.00695463053719994,-0.396687001574372,-0.305574355886114,-0.701314062330633,-0.603945918921492,-1.34758049489015,-0.6039212870431,-1.22699605828539,-0.41931848191916,-1.36411506470776,-0.268248310949327,-0.437952205878881,-0.328854015130005,-0.696429409095191,-0.700002049110897
0.481415306297473,-0.0104447626026228,-0.289382476330746,-0.300828560829137,-0.587447915137416,-0.624763080142391,-1.36299978344713,-0.603981316434755,-1.61722029062654,-0.42454665238876,-1.07371215016426,-0.392331436685696,-0.436016173554474,-0.350758475399223,-0.770369778151469,-0.691375398542418
0.511729079289132,-0.00777265616384661,-0.357708983352063,-0.3214141717853,-0.623038572111146,-0.63871197744036,-1.2902969017159,-0.68287456993321,-1.34138084199157,-0.55082282772779,-1.06029659035085,-0.517210163934383,-0.435934106101478,-0.334456425468945,-0.702599899110516,-0.589993705419161
0.675822822937823,-0.00837140274206221,-0.313565855399582,-0.302068789532097,-0.645640284157821,-0.58846999836128,-1.19907440471214,-0.658990005874893,-1.75014442586257,-0.462628249729406,-0.707719933281204,-0.330872323145855,-0.409689879480865,-0.336608854656273,-0.728047640395478,-0.722606447018026
0.617401378840699,-0.0102218180630101,-0.424773036025426,-0.315353138926634,-0.699436082919418,-0.632582481948514,-1.35615473987886,-0.70030769779363,-1.42742548165611,-0.451255851274048,-1.1168427686384,-0.507122007738305,-0.420940896313777,-0.346362528318211,-0.786386234874005,-0.70852923422024
0.615360449612639,-0.00231768613144951,-0.300388187624853,-0.313351593705041,-0.720662955565814,-0.619167256124542,-1.1142584331352,-0.6221937896816,-1.4169529333621,-0.42857369160455,-1.06716800601606,-0.542898178021239,-0.433552454175106,-0.352425253054228,-0.748881714107432,-0.727973085467292
0.519482273695488,-0.00771777525157358,-0.410119821580367,-0.283560970219035,-0.671089274485611,-0.627007026393434,-1.29077333163769,-0.657522486004717,-1.40644754701226,-0.661128305260574,-0.692898705348458,-0.493786377841307,-0.452159523053686,-0.325134197966075,-0.730809836336032,-0.691725298744767
0.592422131052843,-0.0100398945718614,-0.339557997579549,-0.295986788879502,-0.600084690315919,-0.56092206729805,-1.52665188987697,-0.696247544757254,-1.22719760291965,-0.356335153532955,-1.21330423329481,-0.477275634127286,-0.450582875945485,-0.333358580568601,-0.708100480720387,-0.741633852018932
0.583236840985867,-0.0089618203213582,-0.360122767839245,-0.30291996556987,-0.73146371410512,-0.642984814223961,-1.44329950132912,-0.70521108315775,-1.35222086204089,-0.518908267274482,-1.23767909601182,-0.398949551292146,-0.416237554105401,-0.322480827080726,-0.732905848386429,-0.58525973795151
0.596843109064696,-0.00885975148399831,-0.249577366615021,-0.291954643699163,-0.617669138770001,-0.639198954962369,-1.16959126013819,-0.789745000718402,-1.33296864801606,-0.549601181262044,-1.15934471248613,-0.465555643551934,-0.445694492275902,-0.302796912348034,-0.684738196010654,-0.755978216672596
0.597190727797998,-0.0129810712493005,-0.365373720740515,-0.335058415699668,-0.717424362480713,-0.589641669534595,-1.27606247189135,-0.585830467164592,-1.18843904914509,-0.387084476380427,-0.818084635598629,-0.450321726284353,-0.471589304208516,-0.298626211192577,-0.741929361267326,-0.64352239974894
0.648750729971389,-0.00984503498583734,-0.317757926100243,-0.295611352068787,-0.608455820631573,-0.649137796186663,-1.30687485255827,-0.6715526255871,-1.42146681078451,-0.436661077846058,-0.9761758451577,-0.3744012638286,-0.433954533578924,-0.33528571761618,-0.731882769088893,-0.725772414223378
0.600789575274367,-0.00772489273963401,-0.398974144592949,-0.310101317343537,-0.658350698053325,-0.592790651954549,-1.44825035971468,-0.727038217286104,-1.28148741740559,-0.507046952496927,-0.768168323865339,-0.409280703896138,-0.402652664523497,-0.320369623346015,-0.724534310758072,-0.72139436325824
0.588122304210821,-0.0115309402350261,-0.438179326572829,-0.283993443800989,-0.611237895769046,-0.568309178443883,-1.38613328919218,-0.662572328683684,-1.35532741380425,-0.299355858324529,-1.34589358913161,-0.402282731935326,-0.435306442212454,-0.331660602861603,-0.756111715152219,-0.649210437485526
0.520159923945473,-0.00762097732533367,-0.339169684225903,-0.270247964879968,-0.774484597713268,-0.575233504048545,-1.36430582824785,-0.679352209657203,-0.977287596195302,-0.431743182698786,-0.869250971895191,-0.44924059602658,-0.428920048874887,-0.346177195606563,-0.7702294278857,-0.785357297280912
0.608123516194342,-0.010254294827515,-0.357623326603873,-0.287836718221154,-0.719101287554876,-0.565169874748456,-1.3959748832235,-0.705676757504318,-1.5958226699558,-0.37280108707397,-1.31208272947454,-0.357395051191931,-0.441249549282398,-0.305053807634623,-0.813112444233638,-0.539007255603111
0.668209000099911,-0.0122299377619741,-0.30209402406632,-0.338009969790295,-0.742002189971634,-0.692491624744205,-1.39407972768564,-0.621650832641988,-1.33064361928594,-0.545711299975829,-1.24821523816312,-0.480284645171779,-0.480009085027433,-0.345587748218122,-0.819329928767286,-0.703113410027283
0.586425152977597,-0.00940609262285419,-0.202837722624866,-0.310088106341332,-0.576231795339407,-0.581184523358632,-1.2356190542541,-0.561894268983681,-1.3894555561624,-0.408976734135147,-1.25150902437265,-0.499391000288834,-0.450397779075742,-0.337352524514374,-0.807805281511699,-0.598054842122471
0.674657304665526,-0.014158860016881,-0.390120208820546,-0.295018367978812,-0.576405101451778,-0.542549067914324,-1.52136915418942,-0.685705554117797,-1.75295612257649,-0.56995566472336,-1.18037663566687,-0.424856782107808,-0.472927103150522,-0.329455970757311,-0.75955401132691,-0.766561881947749
0.781762345205163,-0.0142842087757256,-0.349952072042072,-0.338615878044866,-0.697156662602242,-0.611039510585433,-1.27441063097764,-0.687246765858093,-1.15266287915054,-0.530305721318659,-0.9784152960207,-0.430740548442768,-0.458182986244648,-0.339853243516805,-0.654134823178076,-0.718027839294116
0.590828396157945,-0.0118043589874784,-0.31140711784027,-0.327443180918441,-0.658038150296004,-0.641132852938928,-1.37564795696694,-0.634950294366229,-1.66799222930769,-0.436064975586052,-1.09304153060942,-0.371127202487389,-0.468441902165938,-0.360497378828673,-0.710412592090655,-0.678445805010316
0.668968676146427,-0.00708175099121542,-0.418275649387153,-0.315016516085979,-0.68250433381523,-0.627812130281349,-1.48880144500502,-0.688247474715328,-1.24592310503722,-0.47758078214833,-0.91938333007071,-0.46641542972683,-0.433670283661039,-0.337098179575407,-0.756427609522948,-0.586505466121218
0.619984452398473,-0.00908417021107394,-0.396619233353448,-0.342345525420773,-0.612144433478586,-0.604310796331703,-1.11842832927563,-0.659573375422953,-1.49330939634398,-0.546646474276523,-1.27222842405985,-0.511489246330662,-0.408227636219265,-0.349270547043274,-0.680966901980145,-0.596996281794426
0.704446259057966,-0.0118356706866262,-0.294528635470688,-0.346511556732689,-0.631063126615139,-0.656709105117614,-1.55465608614963,-0.724322161687434,-0.848813972660374,-0.513371523112854,-0.965421239322038,-0.412346044703039,-0.462157177138292,-0.325301900655909,-0.734670653687369,-0.555228528418795
0.51812046277613,-0.00439618734428472,-0.383274666754703,-0.301704140751992,-0.734745885113144,-0.611983503547535,-1.34204488102592,-0.560532495169803,-1.20338091216387,-0.436307532042627,-1.01667551727583,-0.466492492067487,-0.444572108771827,-0.309961828455132,-0.719541129366655,-0.648810834792129
0.516193905762372,-0.00432036522298594,-0.551297787842021,-0.284413746669502,-0.79414009602519,-0.622334842474829,-1.3214574009351,-0.672345947294812,-1.76879739917084,-0.40162704305566,-1.16062936996278,-0.488536788203781,-0.455338165422643,-0.320107113274807,-0.681734203247214,-0.589611154089318
0.644633424496528,-0.0157522013940647,-0.295503629429202,-0.308586075699008,-0.586275082771893,-0.597145682471917,-1.58082475904136,-0.644334790506923,-1.08593552503616,-0.402280017702779,-1.18785128447893,-0.416727944229301,-0.424513898730703,-0.338603166579414,-0.718995561279306,-0.64871247347722
0.68287385605589,-0.00653491001929293,-0.50584712439652,-0.29560665728363,-0.768687150317681,-0.607497825440633,-1.28599389993014,-0.729985392447698,-1.53383081785935,-0.398153807522197,-1.15898059124397,-0.439530880047762,-0.43370702963799,-0.326750746723187,-0.771768482841647,-0.5944363128549
0.522472868355821,-0.00986645810854216,-0.275195720805805,-0.312030538438275,-0.706200243007933,-0.567616849673724,-1.47287010252185,-0.713532763364447,-1.16604304710794,-0.443477462701996,-0.79059297269902,-0.439444912556378,-0.461357136802437,-0.362001875970945,-0.779262640988689,-0.661013669326898
0.540823527483119,-0.00323056604506885,-0.523912848071432,-0.283601108309742,-0.748393238385282,-0.587963746181454,-1.15434254582984,-0.682475654955131,-1.70370112911543,-0.364963592972187,-1.31060060252721,-0.461781135389862,-0.411865513068956,-0.322005118372083,-0.678738892725338,-0.589953115785547
0.506441118035065,-0.0072505028451804,-0.378468050724475,-0.265079083248615,-0.568370696405511,-0.578160478022303,-1.26803425139861,-0.71704516407153,-1.26348989886632,-0.43213652742182,-1.27079972334447,-0.546421602401492,-0.487479366495939,-0.335589548933294,-0.79697927973302,-0.716075273007721
0.533033653931934,-0.00588764114396723,-0.241652361195708,-0.297511130257457,-0.619076796310203,-0.548521038399456,-1.36189151975874,-0.681373464591985,-1.4929394443864,-0.450381478792984,-1.05291863945939,-0.44972508404515,-0.434197217572414,-0.35861227951399,-0.695652696888984,-0.589424995830037
0.681031806651462,-0.0126351602585206,-0.416941364745215,-0.327389534498823,-0.756524758883395,-0.609977915375707,-1.12322600615846,-0.664942407587334,-1.12284087909064,-0.495141181028217,-0.993597428863993,-0.423394322629608,-0.443156552192516,-0.340067956106174,-0.819249318111229,-0.691148832127069
0.590119709784493,-0.00746574647419177,-0.421085988732423,-0.325163679284508,-0.710535813165669,-0.660288771042015,-1.41350656519445,-0.701257696129062,-1.3255582753882,-0.51377944109997,-1.07170618798078,-0.312896635442295,-0.462639344611143,-0.295740016344312,-0.859592144045644,-0.681730501212311
0.563613846352651,-0.0056535647099119,-0.34134929893128,-0.33990403973669,-0.715451375728135,-0.598171326260907,-1.30027572112823,-0.609639641050519,-0.83035989689741,-0.417824351424228,-1.25543719322775,-0.4457142590357,-0.422887831809052,-0.347674215202534,-0.796499469263549,-0.73242612664017
0.549251744222997,-0.00779995824279686,-0.35336519213729,-0.322778857705889,-0.656207847622362,-0.552434260592662,-1.47136184132117,-0.704027003779584,-1.52946307224915,-0.612694171330462,-1.19883947678332,-0.398303873716851,-0.429915508115098,-0.351593885090764,-0.74670762577239,-0.654937294390971
0.496389052349279,-0.00610740586637885,-0.309571076092236,-0.308546638994347,-0.68733649065407,-0.631788152920278,-1.35134281739744,-0.721816928876488,-1.26069907068636,-0.462804697076629,-0.857438274799128,-0.380272104627613,-0.440425693150446,-0.340719728086727,-0.676612713735611,-0.659825751278425
0.598060998217668,-0.00323983832029724,-0.332869331260535,-0.33197293774095,-0.704351334136087,-0.559745361830125,-1.45061852670806,-0.691512274636296,-1.5703663707033,-0.439285978665512,-0.800866099071099,-0.427447996231188,-0.462970272934482,-0.300307808014627,-0.795049021998636,-0.802857969229498
0.595172505021003,-0.00657576898961767,-0.405857870859744,-0.298272934990423,-0.67846618264569,-0.661361478348394,-1.38139693705705,-0.667823165534506,-1.30963448285983,-0.472540470550277,-0.902331239089953,-0.49618204574441,-0.433667771292261,-0.30975222631559,-0.812944041174521,-0.726489396552098
0.694857337525952,-0.0126666749434062,-0.466209820937859,-0.300052821464033,-0.701142955555731,-0.579891436835797,-1.2795105131942,-0.732788486146933,-1.62297544858363,-0.385855917664446,-0.963953457719749,-0.413344453015605,-0.453256269034492,-0.329041963159771,-0.713194531395213,-0.664735928122466
0.537278643990784,-0.00881226204462404,-0.434478496822076,-0.326802243664591,-0.634105728456914,-0.6021702653645,-1.45565852800748,-0.668418410475098,-1.32791365346713,-0.342824220450889,-1.24085579075709,-0.47125232281538,-0.451946787577634,-0.286616287079265,-0.750832665929158,-0.660401321621271
0.547708812321064,-0.00651543851456611,-0.209677872445054,-0.311756295252822,-0.675267773234516,-0.595634847219427,-1.05996131051831,-0.623375232464267,-1.18648190340397,-0.439594706801131,-1.11609938601078,-0.358345660983088,-0.458934145524054,-0.293832974056451,-0.711762904363508,-0.575610989188899
0.659007505596009,-0.00898953562554962,-0.429910960686495,-0.311566747657818,-0.670537858279177,-0.54659618526957,-1.46099539959101,-0.715475217188643,-1.3241952932496,-0.312782885518785,-1.04892456154933,-0.442042923913429,-0.476812622488242,-0.287276850794245,-0.71456560129538,-0.67378551547156
0.532212139456124,-0.00864285267539044,-0.436883910296668,-0.303092044364953,-0.700930251642834,-0.635954984440541,-1.24960568201643,-0.570939608677816,-1.6645672317248,-0.424729214983993,-1.13165991849111,-0.515437386562949,-0.498469268210703,-0.339377404291638,-0.822957702234619,-0.667953626330645
0.600249523236697,-0.0149030273958508,-0.232865649821022,-0.296941843823198,-0.727811826542913,-0.621307080312952,-1.24581509903043,-0.725625440591313,-1.13289981150512,-0.392081567498982,-1.17793506840975,-0.453430683976546,-0.422817804500563,-0.336190088578959,-0.726594052410179,-0.701496996726492
0.607467110669014,-0.00918897172607807,-0.435577994325594,-0.29720653975885,-0.583022346610448,-0.642686046541384,-1.21580037509835,-0.622899982934331,-1.56102208732403,-0.445564482646343,-1.11272584924855,-0.446277857452303,-0.457276956829593,-0.31737751183478,-0.684094370692294,-0.673390805912795
0.544167413985807,-0.00453150864541879,-0.476648250783733,-0.317849939279354,-0.612909526851243,-0.599776538060651,-1.42781569143067,-0.702937662278888,-1.45517801682862,-0.579078660890612,-0.958293116421118,-0.50838652846467,-0.448431047704227,-0.334330286000815,-0.674705520577111,-0.696026516391134
0.531593546617078,-0.010279214203283,-0.285732599766475,-0.308862627722834,-0.654100698746684,-0.597675931307447,-1.46755775485946,-0.658689469210909,-1.1701780620417,-0.441305913604727,-1.03679597197494,-0.446290660934522,-0.446252904977998,-0.324332154832845,-0.773537510294455,-0.698594329399279
0.632973224774037,-0.00968177708576126,-0.240849516756922,-0.31907421415253,-0.734527148930575,-0.667364198972221,-1.36675874305795,-0.649761673443217,-1.37818934213746,-0.596194107316655,-1.41345093430889,-0.392708684727666,-0.504883371181811,-0.332831009273163,-0.707975350710782,-0.700698045396608
0.59230782612004,-0.0112102113786305,-0.417268574504419,-0.328788739733834,-0.670432868077304,-0.634166867900708,-1.43732321635202,-0.658766773025958,-1.52439044142,-0.416489619032658,-1.09159686232205,-0.428998711990261,-0.403604496475122,-0.34348163402789,-0.750373769260043,-0.640467190282504
0.565568266215786,-0.00687726822496438,-0.461251109744408,-0.298111652917024,-0.70000074593104,-0.616169848979269,-1.08464011496774,-0.550711162454113,-1.66997677127807,-0.410704045348455,-0.951629622401271,-0.425381091617201,-0.414107942026511,-0.316664375316258,-0.822338989488343,-0.814009082187884
0.66879909321022,-0.00926952298644071,-0.651367446304588,-0.306176828883369,-0.638243969453572,-0.659985743557971,-1.47530297729727,-0.737179157021548,-1.77492098224262,-0.488105094119561,-0.812194164980346,-0.50310854329168,-0.437082190156342,-0.305240600552826,-0.744823090728394,-0.729630192973739
0.51331760067689,-0.00419735863901829,-0.430818986079029,-0.287844793337727,-0.770687262492537,-0.567448160538862,-1.43621865597846,-0.724688273755222,-1.21453828219748,-0.569478689690863,-0.807127672907809,-0.400873773298235,-0.43582869356912,-0.333287451582481,-0.6841133467772,-0.76477081922678
0.399653954891639,-0.0035601233633689,-0.331369099718615,-0.299017946371707,-0.636930502245548,-0.575431755843427,-1.45454526206902,-0.527646691171498,-0.943442970253396,-0.342239237852089,-1.15279535694623,-0.445264811210304,-0.423924895184078,-0.343002773689374,-0.658401957031935,-0.637500849179033
0.508252014221355,-0.00409946937825059,-0.46642673395651,-0.297520261760465,-0.662685869100884,-0.56673831728982,-1.34942352036523,-0.662463077208384,-1.72388801741538,-0.51996092596231,-0.918852742593664,-0.353876119941156,-0.460784302037966,-0.305712850469396,-0.746393101900807,-0.699411049899208
0.533968372842479,-0.00867435639389749,-0.404515612682108,-0.298090824561933,-0.65817830063247,-0.584762774493165,-1.51776391758234,-0.699234646557797,-1.61381025516064,-0.495971733875055,-1.27524561485854,-0.367482195000268,-0.434446085750702,-0.330745785552548,-0.759375761581674,-0.70064429410466
0.512825892629685,-0.00579076101587309,-0.420776268638925,-0.308411831795836,-0.70918582916885,-0.62018553459307,-1.35667059845622,-0.69431933120284,-1.34380736526951,-0.458046176371735,-0.938436735636952,-0.370824891880202,-0.41638924769971,-0.34292505102652,-0.740477129035388,-0.724724439211126
0.508448641380432,-0.00831222954167274,-0.35524015865609,-0.33199846857422,-0.699553517664904,-0.555322765078867,-1.38868754100311,-0.756062103408051,-1.56476442902472,-0.390782057628784,-1.16571359701542,-0.431594696243183,-0.466496577963063,-0.342104299786327,-0.780297972741932,-0.662187423579853
0.576433984630869,-0.00987949087076879,-0.452725791172177,-0.318159099943716,-0.685516262506257,-0.607391750289922,-1.43207383803811,-0.658753963393785,-1.41975089152631,-0.594995720617474,-1.46803121523966,-0.344115972276435,-0.441458532809674,-0.372033014867379,-0.65307760524016,-0.762779208971358
0.545305565212253,-0.0100630015463309,-0.437932944965514,-0.322467822809854,-0.589999083592524,-0.588541322805461,-1.54904974207039,-0.624852790188628,-1.31550174884133,-0.522015721722943,-1.27862649953421,-0.387157060589478,-0.431328144402986,-0.328814640534752,-0.746895974721405,-0.621481848428774
0.5321548307384,-0.0138480478209233,-0.419992448858759,-0.315315601318038,-0.704260944963031,-0.650108329825207,-1.41022628177467,-0.67945875775242,-1.37481231510896,-0.502987083319969,-1.22133790104354,-0.480360985752817,-0.454958141983652,-0.345512895574882,-0.726484473639411,-0.653534593838438
0.537974429583906,-0.0105962772904784,-0.401411482975323,-0.258901029135138,-0.624200107028819,-0.627744956288198,-1.27502312910346,-0.680519561573046,-1.43230496523367,-0.517921583201492,-1.10401926353146,-0.395907187123605,-0.462278310674077,-0.345194519373651,-0.702272888551826,-0.714537526277875
0.560198912776956,-0.00754289272358136,-0.299652683597338,-0.285038209748147,-0.677128996211616,-0.613502716735504,-1.3270748938417,-0.655740166825584,-1.43157709131204,-0.461504300189947,-1.17721751367443,-0.420447090701103,-0.404276074405015,-0.360163386790789,-0.755519284852485,-0.65156270807617
0.560218992533645,-0.00945713436297519,-0.35401629848472,-0.300959079407108,-0.636309405880025,-0.602513833466003,-1.37779384519499,-0.681109569091234,-1.26696437581821,-0.458237642255529,-1.09753691724483,-0.42915772568438,-0.422599463025997,-0.326218937085396,-0.723797119128832,-0.667109917715602
0.591298689997016,-0.010647097316481,-0.378197911438305,-0.307841609338331,-0.590352349543143,-0.580473993760125,-1.35569877253804,-0.694542877396677,-1.22557440949051,-0.532372664011286,-1.10783887946132,-0.448377911365859,-0.447754153596351,-0.366858158728668,-0.747705242723268,-0.747431153621297
0.581703273284904,-0.00969465691289009,-0.321931809240499,-0.289096763208112,-0.684628328353671,-0.624840135220971,-1.15082081198718,-0.635351914612612,-1.25112229761546,-0.490385910559037,-1.00893512979224,-0.401170854572046,-0.416004412414489,-0.368618939660483,-0.839412103841437,-0.643443664166048
0.579297888460205,-0.0100670368732545,-0.440662798093113,-0.283748379392872,-0.64061630889376,-0.617753198893191,-1.18183767904261,-0.638771615442432,-1.35919147375594,-0.400439912927302,-0.917993033435787,-0.321673245623022,-0.467947630936699,-0.330433061349385,-0.815844624329597,-0.564988689799584
0.719458627713641,-0.00842580036908669,-0.368317853497735,-0.304136681521427,-0.650787731224573,-0.541159269670664,-1.47714167662695,-0.626893258706609,-1.24422851383915,-0.437394112202945,-1.17973142910814,-0.32889431086309,-0.443531964428737,-0.310514170943528,-0.693952088568668,-0.666033707567829
0.534401110881676,-0.00892291340305128,-0.269396356449413,-0.314771190245803,-0.650066850594288,-0.626157233693175,-1.34340122020843,-0.640173730605144,-0.878662913361956,-0.289334382933887,-1.25105163881684,-0.454126305206107,-0.477778867224155,-0.307478180496028,-0.673830841641301,-0.69370162176483
0.529753725772578,-0.00986569256166694,-0.322117924587543,-0.309729015209884,-0.583931726182255,-0.574553061329944,-1.26260193725598,-0.685931485737713,-1.80740665818968,-0.414178421008478,-0.989301839211258,-0.449822672226003,-0.450862078584289,-0.337944855230409,-0.698437991995564,-0.609379063100019
0.615410730319834,-0.00717106426912033,-0.32349804908971,-0.304160138435559,-0.72830049334971,-0.649163748589618,-1.27769410656772,-0.628425793948402,-1.20147465380934,-0.494465904420306,-1.09317081018474,-0.42554090910373,-0.467006985511097,-0.343556399558391,-0.829575817243238,-0.677828731050315
0.580555223542091,-0.00882320168971281,-0.395304553466005,-0.303076033005392,-0.76655315648161,-0.594016625389731,-1.41234081439851,-0.751109362924217,-1.73885581781312,-0.438322345571595,-1.20689488881003,-0.356265832902911,-0.454221307076477,-0.343809181759757,-0.828155021239058,-0.736778178539737
0.584568705581302,-0.0105044118156761,-0.3542857696753,-0.30802998705255,-0.618446164070408,-0.601721163369313,-1.393605873321,-0.624959247899858,-1.16730080976188,-0.502204078342101,-1.24885625856295,-0.337948946469956,-0.451045037270049,-0.314510907756123,-0.637613514582706,-0.70780120341455
0.53654801051598,-0.0057658843888466,-0.362957315100629,-0.297171073836158,-0.649137669003579,-0.59817699844006,-1.23625102099921,-0.69838348551856,-1.62212646890677,-0.57949768362831,-1.39868631972721,-0.378527211307084,-0.434358314683037,-0.31185728037738,-0.845792976512832,-0.75609480765038
0.547101892739425,-0.0083671928607597,-0.513638798956845,-0.305282296063608,-0.66694926432349,-0.621424521006932,-1.25470175582007,-0.688736486029439,-1.46810139642411,-0.478495471367472,-1.31150138355997,-0.440712143448904,-0.453189688674815,-0.344314322994534,-0.712110487596286,-0.609924294623473
0.53282678828885,-0.00853363948851456,-0.507989150684121,-0.2830251013164,-0.667228750981719,-0.600612139469516,-1.19813653092667,-0.585338405828779,-1.36031568961425,-0.477538778613129,-1.21006365137023,-0.369846647327103,-0.461447053611616,-0.330625481513412,-0.734497024872153,-0.62338423260402
0.768366286114121,-0.00780355767209196,-0.373312511234065,-0.311241168344808,-0.701259197655841,-0.635421584545845,-1.38507133254012,-0.596495832684414,-1.00425217402284,-0.378994414357813,-1.02005663941772,-0.420784636100656,-0.454173246927768,-0.309129564240523,-0.751397490808841,-0.805902736469888
0.65538567284186,-0.0134365848183687,-0.374297699222774,-0.292547479489724,-0.565127967578897,-0.60475616411528,-1.37698630213151,-0.688633447578764,-1.40418722684963,-0.580096694233032,-1.10000138203591,-0.433401167426917,-0.492607637735688,-0.308100158172463,-0.706703020905659,-0.633562735964185
0.613126780229309,-0.00864305433638819,-0.409759398967608,-0.311427436423026,-0.716144962362891,-0.568213669555344,-1.50638472170915,-0.648813065979651,-1.13451741647566,-0.52850302789041,-1.10914162507157,-0.456012788301454,-0.442568150660775,-0.308119819471695,-0.77923408649672,-0.656040246338883
0.552509168656303,-0.0067929674040471,-0.373836845590434,-0.291710528207627,-0.703177675498322,-0.568969295040446,-1.43750526113694,-0.711070811415358,-1.41081335207627,-0.518481829396993,-1.06974759054354,-0.440609399076616,-0.469969000050665,-0.336603002110703,-0.75556590399165,-0.639800468999039
0.571327495480016,-0.0114457086492312,-0.396393471412783,-0.298849839148798,-0.655866329884649,-0.549304087762087,-1.38477002913284,-0.782206993736887,-0.953896369826471,-0.497440377556799,-1.16707666807875,-0.434585329350465,-0.405413148460896,-0.327878408176075,-0.710430531657865,-0.550616745693488
0.669631661848019,-0.0134102502756105,-0.46408892125935,-0.300959614700658,-0.638398041493467,-0.655914499967962,-1.34868899647104,-0.596910721573149,-1.40410484005252,-0.452440641394343,-1.23127405632868,-0.523319063434637,-0.428705721812475,-0.308291548923373,-0.736384679278822,-0.626787942351348
0.555861567115241,-0.00961004067561599,-0.1964906909305,-0.291066374677358,-0.573479800648483,-0.551024110752374,-1.42276172603656,-0.668771433664531,-1.3360850616364,-0.447846761448614,-0.791004901271041,-0.419855105718469,-0.449264584586317,-0.313199338244263,-0.728168764634399,-0.69931864244629
0.572561650586575,-0.00789972849618345,-0.434348239284576,-0.291907093070941,-0.669001654004322,-0.566097416482879,-1.42583619749363,-0.619510889156996,-1.46150949359405,-0.408553017385591,-1.15017811831236,-0.398241205309356,-0.442928053907734,-0.328837143182112,-0.735953386626472,-0.690563250228887
0.595908920746888,-0.00712516893059268,-0.348329240200881,-0.300632447582109,-0.666247543043459,-0.601244714649072,-1.59043342466474,-0.692353187759675,-1.20053543799948,-0.458091834526424,-0.882865266972962,-0.402936327925157,-0.443833840389579,-0.314843133687146,-0.688178129580219,-0.733326142749777
0.510514078519719,-0.0107566845262763,-0.46559478757911,-0.300844930155089,-0.672754599034776,-0.678094044171086,-1.38628918134297,-0.686441551659549,-1.03095515450858,-0.549729495742166,-1.52513182696369,-0.390602782333391,-0.476234521019742,-0.320191938711565,-0.778283928772481,-0.66240255346078
0.528739988293029,-0.0137376304468534,-0.381102221046528,-0.343188996934622,-0.608547181972032,-0.643190262115718,-1.55270620242923,-0.664147860842721,-1.36078608479726,-0.441405682827131,-1.45736497199078,-0.464202855366513,-0.461275776337188,-0.354179543405408,-0.72649901746365,-0.670170784628253
0.7379320612188,-0.0133179169019027,-0.547534711067964,-0.313892994254216,-0.724171944830172,-0.604163078090004,-1.26550712272495,-0.639350808790334,-1.14137476316545,-0.503437316984622,-1.00981570028448,-0.453548367559912,-0.444665225248339,-0.319655005300834,-0.80982656080281,-0.713620819393935
0.562595871877841,-0.00286315563295835,-0.363466544933626,-0.298434205463706,-0.723643520576897,-0.613746006341809,-1.45375997938876,-0.72444899144809,-1.39954961538083,-0.400840412426498,-1.30042248296615,-0.404568197031604,-0.424593791463889,-0.331399122034206,-0.622058444610977,-0.72071924685712
0.631803520818719,-0.012419512773498,-0.424647102906178,-0.325819302777256,-0.599712915213232,-0.54423115999941,-1.37197452596423,-0.627674009667682,-1.47710455067316,-0.548437996448463,-1.24832697380511,-0.44655651153168,-0.426962896542932,-0.315373909044301,-0.81231783550078,-0.7503284106465
0.599385032118178,-0.00588306614648949,-0.455436196601535,-0.319599559036827,-0.787400189153257,-0.57410086285393,-1.19440915077806,-0.629519015344997,-1.17845998259729,-0.362152752013907,-0.914007783531987,-0.449030525343668,-0.39904305400853,-0.32561602229241,-0.724555764100514,-0.703574457553313
0.570432860098095,-0.00741044839694983,-0.412554278939782,-0.322950804000531,-0.736937492247335,-0.613451309808574,-1.397531187174,-0.674404777516889,-1.3843472209782,-0.507445986074334,-1.07437320588007,-0.53977225656508,-0.432469233132431,-0.368915208005971,-0.716722907792407,-0.702449464053992
0.548520122768844,-0.00742195884572417,-0.370272134800022,-0.285998536376706,-0.672357027886537,-0.531527402927479,-1.21253885649717,-0.678503933059953,-0.922842880818915,-0.436205955764409,-0.902239779168885,-0.413362021003348,-0.454282962885154,-0.327096211454876,-0.688802960455416,-0.684000893799741
0.52332692237746,-0.00950153848979194,-0.519575746909123,-0.296196639886403,-0.66604052540525,-0.652232921822182,-1.57282010812539,-0.627788676420949,-1.72434951695339,-0.385577574609093,-1.00834044825089,-0.456510444833688,-0.436935067380425,-0.339690202509146,-0.679827088642268,-0.72156947841958
0.407795920431202,-0.0110636454930338,-0.470847054663374,-0.353022768801195,-0.553216975929007,-0.632815710747913,-1.29969254997659,-0.660354597700149,-1.41674018513387,-0.500427282863229,-0.907733224302327,-0.523091241735719,-0.411424883418296,-0.319797622867726,-0.78005922340693,-0.666654821833623
0.711194449544355,-0.00669881291032585,-0.149940777014413,-0.314779055900648,-0.625931911495243,-0.583387151379234,-1.46536857637417,-0.769558218098168,-1.43625799532145,-0.478807999864997,-1.3523453242042,-0.427376704500747,-0.489352727885259,-0.311312247840327,-0.852061485628262,-0.710674022502369
0.451743335162078,-0.00891502268416798,-0.490001066354509,-0.302119461977558,-0.668486048292018,-0.586618922512426,-1.52981734705781,-0.636417518189151,-1.39647300470043,-0.554463268735876,-1.13061496537453,-0.398458742140837,-0.478947225836849,-0.338084745052227,-0.846324890505944,-0.688451751155549
0.696317897255122,-0.00983888702593025,-0.352078737636443,-0.285528618928023,-0.651084480725524,-0.558437044387088,-1.37933177476071,-0.622652082986562,-1.53745097510355,-0.440611281258611,-1.24383213086885,-0.469119282375527,-0.421870843370295,-0.290697355496215,-0.719706900281825,-0.807023931781129
0.621780208996012,-0.012338160913817,-0.404885684382538,-0.314957724025163,-0.625077631460209,-0.592137387287666,-1.51444443854385,-0.68807285542875,-1.30559701722357,-0.395384483744884,-1.11465295044612,-0.438683247501388,-0.449112029907304,-0.327563996613578,-0.767945091617157,-0.53450832145139
0.643597577857313,-0.0145493912693179,-0.471929995160788,-0.307795797021345,-0.618073597058137,-0.633875098364898,-1.38905550791301,-0.724875677848952,-1.82065602236552,-0.343580207633433,-1.15245860985663,-0.413949423949841,-0.497576671856523,-0.356459657548695,-0.872146246019996,-0.790858267412937
0.560339855414618,-0.00845497004529536,-0.451521420548141,-0.2862153904111,-0.646345534070258,-0.605860612541922,-1.42382021182558,-0.677342751077374,-0.881142255727622,-0.469963329967951,-0.904229082795532,-0.398754984904519,-0.433187906749719,-0.35588518962967,-0.741531903112946,-0.629572853382878
0.63446510013348,-0.0108138192172025,-0.401835489353257,-0.333524744367437,-0.543019733350859,-0.623864811196627,-1.17681493766604,-0.735475355142544,-1.51553716513881,-0.451526593521642,-1.21978835638357,-0.420054699093124,-0.441472620791811,-0.311124929956803,-0.713306234239085,-0.632038325423294
0.606492452891247,-0.00861997512343222,-0.435920695190782,-0.281662839563024,-0.745932021418837,-0.633150270019154,-1.46245780590895,-0.752855526169813,-1.63858882578008,-0.556245386594581,-1.29129222314658,-0.38379182880721,-0.436880602980928,-0.321176815375393,-0.813454608661464,-0.593297982314689
0.677336152456979,-0.00886754829500419,-0.469203055544275,-0.297459471076131,-0.670813053590609,-0.631378348252513,-1.40106530939104,-0.645880632012861,-1.69764941980896,-0.502906205934714,-1.06410803255171,-0.451107921287886,-0.436343388172204,-0.363126261414328,-0.790236114514719,-0.628985510034317
0.698380353196897,-0.0144548323656349,-0.474484648353094,-0.291111713121907,-0.474096300524488,-0.591735568568809,-1.20920288051793,-0.71781250850851,-1.0263393634288,-0.467952345137976,-1.00100411445672,-0.392703965057424,-0.458288167297571,-0.297773965785662,-0.712966239915113,-0.6184388835046
0.665575706186276,-0.010427938525697,-0.460052914166256,-0.293980202510957,-0.647382118356285,-0.557403612814496,-0.998709221538958,-0.63629349463748,-1.78116998160979,-0.502691518435323,-1.15983260256945,-0.406044975421185,-0.424982565355816,-0.325409223820904,-0.808698022356221,-0.663536311530979
0.789661123096482,-0.00803127001198183,-0.291769974441207,-0.294988103765535,-0.776482545274644,-0.558783882533772,-1.37142215252941,-0.663160179502139,-1.33348490546003,-0.463347972320927,-0.87118860596761,-0.445081489268634,-0.415562314385186,-0.282550031516262,-0.694423930738303,-0.650798058371808
0.729090785047149,-0.00857829368557684,-0.375259293630219,-0.291250512564472,-0.702194192336164,-0.603460675604015,-1.26248360393241,-0.696783946414482,-1.14496027639844,-0.486746527790199,-0.89656282581385,-0.368280101551706,-0.412259867562497,-0.307369544642423,-0.776148052189606,-0.692950787544095
0.593877237695995,-0.00763839624261933,-0.406747994329234,-0.34134042821674,-0.640633126322398,-0.666843355795326,-1.27179816216644,-0.710594954790744,-1.38363902594055,-0.248748042852578,-1.31958588322833,-0.355938159150296,-0.492085615450131,-0.310160261394622,-0.686656366262939,-0.726728500331153
0.61511485939349,-0.0070953504085741,-0.334401910412102,-0.322822965605286,-0.637363078508803,-0.618929687602127,-1.54475390733877,-0.624812299089739,-1.39045777964517,-0.363982766353846,-1.1802737028927,-0.463738223202705,-0.446334251912398,-0.314940287569453,-0.762748553375193,-0.747061053367348
0.653214961259084,-0.00839203959859814,-0.402828593490815,-0.300827775918937,-0.667939224668693,-0.594227519745357,-1.15350227769556,-0.662071158142636,-1.14437526526865,-0.397510690824516,-1.08736326222423,-0.304076982118967,-0.443389064806589,-0.341262006618707,-0.788087235148827,-0.642174173777223
0.595484028215379,-0.00598288076431743,-0.3794958695024,-0.305198209528026,-0.635374245170195,-0.601835968626341,-1.14732964513453,-0.667162309503957,-1.38704225911104,-0.454413788245305,-0.887810993431959,-0.467708828017418,-0.449383452307135,-0.309584367613268,-0.801185124491822,-0.607600614000514
0.680129927839612,-0.0107187348032096,-0.286725294754833,-0.313180662252146,-0.637013338526401,-0.58335176583784,-1.3771859457572,-0.685877058840522,-1.38050207076612,-0.414299708366603,-0.822331419766199,-0.356350539200259,-0.437145200968424,-0.294142163814406,-0.716807903117577,-0.753299572048498
0.653210071889515,-0.0129558932683025,-0.299482256150498,-0.294518613474276,-0.62102871533181,-0.629044275362033,-1.4451584454991,-0.707161347401673,-1.42718199429442,-0.49047495193256,-0.999945777964294,-0.346890187804105,-0.480019544979992,-0.324958910632505,-0.766950644185018,-0.625609807652589
0.456124853235126,0.000131010412068214,-0.373145649231835,-0.306721763263118,-0.716491738873968,-0.6142938811011,-1.35199922931883,-0.624244286142159,-1.65308586554982,-0.562312126969641,-1.25745960507903,-0.383291588735709,-0.428728743824885,-0.346549015061105,-0.762720593484009,-0.717218586163437
0.569775547341507,-0.00986331952377125,-0.444036247547254,-0.275887415172477,-0.545759680729858,-0.653797030638719,-1.16383231688169,-0.657226172940457,-1.62991705308325,-0.451076008506566,-0.879122118857601,-0.302757328024251,-0.443380336119038,-0.317547446510401,-0.732168800940903,-0.626033927605891
0.592304433741173,-0.0050866965908128,-0.528643936414841,-0.320031221033709,-0.69318844236527,-0.623477154774786,-1.33745824861899,-0.680971906556835,-1.71702105218199,-0.403728104416774,-1.16361038381338,-0.48858931509296,-0.458711744480247,-0.313376969953269,-0.702348924608491,-0.825346131878952
0.467734161772559,-0.00417852426065601,-0.345514668843605,-0.303463115082186,-0.727796168453485,-0.576174624551453,-1.28212776421838,-0.623901115033695,-1.14439420527481,-0.488747630078064,-1.03262761778669,-0.364318628524393,-0.453143615716067,-0.319173353640518,-0.709477936628411,-0.641488532691228
0.498024163352558,-0.00921130170073311,-0.540850561221614,-0.291349012861504,-0.673922572904041,-0.619109708696015,-1.31164072400224,-0.624194285727778,-1.17970468683423,-0.49278384429624,-1.05180621430979,-0.415498014625099,-0.441561970499411,-0.330608319773113,-0.668857446624006,-0.674507873681408
0.629987283036953,-0.00927653770571318,-0.420826440850056,-0.310808075982269,-0.662884067162358,-0.631758862018215,-1.23644815594502,-0.720616202487551,-1.7554165273905,-0.512177304551797,-0.99776977169523,-0.349307122631913,-0.459399783803324,-0.328706929363114,-0.695513651354115,-0.597887559405796
0.623595859922688,-0.00770352485543388,-0.533664831843089,-0.331318378747987,-0.661424556807487,-0.64699926709151,-1.35346174750387,-0.661000279480591,-0.996563331447831,-0.575621021294019,-0.922966413654584,-0.394496709046505,-0.481497712452824,-0.31691779956303,-0.840063833589459,-0.6376009585126
0.611675749232693,-0.0113172974229076,-0.260385225726786,-0.315700563835757,-0.498244683764163,-0.611908942151045,-1.39743923140199,-0.605182055734393,-1.49789693049339,-0.529991336793429,-1.21417049878134,-0.49991619023703,-0.439644690112749,-0.329567044018724,-0.699657055212777,-0.635499726302772
0.662459376131863,-0.0089896452020049,-0.352815651275019,-0.305644448537305,-0.554627485270614,-0.597839277726022,-1.51441255125566,-0.784958463289643,-1.46236241651002,-0.489164589337042,-1.22703141799186,-0.423085108690174,-0.434997193020069,-0.316176480466434,-0.676592434169358,-0.642827673290908
0.560240629897365,-0.0106283571792249,-0.303256223786675,-0.318812273408532,-0.64301987726169,-0.609934560636579,-1.43582191024401,-0.63536379401324,-1.09291885616512,-0.497502365657141,-0.977725828153573,-0.390365950948402,-0.467340692781056,-0.333645742873643,-0.737888270769398,-0.644651688183917
0.724029390749773,-0.00667213967260477,-0.523310199888769,-0.317824160035185,-0.644128463976226,-0.598093587686319,-1.24281375452114,-0.640010008481591,-1.68920543623159,-0.341633891605749,-0.966762217468401,-0.44737704688367,-0.42424969896138,-0.282288370223896,-0.720445358522525,-0.663692877194878
0.806830868491726,-0.011085876265487,-0.486764689477568,-0.279829902446098,-0.709410817517481,-0.579979829420773,-1.11800717207233,-0.626444154800625,-0.50644083470589,-0.4115776298776,-1.1207053593086,-0.388756091186096,-0.440314406762966,-0.289897581080638,-0.784018969239522,-0.689332292584906
0.581396553249745,-0.00800606999586722,-0.426427611595455,-0.30432546867824,-0.739403477096943,-0.592007238923429,-1.33704563659622,-0.662311184256286,-1.80054203217224,-0.455658451385809,-0.885409906466635,-0.494162422726558,-0.473542765982478,-0.364122264565896,-0.8154547755466,-0.659689565114158
0.648630139351102,-0.010593335502466,-0.481870234982243,-0.29152970615437,-0.666985521946375,-0.642370177647777,-1.29745447770411,-0.759731380564147,-1.35764045968573,-0.518331440935837,-0.986898102219023,-0.497702493911108,-0.451091997459081,-0.311809675006963,-0.785542137724233,-0.672117908608146
0.628171572844142,-0.0104940432331269,-0.41165114973919,-0.322859641970071,-0.662494504863541,-0.558127475863824,-1.41991172163802,-0.730097166781407,-1.11798371308813,-0.466476992168583,-0.870928812388037,-0.443461287825033,-0.429220646701549,-0.317338363543725,-0.748608660014208,-0.71637921732092
0.650959936688719,-0.011973940740784,-0.50602310010803,-0.307808515862724,-0.632183523923027,-0.659936379036035,-1.4629005416311,-0.575056092613848,-1.77076824323428,-0.494974565427807,-0.983972009747469,-0.384047885814258,-0.457737324229944,-0.332481595704469,-0.80317836854565,-0.663103914838175
0.555700455131087,-0.0107716674653634,-0.274591868096191,-0.307774637270551,-0.710939176586618,-0.571548315767129,-1.26592993029928,-0.727242582342174,-1.47149781546911,-0.302089519990865,-0.842418184152497,-0.378093517616397,-0.429032090829581,-0.332021622631795,-0.731172343171019,-0.65612264000754
0.689608020444988,-0.0134284723212941,-0.330799583891744,-0.330916151844435,-0.636115372485689,-0.596688119955351,-1.32304789789668,-0.692647509339437,-0.901318890700424,-0.515012385045783,-1.39643446449566,-0.475750516338625,-0.507785296489167,-0.372271244548647,-0.916873023702337,-0.585186758499517
0.68188997953145,-0.0151903745946622,-0.400404068117518,-0.325047011670168,-0.618066300376452,-0.569138933755167,-1.39840047983914,-0.655474571455533,-1.85605010798383,-0.468837244363566,-1.17800618725435,-0.416891212408602,-0.426171488652469,-0.296984196716409,-0.778719593419129,-0.622712836495968
0.38504018452543,-0.00602805893444565,-0.385685932540239,-0.3097403807073,-0.672812544022595,-0.600158145867248,-1.27637738470262,-0.657586582294068,-1.12575211150638,-0.542971995143082,-1.45023691979464,-0.363800685571501,-0.427073276680864,-0.325400927263521,-0.71002041481093,-0.829301138206335
0.490670112151658,-0.0118158105864624,-0.22785738214593,-0.286159151176415,-0.624064844571047,-0.640722457403812,-1.20176695310491,-0.764710055704228,-0.866367983412336,-0.509025146890348,-1.29715530858865,-0.469364667404643,-0.433632255678253,-0.326638784088979,-0.740348497897256,-0.652161628212583
0.57128348042763,-0.00630336959658108,-0.487192470263289,-0.26086645724628,-0.616184979562368,-0.58616244380758,-1.16403951161013,-0.640903424412491,-1.56167354414442,-0.532624951082896,-1.16584733027422,-0.426622604578477,-0.454964717515467,-0.319011412249886,-0.816942030448486,-0.7662356141742
0.675082690064623,-0.0129809174001381,-0.291396542425069,-0.314588783711332,-0.662292269774261,-0.60452141956536,-1.4408610366586,-0.614368091482035,-1.06533915123552,-0.419126534840923,-1.00719581374702,-0.369576262711377,-0.451138105269052,-0.325770394362274,-0.736730913127359,-0.776738886361057
0.516034226538839,-0.00274462563555001,-0.370188881294251,-0.288500288421425,-0.702440168180729,-0.540399245319124,-1.45689611668064,-0.622026538250434,-1.59628383167828,-0.537206122770044,-1.31699878771959,-0.447985881036011,-0.438511820683282,-0.298935965496148,-0.758024653124397,-0.668119777323507
0.680166074650315,-0.0100665963666071,-0.419954132501304,-0.301604467643987,-0.793928167850956,-0.590433457201262,-1.38334848219888,-0.699074006863209,-1.23984999623966,-0.45224712805558,-1.05400364889467,-0.444274022117695,-0.436767776509797,-0.350338576597328,-0.812703846002359,-0.772508913515863
0.645445319834113,-0.0133319112017064,-0.42917800395182,-0.310090500913636,-0.660819115600836,-0.593475715055584,-1.32082800244459,-0.676515036508729,-1.2083369883,-0.586979463613119,-0.965847031693403,-0.430599021448809,-0.448162384865612,-0.312578767702007,-0.703587316679687,-0.642982643419812
0.590699036252935,-0.00429578813197072,-0.35476953409089,-0.30206513385539,-0.587862741770767,-0.617017710040745,-1.29471553132249,-0.610660877683576,-1.48730522787649,-0.500481062060851,-1.03401999454233,-0.453516705126086,-0.414733245772408,-0.320224256641757,-0.813410693718074,-0.624501456237948
0.689414801145206,-0.00900775777905339,-0.515043981523245,-0.326653108043632,-0.605326168427953,-0.597091039990664,-1.41877426252271,-0.636535695390431,-1.73389456505069,-0.446787952748364,-1.22572935959095,-0.447781889862055,-0.45387589023267,-0.335390404660672,-0.783486081316925,-0.869342679179
0.461605389024255,-0.00702945224250536,-0.337940770396901,-0.303445654985529,-0.656431947881215,-0.622834851772487,-1.44000047863639,-0.779752193448686,-1.26259077639277,-0.467569270310526,-1.10195415957177,-0.479446004022692,-0.4289601841411,-0.327010264986197,-0.790817371908927,-0.646190638245365
0.546652634297873,-0.00980859950794957,-0.34073956457293,-0.283774992478933,-0.597616623601866,-0.572489031746891,-1.35342659756109,-0.722998176897157,-1.24124469725986,-0.52267424966854,-1.15254845595066,-0.292246566548625,-0.458127545777814,-0.347178577526037,-0.780330549727406,-0.643244564448947
0.574602595873542,-0.00772645173472431,-0.482538910399349,-0.289165537782744,-0.678103509073924,-0.583755914884801,-1.2269772588485,-0.600582850474619,-1.36823490581155,-0.458016352467117,-0.924628955206601,-0.511378873186421,-0.462280504695018,-0.347576334526793,-0.681913683607842,-0.579440075647623
0.553764491809971,-0.0067992632153223,-0.383110966538648,-0.286875982008848,-0.734229823945348,-0.636855272268761,-1.44787161434313,-0.710235667915419,-1.40381532917356,-0.393670941935859,-1.02191698968951,-0.443625587811207,-0.445580966833408,-0.308636387658468,-0.806861178802592,-0.757369752076516
0.645129557595555,-0.0109054621028308,-0.38360998022463,-0.309179848986361,-0.683567320730091,-0.587035950926453,-1.52208176522629,-0.621100451518748,-1.6093700175919,-0.535828497664276,-1.24250329533041,-0.469362139821693,-0.444484680117236,-0.336419050224563,-0.744879864231023,-0.688873230262746
0.578125225575885,-0.0137548270070954,-0.320604946237258,-0.306175568705562,-0.605977616153853,-0.653288522470153,-1.34389580282667,-0.702039317315791,-1.47144875630685,-0.562286299724027,-1.00741569084032,-0.464996380759106,-0.426942453422639,-0.33987897775121,-0.835541141518229,-0.675109397801868
0.498716434538625,-0.00568701836597091,-0.344266354433594,-0.311576878058126,-0.763433891433861,-0.65254054103683,-1.20266434711306,-0.742355828626758,-1.35479542240025,-0.555311282487423,-1.13932441882879,-0.443444526454617,-0.442325830752506,-0.313484937532323,-0.708423275791774,-0.78841127409304
0.688087082996195,-0.013058836235996,-0.18943948373092,-0.337516419819084,-0.638218255810914,-0.627483481546821,-1.52592716177654,-0.681299165264729,-1.56942959283126,-0.487036985619039,-1.03918572174931,-0.391015103812426,-0.436803628122233,-0.348378338122303,-0.758037065107239,-0.696606382812908
0.461565014945072,-0.0103090200124648,-0.358853247278324,-0.306338559497302,-0.64609917060407,-0.606196632389073,-1.3579309064857,-0.666630172951396,-1.06371524054653,-0.451714614727154,-0.873835362605517,-0.427990685821009,-0.440798702257228,-0.305191090516351,-0.751675139812678,-0.619386178867457
0.554982302277475,-0.00744738101707184,-0.472494372746936,-0.322036391233901,-0.693086395126382,-0.630908224736851,-1.35535577682525,-0.757007636505485,-0.954293556416533,-0.42591530078826,-1.15485841531514,-0.465804906306787,-0.434210228562528,-0.333479330250879,-0.79215036846944,-0.702175499290677
0.604943879996601,-0.0125932407223121,-0.265432404371172,-0.290638529027419,-0.563232053639279,-0.579109395933696,-1.3917339052699,-0.699667381186775,-1.49511009606511,-0.561353716157881,-1.43671678326713,-0.501576167207354,-0.411165505437931,-0.323462327124345,-0.740039008142178,-0.768282910328874
0.602617835567679,-0.0108670671816568,-0.374308888469787,-0.3152902916171,-0.628622724838877,-0.57107214781977,-1.40208407369967,-0.75693530146008,-1.3583520440054,-0.556766646936019,-1.2595751186695,-0.408677546843788,-0.469389939797969,-0.341001810402239,-0.777999936134488,-0.744123114832103
0.62236694219204,-0.0123574055598008,-0.381124420170889,-0.299866536127158,-0.658202988931402,-0.629860337984855,-1.30673658149387,-0.673088003704001,-1.33636170752391,-0.434265450887917,-1.19297075668618,-0.559057794200695,-0.430840495914671,-0.297907370634733,-0.665910218665446,-0.748166034737459
0.5817506574663,-0.00980994797821617,-0.391979085300161,-0.314477114700034,-0.594468879991386,-0.60344446374145,-1.34691797506093,-0.760267965015802,-1.31292082591045,-0.499994859599342,-1.22563960455246,-0.402732856199355,-0.453082597109681,-0.351991617780336,-0.736719439661749,-0.658545495660721
0.565828421245277,-0.00715585658003635,-0.494253023907347,-0.301787385169227,-0.772200989706518,-0.59128690761535,-1.37559281431258,-0.706202922901247,-1.44592056012367,-0.523120095182187,-1.31687287657764,-0.428234146650302,-0.45210658122014,-0.332959532090868,-0.773169582927627,-0.752397363133522
0.493738688077852,-0.00821923608136857,-0.346469306161384,-0.30330396894873,-0.688351052361225,-0.64348680166937,-1.48155095726439,-0.616156765418956,-1.74170619260701,-0.418975039884229,-1.21307385172649,-0.413451873920263,-0.482790733851969,-0.347078716888308,-0.679736991234566,-0.665009344918701
0.611194557779796,-0.00775471925890798,-0.381405322388663,-0.317073566320848,-0.737753649426928,-0.609748597355018,-1.26063652928833,-0.694618726384176,-1.13521349916159,-0.401246001986361,-1.09414435487932,-0.391173049153559,-0.46874464127461,-0.33555695548344,-0.766308601448374,-0.711254838838826
0.621233610344615,-0.0103147255487046,-0.427001780225758,-0.313914413297037,-0.563989151295544,-0.605368349168446,-1.46900199248406,-0.641588223021233,-1.1019055587525,-0.410968604244346,-1.09445454218863,-0.418116048316437,-0.388249177823819,-0.331530821294206,-0.671726956254824,-0.612971300504244
0.665383732337283,-0.0097414903056356,-0.396902859155011,-0.29899876333333,-0.768835916719218,-0.649823085307322,-1.41893541476063,-0.706384234877582,-1.22320686346016,-0.398981885520877,-0.845521293809631,-0.393410811033412,-0.432976764165619,-0.296297420377539,-0.71795931632495,-0.682447612672132
0.538453844898837,-0.0104771361514682,-0.382699331115661,-0.306976925853523,-0.679002077536668,-0.559480603811035,-1.36266160259369,-0.705441997779209,-0.88580958965971,-0.528818349350597,-1.12315566546201,-0.457521972416567,-0.447613342916928,-0.305105412195363,-0.755837755789581,-0.615041914387131
0.629042200568267,-0.0121286356281733,-0.363685317068565,-0.286040145855187,-0.631694520908026,-0.627132057612461,-1.45661158396879,-0.599760759434509,-1.33365194652886,-0.327187507678924,-0.95801905192571,-0.394651232292591,-0.440404874439027,-0.33707322242795,-0.70009067896145,-0.601859088778913
0.544784049488405,-0.0104332066528778,-0.417319864039916,-0.332257651958256,-0.641430428512516,-0.581203544837705,-1.45302788121914,-0.754253695862471,-1.36245736146589,-0.392420223703675,-1.37917685281431,-0.381674807078875,-0.472132490544889,-0.32637866263526,-0.689164771594017,-0.605268588655739
0.666600071726979,-0.0113197930811693,-0.385417104823698,-0.316778450362152,-0.61979585462948,-0.604852264383397,-1.42356512836931,-0.673653287260672,-1.21438814186975,-0.527341612655499,-1.18149963299073,-0.474331114292073,-0.47055952935581,-0.34140098442504,-0.757653467876665,-0.585293632846667
0.446805145428701,-0.00690436042707058,-0.420388839251353,-0.32010593685954,-0.675253191776451,-0.643609595110848,-1.53502025107097,-0.717599476021868,-1.08217013046715,-0.577209478094461,-0.937465557468812,-0.420043258636152,-0.415525384949041,-0.343857352984497,-0.788344835166203,-0.67232659471022
0.532970577396524,-0.00688475821864722,-0.473235733728764,-0.293600239110045,-0.560522711038427,-0.570690105887246,-1.3463660737353,-0.697730600632378,-1.29500326936239,-0.317117569411333,-0.901039563342869,-0.422540213766059,-0.444415702221356,-0.350189178577911,-0.732507328785598,-0.658490564874703
0.556223108009423,-0.0114242938557688,-0.299233483741235,-0.322984201679954,-0.61829910992875,-0.527465716585282,-1.46123728328392,-0.693308943358505,-1.22775854250274,-0.515223279837176,-0.903604993332318,-0.477199213961529,-0.457106427404395,-0.315316682357133,-0.877536924534088,-0.581174576751408
0.586832946301999,-0.00761302892117864,-0.327193189385309,-0.317183797700168,-0.654663896716565,-0.585611339295453,-1.26531478646732,-0.664031943182634,-0.88600371601248,-0.572525590380739,-1.10697927631753,-0.459982056519477,-0.482513102332123,-0.368317637426647,-0.71204671527813,-0.67379413370595
0.722056635912298,-0.0139697318062631,-0.495063788318433,-0.267180507439802,-0.717615384123111,-0.647535421971862,-1.33196470273117,-0.697562782611843,-1.14916197718145,-0.501349990260452,-0.912921718482416,-0.428184670451879,-0.433672688621706,-0.348993523023682,-0.861822765401762,-0.655495442046632
0.668359538246499,-0.00860792197274982,-0.300760714509535,-0.313663320988593,-0.728162893254009,-0.618314565500839,-1.37701182668629,-0.811161845880486,-1.30747591925166,-0.468020503744253,-0.816059328316649,-0.378661143841814,-0.442513159910323,-0.299635277586206,-0.746825000816515,-0.745545290163422
0.805844723551831,-0.0112009943012794,-0.216817226042373,-0.29401649820845,-0.618377546923509,-0.582005362754908,-1.16323442780112,-0.657526248261445,-1.72597499440533,-0.491105295829318,-1.09906535959111,-0.366929204249764,-0.48490584433451,-0.318784802588101,-0.715686328720361,-0.763277021668216
0.57281648544361,-0.00530464483689663,-0.317483571826464,-0.309165692121291,-0.660576946351581,-0.609612860569779,-1.25207507117142,-0.7011345865928,-0.886531327353612,-0.44734691864651,-1.23914784714213,-0.447562577722419,-0.429831657856074,-0.371773929882048,-0.728580607405269,-0.753227932285632
0.54634966049759,-0.00984987290508958,-0.410880863706786,-0.306356606795475,-0.6192022288105,-0.642673346288492,-1.36107928320894,-0.697507380452422,-1.40760641825816,-0.430716023991427,-1.17312067046895,-0.373284382233717,-0.448687487790111,-0.361194393278522,-0.773386596516218,-0.734108807007755
0.572042314871979,-0.00649762316053879,-0.467330961077384,-0.311891138221395,-0.668405073865384,-0.593912505002006,-1.34189224936399,-0.571747252006826,-1.60849384965169,-0.487500621424731,-0.977498425950247,-0.334427829404329,-0.474257960283219,-0.324450820113684,-0.729510483276699,-0.656593542569278
0.510082728233222,-0.00632795279104241,-0.334589561433451,-0.362356224047052,-0.62598346518214,-0.613639110522157,-1.44046263575006,-0.743663128809761,-1.38533219205319,-0.51328934612953,-1.15829856023945,-0.443378170072228,-0.450244832513524,-0.341705843150642,-0.684704128780695,-0.686089708367645
0.428555765770108,-0.00399964970518702,-0.340388090446013,-0.302924662959403,-0.767613743819381,-0.604758083865872,-1.30079263298526,-0.709134269290058,-1.62308162720172,-0.574866696117868,-1.50685055698938,-0.442804617925047,-0.451432555247057,-0.351879265838841,-0.73567480754539,-0.724806008416141
0.683733436421105,-0.0142998485068472,-0.382955130752187,-0.273287510769771,-0.561680973972745,-0.569678674239735,-1.30507544069303,-0.656023053868696,-0.942867698040365,-0.458426882747514,-1.0683216214385,-0.442893358277356,-0.462507171254867,-0.342552187561492,-0.718926311683125,-0.528474451536254
0.444848210475122,-0.00390481272142149,-0.474652546959054,-0.295547477069446,-0.797798777021952,-0.623566228223713,-1.33540199509856,-0.733067520954242,-1.73841023666558,-0.544178698228727,-1.18874129963186,-0.427529913958711,-0.454645060825998,-0.325164205470395,-0.793337984163625,-0.737632803355636
0.686185320389353,-0.0184963915443358,-0.423694970269796,-0.264551738644626,-0.531657614307868,-0.608505071735885,-1.2693081699144,-0.761917974324882,-1.07218843608465,-0.49805804685614,-1.07898681915631,-0.457216183358229,-0.44062799244633,-0.349536654336405,-0.671310542368504,-0.561956378872805
0.516183491722968,-0.0115145615623406,-0.423993595914438,-0.309272007995524,-0.695876249733778,-0.619006328153168,-1.31981475045967,-0.787992394783941,-1.50651158986628,-0.3914808416481,-1.11291336589426,-0.390412425969695,-0.404972107899692,-0.312656197684574,-0.848888024236474,-0.60001913757864
0.680162474183004,-0.0112934792575903,-0.374641380097057,-0.333513225590068,-0.732000923719488,-0.596499892747855,-1.49605206240049,-0.701338754771387,-1.49258198540417,-0.590556463728479,-1.20333338131786,-0.385871903733286,-0.460162646185267,-0.367254167891769,-0.890803208420552,-0.634131681527829
0.722303790095148,-0.0123086098881616,-0.669039228794436,-0.306342854812688,-0.654856911529448,-0.564199134551109,-1.58264638635459,-0.630345077814805,-1.27819012535249,-0.499293592482519,-1.01418261582859,-0.41254980168177,-0.445099613578755,-0.329230173057254,-0.784905715315732,-0.655523796262878
0.50866200485193,-0.00738678770799165,-0.407889438680195,-0.3169845262914,-0.546323577977703,-0.560275451173815,-1.2737231617902,-0.59462668112413,-1.18596155019288,-0.446339459539607,-0.997613636225441,-0.295120104341574,-0.437355907423527,-0.298573349627245,-0.764769366322791,-0.679066730553827
0.647905007076591,-0.0122841526239637,-0.326902566366075,-0.276715658260709,-0.561084472692886,-0.673082296755349,-1.27918930503203,-0.645735836585987,-1.4985273450658,-0.527716297677533,-1.23393828994628,-0.36738075181931,-0.434835641267179,-0.330206967634708,-0.833366826951799,-0.698488172607255
0.57479441367963,-0.00894417989204387,-0.331854003320888,-0.300335503477583,-0.666948958789525,-0.602550646614951,-1.21607615187576,-0.704501810798967,-1.08223873979626,-0.578979470274976,-1.15921035078322,-0.326811128455272,-0.502099626401091,-0.321670915172091,-0.80158252789729,-0.631336575297384
0.70740358629162,-0.00982849044165204,-0.376566676299859,-0.295603598240393,-0.666847620525579,-0.588883628324196,-1.22780517900202,-0.698640034838782,-1.30417751131132,-0.280742212305337,-1.35616946164829,-0.46564702367834,-0.449077393491259,-0.331159796340304,-0.865398335395787,-0.746530043254375
0.579296881344578,-0.00799299929389606,-0.363504044575008,-0.272243000931193,-0.745971313039988,-0.629404362859482,-1.47584876892516,-0.680883307082281,-1.54567832988675,-0.57552235614205,-1.34618209127923,-0.398137751959441,-0.463580007068891,-0.343257496681304,-0.668400641112038,-0.657126028073492
0.481818995816007,-0.00701446624845323,-0.345208946512634,-0.312495898655156,-0.673722542120339,-0.561756857300997,-1.23267120600196,-0.617319236339931,-1.12116384687429,-0.334065338629076,-1.1992663288229,-0.488281267456774,-0.42721466183725,-0.350191848575685,-0.753010840283824,-0.713696324085003
0.634900854328368,-0.00663286640129698,-0.555331679776852,-0.306159150706961,-0.706566440387294,-0.607512711628406,-1.32870384748298,-0.69585304703523,-1.05564850208612,-0.612734245408452,-1.45044484526925,-0.483250597634749,-0.465075479266085,-0.342116170640659,-0.763311564711506,-0.708019982339493
0.588799019278607,-0.0112534293704994,-0.418677569050719,-0.308932462486101,-0.638921267469863,-0.623270651625987,-1.28949329214867,-0.583689080792588,-2.08653168361133,-0.495972204672609,-0.823663922645249,-0.436149263473964,-0.455699551698046,-0.334840227647796,-0.703237101272013,-0.586047212368894
0.564136727414288,-0.010032888333024,-0.460431683610139,-0.329270143202548,-0.687778169451333,-0.52984406691476,-1.4199578535197,-0.64601582938432,-1.50547006367174,-0.403045024357201,-1.09990133578315,-0.373849449820397,-0.438479783344628,-0.328182712172903,-0.721224505997571,-0.739098982734855
0.471380986243679,-0.00904805940003752,-0.408207471786147,-0.331626640128905,-0.631458348602134,-0.607364486205527,-1.43415651681306,-0.667449803783256,-1.01828545943296,-0.477984482742885,-0.978243154811175,-0.517545621322925,-0.461549358571383,-0.363299414977159,-0.745519418171593,-0.69093411627641
0.635418153327923,-0.0124307515285498,-0.354147310729083,-0.279304897037277,-0.589734044959654,-0.636544289202982,-1.26143849324461,-0.666027593955337,-1.10029372764708,-0.341978657379347,-0.908372548939716,-0.440307825931682,-0.422537841795265,-0.364755984264542,-0.769206509751892,-0.649209812279114
0.582520806142792,-0.00957243621382949,-0.318367203576112,-0.30551003107946,-0.581336387793055,-0.615243321347278,-1.22710305624227,-0.731774597140905,-1.34491640821757,-0.259552852660846,-1.22956939075439,-0.464481664732005,-0.40870928392866,-0.324600020533688,-0.785635902622367,-0.603666229751263
0.446167598695619,-0.0122374332797461,-0.470821065294059,-0.307111969866214,-0.686871623137651,-0.601705021871152,-1.30165817895771,-0.705170424401051,-1.39525721195606,-0.473698208782555,-1.26362789759902,-0.471015204398144,-0.404430099170573,-0.330617976539499,-0.676619016181931,-0.661014607391731
0.631661705910939,-0.0108463251417914,-0.340825326818231,-0.316682555981883,-0.630958842245779,-0.622636528962215,-1.44574798790176,-0.715837113854219,-1.51539563184916,-0.442195984989379,-0.85779016663548,-0.4545293251467,-0.420514824999387,-0.355150519226359,-0.842765677745151,-0.654723187619053
0.489755819456792,-0.00695211544432132,-0.41716832296915,-0.323208449182541,-0.628147088694208,-0.630960980434614,-1.30782341388696,-0.669991478882094,-1.85374833804748,-0.500084578688346,-0.888729530302125,-0.409721545341395,-0.438710046250202,-0.334852621542603,-0.764699425372967,-0.606716397746394
0.545233342896723,-0.0081134422816184,-0.356925109737282,-0.304900740390137,-0.718983934900425,-0.641849103556276,-1.30272082088492,-0.633597267308004,-1.16879278785414,-0.407590321467585,-1.14027387022656,-0.407865168670976,-0.45977234674505,-0.358876814643878,-0.767467573785837,-0.779995923277998
0.533501645214205,-0.0119693243747072,-0.426663703168477,-0.325695535365974,-0.600697063029957,-0.587926554752595,-1.47403508362813,-0.721318110356392,-2.10874747173027,-0.495832850612608,-1.10148559250204,-0.425141557518283,-0.446403368249178,-0.351335395124654,-0.765335632179344,-0.653352745955212
0.650987128620517,-0.0133176825834245,-0.297881463916952,-0.302610916706017,-0.681117669969125,-0.632638817819029,-1.40378307012713,-0.702916629861241,-1.48715235265324,-0.444410863279326,-1.01296919591984,-0.289399667809672,-0.44055582416596,-0.331602556906709,-0.765109930831047,-0.814183858461258
0.764771078673511,-0.0120143980301287,-0.48649508507925,-0.342755969792381,-0.675499188158366,-0.536668457497783,-1.29095415295633,-0.661179776575593,-1.21120917946944,-0.506399883634892,-1.42504727095553,-0.29651843799637,-0.45174107223764,-0.312242442170926,-0.786760703625513,-0.696904398863095
0.559349982626737,-0.00888737005921007,-0.34191074539875,-0.275766906228505,-0.659952054897808,-0.652863564980259,-1.26060505632413,-0.703379934993304,-1.24649148236416,-0.434575860387715,-1.1832006876869,-0.418448436376009,-0.465271614834751,-0.332483926423156,-0.679442164429917,-0.736334806794297
0.574363150466174,-0.00762501455480373,-0.491266017978122,-0.28633228778615,-0.715529765391073,-0.604554694955648,-1.38581148086603,-0.643033806819798,-1.37994522371559,-0.455509544584034,-1.0229279188336,-0.447481189348679,-0.454687606558189,-0.274665005567258,-0.811220526552772,-0.798771237085294
0.526596200992262,-0.0066668478335177,-0.379877508615137,-0.310491626824303,-0.62595952215944,-0.611029283788048,-1.32654070127112,-0.614861736747163,-0.669118580062117,-0.522163889455564,-1.16500903350496,-0.420962253986855,-0.386550635561917,-0.346189346766548,-0.779878391584701,-0.630767812042394
0.656429825936754,-0.0068512570982811,-0.297790080923068,-0.316062517004913,-0.62581028146038,-0.540619551375001,-1.22052389739307,-0.677701007569967,-1.42791402795748,-0.411568241600124,-0.915868034472311,-0.334616836086569,-0.454937359688789,-0.345501336138627,-0.834174522427732,-0.74580237346342
0.549731560288952,-0.00744452766895549,-0.303293046995049,-0.283895584636239,-0.660981254008623,-0.593305691173118,-1.35106147838981,-0.574112565658964,-1.49287969050067,-0.40443920716016,-1.16503148788723,-0.415094641019967,-0.455921096647214,-0.328482572664768,-0.737498217978942,-0.644164606169059
0.608045982723491,-0.0052468426378101,-0.4517337683806,-0.295433581957388,-0.780429706656315,-0.637947248434326,-1.3427356550815,-0.698210310791121,-0.970633213971155,-0.359848839328091,-1.42474390464221,-0.46303940453545,-0.466311648385959,-0.327952102222899,-0.771485075840849,-0.712335871587466
0.649983625227303,-0.00440434334968975,-0.48727787232033,-0.325191075740151,-0.682024781302816,-0.596173224209978,-1.12405590821696,-0.609502263708889,-1.49351552943163,-0.476419911304881,-1.04210295113589,-0.422333965527908,-0.528032916378352,-0.318873693104519,-0.781174799737736,-0.73246371070094
0.628614027072965,-0.01242641910145,-0.490742830050789,-0.294283644492478,-0.725621569896592,-0.66726438420659,-1.39003596217422,-0.667144253861246,-1.31331599774805,-0.490683299715072,-1.06923647817101,-0.443925056522689,-0.449652988900019,-0.33744138027409,-0.685078631939501,-0.75717251702125
0.662672408638864,-0.0104035300683472,-0.457654249590941,-0.281642656848873,-0.690281242154924,-0.597722755210851,-1.41798706109964,-0.690084183661686,-1.59959010738922,-0.405954206236967,-1.24625998183921,-0.466589983037802,-0.429602707586521,-0.313571687204847,-0.842027870709918,-0.663952596007207
0.563990092133523,-0.0113097687751313,-0.379987978367508,-0.291821089659013,-0.547915204657484,-0.612592518482933,-1.51189807360296,-0.691401246192648,-1.61203961277562,-0.668176876784492,-1.00583291559016,-0.437286873027369,-0.418962977712457,-0.324575224640913,-0.7748451907931,-0.620832546130994
0.64416072362702,-0.00705586241854545,-0.56725972058477,-0.2947533417705,-0.69888803020729,-0.529588829054597,-1.14793677790798,-0.689768908596661,-1.52600500367849,-0.463502058150772,-0.984987139574996,-0.414858717549867,-0.453634404037573,-0.343742843990147,-0.641472570124831,-0.655539203636538
0.640745162427332,-0.0113285550980265,-0.510950251924963,-0.305518165192091,-0.626034007494716,-0.602178162381305,-1.32234633572476,-0.680283601244228,-1.22443698114677,-0.52178702596568,-0.934513951372089,-0.484704937562748,-0.408984576007999,-0.365586195519327,-0.769106202813035,-0.535721732451161
0.546831332786939,-0.0107627276660163,-0.337281389738832,-0.283009567732713,-0.502425773331135,-0.602562723416674,-1.46157900012305,-0.643655243306951,-1.45476258033234,-0.405664014315925,-0.969021476539871,-0.507872327830317,-0.473345595420495,-0.345174354827221,-0.831773610432077,-0.603559586851233
0.647832804090239,-0.00632912658406313,-0.408163094498493,-0.311586258414904,-0.628988402032591,-0.583275068577076,-1.34822054406256,-0.629397115237529,-1.69925653458879,-0.550951996056414,-1.33668482947758,-0.410096078611102,-0.457944980150978,-0.298922993204113,-0.850442792149086,-0.674120447986353
0.64619970894545,-0.00691924651342021,-0.256081600141502,-0.324224111194627,-0.762929180354506,-0.610018828044199,-1.29336384356051,-0.772994599846199,-1.64956641319613,-0.459396134367586,-1.43985908935385,-0.427514532504559,-0.448566667813177,-0.333321390996487,-0.711988783363639,-0.738028044585023
0.489256261377318,-0.0115656404102419,-0.398533689423039,-0.33214871901443,-0.669254098687247,-0.614430793825956,-1.22589672527874,-0.692398255797869,-0.950958522323866,-0.472525979678385,-1.28181019260927,-0.341999246347008,-0.436987208720314,-0.299426129418564,-0.755646007603321,-0.685212662633669
0.494717218232655,-0.00567504857070708,-0.281680058176692,-0.305079854492924,-0.60636929247403,-0.600441494791138,-1.26712717687315,-0.65874007605369,-1.46950689766136,-0.511348024919523,-1.05565550123054,-0.394196612825468,-0.437180629605017,-0.318864927015782,-0.792840793179329,-0.684135971801649
0.535631112011254,-0.00726561822385063,-0.232961932970234,-0.286178089515683,-0.689361312769525,-0.650142789887781,-1.4629064779355,-0.700217719584128,-1.4275814053586,-0.381855346359169,-1.25374701217339,-0.359603616224303,-0.463627387545967,-0.307703793815065,-0.685041486416825,-0.623526923392745
0.683120525940902,-0.00912446674611234,-0.376409820372665,-0.284926149765506,-0.772927487920257,-0.59461263338276,-1.39760682902602,-0.650194838268222,-1.66991622058493,-0.480518862364397,-1.24488242083812,-0.445625228591174,-0.443610078280041,-0.39024511652523,-0.767212285308625,-0.686938302728484
0.62688951923396,-0.0118759494775211,-0.384824237599182,-0.330036005348344,-0.64793261210844,-0.586005302313968,-1.48017693422445,-0.632453649838752,-0.862407036900607,-0.461845121681826,-1.11043690846321,-0.393933090727878,-0.420389503153722,-0.338955847543285,-0.740163468046518,-0.728057441733302
0.331533464376971,-0.000859162379294414,-0.366830599442034,-0.314305667946416,-0.719707806857803,-0.634361558170493,-1.51749615175353,-0.669885779752726,-1.22597896689007,-0.484395826376471,-0.822555921803894,-0.383763724361742,-0.458559994213682,-0.3378218362927,-0.706884785247148,-0.657769342039257
0.578604470593454,-0.00721027615094532,-0.255691377926716,-0.329289265768591,-0.652729443898376,-0.627976927810698,-1.3289888507515,-0.594845983680282,-1.40669243539377,-0.452706090383674,-1.42336852809469,-0.437588605195906,-0.435045416548993,-0.337350369338925,-0.771607867129539,-0.5925276566049
0.519297355766713,-0.00434190207243474,-0.329092896595139,-0.331666814816075,-0.757275094732338,-0.569719095522277,-1.32479120686925,-0.656525432760813,-1.66226622084978,-0.404509871113904,-0.945831247392784,-0.309803370042266,-0.396223730063151,-0.332456874386616,-0.72024074846563,-0.786189434124988
0.532745464856579,-0.00937195620361805,-0.511931463226329,-0.312049605565794,-0.694585933529785,-0.644376382241735,-1.30292757882853,-0.633276868165682,-1.35506311073371,-0.481535109257233,-1.10111185777088,-0.36571940289323,-0.473091288152938,-0.311134363551888,-0.714620629068421,-0.606940106064871
0.587368523644768,-0.006922710553154,-0.38260641393217,-0.317839295068358,-0.641548085487458,-0.555700904386034,-1.22171361035477,-0.678555507233351,-1.21721670877358,-0.56552521976541,-0.894477632918902,-0.442196948588364,-0.404845343301281,-0.318132637137265,-0.764693295299667,-0.729901720979527
0.481083632398685,-0.014911838665806,-0.382595875120342,-0.329555256667708,-0.651154881872149,-0.637409924638988,-1.26347636208652,-0.59090896182367,-1.20457271995678,-0.47479983690698,-1.05160887110781,-0.402086727802109,-0.447721020200265,-0.339161233014741,-0.726186671619177,-0.705093408854063
0.473004713965477,-0.00569823791657447,-0.275243959230208,-0.315756543032651,-0.673174467263833,-0.542037331762671,-1.41114441026082,-0.477752093842036,-1.34564189588965,-0.502415427322259,-0.669642128185706,-0.335473743555688,-0.415382992595782,-0.333654519303066,-0.749036721535771,-0.662692295090457
0.450180303988151,-0.00551500219774569,-0.295062780757999,-0.303652053513691,-0.703675349489836,-0.608080889625405,-1.4169185526832,-0.600494529581176,-1.30024215106254,-0.451298324998036,-1.21828238259402,-0.481191431889881,-0.434935204031105,-0.325488072333382,-0.685960025426484,-0.673288597335548
0.504692416014008,-0.0091412631106832,-0.493845985341055,-0.31699410188763,-0.589118892472709,-0.613784497120332,-1.05945360730725,-0.625366773420854,-1.20527562689849,-0.483219047746125,-1.04954395775653,-0.466039025918051,-0.477912606329831,-0.342908665147672,-0.779020558079455,-0.536435443396463
0.584721696071213,-0.00974726840093877,-0.424026081579276,-0.327902482965312,-0.656596250990586,-0.489397129355986,-1.39319490913838,-0.730606070733931,-1.36685949943762,-0.397173947125413,-1.19862534685274,-0.33601698977768,-0.463783805068839,-0.290238981729758,-0.690633153425755,-0.637458669721914
0.52725678992846,-0.00777781889902269,-0.296085497850083,-0.291223575720348,-0.669594039139571,-0.540708938921962,-1.46611569068118,-0.675374202312636,-1.19077029437717,-0.454327246777901,-1.00039792536423,-0.336781896630329,-0.444782653828778,-0.33638457853834,-0.618984436514137,-0.68638990553564
0.531045820370632,-0.00366915308037907,-0.335272526903898,-0.333841652041253,-0.687043512155276,-0.556959507711062,-1.25448699753975,-0.69257310428328,-1.60831569941244,-0.463292554965776,-1.31123050339356,-0.413603003193785,-0.417232582064519,-0.322703148555646,-0.799118718559246,-0.718623283910299
0.544623679840944,-0.00783100484915741,-0.322704011207002,-0.29815513681515,-0.609044351283607,-0.603421311423692,-1.42327301056135,-0.671340437190597,-1.71356260940023,-0.455327666917202,-1.05068559819952,-0.458967691952436,-0.438164144949444,-0.313430139400588,-0.752795072617466,-0.653038437630594
0.558156475515622,-0.00623077289333978,-0.263181602131453,-0.311455184971764,-0.648587412869669,-0.555674031906495,-1.66760870685308,-0.593394831990053,-1.27441682192786,-0.390345056163114,-1.03487395962881,-0.490849031262963,-0.478756923648633,-0.332133235182105,-0.704995085094288,-0.627274631344681
0.631168997839946,-0.00771676289343985,-0.334119810259355,-0.293333440198514,-0.59130883392487,-0.616461310619104,-1.23738905463565,-0.709907452463047,-1.2932260771767,-0.53630763900383,-0.842083397017062,-0.423097845345016,-0.447102685106068,-0.326161879664853,-0.756048863634552,-0.605837640602481
0.540279230033774,-0.0120964640487446,-0.379243799068099,-0.31842138281048,-0.561409900094035,-0.662645540172988,-1.31149603806978,-0.648987436003557,-1.16987578455542,-0.27928344505399,-1.30359110560086,-0.428116005017034,-0.45576857239163,-0.350269249276197,-0.766367963511551,-0.666966074257864
0.609159196085756,-0.0105230538781664,-0.378977700614369,-0.340639401587808,-0.708292017567578,-0.630364505406929,-1.21438176164209,-0.65695541262511,-1.1209147889018,-0.50023869691386,-1.16221352559985,-0.355518291310215,-0.430519706451136,-0.343255759535598,-0.885794784256136,-0.683601947830558
0.524676930825388,-0.00818344376482079,-0.424473984311615,-0.302148051333692,-0.658196202648643,-0.655394175957926,-1.49080691287065,-0.706554253252327,-1.48774434656746,-0.467571314928416,-0.912946562152819,-0.518022748354573,-0.438410065286859,-0.320105168505477,-0.71566753002864,-0.790371312510364
0.485825031295004,-0.00911175161424868,-0.19238763821311,-0.335950652983681,-0.646832570846139,-0.621852469017694,-1.28843661487455,-0.677915511695723,-0.852038634471705,-0.521552750607861,-1.26026755728514,-0.473104155340922,-0.469288263433277,-0.378496683189043,-0.826042169753735,-0.743652888664642
0.719366537974409,-0.0117987599597967,-0.175104098237969,-0.306233908703305,-0.703877848820983,-0.604306266605569,-1.51712986323985,-0.724649203085689,-1.72646348737499,-0.58924012476448,-0.968293705069801,-0.398597132445473,-0.471746759535911,-0.328285008918636,-0.705482399855244,-0.741810845560826
0.508937944273261,-0.00762739657561591,-0.342032186190091,-0.328988429457331,-0.7073304012183,-0.68876071485388,-1.34466221978785,-0.718926189264878,-1.02698941305459,-0.401894449888725,-0.872414553904324,-0.416395649662424,-0.439285663394459,-0.334823024802933,-0.80253920864157,-0.661157664032498
0.652298206634382,-0.011048906779075,-0.273847843618647,-0.333584043378158,-0.71608227239871,-0.661115292397729,-1.26266888643715,-0.666924994616645,-1.59991324799906,-0.503087168904075,-1.19113222414243,-0.434118413608145,-0.392261154552595,-0.334768775242997,-0.86936156513645,-0.628276232712465
0.487387467652144,-0.00827925259736721,-0.379460611016005,-0.314321812194619,-0.57764554952236,-0.592402263647374,-1.43782848952459,-0.642906508240364,-1.59856650116346,-0.359023196635341,-1.11123533898357,-0.549790981699118,-0.44910938566507,-0.336333234687646,-0.743139755124786,-0.597747787067319
0.614840640162521,-0.0131875256860081,-0.505777927256038,-0.32075806762469,-0.612159515783686,-0.572415602206133,-1.27077777365471,-0.748478799236986,-1.21011558285872,-0.611752539862566,-1.10274175396882,-0.505254740924411,-0.474480114642083,-0.335738061564681,-0.746597749466246,-0.739488022870736
0.638845537129221,-0.00998587976446002,-0.2727005470782,-0.315835599860863,-0.773003644032218,-0.586436445902449,-1.19449791774858,-0.67439760983586,-1.05210270605946,-0.458310037228695,-1.06039404059023,-0.465896154246455,-0.445938602950668,-0.329876501628317,-0.788000090881036,-0.598377772217065
0.588049117354156,-0.0096505763520294,-0.40543966093604,-0.327946854349019,-0.634929118205959,-0.579310586020118,-1.2126757396444,-0.602690527397147,-1.20059847246099,-0.454895612327738,-1.15991820768277,-0.372800119518822,-0.492735041610122,-0.337261348395915,-0.716652387314626,-0.710714993395765
0.600052696992918,-0.012491958216752,-0.448754274654586,-0.319818737924431,-0.677283579964521,-0.599868703535047,-1.38153321047762,-0.655696236792654,-1.51142990831605,-0.403859917629833,-1.14798990045334,-0.447348741270625,-0.426715431681646,-0.339284183771828,-0.741591579833468,-0.60431089915586
0.705668098332253,-0.0111410824762088,-0.478594229710402,-0.277391555322123,-0.726332149611093,-0.623841853362889,-1.32060612504124,-0.602881105217113,-0.938016185981707,-0.528145768833939,-1.07285483233894,-0.40771752215307,-0.458825356697493,-0.332636937341522,-0.767412821835569,-0.605507532632699
0.556244467980755,-0.0085482818543924,-0.340598003307566,-0.326238898669639,-0.693199283136406,-0.585583210090657,-1.45293328218433,-0.689078937996382,-1.54922207163352,-0.499079056761546,-1.10891923385972,-0.402287396910856,-0.45818577363019,-0.33603769794609,-0.72563996527835,-0.745220587824844
0.588001560882368,-0.0075482749468833,-0.410218551915992,-0.281975106802084,-0.579812671983223,-0.571393787280756,-1.57704005296012,-0.668925935970523,-1.13467537056124,-0.282404577081958,-1.00496739925356,-0.459075034780374,-0.4093022461077,-0.350662753903,-0.721351897849528,-0.684408423851925
0.699766454664084,-0.00475942121178487,-0.463274390715374,-0.335372876442054,-0.683410370085076,-0.58445610113533,-1.48192038842476,-0.642354003783773,-1.93260226026782,-0.537939093954036,-1.21578495999999,-0.378174067680836,-0.443675410639256,-0.349902424860469,-0.721973024923126,-0.82421461652762
0.562395443387041,-0.0143744014386253,-0.399454131700159,-0.309289260023602,-0.617317514300113,-0.600007968186514,-1.58551241712964,-0.661508224764532,-1.34191038052706,-0.605892512936905,-1.11837167488919,-0.32965286442515,-0.453731550981122,-0.373199739973622,-0.767694065475455,-0.606655314611123
0.568793141305113,-0.0108153905150805,-0.239676711816264,-0.327072128120208,-0.531292520104413,-0.574750634749294,-1.35045188729843,-0.571330973316907,-1.24021204242354,-0.43281711935459,-0.812292963720815,-0.400689693983368,-0.47933109596968,-0.300269113873647,-0.757408645913357,-0.597046022707492
0.519399815965745,-0.00577997388468783,-0.357468024229807,-0.300408364315525,-0.712295622220574,-0.64024887542343,-1.38920209571485,-0.693336899308522,-1.48287898362704,-0.615734707339699,-1.02826102243601,-0.375228487570235,-0.436379243345963,-0.330082303826968,-0.656316144474529,-0.634037601854297
0.432237640500802,-0.00619669149765471,-0.366302871566733,-0.319812240140169,-0.711718425469865,-0.565769414392735,-1.43176046238591,-0.726326153930684,-1.52451233837308,-0.540601309343892,-1.2373438851063,-0.464778347358921,-0.453770370298956,-0.345462319457931,-0.694074198873548,-0.710937998166674
0.551276774143194,-0.00740466889546353,-0.319468461283157,-0.295706922769908,-0.614328668182987,-0.622489197364549,-1.16848797559744,-0.758392105605427,-1.4097184513497,-0.452686160929838,-0.883817240998201,-0.532420407129121,-0.427159323502569,-0.365425153271575,-0.745723107328615,-0.685169781122147
0.563660048979354,-0.00842623838597112,-0.368916993599286,-0.322593168924051,-0.686554622711066,-0.566192134902256,-1.39071297938834,-0.654090899555868,-1.75600673349398,-0.409900854165146,-1.04075554133916,-0.431975981024946,-0.414805093396959,-0.3277155947908,-0.685106687550875,-0.684729126840751
0.503489108139577,-0.00985789842782369,-0.288981549493909,-0.307600260595606,-0.578287684792564,-0.656482520138961,-1.37008825928785,-0.733236025390364,-1.04000174918816,-0.478194961470998,-1.14627514611724,-0.44904806291417,-0.397338784187508,-0.29467073656363,-0.651370632151514,-0.595415640072397
0.68633229688799,-0.00887914686337864,-0.494267140943193,-0.312145985473883,-0.666018050560459,-0.662678706320535,-1.32728507709311,-0.589053856965244,-1.27505294893015,-0.527135261716491,-1.03788632620348,-0.361609240817846,-0.441852878509671,-0.334372817314213,-0.70480575447968,-0.720114708221489
0.586318415517356,-0.00807026576263906,-0.436794810713478,-0.313659392100732,-0.615875537957432,-0.668209396781384,-1.54693159932138,-0.651594277057105,-1.64975396164474,-0.599866897108903,-1.11187981401861,-0.436203460624379,-0.420150770260077,-0.319638969515743,-0.797634058576113,-0.720448294519677
0.504473515786572,-0.00770036679642376,-0.454811501541455,-0.278414409281884,-0.724551471039305,-0.627551432886167,-1.43313868481144,-0.608331857836823,-1.56409281441013,-0.42809684324736,-0.948553314026739,-0.434266357475847,-0.46138498452445,-0.323220852789386,-0.773247040869992,-0.649783067459976
0.529198290425907,-0.00539778181889573,-0.375935165912682,-0.295696230774643,-0.632184173000867,-0.601144681902129,-1.34003036567857,-0.681722282538485,-1.41830714379557,-0.333754831062543,-1.24595116352336,-0.340781099126912,-0.411160676129786,-0.354004478311233,-0.783201467296952,-0.709528772502834
0.561584457563887,-0.00415937068998511,-0.494082736644657,-0.291659059236332,-0.564811985213797,-0.57393487966535,-1.3318748441923,-0.719349960431897,-1.25331334560205,-0.525618121272857,-1.05546894036356,-0.428365714870193,-0.450498294303466,-0.310247314529162,-0.69173886915434,-0.742439715919815
0.620045439461051,-0.0107239984788933,-0.332876873205386,-0.2824415218894,-0.594008813265532,-0.55469298448348,-1.22356415880663,-0.664709939609434,-1.66626190619626,-0.404747386273844,-1.06535617412254,-0.369039033796687,-0.432132377345069,-0.337580761595572,-0.940520144163992,-0.721446889996348
0.654112793713084,-0.0125870696729485,-0.402599981047196,-0.326652591165013,-0.6225969291714,-0.640183415603835,-1.21115880560106,-0.707506896518277,-1.37562311520323,-0.51726508809189,-0.981675410204304,-0.456545384250902,-0.383101153003883,-0.353000916761271,-0.711983444640265,-0.638586117654797
0.588383579145898,-0.0118910449534926,-0.448033106446502,-0.305524280327976,-0.622848946637955,-0.604078673171739,-1.31190182668583,-0.661160812517298,-1.41647358673772,-0.478808148995557,-1.08362999409607,-0.445315532995412,-0.443173927472425,-0.347470132621475,-0.751122882500611,-0.837544615616359
0.556886129901927,-0.0112127663059364,-0.492501976514256,-0.322940107826198,-0.729636506025454,-0.642069629904992,-1.37125292066373,-0.662718255133492,-1.51780384650166,-0.291409663465135,-1.43942018731263,-0.397346079343248,-0.485794768529247,-0.342296850447244,-0.84711657538751,-0.678468085355362
0.412836250614216,-0.00688064077469295,-0.417185416927303,-0.331141744026054,-0.627735881069837,-0.607592206058951,-1.21806193071635,-0.723698474603854,-1.6813185121008,-0.490315595982045,-1.04956406631907,-0.245610484530093,-0.443748734593761,-0.362265523117604,-0.756113104051342,-0.637999954419474
0.52453462504879,-0.00862272431730035,-0.368614237241675,-0.319062623943644,-0.740522483921846,-0.593400757138039,-1.47117842870625,-0.637912270986003,-1.47714976225793,-0.430214730636245,-0.981689687855517,-0.47761966764812,-0.421729944071248,-0.336359262574238,-0.73267197732335,-0.731754904363729
0.530989279414625,-0.00505079861706358,-0.529641751299866,-0.311194055533072,-0.647593294181912,-0.597692673258438,-1.13788897161227,-0.698026065975142,-1.13740517794235,-0.418257158451246,-1.24414261246427,-0.480281059036031,-0.437698801067257,-0.309227369321185,-0.830108120482245,-0.614470825955771
0.556440748204322,-0.00420850845195325,-0.294473424128137,-0.315015949869348,-0.799922852287001,-0.589498000260011,-1.4604862166371,-0.68001827692461,-1.59806322063002,-0.527197909075377,-1.08763674661549,-0.462043388569879,-0.437084410146254,-0.333272877327704,-0.785854663215363,-0.751836960513093
0.467095411634307,-0.00784157248367921,-0.418752261001202,-0.287449370432769,-0.716404388435902,-0.55657349201003,-1.58801863013656,-0.623037963204161,-1.33922995226316,-0.487088110046255,-1.23952258371826,-0.446245174989376,-0.445489499009015,-0.343685911163158,-0.738191597581784,-0.617519269278765
0.674972850973119,-0.0130778202884569,-0.392020353173655,-0.317779187839042,-0.660581703813332,-0.603817226021018,-1.30341275079712,-0.67656682758054,-1.37263228977512,-0.293885292125938,-1.27371951390341,-0.460744285255719,-0.392565880113789,-0.321408595920187,-0.668621565464052,-0.697154057532063
0.520294241181688,-0.00956348724975408,-0.515070877528357,-0.325611247266902,-0.621183364256955,-0.655256492862873,-1.59338760799084,-0.716731990403559,-1.83470902455498,-0.568245299672135,-0.880016707613422,-0.371186929550021,-0.446235762655337,-0.311338741822571,-0.763677685915168,-0.674877954816723
0.530016360114185,-0.00749222935129798,-0.445717541202523,-0.313033027008866,-0.78862581456077,-0.651918002642757,-1.08232796670479,-0.558842724675329,-1.39064804158728,-0.556833382767888,-1.14389504490263,-0.541337654610438,-0.477056069054023,-0.311522211794157,-0.757645573365262,-0.742581786905018
0.601076426665649,-0.00738421670948756,-0.405549519162766,-0.318516966576957,-0.63584489738281,-0.640369897112641,-1.28433921118849,-0.637622416676552,-1.45910475423553,-0.396007753032579,-1.26332558486329,-0.416290712278282,-0.450526160209494,-0.349309229279057,-0.798388371010767,-0.677944118947183
0.621577903016976,-0.0120420333142665,-0.312973169149308,-0.309078497708012,-0.724568941306928,-0.59843168819539,-1.52396547900464,-0.644914498887214,-1.44757072378145,-0.466072081621705,-1.14674164012164,-0.495194523478107,-0.450515315804935,-0.304443751023307,-0.780072798595828,-0.547454927853521
0.497103605459065,-0.0112965029622036,-0.315090218307613,-0.32313239960505,-0.645293168127518,-0.641530443207169,-1.12139169612683,-0.607236010743909,-1.71123532381132,-0.439314602465308,-1.10801955374878,-0.408501717639276,-0.42033577949686,-0.306935440377705,-0.643225082976366,-0.576437756798743
0.638853566321532,-0.00869047516312335,-0.469250252542965,-0.297373913563901,-0.677986354935059,-0.58889351324599,-1.52869677959443,-0.703986379470844,-1.6146561398726,-0.482259126709767,-1.1292160784904,-0.385162411384524,-0.432536429065594,-0.334733479662636,-0.83474436616456,-0.733066625021687
0.653435387073308,-0.00661490927095964,-0.331731854943106,-0.292356165229393,-0.632463394268531,-0.674555520950136,-1.54170993824206,-0.68810496553995,-1.48099106800378,-0.395368520845081,-1.02340632492742,-0.470374428446613,-0.412867960379336,-0.311163439957035,-0.831758224699694,-0.791291956793433
0.637703215010162,-0.0101768027898653,-0.313394385493388,-0.331271398674967,-0.657741979221029,-0.599337582065288,-1.47565145991118,-0.733595093480502,-1.52105500215955,-0.484775173723058,-1.17360232619575,-0.45598356002987,-0.440945368078933,-0.30398632398541,-0.758167491422525,-0.706198971051444
0.601100744815148,-0.0133639750100802,-0.274569097664079,-0.328568969687655,-0.654429893577614,-0.563357180001333,-1.42119817238853,-0.683246028364036,-1.30997766413577,-0.483484513806403,-1.16990784462185,-0.471320587504088,-0.44419231377484,-0.334320420894633,-0.756257418274467,-0.51255140157886
0.524030166208158,-0.00443593273509755,-0.46005045505217,-0.298297519040872,-0.705126053805043,-0.605077707130201,-1.22200245975776,-0.679780199459371,-0.964312017125835,-0.615617506053158,-0.768781374726667,-0.510970524159329,-0.451000707928184,-0.333973081629326,-0.739365554689374,-0.673460773429486
0.667426410764396,-0.0116894128499376,-0.258099673207525,-0.316890282545814,-0.671164896650182,-0.632943018630454,-1.28268008892451,-0.623351861842919,-1.14279064793771,-0.424084499384008,-1.20548901638444,-0.384421684952491,-0.43760529670837,-0.311432629434606,-0.81603258138492,-0.685959217331427
0.47728507408972,-0.01088340725364,-0.310753156577822,-0.291465014261516,-0.615444308032337,-0.620272546317234,-1.13801896829921,-0.671544974065117,-1.8991947515738,-0.540484241171017,-0.844526014142338,-0.49949431788889,-0.431187691424324,-0.351647164058248,-0.828900576159488,-0.678969864017446
0.669273870870017,-0.0135718130095981,-0.287235837393418,-0.30896758020039,-0.633823131403338,-0.520897494136,-1.3042734520829,-0.607081605499266,-1.21705560065817,-0.601930811416667,-1.0185277352819,-0.526554398554222,-0.457103190380337,-0.295895211381438,-0.765453353669467,-0.674873611598437
0.629212332476823,-0.00706277456391593,-0.384385850777286,-0.335831424329825,-0.565669365367298,-0.593096366476864,-1.35404076051349,-0.643236205838442,-0.631437835903471,-0.405508718909746,-0.951389894914776,-0.421064920409961,-0.425199614798964,-0.342691084545525,-0.825936360895442,-0.652339479516345
0.566429731911978,-0.00644997776818376,-0.425118874795231,-0.30526523927533,-0.659564630204796,-0.623474583690411,-1.39661643352244,-0.607297859355016,-0.867525910264159,-0.559393762976845,-1.2150606829743,-0.39318178597767,-0.447797458423685,-0.306077494516786,-0.742804769000072,-0.652780461573067
0.605478594078527,-0.00482396901734101,-0.461410604812074,-0.258859739084167,-0.741258277319347,-0.550589034168327,-1.42663846110398,-0.722795263326256,-1.21308139927628,-0.475802658339084,-1.21802859496174,-0.453040834248602,-0.442153395955261,-0.304702027050458,-0.758585147508044,-0.624634966678564
0.481395758059207,-0.00826013732260068,-0.338077132679974,-0.306820724835282,-0.700592220393827,-0.666007711073843,-1.3265076239241,-0.582546182731225,-1.57852975204135,-0.378500928689803,-0.98990595283155,-0.368136815008402,-0.43718072869219,-0.350008938839685,-0.725437783408608,-0.690798561820187
0.628614981299574,-0.00990856610776455,-0.295305693359772,-0.289469172732195,-0.64801762680409,-0.599671485541511,-1.37585509572165,-0.779766535709791,-1.21830690086666,-0.431155951393642,-1.29793837459779,-0.474946795158255,-0.470264309670696,-0.334173813148131,-0.641405095510818,-0.741619691801235
0.536474185197038,-0.00955299986393078,-0.440581724076697,-0.287387830417146,-0.581115321290716,-0.607868951789724,-1.44959171930168,-0.723778957246069,-1.67200605782343,-0.576516411383681,-1.06872436531683,-0.4080008736936,-0.424758377156011,-0.338904337815763,-0.787481503573261,-0.694498863449072
0.403407377283937,-0.00969907634136435,-0.427819141889699,-0.313785327469437,-0.629168163000218,-0.597925327691539,-1.50572523414998,-0.737536703313623,-1.62374063326489,-0.344574805621684,-1.25153972860526,-0.428743618380275,-0.449146586796972,-0.32135803640191,-0.704397704583428,-0.688901120143458
0.590777414865841,-0.00861720035970544,-0.29399545558562,-0.295835272693724,-0.731453149193554,-0.62856420623831,-1.56848145349275,-0.610275978183828,-1.31531895627492,-0.382969436399706,-1.12033957604973,-0.400561092905068,-0.39454299092284,-0.368562448048088,-0.797784323891949,-0.685406298500914
0.702974203559997,-0.0127813251494044,-0.371126883595153,-0.279879600465415,-0.6961803211405,-0.539456788033067,-1.55307765497989,-0.55356400125072,-1.58780130039819,-0.39769178069322,-1.03976163918195,-0.406213768534673,-0.438369507252215,-0.352392923091069,-0.792892242378691,-0.649969769521391
0.611696044870674,-0.0131861189010398,-0.436381201154657,-0.304936705520686,-0.740159521034893,-0.623879254901332,-1.22971854767412,-0.683872482466182,-1.04398035812216,-0.5495188219161,-1.21290505525015,-0.408473444424861,-0.450122762075274,-0.35129050228633,-0.808961008944149,-0.628494519226866
0.516038675245382,-0.00605879240066481,-0.383587045704482,-0.306054004424103,-0.564849385652275,-0.555863357416671,-1.39020155390047,-0.592495051013727,-1.09098911781729,-0.441115735587176,-1.12795811407998,-0.446183944587188,-0.440724243217242,-0.3232294005837,-0.709679100294828,-0.635358452632413
0.590025218943639,-0.0134660556798735,-0.433141273728087,-0.31717220803024,-0.69272686985959,-0.635380083333034,-1.49794686861571,-0.636038894530625,-1.58882547604968,-0.502006751117588,-1.05512786541607,-0.384610803340378,-0.502466829314484,-0.328315271059474,-0.796245327249188,-0.61761463885043
0.632852132629822,-0.0133792517899423,-0.311638591420987,-0.298986488830894,-0.756948496187556,-0.563463902685268,-1.66863558692224,-0.62694261647195,-1.54593886522122,-0.499961123319305,-1.10395003539098,-0.478905585622637,-0.431926870384178,-0.329161935963833,-0.731569156642564,-0.625213601680465
0.568558015746629,-0.00637968221991561,-0.56856184131438,-0.305096947369836,-0.694219153714165,-0.609395987010353,-1.26713749459081,-0.705690046063312,-0.971538891041071,-0.397806318395258,-1.06838850046723,-0.435461945370813,-0.453899610862419,-0.304645861063068,-0.7359817383793,-0.679970737208952
0.617840552031104,-0.00802078589021066,-0.323486289941771,-0.292055064227684,-0.717537045213352,-0.564814967817517,-1.27768429249131,-0.600882216887749,-1.73780172061118,-0.329356950304124,-1.15194683941261,-0.354331954190644,-0.463185520500278,-0.319102549794511,-0.786758538062005,-0.629679621741865
0.504456539484152,-0.00779158073173823,-0.2806136690418,-0.307982095839739,-0.716580452959398,-0.638470175102257,-1.52030252064778,-0.633981612907448,-1.33647385583388,-0.49421005034949,-1.08560793867669,-0.609140254109218,-0.439200074851238,-0.327932040851971,-0.758330830823876,-0.613694549488625
0.48307321184605,-0.00825013916564995,-0.458263167749886,-0.293409859879285,-0.751817297211162,-0.533841134964713,-1.51080559847628,-0.666387093152719,-1.01106361890618,-0.367792614762678,-1.09168247853071,-0.440941892255347,-0.46690918406049,-0.319788757157147,-0.720042723475673,-0.753711676460571
0.660057839772372,-0.00925013644596444,-0.435787980093767,-0.331780968183781,-0.571235086589435,-0.592621066169223,-1.46094486527365,-0.647884519193172,-0.696381396274291,-0.51590142302818,-1.2286402386039,-0.390619701317528,-0.429582677851863,-0.327412171490833,-0.728819019068856,-0.629917104967178
0.710326494491548,-0.013108176530942,-0.424877832966025,-0.292047133701601,-0.705758514181322,-0.579032688984166,-1.50452418350146,-0.708693636255375,-1.24849632856934,-0.441915208216998,-1.38600743813878,-0.437333016706182,-0.458681956872803,-0.369207115993352,-0.764620435724825,-0.618545169479901
0.636224183746486,-0.00650318404513548,-0.285545205998753,-0.292321997808871,-0.626337680754124,-0.584365813562521,-1.28156326550102,-0.554714818618837,-1.61966411895021,-0.35639219179185,-1.55442684704765,-0.324839553808784,-0.423524286172176,-0.374808767341519,-0.703347853404412,-0.635789381672665
0.628101761801956,-0.0110437644413936,-0.379279906343983,-0.323014532509432,-0.610888840164054,-0.605430306073734,-1.40969766378328,-0.672635572664097,-1.77635946807706,-0.383909839968355,-0.880415856226472,-0.429669303548125,-0.443667445979833,-0.313914880894334,-0.718286618022363,-0.559744535278796
0.496748964449838,-0.0051557744949537,-0.3965546417066,-0.314903100595641,-0.776493535115981,-0.530228379683179,-1.353630468843,-0.634207701519287,-1.02582689440773,-0.500564700270917,-1.26824346394931,-0.406274886296816,-0.452434503434256,-0.33891257025295,-0.622040861063029,-0.616092602397821
0.693820752719391,-0.00969555642484755,-0.45440876878016,-0.332307541418142,-0.636057570992069,-0.615624385763628,-1.44553667031552,-0.622084055106572,-1.5038361090583,-0.46963960474263,-1.34445574370883,-0.340031592446552,-0.431164132923027,-0.323314751328231,-0.668649279627608,-0.746065659521391
0.617614462315421,-0.00445774842895199,-0.482519033974151,-0.29133456003611,-0.720167578472538,-0.61421951841057,-1.26281373616439,-0.612905094595398,-1.64927009538753,-0.353095933844393,-0.937931581223166,-0.47323787136776,-0.44067758511155,-0.301463068175929,-0.772302663066488,-0.678541740512252
0.603285131938028,-0.0100952960473949,-0.56034246753418,-0.297933850659554,-0.684103375572146,-0.587238575298916,-1.24637591105329,-0.701073787109568,-2.07748632441051,-0.390748173579572,-0.860748960050309,-0.37892274292119,-0.434383163355004,-0.334770363478518,-0.786939207368248,-0.706846353739827
0.616048588352062,-0.0099192265335448,-0.391813156089758,-0.279251487603558,-0.579437468063246,-0.58658760308138,-1.35675215870977,-0.645109768275617,-1.44372837149156,-0.472461134137487,-1.14468938929786,-0.388246759104917,-0.451770801691159,-0.340275765594332,-0.694801388052457,-0.58651104327657
0.588113104070408,-0.00759700512917264,-0.380856816826808,-0.315606692074046,-0.666563683263485,-0.617195565033912,-1.34778753567343,-0.717743587360099,-1.04511752511773,-0.567153526807854,-1.0955406347303,-0.435746905734995,-0.459419838510049,-0.307533418300907,-0.772194735805508,-0.688484319357665
0.558775521894752,-0.00925183094390237,-0.492148451401411,-0.3107289163839,-0.747769412368249,-0.669404844457645,-1.53560077027531,-0.637172438578763,-1.08213970024902,-0.529417242252556,-1.20725109199741,-0.423784635388082,-0.436205117444802,-0.340400931891264,-0.829180131858396,-0.766465978817354
0.635695636904037,-0.00758628041239707,-0.43698100865454,-0.327148317029445,-0.760305991020805,-0.618655374303336,-1.43400593207627,-0.701518602136136,-1.47789069298356,-0.421494229265764,-1.11335771008808,-0.448527337114401,-0.452512642619983,-0.358954974456837,-0.776972954473297,-0.745176645319878
0.425678694225087,-0.00572085785266763,-0.37886331669543,-0.338613220420691,-0.606844360160355,-0.592240441851053,-1.22378554911008,-0.567478110106667,-1.25159828400494,-0.484376582726677,-1.27135200946649,-0.464102578114113,-0.458803588142675,-0.355331342063253,-0.734902720406018,-0.679194687746621
0.657071842509311,-0.00732592056424246,-0.497009586232125,-0.295951979501769,-0.668088956495177,-0.622457103771311,-1.61610049971693,-0.645556985763403,-0.882617315196068,-0.45374600279897,-1.09534746492066,-0.418609310564499,-0.477867866339625,-0.321123990208129,-0.814224162219797,-0.692055473812732
0.474387423530003,-0.00858135344073779,-0.303824836634265,-0.289694972548497,-0.763524559581022,-0.613370216029307,-1.2525766011412,-0.621291588400718,-1.81465925834369,-0.499424279146235,-0.949737182737604,-0.381681868446607,-0.459406273643464,-0.349489651662639,-0.763422040808085,-0.59166454021662
0.548089993507797,-0.00936703603974101,-0.453202657253796,-0.279433017690568,-0.542364210798651,-0.643768732789195,-1.53040882836803,-0.722689177795071,-1.20930322975124,-0.438403294545858,-0.986863561687542,-0.328191380872487,-0.443428450886103,-0.303834198793388,-0.774667468353107,-0.661039974413438
0.537277857824659,-0.0108560259719844,-0.459475426140086,-0.328509111589584,-0.556573257736225,-0.599009042368859,-1.40550286704365,-0.671556288376935,-0.896932522232187,-0.428256725477032,-1.01969452508404,-0.393195013177233,-0.453352414154911,-0.3005528241443,-0.766298139437598,-0.71243518174664
0.626246197996395,-0.0104654825088772,-0.337467223216717,-0.314838801541323,-0.657429581325449,-0.594778941261931,-1.19925221393465,-0.6641179960332,-1.47471256800887,-0.440240639752716,-1.27727523734138,-0.413716528597012,-0.453298586081394,-0.308582256080243,-0.718904897817185,-0.773111095970464
0.491623710525279,-0.00888772300326572,-0.41596092815421,-0.32465483732758,-0.727479911518446,-0.655707195928114,-1.44119254567939,-0.650970809798588,-1.40312155572958,-0.531347089758645,-1.06841802592958,-0.385549485370416,-0.452246008235762,-0.344971307292074,-0.770295471291089,-0.549844648604621
0.569972355437681,-0.00976213138588687,-0.298495153171044,-0.301653266382555,-0.667629150770099,-0.61285769176948,-1.37765173873182,-0.64100458881166,-1.6258614696088,-0.479952700018103,-1.13459401196896,-0.433072980327591,-0.466928099841626,-0.334980096466029,-0.787423078926697,-0.859868244470595
0.663229806229276,-0.00981373979858492,-0.430551452008212,-0.324364422525368,-0.588224405628721,-0.634495690647886,-1.49690779244988,-0.613669553209788,-1.40227859810929,-0.532791428252949,-0.773181529488447,-0.376564421876855,-0.47035241769902,-0.301631257549986,-0.702139362737516,-0.57457537832408
0.6655641066001,-0.011331795022934,-0.474402183109367,-0.31197204170322,-0.718919133766678,-0.656592964488376,-1.47036592492559,-0.712196402210828,-1.35281363019866,-0.347519244952973,-1.25904545388875,-0.473957804249443,-0.479063367415594,-0.33057433924805,-0.666232899332037,-0.65536088525998
0.638301744669821,-0.0127502881197844,-0.616757008444607,-0.293761023299684,-0.597064708091288,-0.58682587127838,-1.62828179971717,-0.734266794868357,-1.49395350949093,-0.49189483259119,-0.921542372339827,-0.445866305654108,-0.416108493313476,-0.324726236280181,-0.694484819543583,-0.616155343082731
0.572053836740402,-0.0122308556467739,-0.369767875446705,-0.312420102851492,-0.574413071523513,-0.637348118482107,-1.20463442907956,-0.682014069614982,-1.32818448914367,-0.409259618292276,-1.22593493635849,-0.449041721794272,-0.411266693780979,-0.302041941530255,-0.673692404622794,-0.727965521344363
