"logco20","logco20xyear0","logcost0:REGIONGROUPCHI","logcost0:REGIONGROUPEAS","logcost0:REGIONGROUPEUR","logcost0:REGIONGROUPLAC","logcost0:REGIONGROUPMEA","logcost0:REGIONGROUPNAF","logcost0:REGIONGROUPNAM","logcost0:REGIONGROUPOCE","logcost0:REGIONGROUPRUS","logcost0:REGIONGROUPSAF","logcost0:REGIONGROUPSAS","logcost0:REGIONGROUPSSA","logcost0:REGIONGROUPWAS","logcost0:REGIONGROUPWBK"
0.418676270934432,-0.0135308196876509,-0.125576217262292,-0.339526488917696,-0.779464483909593,-0.608725273378203,-0.924049751172014,-0.654810483408853,-1.20442937737946,-0.415537070054962,-1.00980110458505,-0.822550122918668,-0.385205925313937,-0.538203186517622,-0.540049528341185,-1.0148609756465
0.497111986011949,-0.012760938797275,-0.190485416563597,-0.335482119386813,-0.765243583445794,-0.588872945903743,-0.996540642105376,-0.642190938494768,-1.33802928940178,-0.548611812555743,-0.986838368123163,-0.640277980210215,-0.380836798667473,-0.60637414963372,-0.593832811411796,-1.01066485440529
0.403984690172145,-0.0135934787369468,-0.252283306109697,-0.354708640303375,-0.817347899304304,-0.633736385453957,-0.952390244431099,-0.569584156345308,-1.09279105872323,-0.556120167361416,-0.750055832934576,-0.700093586106104,-0.380930049967087,-0.542578225552,-0.59386789801942,-0.992490556690378
0.446661319427916,-0.0114656984586714,-0.209427292453624,-0.360431411023502,-0.850527182848939,-0.647288216109422,-1.02298749091382,-0.537208925792194,-1.17254620818194,-0.55072656555749,-1.10879104280207,-0.875762841341179,-0.36444887299873,-0.5534697962982,-0.602571743500409,-1.02961377692036
0.539771695540734,-0.015184185385236,-0.213224208833764,-0.356822521334223,-0.827702485397335,-0.629623602563393,-0.912072965466481,-0.511641282467297,-1.30329027691583,-0.50354155750715,-1.09605512029699,-0.692731269550154,-0.378401793278644,-0.575135341121865,-0.60945662735589,-1.05459692331211
0.488772185028961,-0.0152795149580216,-0.136127062785037,-0.343900096314109,-0.826832680370771,-0.631321043418478,-0.979917178509756,-0.615099495598369,-0.913533412879568,-0.51754893895964,-1.05278958330948,-0.74981794571804,-0.364335414235093,-0.553215264328231,-0.619661481575149,-1.09748491657974
0.586101826297492,-0.0186487849213909,-0.269765578511199,-0.371772632555969,-0.730048136811636,-0.63690273509178,-0.903619851224775,-0.67623552890393,-0.906547138445438,-0.566037829071235,-0.775153239810739,-0.695414812395506,-0.421950338595486,-0.594642680039549,-0.625145498318737,-1.03350281047622
0.512384628539695,-0.015607065229273,-0.177825963838972,-0.308347307623751,-0.815171034483618,-0.631996096752395,-0.87370450963434,-0.636438690582247,-1.26053231410043,-0.566110704046185,-0.932813894647164,-0.691871854778987,-0.399683830627048,-0.551342577321981,-0.57902047547975,-1.06115371681176
0.472821733249996,-0.0153432074147656,-0.152082791148566,-0.341642588496988,-0.796914073625309,-0.642015244656724,-0.776311701873442,-0.622582002240879,-0.932821257487705,-0.526849864842255,-0.910470526541326,-0.682018090222605,-0.3952744042764,-0.571793613244385,-0.615854254685041,-0.928357996642315
0.489995524471307,-0.013452959925236,-0.169060305374333,-0.332066622521755,-0.829485307084193,-0.677291419847108,-0.988616237346297,-0.511733185172194,-1.02928029686671,-0.594979117795655,-1.00535475604812,-0.712126290996473,-0.389894437425295,-0.592057569876658,-0.679431524865183,-0.907461145492467
0.452172422840546,-0.0126887061387357,-0.210789783726959,-0.369630286129596,-0.729288490618379,-0.572427268632445,-1.00753021044653,-0.612495126894186,-0.917208785774256,-0.6240623490292,-0.912545393205485,-0.655606176527832,-0.369847161594882,-0.616752233583571,-0.574377748916339,-0.979678408759836
0.556880067746397,-0.0153938865176197,-0.179761989870638,-0.364890402949488,-0.742376322556364,-0.662331686917398,-0.941814815876691,-0.57895748165233,-1.11702685200313,-0.412871386517798,-0.946441367151551,-0.716321421021488,-0.397975542158691,-0.61199148047986,-0.613636309696558,-1.04275223580933
0.58599746019974,-0.0136248680901006,-0.198223150813751,-0.360126537192543,-0.735126320709966,-0.599354327439346,-0.925277294380775,-0.664340510721804,-1.2538330182113,-0.500615395130362,-1.05951747153718,-0.68103134720271,-0.382895897770423,-0.563861834548982,-0.593890856426338,-0.957379719256405
0.522844733383039,-0.0149273286909584,-0.226967011177315,-0.381290566643057,-0.75525378463904,-0.665984751307583,-0.865155464427244,-0.63110620259279,-1.25675206658679,-0.52032545625984,-0.786480928992627,-0.756581006105163,-0.424464724921967,-0.559163738886929,-0.636913859447409,-0.984192687865265
0.528844405355702,-0.0154463801961192,-0.172024239761553,-0.37693270273294,-0.777600420725314,-0.649588320614979,-1.00809068761678,-0.638246494300956,-0.858054454908785,-0.429299469853702,-0.986362574781838,-0.660668353080519,-0.382464144368947,-0.551266021370051,-0.626777255947163,-0.989321835036654
0.530002801598369,-0.0131544409015032,-0.0936486785229102,-0.361521173774449,-0.73966640562437,-0.629794303314784,-0.933670469191467,-0.647398295914761,-1.12232281805705,-0.61207723953217,-0.989817516073302,-0.794268403486493,-0.408786875440007,-0.622642406812968,-0.600310429485386,-0.967582878364251
0.439111631471662,-0.0134970778224821,-0.245706450985324,-0.37529254017662,-0.747533191600398,-0.669135792966693,-0.946426265005303,-0.516507508833035,-1.23229212034501,-0.670910658144762,-0.939778576193087,-0.74483293800677,-0.378429904595165,-0.561525106835828,-0.594479170241721,-1.01758787932354
0.639868051039731,-0.0190600581222447,-0.214896440979708,-0.380679741433568,-0.740249095427782,-0.638146280632655,-0.827991025329536,-0.554501905862594,-0.907099243107828,-0.379364520546075,-0.706165088905605,-0.72819775767994,-0.374024084343931,-0.533605130752857,-0.558032276660708,-0.95842256183346
0.331297476990559,-0.0101740045037669,-0.274216464021194,-0.341354494006689,-0.848445739566648,-0.645951454342857,-0.908043745757126,-0.620566075416978,-1.11083140052116,-0.521535921182765,-1.07483090677134,-0.708857754622004,-0.385338224212125,-0.520027070509174,-0.5718536882026,-1.03995420215528
0.482863883045167,-0.0111532622126509,-0.195447215300542,-0.376376533386343,-0.728372640838679,-0.635490889863384,-1.02022177183415,-0.673430845058827,-1.34270056698406,-0.532276083074228,-1.17507497816704,-0.68357163790051,-0.409661721286753,-0.54583791454527,-0.57783275596867,-0.944635773664916
0.480709831869961,-0.0100077918130926,-0.224784661480524,-0.350263257753839,-0.798511461560173,-0.593815924778929,-0.822844043313061,-0.561808649563754,-0.899016716097898,-0.517338097562648,-1.01722661261428,-0.641363313612491,-0.376791810069704,-0.572997967171468,-0.629990958944097,-0.976420717842708
0.555054727308985,-0.0137512686898132,-0.195178330657636,-0.357462128085501,-0.856770079946147,-0.648550980351169,-0.810303696440824,-0.628724447386002,-0.904286271471425,-0.42696905092959,-0.894839722034545,-0.6682088378897,-0.390386037186292,-0.5858710010277,-0.626907459600266,-1.04099923422048
0.585093755174698,-0.0165244403624745,-0.21847132222121,-0.362966235776097,-0.694240423487726,-0.651126001916264,-0.920958761156435,-0.62363792377256,-1.24088972095215,-0.528091274995816,-1.03871295325724,-0.685434414671926,-0.422281040798758,-0.59009024666175,-0.588783870742601,-0.950822234153452
0.431372170583984,-0.014734971536563,-0.218590834974355,-0.395583933662667,-0.808165708786664,-0.608832656899352,-0.930936618131964,-0.555029956509928,-1.41106361623365,-0.576166512728416,-0.74315532397571,-0.672198087329611,-0.431747465016674,-0.540473609969967,-0.630720180908546,-0.995709661993432
0.420324725413162,-0.0112649624488823,-0.201073025796532,-0.358392443411829,-0.870394881942566,-0.639308997380852,-0.959754295070343,-0.64546162464742,-1.26976110072231,-0.559280080357194,-0.973308796305111,-0.806930049774807,-0.37214563460954,-0.594486146116036,-0.605234718895509,-1.04931934553829
0.445626722376008,-0.0132657714415218,-0.255504982642103,-0.37859631157375,-0.832559145053529,-0.59456644078725,-0.926215568256554,-0.660453287874074,-1.4750390172866,-0.523109737174457,-0.719243032935743,-0.750562001591366,-0.389467135567033,-0.549401571041689,-0.610806252983684,-0.955987876128412
0.492587276239256,-0.0117398296298985,-0.179278742451807,-0.325923189538707,-0.70443290301771,-0.633722625184572,-0.947875518921566,-0.616714639464386,-0.931482885174659,-0.506128784945962,-1.00793777490922,-0.687524628279899,-0.402011425785267,-0.558161718648021,-0.618207506593707,-0.962131338000571
0.422749381872008,-0.012346746831778,-0.18079595545563,-0.361884806967293,-0.859329032301072,-0.633882532803193,-0.867718804361542,-0.603987875303321,-0.910036515701007,-0.494208454746668,-0.993506120612276,-0.711297665034538,-0.381617360374984,-0.601899615969748,-0.631970953142666,-0.957278232436702
0.454669407219133,-0.0129712019018487,-0.222464288523963,-0.36558517564668,-0.736995970370232,-0.660829134503002,-0.833342097415108,-0.578542952392333,-1.2417132708644,-0.56382996067426,-1.16007244085358,-0.752754257469542,-0.403580250976142,-0.540702870788469,-0.575219028285451,-1.17277637086621
0.497601993235182,-0.0150834986441339,-0.191845617698515,-0.376754358834755,-0.734880523717972,-0.666575603496827,-0.840694301412575,-0.636863881651063,-1.41473945521216,-0.428841024356837,-0.986545188692134,-0.625102649523973,-0.378118060240427,-0.565524195977683,-0.640277246552215,-0.948034149900878
0.597374305322796,-0.01270549266623,-0.215987235930012,-0.337527771380749,-0.711656635666742,-0.636669822717268,-0.860547658734456,-0.521944728178423,-0.907187143079359,-0.525841721888571,-0.920125563207864,-0.749642014611279,-0.366497183838478,-0.570338062457463,-0.562552568521994,-1.03762520289635
0.474773415232232,-0.0143014679811123,-0.213122268751191,-0.362822723719193,-0.799575318424019,-0.658745277350177,-0.841356190746863,-0.59516328201297,-1.02717505657373,-0.505276375290175,-0.939463078482297,-0.712193607482602,-0.367669517986196,-0.534295649084989,-0.58112443852544,-0.909198718205194
0.492112288751606,-0.0159957401597206,-0.273899918182961,-0.358921543009416,-0.691892873036147,-0.589409091723421,-0.826738536498185,-0.550514720100605,-0.795765401772685,-0.546336987048002,-0.887868411617532,-0.71082441599508,-0.396492172250246,-0.591920419112421,-0.593501651405094,-0.989982120034663
0.356846327368087,-0.0105021295027262,-0.168839618309379,-0.382508147103195,-0.822434124339658,-0.632970402390977,-0.875876943810246,-0.537100507610373,-1.33877197891048,-0.500283451788694,-0.75664320484727,-0.702157119205767,-0.420110776157171,-0.57553571461029,-0.517185943085298,-0.967655927474638
0.497085672521218,-0.0149315910122996,-0.162559919267276,-0.378204687137573,-0.784341192722701,-0.633853625078583,-0.792438584073872,-0.586383995542705,-1.00239110336344,-0.533387672383755,-1.42932070558868,-0.765844797999292,-0.364468661122904,-0.602468699846,-0.597740762936198,-0.999132357697875
0.468705645646772,-0.0124026091084834,-0.254319928894651,-0.346772542699828,-0.826518465144571,-0.663600891380512,-0.752649732814691,-0.726840818680733,-1.18530051713535,-0.521959751479899,-0.962339939345942,-0.86148113465859,-0.393392737237508,-0.545388312956992,-0.605939121332904,-1.13840857120507
0.426415154074251,-0.0130178546237069,-0.202013893799813,-0.336122040716069,-0.797635946147774,-0.589293126436339,-0.941505028105512,-0.558694816591654,-1.00539443058717,-0.433600126791417,-0.972845679051122,-0.630583460005867,-0.364421889070778,-0.584810168386878,-0.559477552997425,-0.938002722086376
0.467938001188439,-0.00963484042037928,-0.155501521127195,-0.359009340550933,-0.780146330439792,-0.595535898756216,-0.855371709020818,-0.560533132209478,-1.32403745051746,-0.508202106032529,-1.03786071128531,-0.57024628113618,-0.391148635541491,-0.561708428236938,-0.530591505373061,-1.08198401633425
0.514032664532874,-0.014372078781263,-0.239170688936855,-0.325595050526526,-0.726719294934317,-0.665112963887144,-0.891534846050362,-0.597439238468104,-0.931213590799569,-0.63431605909706,-1.08801177366593,-0.672018013297297,-0.39160942475322,-0.588331461331269,-0.569233962920433,-1.08707517336583
0.602787160253979,-0.014822428903888,-0.143637356338718,-0.338588577939236,-0.737935330834484,-0.644302473926724,-0.871352784516684,-0.645288349578052,-1.16892908278051,-0.524984665676225,-0.904264848668311,-0.675283123421689,-0.350061036760542,-0.578036388745825,-0.580183463224192,-1.04756277816765
0.460936992525613,-0.0119095970632505,-0.208577895106789,-0.347183647979494,-0.794733102199113,-0.601296302419495,-0.851647631970392,-0.571558186831411,-0.973075608054446,-0.574456053022222,-1.0017228980168,-0.588057823232919,-0.406488953943392,-0.593859338327424,-0.600795743644477,-0.960481149728164
0.438912733006794,-0.0125913525812878,-0.12897445190706,-0.350080524115413,-0.878066059937242,-0.671235113024768,-0.862586574935409,-0.62380268246932,-0.880150835875559,-0.473372633240626,-0.904942181329727,-0.675625242191563,-0.379641180833623,-0.548527618236041,-0.579162915277895,-1.00210222692224
0.460957347410086,-0.0120907977419421,-0.212907054247748,-0.343975791555296,-0.71766724868764,-0.621146094279859,-0.944612227321648,-0.594173359502972,-1.0106909863467,-0.529462390192092,-1.00002566370109,-0.704127368172371,-0.386822134393441,-0.630260709372948,-0.653769363631852,-1.05154684207826
0.396422151104448,-0.0141496562164949,-0.172239172228529,-0.363629128937699,-0.751043170219677,-0.598635350607893,-0.90464192167098,-0.614586950993067,-1.1251251484785,-0.4563112529713,-0.97369635690778,-0.78018425192107,-0.358541086867232,-0.489976313488232,-0.589816886731876,-1.00876253871702
0.401654115054531,-0.0118455527787372,-0.285915210243385,-0.347976643964692,-0.76553588153788,-0.640143115200038,-0.954477361484023,-0.597306701238117,-1.17830590986313,-0.408565553252987,-0.936399085741466,-0.666022041350682,-0.353717648262474,-0.550721927544952,-0.647511000347454,-1.0371704321102
0.487634541039318,-0.0137999988714718,-0.181459522221126,-0.349572709727888,-0.711233356485185,-0.630037879544999,-0.818876457100728,-0.603288915510872,-0.778542475898659,-0.586971679417529,-1.05591885613607,-0.59882819606227,-0.382978656724992,-0.58043858436364,-0.620881367675887,-0.92864064518914
0.486202143860119,-0.0121401000449958,-0.251791439057748,-0.350030123305362,-0.694394852559225,-0.647461603855627,-0.944463255556038,-0.616781724490612,-1.15910527440255,-0.521532859224815,-1.08640178500662,-0.711638321535549,-0.387308886929186,-0.541143733137009,-0.662564653238836,-1.1121335257629
0.533103786894308,-0.0117466930527914,-0.16178714080862,-0.350660751063685,-0.80055876103514,-0.606078474047184,-0.807855899713849,-0.702925467878664,-1.0650195095534,-0.512678586113843,-1.06993277685523,-0.61673262784164,-0.360332840240179,-0.577554203838505,-0.636733166987628,-0.945232389316003
0.51329895445527,-0.0118782552929014,-0.220700794022593,-0.338563839162208,-0.799120077176625,-0.599314309986549,-0.976577977682819,-0.657677996323268,-0.912750454644037,-0.486087130160843,-1.07320793979534,-0.600004052760725,-0.382379337522583,-0.593442404812405,-0.622677976708811,-1.04169836029732
0.393133307640611,-0.0083077849423128,-0.201905014883649,-0.344353697193544,-0.800569843151636,-0.593401733712671,-0.894220858552585,-0.604532040832777,-0.959843728067333,-0.514181076561381,-0.894128485646,-0.672628805010454,-0.37032293132979,-0.578844521266666,-0.615477781819044,-0.967702082912621
0.54432096472133,-0.0138459419369934,-0.20394454542399,-0.366300204288589,-0.742568467301106,-0.572956524276875,-0.866131486872635,-0.590287014136274,-1.30389731522914,-0.483841183816402,-1.06222011150769,-0.727603532745413,-0.398310415392749,-0.525839067964883,-0.579413748769598,-1.00157023444197
0.503711577909705,-0.00979950667486052,-0.26026114324639,-0.33370249296265,-0.80387246913606,-0.731053106658942,-0.994101771734118,-0.558994250138674,-1.16155354506852,-0.580847813086207,-0.780715377651961,-0.719647050924098,-0.43430266268492,-0.552563963289763,-0.626624526090789,-1.05253112956651
0.518802223371533,-0.0156344894600813,-0.123193929313804,-0.348796291983702,-0.745518748870283,-0.570726432012959,-0.806012170397327,-0.691750709186824,-1.28290188474395,-0.586183771576477,-1.14851175566421,-0.6791039832192,-0.400942422540148,-0.56262571968161,-0.572937931787229,-1.05007971925077
0.314854800796291,-0.00780244259767512,-0.21231552709841,-0.381483115895586,-0.829575988274298,-0.613962021219298,-0.826054759687192,-0.597128262617856,-1.36008942339837,-0.467007476145413,-1.04266016800829,-0.789293618143435,-0.399174131912093,-0.534884567997717,-0.595475432490336,-1.07527767913117
0.507450541450526,-0.0135857019262462,-0.236380328799479,-0.379630391385336,-0.81472522063141,-0.572136287450859,-0.861387847787686,-0.625916883648894,-1.13410282882167,-0.496586568971032,-1.10892030275473,-0.640592848713474,-0.392886535911447,-0.617110765741308,-0.65502619578858,-1.10333694680723
0.448442539470373,-0.00591586430712218,-0.271405356989836,-0.389404203400384,-0.790494597420181,-0.663371322562118,-0.935562280423925,-0.632061267258614,-1.13070781804481,-0.597970844931746,-1.14173228391323,-0.668714389974778,-0.402354548640704,-0.531815906787826,-0.583320419107764,-0.942778509374255
0.483081771909293,-0.0142407248322889,-0.142583933318166,-0.352550525322842,-0.822440251961885,-0.621477019163472,-0.911261281838818,-0.633170368951254,-1.07217677402782,-0.382164009527525,-0.885659070978369,-0.63912927539002,-0.401517752514709,-0.55581618281931,-0.573364338999252,-1.00370553439166
0.535525174151563,-0.0120536248624317,-0.1856833647458,-0.326397954827295,-0.767999625743339,-0.69848072616661,-0.971376568116652,-0.65672112467879,-0.69962108881953,-0.494398442841673,-0.92935388848462,-0.638996217429525,-0.40386668174051,-0.56466909235704,-0.592712418985726,-1.00380222631756
0.495883811312353,-0.0084573916365526,-0.226671285116903,-0.346432937308365,-0.775808388623087,-0.632879086354977,-0.897402918445878,-0.676933372723208,-1.0667604726954,-0.516798989382751,-1.07746428195108,-0.783545550579564,-0.360685619829194,-0.532315918878492,-0.635266016514918,-0.984402236377977
0.528015063307985,-0.0109583601019162,-0.222069500298233,-0.366140565916214,-0.791508945269194,-0.650499013230944,-0.913904726200952,-0.590132352042049,-0.930915279952681,-0.541569801489362,-0.708174717647809,-0.708065955186467,-0.393842161143457,-0.620329877049808,-0.589021033056142,-0.959078541082327
0.442248769176047,-0.0115598830824638,-0.175751785174074,-0.37076819924252,-0.817052668089065,-0.599185328622698,-0.954912086287106,-0.676543028304953,-1.10044808352709,-0.672721275422014,-0.88862161027812,-0.673487467469284,-0.417766141914494,-0.540218250794487,-0.550505217921445,-0.996803261655715
0.464603876005871,-0.0151489579812011,-0.175846225939008,-0.374588967449686,-0.875676083542618,-0.636884110185323,-1.10761271369706,-0.609662459140741,-1.28302761065529,-0.591220595976497,-1.14254504064512,-0.753705773235406,-0.399461663413707,-0.541506312032625,-0.577412191307291,-1.13320255848516
0.463971481836811,-0.0121135024920456,-0.165598583789906,-0.33717972882275,-0.76995822490807,-0.630224481952397,-0.852412357632345,-0.56475296044736,-0.93275156041851,-0.45119616427174,-0.948434099980202,-0.701828753617476,-0.392389792911664,-0.583342959662893,-0.621114113764798,-0.99935312369051
0.446411260220343,-0.012514596292247,-0.174786349646982,-0.326768852216322,-0.761021582144432,-0.66088322261689,-0.985451996870849,-0.618272288651348,-1.36056263955052,-0.583549538601961,-0.850838782810771,-0.723290558892688,-0.368201886041148,-0.572967689983206,-0.597330803740809,-1.00248309934935
0.550125215777409,-0.0145897536684382,-0.20063049318369,-0.360591617709236,-0.753746415900488,-0.624607382343206,-0.893626180962846,-0.505224437321856,-1.24389730412448,-0.53882466864192,-0.990424759959348,-0.692634996822707,-0.411432432001065,-0.545753914463769,-0.57903384885961,-1.04543422736716
0.517108439039384,-0.0162349299232698,-0.0803627346497082,-0.343502287539706,-0.833739446405467,-0.641491925468867,-0.775055976207476,-0.608497014035026,-0.87175481300154,-0.517622547644275,-0.870090910273843,-0.683134724510792,-0.380401920674534,-0.556547082721639,-0.585346590632855,-1.01331651935604
0.613693059255596,-0.0201160655438151,-0.256246113118319,-0.365442762662076,-0.800734383872705,-0.608097405710962,-0.814940879775351,-0.567585892087983,-0.896459700750434,-0.464591285844106,-0.833870517695572,-0.661735968134041,-0.380159341121418,-0.568142694454746,-0.540139451411177,-1.10655012628611
0.653588486213054,-0.0189467953007952,-0.236670810748374,-0.371905349421672,-0.705674169246901,-0.667380687620389,-1.01295776218769,-0.623187486627864,-1.1154634893759,-0.45855155017375,-0.977510672282541,-0.73725966791741,-0.400641151399833,-0.620814913221701,-0.598563340267232,-1.08578550086189
0.52846306121127,-0.0128579876781439,-0.274176175812123,-0.344528457976256,-0.832934568419062,-0.608218905823896,-0.963225783052049,-0.631718653057062,-1.40134964131181,-0.525425453043691,-0.747124212241489,-0.736819818007845,-0.413752106641291,-0.544608422730331,-0.654321521682338,-1.08518226034814
0.510591222614356,-0.0140572966321101,-0.249475147644997,-0.338833561793039,-0.8251065364987,-0.642608578782846,-0.821423599483932,-0.559417541627468,-0.761330994164314,-0.602298753046187,-0.895548704057668,-0.693946422904778,-0.418804920890428,-0.524076677021745,-0.650698592608579,-1.03101662060766
0.547673004519479,-0.014801668012645,-0.200558564124498,-0.372156995178887,-0.699758168386016,-0.604232214739371,-1.06631676479981,-0.626421774636817,-1.39687254831105,-0.422743879149922,-1.02878126793522,-0.651507459710989,-0.393209049646433,-0.547265610257477,-0.603808887797013,-0.976847154988277
0.601312759301066,-0.0144112456302717,-0.177174164060599,-0.359649825081415,-0.71797846514601,-0.600661788750139,-0.929825581304682,-0.593183524783421,-1.2204057105665,-0.532044238516447,-0.931893489348978,-0.601863824429937,-0.379335840723516,-0.521157512378309,-0.620461707392333,-0.980276885994422
0.457355277234305,-0.0128696036526545,-0.223210230997377,-0.35903924044445,-0.763031614262311,-0.593503176016217,-0.869099832832526,-0.56506560306531,-1.19727287335263,-0.382641875463903,-0.974154499913023,-0.645573193429954,-0.346859847880375,-0.616067331500038,-0.595148613115922,-1.06948428178986
0.408934668963338,-0.013118998233624,-0.193728511362246,-0.324985007986852,-0.760390409637305,-0.629915536483108,-0.947074347115226,-0.646297586923972,-1.10864041034724,-0.534197565545528,-0.888942613557771,-0.6335273599159,-0.395985229267484,-0.581129945360146,-0.57326193417827,-1.11329206039314
0.638954197426197,-0.0137737633449722,-0.194275432457491,-0.360836686121152,-0.761616811352078,-0.642500409533598,-0.971967505695674,-0.574768791523375,-1.0336625301799,-0.417010740915515,-1.13548736608371,-0.647470753231899,-0.412251736364773,-0.505462371296942,-0.618920997265982,-0.998510043460818
0.541691473161859,-0.0146826367142496,-0.154318949315671,-0.354088251378468,-0.785370024101236,-0.657430905173775,-0.893695327947111,-0.632398981695749,-1.35004523125483,-0.583016595251591,-0.940857953920654,-0.628816452424814,-0.380067054891326,-0.62116226486028,-0.592355666394683,-0.953945306513889
0.614223398367256,-0.0157170421028345,-0.268289078657226,-0.361969233396198,-0.787942515698115,-0.620325302347088,-0.810082353067212,-0.569268103303088,-1.2792981139487,-0.437397437247778,-1.05999792795295,-0.770837981051699,-0.400037130123087,-0.509779002286425,-0.606285418472598,-0.977350337542561
0.51409965268305,-0.0109006635020027,-0.24844652007751,-0.326314341410436,-0.782747915236153,-0.6416023062771,-1.00551322400224,-0.563849783263463,-1.28746382301578,-0.419831584832164,-1.21417140539375,-0.610677998236076,-0.396141017433739,-0.644648863337746,-0.621877107870743,-1.05005090290086
0.562483103912238,-0.0166934158390427,-0.165297226243307,-0.358812714172162,-0.791212792627709,-0.626736972816883,-1.07563100116239,-0.525402145890474,-1.1100905304783,-0.589714329180185,-1.30793209314964,-0.799202117864271,-0.386709723574961,-0.523845857029536,-0.629633402945322,-1.05405463679405
0.558314056873697,-0.0133480213053918,-0.137344081418485,-0.374747127181177,-0.715154961410976,-0.580864102156253,-1.00247075258056,-0.673578140300501,-0.926120177137953,-0.565646487556255,-1.12483252598027,-0.614430043265105,-0.399801434542542,-0.589407441139256,-0.603338558098562,-1.0293524390811
0.467083413440105,-0.0127393627321918,-0.22399577125199,-0.331429967759429,-0.775544296051079,-0.666786923951432,-0.993292583979615,-0.583048157901104,-1.60881987739182,-0.533603760660142,-0.771546747034937,-0.826395415131192,-0.384031400878179,-0.573716034790761,-0.649281316323486,-1.0849903948754
0.50077951187097,-0.0182122078975121,-0.201625865907762,-0.36357985944579,-0.795857634064906,-0.652080056289742,-0.96131903186388,-0.638467036491511,-0.979474345448863,-0.537775827945076,-0.826148057994992,-0.803473269121465,-0.393117971310398,-0.612188949134683,-0.57248998247704,-1.0495595542758
0.483123398356651,-0.0165495969422753,-0.158467874460738,-0.320779795702139,-0.763039425593221,-0.630688183300608,-0.980577441851528,-0.582500973604951,-1.20194456566013,-0.462935797303603,-0.736381818549772,-0.689076498776131,-0.403161469080691,-0.620073195433231,-0.53468960444843,-1.03690475039044
0.521563533934793,-0.0159403248728383,-0.194985263672944,-0.350893894130683,-0.842530782749488,-0.638159534388692,-0.927475511514542,-0.584899506157283,-0.86266796217819,-0.587133336308527,-1.20423656568624,-0.69868328344255,-0.353611475156549,-0.571467965468128,-0.593438851211678,-1.08112836084382
0.488657789919088,-0.0103642953937187,-0.223008450858118,-0.371142949027924,-0.802344350307536,-0.646903560773787,-0.945679126296395,-0.612290616444055,-0.76398141973164,-0.516522496104597,-0.799561257657202,-0.707411959075587,-0.37350115259832,-0.599288126432751,-0.553720928756247,-1.0727963541455
0.507510552983473,-0.0163302549554883,-0.196207705990356,-0.377805130503565,-0.751866904742698,-0.654414488999299,-0.825609799810856,-0.674062640539942,-1.05067339686177,-0.53206029698567,-0.978271833998668,-0.801975785326626,-0.409047106008901,-0.581476429749812,-0.663775649910637,-1.0880375418816
0.455965398530504,-0.0133230787977905,-0.230307545386944,-0.351457515996537,-0.902698099906817,-0.585414591368777,-1.00648911235291,-0.600413520441686,-1.24627777186953,-0.589065578627266,-0.95629963629963,-0.589632849674353,-0.352056225744099,-0.623622281417342,-0.647641116904913,-1.05763752329104
0.445794644906691,-0.0103227743657852,-0.267770533199821,-0.321989216578652,-0.773349324326195,-0.650799289423549,-0.975949157644537,-0.636620044651607,-1.33305007283668,-0.597686762251317,-0.752256068112641,-0.778523073552712,-0.382504859161016,-0.557967574409734,-0.58267793372092,-0.929666806044437
0.44942899949091,-0.011438388336138,-0.171061293033302,-0.379647515946491,-0.767270297167203,-0.647668910846438,-0.934827594559409,-0.610982489121518,-1.33821072359712,-0.552121473397485,-0.909079077658572,-0.734271021318299,-0.376353853931022,-0.555475463694987,-0.580781004312384,-1.08786041653665
0.375529979035017,-0.00971186810213048,-0.247524450756599,-0.315332138113166,-0.762975510519927,-0.607346645093091,-0.89241563774,-0.526827521029592,-0.986107002589491,-0.536624925505057,-1.10095553543776,-0.771914325878357,-0.394446222602822,-0.522796400832275,-0.611356995892418,-1.04619230043052
0.465178584791102,-0.0121951696744402,-0.242940426740753,-0.374764352140578,-0.819030921077824,-0.605911998526378,-0.965057742811103,-0.616324950238369,-1.14149579451834,-0.517148727398483,-0.797971125944834,-0.680960045982417,-0.422350434457088,-0.567132206472649,-0.601777619369074,-0.990020295463205
0.526297961538446,-0.0112291005028469,-0.229671103900812,-0.348892587295023,-0.768098000789082,-0.619282768563814,-0.864706470316059,-0.649849239665969,-1.38155878991311,-0.5139320789045,-0.595966917223862,-0.59457614402431,-0.407279205037505,-0.543562740744225,-0.569477797156992,-0.977059808302747
0.450409858681287,-0.0123347064484615,-0.217563915573185,-0.367941792233952,-0.772811792443516,-0.632767277029558,-0.96071200936664,-0.730520362802465,-1.35762048173585,-0.628718649177538,-0.879571758599449,-0.731476365257431,-0.395084997677407,-0.584616478216872,-0.605704620205251,-1.02662798750197
0.406112441217441,-0.01106100384044,-0.192547013472685,-0.339941441324924,-0.871351276164333,-0.650280446021009,-0.827038353213926,-0.605026187892303,-1.1776985905726,-0.405483451425398,-0.966500184710569,-0.653463764790585,-0.376575553520301,-0.54812408403116,-0.620270777716358,-0.980106016627373
0.359553681580302,-0.00973147719611868,-0.238931250236162,-0.338934936006424,-0.736045550996803,-0.59994535344521,-0.938004222078919,-0.56341677406889,-1.02134180429777,-0.554624550714764,-1.00078281540239,-0.716566045087216,-0.385642898952965,-0.511610251028137,-0.601226466751172,-1.04689753146901
0.522718737956532,-0.00616505317508764,-0.200623880838952,-0.367934223778809,-0.759956459357263,-0.642990996658493,-0.979482419620223,-0.615763194530825,-0.996592264072389,-0.56807721589913,-0.729228057461274,-0.679991384080454,-0.389836979688502,-0.590313312003974,-0.635377351275376,-1.02344864946643
0.608029168368186,-0.0158982840212953,-0.132477037227368,-0.339419298812653,-0.803908900812979,-0.632992306632508,-0.81852200616297,-0.644760972264993,-1.20686222656549,-0.472083241790235,-1.11457148963522,-0.711118543734962,-0.395768382799063,-0.6396802895238,-0.586614950762295,-0.963252462063105
0.517090690984025,-0.0112476203094413,-0.117675649619776,-0.323284887053875,-0.761109849369586,-0.676666698414724,-0.984611828926304,-0.610792277362514,-1.30013670956201,-0.574888505806753,-0.938563514861717,-0.68853799446862,-0.376341911621575,-0.562129627021692,-0.623218697414936,-1.05510227906215
0.530523719111386,-0.0158111722620732,-0.161496946194,-0.368793173570841,-0.713814132879247,-0.603346366956791,-0.999770180769964,-0.618542763645091,-0.911166891077298,-0.503198727259903,-0.761526739716995,-0.642548449366792,-0.388335653963235,-0.589845979497095,-0.601312940197418,-1.09687235600018
0.502913282909994,-0.0164963211712723,-0.159076009046808,-0.367344561052613,-0.851755230019902,-0.64428764524075,-1.05267040436309,-0.618673445869225,-1.14549902066838,-0.613340524891032,-1.15922456897791,-0.700568353417977,-0.40059674784624,-0.560146740245769,-0.609283954979769,-0.997255818232154
0.572094400305883,-0.0172980192889447,-0.230027200728233,-0.349957251532643,-0.786893533093026,-0.640911748059254,-0.879215420601193,-0.613584480247212,-1.32522145044024,-0.523396269967885,-0.9519827477939,-0.591801398649249,-0.418365419318241,-0.583013329558212,-0.609042944264978,-1.09380301300321
0.48750241983139,-0.0107811503287913,-0.259988417599023,-0.372601907692146,-0.781787214808884,-0.668882359255588,-0.886371492132361,-0.581382326200268,-0.745035814167342,-0.548882687198773,-0.759668350992783,-0.715706849498796,-0.380608382045004,-0.48012712502536,-0.558899618869955,-0.942300634654822
0.533640941405829,-0.0192669171540667,-0.133113533249748,-0.375689215370021,-0.777167397247776,-0.628845978269493,-0.996806469069775,-0.691847893434295,-0.99703039636417,-0.502316062765314,-0.986361267613351,-0.74936821735676,-0.395390298599555,-0.577040695899468,-0.603174236676329,-0.96814151034039
0.500819289059025,-0.0155207346940169,-0.160930730343719,-0.365279457006817,-0.754480028526912,-0.563986578406958,-0.990678361471195,-0.749155740735838,-1.39151467591152,-0.636977671734287,-0.796203399631558,-0.598163860284062,-0.407101812045619,-0.581274192475257,-0.574997838765773,-1.03080523059665
0.420913356783955,-0.0118238500824766,-0.293022399790441,-0.342777395024938,-0.82098280161136,-0.657712877771891,-0.873697479144282,-0.630231616999642,-1.17677611224147,-0.672093284176771,-0.838497399932681,-0.685226976285384,-0.387959013785132,-0.597554445120775,-0.564211375388864,-0.938913688453115
0.56191404591553,-0.0152141823917267,-0.186445652466657,-0.349791563808747,-0.7809866917287,-0.644750056043554,-0.971937206972494,-0.672272887347422,-1.40336649479952,-0.574148769400437,-1.11957759613927,-0.740802706719551,-0.359280858803433,-0.583967390167417,-0.591504094187293,-1.04408273277552
0.475342166280174,-0.00874568827499321,-0.245323639722633,-0.363240750158113,-0.809362294281549,-0.622587521231715,-0.883122695426805,-0.509350727782329,-1.35834937572174,-0.565851834963494,-0.958040897361735,-0.666824921312259,-0.412341107934464,-0.630895011100346,-0.644201446763559,-1.04480506057228
0.385113295171273,-0.00936581582331904,-0.238148492843535,-0.367142960618021,-0.797540412711712,-0.625208780115172,-1.01937611432628,-0.661851921439914,-1.27199416500497,-0.523662466785824,-1.03006075083987,-0.834823206572996,-0.354991675328966,-0.526927170554406,-0.573204209902087,-1.02069318363791
0.601442208550872,-0.0182608649188458,-0.14712119898455,-0.365399522417859,-0.818214675379602,-0.618596573890163,-0.888963247477834,-0.707069806029088,-1.13635028534242,-0.539430394264257,-1.02705417353147,-0.640594575238199,-0.385368012941669,-0.521943280485799,-0.565137470760503,-1.029885076455
0.440414935717074,-0.0137110468720265,-0.24115558232227,-0.342699795209433,-0.866403754143386,-0.604365321620034,-0.96615472719313,-0.627783854591094,-1.23159083017266,-0.49152503209072,-0.758289346493018,-0.794686934194513,-0.397650011835982,-0.552045914526504,-0.584945207211344,-0.977021673970709
0.527217274231448,-0.0161477855935883,-0.242660759631065,-0.373067119823748,-0.790755007346405,-0.600882005224208,-0.93052164760995,-0.666546822326497,-1.15851855155546,-0.51558867739943,-1.15519653424728,-0.733507304345987,-0.373977637795051,-0.599749571467796,-0.61837737691387,-1.10954467566396
0.569219804231623,-0.0168100355118451,-0.111243961485775,-0.369616815371211,-0.783068245479348,-0.663044929190094,-0.969623445627757,-0.576745227739503,-0.778420722959339,-0.50187656515913,-0.921658189947325,-0.65158543557013,-0.397611119344445,-0.613645275576169,-0.546852070731987,-1.01326951596533
0.476849282303968,-0.00997123618348582,-0.231179186451765,-0.33952669182536,-0.808654110059765,-0.567536185883425,-0.935185954760147,-0.695269916803206,-1.00222181674551,-0.705687026289658,-1.07234633910832,-0.655001805053584,-0.398878572123232,-0.549095519342726,-0.598383454867679,-1.04115173384407
0.476060279869955,-0.0134880897496874,-0.136013312192647,-0.328194909570903,-0.791466291907482,-0.617902982279452,-1.0637237266876,-0.714153382009133,-0.931224726842276,-0.41011084147706,-1.08384495801121,-0.815590364734953,-0.429530523110862,-0.558889823464751,-0.593393254905134,-0.992372270961678
0.581009564915357,-0.0168400289920118,-0.16142417895485,-0.363800181581567,-0.722109192938209,-0.639822708415469,-0.87820362710876,-0.645071774133568,-1.33684541415482,-0.670483215906525,-1.33664715828694,-0.770346257513802,-0.377858006660585,-0.557897716457176,-0.626940117601311,-1.03982776882185
0.499884078738699,-0.0133579654656188,-0.206570929336794,-0.351460266686145,-0.700264974478338,-0.615667489001563,-1.02367839377486,-0.63937084685846,-1.35291997607053,-0.461638945761025,-0.965509838336153,-0.625202287706239,-0.428326402071814,-0.567389682190149,-0.589859228407366,-1.07953469868313
0.592132028648556,-0.0137537595144655,-0.240491239280286,-0.363706118679995,-0.84692251726513,-0.682527897866632,-0.969540465796402,-0.667819138948439,-0.96846513867278,-0.603789946308853,-0.951750695363329,-0.636835885966719,-0.415403668428157,-0.603230358712031,-0.544737852872413,-1.03424013924409
0.480950911420115,-0.013227823165031,-0.224151817948308,-0.333617638216116,-0.819981407896329,-0.59451497495471,-0.84162916433915,-0.660289412451955,-1.15477579110185,-0.616013637766462,-0.94119374303971,-0.795186481879705,-0.37400177390133,-0.558678920642779,-0.602200560194285,-1.06214890209837
0.466129124128395,-0.0125625051765077,-0.185783026650913,-0.36892849400799,-0.703254111580833,-0.580767236084731,-0.922272671462864,-0.5894650627845,-1.01205775684115,-0.62292532121002,-0.898091806463433,-0.72808743627368,-0.437876412234447,-0.580852467762345,-0.648993989211451,-0.955436141256353
0.57314708462083,-0.0155525183326563,-0.182679710397524,-0.359163978704138,-0.780849232612526,-0.609662953728451,-1.05280857943899,-0.632854295402026,-1.15745125181587,-0.58663112062839,-1.27805161502846,-0.713687170927788,-0.392904093755913,-0.548902145705024,-0.578973466172343,-0.979137381094527
0.53628060939541,-0.0176129037886761,-0.221523914464569,-0.349222115166161,-0.770352263552185,-0.643757613694466,-0.79972439033792,-0.602656817844152,-0.908579851181961,-0.559461964454135,-0.537594605338665,-0.621122736449736,-0.405472885992634,-0.509431463842188,-0.650679486920495,-1.08086761057379
0.515820796711087,-0.0149051966842906,-0.269645728176191,-0.366245566232707,-0.814525878404268,-0.655479973465472,-1.06772385265476,-0.652486072037038,-0.960401089521395,-0.424328440236073,-0.918459240932936,-0.680627109598175,-0.407412590230897,-0.519374555090489,-0.579326164255279,-1.0477218720186
0.524370739381098,-0.0151594141679307,-0.255462061568521,-0.337105416789522,-0.783340412656773,-0.604873931668078,-0.905922955842965,-0.670995147871419,-1.02789795168779,-0.52180701459084,-0.970647169031183,-0.658044218006959,-0.373789640450159,-0.57781331815433,-0.639699417883765,-1.01350698081389
0.465773852373894,-0.0138751430410576,-0.207185829467488,-0.350993241060657,-0.741476200754164,-0.634180388041536,-0.991357504571353,-0.63897199437697,-1.30637966183007,-0.498365434639354,-1.01335754995698,-0.725012368749897,-0.391611988898165,-0.618311917211984,-0.619600531825575,-1.00905898807381
0.574387561914805,-0.0141242873856277,-0.213366945193135,-0.336557417374691,-0.798809741112837,-0.655183256551276,-0.770453505788385,-0.639303639221151,-1.18594327567594,-0.448541409051389,-0.654540791107787,-0.686733520695959,-0.402818923808636,-0.617107921047988,-0.580070905931637,-1.01621865837413
0.436797895218918,-0.0143593025895185,-0.280076398673993,-0.346096538410215,-0.787037229915701,-0.603178153207591,-0.963716988275455,-0.665175527624588,-1.38905067599543,-0.536272145358467,-1.0030188069213,-0.685315227424416,-0.367169358134472,-0.549170400308019,-0.553847396818215,-1.04939830363618
0.527198719344834,-0.0191560535966008,-0.153520041081265,-0.329957325603462,-0.76939733267908,-0.614640427494557,-0.895280213687458,-0.661562262115123,-1.18169389539359,-0.642961857543359,-1.00977415339885,-0.817325071958067,-0.417906341826056,-0.574670300990508,-0.631919963067452,-0.948252476507932
0.623042612037453,-0.0177742877315106,-0.18533736316241,-0.339553669816483,-0.770561405202226,-0.690668155136198,-0.915880842872494,-0.527357639150584,-1.02463367532434,-0.603676549386169,-1.11180394635603,-0.740363269550916,-0.400635968781067,-0.54046768750584,-0.602954593373093,-0.904475734702881
0.66782854560056,-0.0190185170147438,-0.212353293407148,-0.391604743190505,-0.700180244805036,-0.6323989680557,-0.940252607897558,-0.584293432200263,-1.16108846222073,-0.456980281268489,-1.02306039931093,-0.893769859489305,-0.428724982923299,-0.561799436272542,-0.646904022063176,-1.0068897170865
0.507844957913815,-0.0201789835669431,-0.134923858126414,-0.318059512095844,-0.77876806178088,-0.619143682460965,-0.933226383790425,-0.493949950825849,-1.07693506314702,-0.58395994035102,-1.03008334270498,-0.780161064327518,-0.380956555297917,-0.576706734639296,-0.533716054023212,-0.928300643124422
0.568033547070076,-0.0166997929185734,-0.205352141253521,-0.394753623040492,-0.766696108281565,-0.653403963527323,-0.857711127929076,-0.626957273569685,-1.22051798555233,-0.527214798278336,-1.20627164398146,-0.630495701918713,-0.399677816100369,-0.604985741086358,-0.586077340138688,-0.976924855946484
0.465685419036769,-0.0120488811708407,-0.284085011633973,-0.354686254952348,-0.828189844123338,-0.654446857326857,-0.874705621092234,-0.600294549425507,-0.953474405408858,-0.602591739427286,-1.11604692185881,-0.677751057610509,-0.36811763222011,-0.565981841893747,-0.581919867162775,-0.9818057278412
0.453735936751332,-0.0122644065827329,-0.202235248882427,-0.364791301189843,-0.802147384281244,-0.608949769521468,-0.982910142740015,-0.602725635990797,-1.00827926513178,-0.479771839530449,-0.703753811121359,-0.710351428311916,-0.375178146545277,-0.531357708226556,-0.58481442959041,-1.01033172155655
0.364887969240798,-0.0111417587642374,-0.179677293838793,-0.346780701369565,-0.803491001627262,-0.631513008527238,-0.959231724222774,-0.646820735737,-1.45262910164912,-0.449116333284572,-1.0367271619391,-0.713187992783623,-0.402674795074303,-0.550646394511406,-0.600467386051321,-0.937260261632664
0.5452118274501,-0.0136303337552821,-0.271264700829054,-0.352874006895861,-0.690859078288547,-0.636478396432887,-0.822377643585885,-0.60071078924719,-1.14134551485246,-0.532177992943754,-1.18280598296233,-0.630277111117144,-0.369098715881539,-0.588307116168157,-0.572435878710396,-1.03954070652748
0.516715379558617,-0.012701240756165,-0.283636946800066,-0.341397671735779,-0.808937792543803,-0.667771355598894,-0.945010728885697,-0.554583945796982,-0.854339353890214,-0.646791372701676,-0.651521376039888,-0.838833936714219,-0.378378206915059,-0.574431084972094,-0.60740649167857,-0.929712887677967
0.453627516988291,-0.0117826943637383,-0.223472340922771,-0.384956576825709,-0.850728090884684,-0.621606408644877,-0.93833137180716,-0.604212982176244,-1.10527515748667,-0.452951472390967,-0.767785855601861,-0.750734450128952,-0.444323510509755,-0.597272348159351,-0.653924013324106,-1.08282960227425
0.543659008678418,-0.0135692575598317,-0.283967140800401,-0.360821266685022,-0.645625495696864,-0.631803544061891,-0.818624563551467,-0.648032751877092,-0.954676724458634,-0.554637542033363,-1.0362970956662,-0.783640435154356,-0.342889736385055,-0.553174784069425,-0.551973893830607,-0.996377617567339
0.33283211341225,-0.0125220202547174,-0.208899031744983,-0.372956592494385,-0.796461632025679,-0.6079177477047,-0.999234730536966,-0.644802378611726,-0.89927011957977,-0.587360020330575,-1.07925317578357,-0.737875480676182,-0.398522512528105,-0.586362387401203,-0.57494486592837,-0.991104564012905
0.48938287587262,-0.0159308946689187,-0.220873561679064,-0.348747928114889,-0.803291654108016,-0.581398548242795,-0.943514137583567,-0.559924777946013,-1.25160464629639,-0.678926474699957,-0.715983558102371,-0.703877831699306,-0.389129113470519,-0.556539018435575,-0.571378343642781,-0.939833663765311
0.45386697266406,-0.0119331467644452,-0.223655789568294,-0.364805842384186,-0.855878276502464,-0.618705032467185,-0.968177956399442,-0.611139166695268,-1.2216036792687,-0.537868782770425,-1.05448777859621,-0.700037246369566,-0.365714708674829,-0.593979346881445,-0.603496394756164,-1.02292107735796
0.442661350720822,-0.00973181197904008,-0.208332574935053,-0.360255609060505,-0.788486802438598,-0.617425706787584,-0.986802959335569,-0.599579318696161,-1.18701086993012,-0.548096360091316,-0.75541059816515,-0.706294122497959,-0.396539324488742,-0.589622119592353,-0.603777182796819,-1.02243076565649
0.521162489012825,-0.0135948090822789,-0.17816990958328,-0.346828136339141,-0.821306240501826,-0.601540735215398,-0.897467536710647,-0.622859102189328,-0.96034291740728,-0.553668470255467,-0.933006089771486,-0.788603821013503,-0.378699739259016,-0.608012884252842,-0.585089681348101,-0.957358569749079
0.509236745323611,-0.0120090593465985,-0.202927828747535,-0.396359085261608,-0.786379791245793,-0.554327973626605,-0.890056136902444,-0.626566329667834,-1.04579662983151,-0.527790910157571,-0.884545215860864,-0.705129418139292,-0.409455140255993,-0.592181836068463,-0.636585807689322,-1.00144450121809
0.446803558830632,-0.0139274137288032,-0.1866559483654,-0.372075135927504,-0.832885938870185,-0.668263166448535,-0.970473912015147,-0.606698524857485,-1.2750754377142,-0.656334180952614,-0.792839028606095,-0.734110680218447,-0.420880515117077,-0.639838180927382,-0.548754622299649,-1.01716109588124
0.470092609793263,-0.00874576591896596,-0.185144943832085,-0.350225410483033,-0.780189250075703,-0.631355208046546,-0.968082926595208,-0.611431159255936,-1.38605663356553,-0.483533161280531,-0.719519734473165,-0.743322651184297,-0.402904034610783,-0.534848096982223,-0.603274730062874,-1.0716308004874
0.492508002408036,-0.0141898746790721,-0.219815029793524,-0.366866100027257,-0.775116086177761,-0.661980795982619,-0.880039186668728,-0.58280356493644,-1.24929612738965,-0.545525397777997,-0.928680187405345,-0.798088951344692,-0.37746359986721,-0.520508487446967,-0.606352262335143,-0.977185797364026
0.568758987153105,-0.0125542556511193,-0.252346286294169,-0.376741746653159,-0.764848940090891,-0.627651340991771,-0.888054773612158,-0.599713959021274,-1.1583986702161,-0.585713354922452,-1.09534135934101,-0.688283047790553,-0.407237560367825,-0.567733980436798,-0.592302544966166,-1.06385207144054
0.468621884517792,-0.015137717894065,-0.191090485031529,-0.365095420062398,-0.882280347582535,-0.648535126989894,-0.77290563460659,-0.622136358023666,-1.11301529166801,-0.511781522752782,-0.97959095395205,-0.682490386961114,-0.354272327581249,-0.620468162399395,-0.654950020098726,-1.1086304539902
0.446193766950189,-0.00440566966446508,-0.248668971863946,-0.352301668857148,-0.880077717017462,-0.602247674344538,-0.92708453541181,-0.562447155791425,-0.909783834516281,-0.554847312431616,-1.06286379459192,-0.659520011579444,-0.349763192022742,-0.539952788791654,-0.626037695821409,-1.14594633452959
0.555944358567197,-0.0140943484749379,-0.19033000658749,-0.418047412396002,-0.781389581297694,-0.64890372319691,-0.851853485960701,-0.628108505541048,-1.16988639185396,-0.535519392476804,-0.817591017449226,-0.70849834630774,-0.344789933155279,-0.575460145466854,-0.652731286953669,-1.05024966049258
0.641381843353638,-0.0199110602500221,-0.227542966454536,-0.371878211604404,-0.738084085352089,-0.613934652698105,-0.926119208220721,-0.688269150572752,-1.30518687711165,-0.547080189505981,-0.770980251037051,-0.853164958465627,-0.415376949611428,-0.56159968256071,-0.631020440641205,-1.05439634063953
0.555705508113663,-0.017734208814067,-0.21279801237271,-0.334064845483041,-0.746329976911679,-0.645390455414175,-0.945777094524586,-0.646545901218201,-1.29064629048076,-0.562270531907071,-1.0126287678316,-0.70394146513268,-0.363144451544183,-0.561679916300415,-0.639526138948273,-0.91907397954119
0.403369794007569,-0.0114775283548259,-0.160054285549201,-0.354207799043858,-0.859106527967875,-0.615557131594567,-0.962697855572591,-0.595804954815906,-1.22272402391034,-0.626885044818047,-0.790499781718563,-0.776567726590447,-0.384798961183609,-0.551262578530948,-0.560216006993553,-1.04568764937951
0.462170560312221,-0.0117338893267521,-0.161609787216957,-0.362343051635719,-0.783804310931853,-0.667728666309416,-0.955657614243184,-0.523882832988931,-1.13812671595282,-0.53284202779288,-0.891780336591966,-0.663251406856433,-0.378215062978861,-0.548275594606714,-0.521626524702827,-1.00165101742423
0.513243164720662,-0.0160752836360477,-0.163296622902048,-0.349205849123053,-0.748162316218024,-0.666498072230911,-0.940214675855615,-0.57115497446612,-0.978187055810103,-0.60835802873179,-0.987148881377006,-0.735448908553639,-0.36208266245522,-0.60771535559903,-0.636285386965348,-1.02808188143787
0.480051997479063,-0.0173941937510931,-0.162105072984397,-0.348389416324224,-0.704876585648574,-0.682565475725334,-0.945481846855095,-0.627050258293449,-1.3656747458865,-0.64365613358882,-1.07721377341024,-0.637858133640313,-0.419138858079592,-0.601538700946535,-0.625071643511028,-1.03517255803954
0.622130420305039,-0.0179535211062832,-0.185531711033375,-0.32950061370023,-0.900132978842632,-0.647283703595966,-0.96992862100776,-0.591451807359945,-1.09298665230721,-0.500611300134192,-1.05004145783167,-0.743694463355249,-0.400357579927884,-0.555775374725611,-0.66810604245481,-0.987805816175278
0.484943647017354,-0.0131456121112952,-0.254764864015221,-0.346498827557865,-0.707089916004212,-0.686878266673513,-0.940057992847037,-0.656588538902074,-0.842370736881781,-0.434175439016343,-0.932559107356918,-0.814188667343499,-0.383596186836631,-0.575815598440562,-0.594013027809592,-1.0864480471908
0.532037167743814,-0.00971565197928271,-0.228414100271502,-0.339066622783336,-0.821607701053982,-0.641694693681071,-0.817597409784695,-0.630235627916558,-1.26272846328342,-0.650883828637939,-1.0948225572786,-0.646643379887238,-0.372994340088177,-0.543986851244233,-0.614038920421228,-1.03694988492776
0.505929129263763,-0.0163338203259517,-0.167356786093477,-0.350729175786205,-0.817341568670879,-0.639311418806943,-0.936538599189148,-0.684127394630389,-1.14234799672054,-0.41932443658725,-0.899742653154867,-0.737788006379832,-0.390275735529565,-0.526329066950156,-0.588920378978674,-0.956963383553159
0.484021250365753,-0.015675998455265,-0.106318191798106,-0.360929280257346,-0.847689873262911,-0.659603272546004,-0.94391734522217,-0.613132482006766,-1.25443810228797,-0.432377255634622,-0.950196994538877,-0.730474156540561,-0.39624295918027,-0.630697712449614,-0.569670907449011,-1.04887174248139
0.588406189992181,-0.0147055729700504,-0.275166549745619,-0.339358767686339,-0.821530637801994,-0.65077900180016,-0.757707485847584,-0.671086092022169,-0.801705434625082,-0.51299552708452,-1.01647432136177,-0.57880406165635,-0.362421160877326,-0.591222995053975,-0.672521993489,-1.00879954042381
0.60922104178925,-0.0131977760422993,-0.220655905622998,-0.342522918914134,-0.843007043557525,-0.655943787684342,-0.952131403077189,-0.603269476931559,-1.12729051019306,-0.503350745548562,-1.00851436584313,-0.859595719414104,-0.408972688334663,-0.527598673764697,-0.527628175434407,-1.00011568140827
0.525329749976086,-0.0117939324407363,-0.206805795617193,-0.374886867486952,-0.758589039596976,-0.65633557521559,-0.991145939261228,-0.562181262962544,-1.08545448622565,-0.652866372090382,-0.878640295567764,-0.641409999506794,-0.396635347752133,-0.623803891871996,-0.629760695238514,-0.969267563048909
0.471341821224563,-0.0151876252880882,-0.237632377195634,-0.347992783954562,-0.720103866155326,-0.551344432169906,-0.835413593466123,-0.543954424373111,-1.42696466872736,-0.576030898528993,-1.14726008298154,-0.550535352783437,-0.392217186796461,-0.515067360100897,-0.618766583837852,-0.974454690573991
0.461473288612232,-0.0122160002187462,-0.22357342414862,-0.394548813670779,-0.832863771316032,-0.658577130210171,-0.95232020668088,-0.609651640550648,-1.03278139217811,-0.5613687619059,-1.07555626197169,-0.759473027672492,-0.438093315586938,-0.587151003915335,-0.641616344479504,-0.996035604439604
0.512991127657325,-0.0168610183237951,-0.123065952930366,-0.341823307987081,-0.785929887098181,-0.647208216309508,-0.923041229260585,-0.554659887237435,-1.07477322992858,-0.6052957281317,-0.782348557579404,-0.77397594815318,-0.365859495620993,-0.658093626940037,-0.590606665745996,-1.07259520365697
0.513519295061676,-0.011204316025542,-0.216067528148712,-0.372755919861795,-0.779365886576632,-0.636757803618116,-0.82335175614227,-0.634849281190099,-1.04574972597176,-0.494688297061145,-1.12146481009201,-0.712282411174286,-0.352781691403364,-0.591221842825903,-0.58476536656388,-1.06029132799635
0.490449931795592,-0.0147788917158425,-0.260089950241297,-0.347268950536316,-0.825041186573828,-0.624702903104064,-0.867606565579858,-0.601895023788378,-0.868024555645598,-0.483675216553887,-0.734968303970378,-0.628737177940249,-0.364618811528003,-0.598763662558515,-0.550876482164738,-1.05867429019944
0.503979511401558,-0.0156124908395945,-0.217351733625393,-0.351133728711493,-0.861369087793945,-0.657147615599443,-0.871701723648313,-0.58784547803006,-1.20086771370659,-0.529361328287035,-1.04155405277401,-0.671065479541389,-0.399700169743784,-0.536513872590549,-0.612721422340704,-1.02952770428475
0.537196688390151,-0.0125885595606184,-0.169812893274011,-0.370335923805634,-0.873423003594114,-0.671378467201495,-0.886481612627276,-0.603549400411144,-1.04410157506329,-0.489704889899527,-1.17283458461157,-0.639564146723567,-0.397373688200306,-0.549830933867023,-0.612178793434522,-0.986028653398365
0.596968977725361,-0.0152898196867556,-0.262534276088007,-0.378602926590146,-0.808667660348311,-0.62730168873766,-0.762051185674531,-0.540136112627497,-0.831906382218799,-0.4796354948806,-0.997715071020534,-0.786504873626379,-0.408110988348389,-0.61628605321498,-0.551270946988669,-0.951967051729596
0.520630577562327,-0.0137351351511674,-0.221879708223826,-0.329763687415875,-0.757857347705424,-0.606965492338556,-0.800294769531398,-0.638179684058188,-1.2389750780621,-0.566931682809716,-1.01712954736783,-0.775339941051158,-0.389854030794628,-0.543264759263509,-0.558174344174234,-1.03752270993854
0.40839454428611,-0.0101518014159845,-0.187367390964694,-0.344037228267939,-0.84244113200522,-0.60071429873729,-0.954625554841659,-0.581189713787951,-0.986694825984485,-0.523931013655152,-0.866880460188899,-0.722140103284105,-0.392788843486523,-0.57475028514414,-0.521165268355438,-1.03688503205115
0.457757550342643,-0.0113632506105909,-0.263766349438793,-0.374229615812136,-0.741975428025781,-0.596449006080574,-0.993101565168352,-0.592987027462477,-0.637095014765266,-0.444699918721125,-0.865582807285528,-0.730757512814461,-0.389273124040166,-0.546117830509791,-0.533868399844847,-0.976264436235812
0.526364480488126,-0.0100741761120601,-0.202604352271189,-0.342423655292382,-0.76891511901424,-0.65081927003153,-0.694791735587039,-0.590649673363486,-1.29886515958154,-0.570899406097901,-1.13823896885436,-0.726009442808896,-0.39950755691699,-0.535714118710508,-0.637274306831364,-1.03304751060275
0.438008674219945,-0.0149043075454296,-0.149962101065075,-0.35417353100856,-0.791993898888297,-0.676846437745359,-0.973984817673775,-0.611224441926358,-1.24389077142452,-0.493558909403056,-0.985188206568654,-0.686176429502087,-0.362374743566539,-0.639446166715509,-0.610724061956325,-0.942476790260854
0.621961996580024,-0.0138714754404314,-0.169481701754212,-0.319048243741372,-0.709214483087402,-0.622593561214836,-0.962039681887518,-0.624294440492257,-1.06861307426421,-0.475795942928225,-1.14351553338471,-0.729030289110083,-0.413721913351697,-0.607579048579112,-0.637585633005076,-0.978037621180694
0.539554568122348,-0.014658675741353,-0.246747365870657,-0.393331812661991,-0.737668074802561,-0.629637323696849,-0.935872151084828,-0.621506755796477,-1.1221948831457,-0.423295638266032,-0.977261584812627,-0.765231873088753,-0.395721125445176,-0.626509243865075,-0.615522553757757,-0.977078481900627
0.534644572084004,-0.0155276945474206,-0.21281619282511,-0.359553321439491,-0.808873574993987,-0.664379914322926,-0.965871262440795,-0.639436299298435,-1.24495389840347,-0.529940038747283,-1.12815173566724,-0.66897437947599,-0.388949995239102,-0.547637550734966,-0.638259998708791,-1.07118716133469
0.565108586885499,-0.0148755981941239,-0.171855362426031,-0.363274518924444,-0.784678235757462,-0.624042502946797,-0.936450093330641,-0.604013914149258,-1.02648498811927,-0.578814298302883,-0.962583969785849,-0.631055312426319,-0.387107043422237,-0.578189007008302,-0.680634501236257,-1.03993170362736
0.500364099571783,-0.011956055719293,-0.251340426519724,-0.344246605674461,-0.677739005874879,-0.612976602459797,-0.778245895722097,-0.558410699008387,-1.11125862838634,-0.43932713739367,-0.925787643421817,-0.753031553550082,-0.409336172835984,-0.545045643290814,-0.646684366760639,-1.04969065637456
0.490811933655374,-0.0130711756958836,-0.298386883108205,-0.35638472323162,-0.742998243861161,-0.640688980790516,-0.809494171950466,-0.643370331295812,-1.3398630108682,-0.5364516377828,-1.07029318036482,-0.69857061771106,-0.428184706633338,-0.576104771315747,-0.574639439464236,-0.917981199660508
0.458219207457373,-0.00895756580681438,-0.151575355703382,-0.347338552187296,-0.812248112648106,-0.630767056757802,-0.850385815877945,-0.591985733564481,-1.11439566776509,-0.579846597259606,-0.960357463081312,-0.600971424792563,-0.362545297100292,-0.604536125769937,-0.632590050361797,-1.00933157613519
0.48278985422635,-0.0125875404825572,-0.263372048502172,-0.350134475100894,-0.787685318241035,-0.607802418326255,-0.812251053730687,-0.673752642219385,-0.639907717034807,-0.361334034165469,-0.839397146988827,-0.798296816497263,-0.403666880876145,-0.55956725149788,-0.671713859775516,-1.01901711069951
0.538821569608948,-0.0129248277912654,-0.241393718141252,-0.341432474425061,-0.776847912257991,-0.602204665492719,-0.931754297326752,-0.539412748474475,-0.844489077012137,-0.480502995990056,-1.11324434644006,-0.707054280792179,-0.395994250247534,-0.565183532137221,-0.541651583041686,-1.10287443009195
0.55047698104122,-0.0127310831144157,-0.213642809987671,-0.352039693066576,-0.733500519558761,-0.678178728478261,-0.856424133070853,-0.578132234720979,-1.04416481212045,-0.491038228935718,-0.946244865858546,-0.720123654402579,-0.368916589436612,-0.526144160951234,-0.598974164076568,-0.951284709037032
0.475499090201185,-0.0133412116331963,-0.191108317264991,-0.330624281300935,-0.772021843565078,-0.62728959336441,-0.904567245223723,-0.589338831174874,-0.965614402861778,-0.556556442607397,-1.05261311216036,-0.645337233413052,-0.39619772082767,-0.586366635679544,-0.562338093744234,-0.979129163955194
0.540120805639298,-0.0130128870966798,-0.229133751467184,-0.372895629854851,-0.856533912202252,-0.633380162446127,-0.954302450118344,-0.596842333255577,-1.23518565138992,-0.546606931588379,-0.767415090966069,-0.794304970753445,-0.384285094418169,-0.584248773721805,-0.621107196657965,-1.00950637678433
0.455449465124268,-0.0106654349605268,-0.198758797020032,-0.327773725561672,-0.850454013099433,-0.620582025682107,-0.884616644626251,-0.675266126519769,-1.25804453496634,-0.567830011174492,-0.981693588748216,-0.786636201640085,-0.384669850021768,-0.535249526402361,-0.627221873610413,-1.06160866526501
0.591451286056167,-0.0147863296624181,-0.195221111112776,-0.364002772899128,-0.759799732296232,-0.652911322315335,-0.916018398194903,-0.575230870504595,-0.911713441374213,-0.552071063889742,-0.834768493897177,-0.710896103686012,-0.41127692212607,-0.56757418067523,-0.624928958232243,-0.986126957569173
0.568631163811271,-0.0172987981188678,-0.199307457016149,-0.364868655268911,-0.731273584800768,-0.654075471276234,-0.934040962196601,-0.593395889307137,-0.953240276943894,-0.492845611730498,-0.904086669425708,-0.589533053327986,-0.369474622850962,-0.520308853560207,-0.612558044054934,-1.01040509529071
0.476638991464014,-0.0140959526047396,-0.262305295537352,-0.356355902401685,-0.777707930018695,-0.57910830517008,-0.83459376782555,-0.703321399305461,-1.21008105008826,-0.423112042942657,-0.892097865708102,-0.780604133083953,-0.358893453517323,-0.530836441971973,-0.604330484305051,-1.00952160314065
0.438697402271711,-0.0141330384749224,-0.171150898324343,-0.336242587407353,-0.837005916495422,-0.64275188578145,-0.777265283331553,-0.575288492481579,-1.32244324196088,-0.561315655777596,-1.15755326920197,-0.659636580486272,-0.360547035489969,-0.592778419162216,-0.611727047440479,-0.954500948526849
0.461595871033074,-0.0104414309436016,-0.248428302555416,-0.334516678244568,-0.734395921157509,-0.620859551065054,-1.13381516186862,-0.667231204472871,-1.41654803121592,-0.671029502271283,-0.833060894937303,-0.613011690724197,-0.368240357454759,-0.618361384560316,-0.602936372342719,-1.08141622152129
0.569447061253941,-0.0149395697537787,-0.215582406145178,-0.337504199692993,-0.756540223207626,-0.624671752592608,-0.814000338042492,-0.558639848682332,-1.27434771620049,-0.622800051830109,-1.00224589963331,-0.67228029226955,-0.392262948498604,-0.574177954931121,-0.639097499196033,-1.03989439875993
0.342254576802727,-0.00797088111292412,-0.176224807381709,-0.35459267864213,-0.866370976307533,-0.628634129905574,-1.0509153056886,-0.551629007633982,-1.12303042680844,-0.587938232554009,-0.846182813679194,-0.672269078023663,-0.391000499667687,-0.547112516686134,-0.597515644834305,-1.1205896334384
0.617734145338408,-0.0183110668512294,-0.243358907822591,-0.377201960258416,-0.729365220357022,-0.621132877121867,-0.872412755631887,-0.753367197763619,-0.778034007077657,-0.548560687301835,-0.948591190581242,-0.709731137719616,-0.391327207624004,-0.62647953669324,-0.565935859226648,-0.938590045403295
0.496011757995522,-0.00974330444696837,-0.176872192896113,-0.363558317747629,-0.760214963005938,-0.589648948777016,-0.912351377032183,-0.579537894936464,-1.22271811470261,-0.659777791261578,-0.876783331030508,-0.693564661787159,-0.371337998867144,-0.549590816603106,-0.618526039924155,-1.06707515930946
0.487252094930766,-0.0141568456450069,-0.130957968136714,-0.355014182244473,-0.8007948309891,-0.601044342646611,-0.859447758051327,-0.670828655251524,-0.867621264433305,-0.552896639772029,-1.08608105516889,-0.675004753971801,-0.377790321129489,-0.52863468425967,-0.574368109639616,-1.00773904652713
0.472925277103351,-0.0176044478501268,-0.15245047498835,-0.365280880725024,-0.743495750405132,-0.653414178292827,-1.05487567445383,-0.662346616390553,-1.38220682846725,-0.38010231598758,-0.885057958392421,-0.712486607166552,-0.39504923605009,-0.638684760777869,-0.584058394453193,-0.965276181105177
0.414989776041662,-0.0106305568913467,-0.229826057535842,-0.33954148870401,-0.729487739699177,-0.582685929274892,-0.827936754430489,-0.608210248484865,-1.13885447770449,-0.500876630287829,-0.970609533758963,-0.828676303065372,-0.370558616351422,-0.567764103124435,-0.606907522562093,-1.06197210364261
0.511487198537047,-0.0092336331377462,-0.228867812125321,-0.354131713014416,-0.828381860369538,-0.610576267959479,-1.05227135278374,-0.570310792003041,-1.06746098372578,-0.561866836360623,-0.899268188933154,-0.623028568046235,-0.401909781300553,-0.53903366378656,-0.614407401838695,-1.03885247857131
0.457396399785531,-0.0134391991683768,-0.148978397529867,-0.342760487042767,-0.713508342200108,-0.589272091936045,-0.944391766501832,-0.578025671619981,-1.27311059468505,-0.56161321611169,-1.08062224156383,-0.650600973013452,-0.36619882106345,-0.528507161180659,-0.659253645792525,-1.0231749368851
0.52048073007631,-0.0142341289163209,-0.188888837692824,-0.378003581258208,-0.720922907069637,-0.658006348679636,-0.770521008356432,-0.611122414787669,-1.30762986490264,-0.484862694927604,-1.09800075243983,-0.774875894200094,-0.384099396816755,-0.544878052995584,-0.587771817775227,-1.03150070143096
0.398597864918496,-0.0159796451625155,-0.13459164958205,-0.374336898082834,-0.766479499224678,-0.610461801471371,-0.922504897499561,-0.622650638834078,-1.5642308020644,-0.642918171835275,-0.773555333530215,-0.713681446761278,-0.386400281336535,-0.614478003099931,-0.626647647293822,-0.965871411983881
0.54046081129144,-0.0176467909824413,-0.244424885594894,-0.35406129920223,-0.724813485106484,-0.698568453943147,-0.913532900551543,-0.571237287083316,-1.03356876212324,-0.59704272187617,-0.902754091780341,-0.743717506034833,-0.374230970534039,-0.531557851241535,-0.624706683277372,-0.970175741179687
0.515476746997939,-0.0160462438438296,-0.170116897601935,-0.343415749223558,-0.801575556455281,-0.610992967771376,-0.98445821204337,-0.557499763982077,-1.25383936749806,-0.610844183788805,-0.834083219463337,-0.800801983253691,-0.371745957628967,-0.549894447920531,-0.564870715444564,-1.07096941831393
0.453317770310675,-0.012525145832434,-0.178637774843257,-0.350078866045224,-0.799620024538637,-0.631351153541057,-1.01851236081704,-0.617819443866538,-1.45531070323978,-0.48298641645921,-0.745161872504793,-0.630140005450438,-0.361142510058373,-0.565707644621895,-0.641105869084918,-1.02850258928966
0.406079057606855,-0.0148856140523194,-0.223425772856121,-0.357988287375573,-0.729810990234899,-0.591859361899199,-0.976681295348601,-0.601966169459985,-1.06184891251146,-0.418494837924085,-0.925993805352763,-0.735307030327731,-0.385486002708685,-0.574087761959202,-0.562365611813514,-1.01052184781409
0.534344491351347,-0.0147385587487837,-0.212356384879055,-0.349756058212831,-0.713750777860611,-0.64950621488691,-1.06152188977156,-0.636567279215516,-1.24728185944935,-0.458037098326323,-0.969672962167898,-0.669015816015319,-0.401381363700934,-0.549240954572182,-0.661151624857986,-0.96873489582751
0.452351769731508,-0.00975830636133207,-0.202996176618186,-0.352458284484383,-0.858999989972312,-0.642217086180589,-0.911126309645915,-0.624965144485213,-1.14380051964971,-0.544545412886887,-1.13889524836201,-0.799602697852739,-0.382797075044607,-0.570022601517002,-0.640494010134111,-1.0404125214647
0.52411943492334,-0.0121639448842017,-0.157561535137335,-0.349570850153002,-0.77409252663501,-0.641235605393233,-0.93039106698734,-0.57664551391936,-0.757531082729931,-0.516064157312921,-0.931899014179701,-0.703974101121755,-0.382776035735326,-0.564961907508491,-0.615636144607097,-0.925279399628421
0.468330011157734,-0.0131567331417694,-0.227415767376138,-0.376693491058655,-0.808597468656712,-0.627595083918041,-0.930833486188899,-0.603853473042424,-1.18289444642198,-0.505437452585959,-1.02492954886276,-0.742972184344321,-0.418374987281766,-0.579723054416671,-0.587896587848596,-1.01369498654491
0.549155063056685,-0.0156830286907956,-0.136977377277576,-0.350198172281551,-0.724394078718703,-0.569657357027129,-1.0240430408317,-0.693635096345504,-0.942268294658042,-0.670987701973787,-0.783723653947593,-0.66405380947511,-0.380213324546518,-0.49827273718597,-0.580328350626505,-0.987724736065641
0.32645033475289,-0.0109328095617845,-0.203389554876471,-0.340953271192451,-0.723130851640913,-0.62000736193676,-1.05856148257038,-0.53199338180815,-1.14731615975966,-0.532274603356038,-0.942072331887942,-0.817438746190299,-0.402370435624069,-0.584987799132598,-0.614232352772652,-1.04026606566933
0.580832250698496,-0.0150205982572714,-0.231369562095403,-0.357166439980726,-0.706895597038579,-0.587065545699861,-0.94405177081081,-0.641183755397653,-1.23710621533711,-0.542334739995927,-1.04193525674043,-0.663715726412574,-0.405521454837404,-0.537255775682788,-0.619379829456236,-1.00191020370586
0.502688778027384,-0.0148584717536435,-0.192968547658092,-0.321203754639722,-0.74035149864924,-0.609272980101493,-0.939467244423012,-0.66463590120817,-1.16907283692655,-0.423151059509902,-0.595496304745141,-0.74232985530604,-0.379532899433974,-0.592045039875592,-0.563295237541052,-1.09323697319147
0.585795974299159,-0.0166028897397548,-0.274496408879045,-0.307605027458357,-0.778419856846949,-0.609612603764004,-0.919233822144024,-0.579971823766718,-0.886943601879222,-0.600403280578923,-0.938278943185762,-0.639504563011511,-0.382013267871433,-0.533891379055157,-0.605587934928828,-1.07695047815578
0.439796301853631,-0.012435972995215,-0.183090934583486,-0.361044930641325,-0.79296998025306,-0.595094577242325,-0.887950570800329,-0.580005432930667,-1.23069940572925,-0.424074846515587,-1.05062776819673,-0.628675947859595,-0.416595696137302,-0.556576129722748,-0.571432007616365,-0.959357493739097
0.583046938417029,-0.0175463880947893,-0.210886268974312,-0.35017092339355,-0.844288436493096,-0.624418836650232,-0.948661228200514,-0.614351275147299,-0.744165641814485,-0.633228891795339,-0.97068739775313,-0.745879031216255,-0.392877689972894,-0.618742163655884,-0.572329267662903,-1.03729468583361
0.315548420092725,-0.0100756190815748,-0.223185862601036,-0.326108012802674,-0.750185101188989,-0.606290050050096,-0.805847513768643,-0.483996369833322,-1.20761087469036,-0.480324758277813,-0.7604860737555,-0.79283383277132,-0.370261567907347,-0.526742823023925,-0.590589794308477,-1.0679864638212
0.479607205811022,-0.0123341103089899,-0.223721584733367,-0.387535932947686,-0.754793248058385,-0.668404025248703,-0.94233909352476,-0.516843572690201,-1.23860874826853,-0.515494736124313,-0.926184444940511,-0.637183538471105,-0.362305234884062,-0.525203513677125,-0.554286851886152,-1.03443054309599
0.659760393068999,-0.016730805407543,-0.321876274050129,-0.3303240104096,-0.751011356995903,-0.640502627379538,-0.99990571525737,-0.621450112845112,-1.04587314849676,-0.576623961606671,-1.05574482108366,-0.630110113842168,-0.410577599390009,-0.574490628590876,-0.576445830122446,-1.10818729493827
0.477738365320025,-0.010739708697934,-0.20188070612443,-0.360089463317507,-0.763010832251384,-0.640462951864828,-0.804751355980181,-0.596719127192019,-1.11239248247305,-0.556939002912571,-1.05586026296239,-0.760307778452001,-0.403942809718942,-0.540222415927512,-0.636131338904309,-0.996676965497355
0.543665986388265,-0.0140723544193813,-0.140428366559932,-0.339327952975973,-0.778508842182802,-0.620778849480378,-1.00626342430534,-0.584083714993165,-1.21292584638503,-0.486320868194808,-0.812602304496963,-0.867131756324165,-0.36155357901102,-0.593148840473083,-0.586454077179097,-0.946288099197821
0.528954083989089,-0.017668244750171,-0.214543329430149,-0.351569726761746,-0.785861451337872,-0.611738245218556,-0.963091165632029,-0.594923068334093,-1.45831050843619,-0.592654465271678,-0.934543227460913,-0.835393719349523,-0.389800017584083,-0.598763781290595,-0.553115352605835,-0.973995843746979
0.557096797177645,-0.0180103455333368,-0.15641540427386,-0.337397365438509,-0.757725801559102,-0.662616795570041,-0.925563887319714,-0.672590359196809,-1.12025164229052,-0.48721606404815,-0.855711078567231,-0.750611739966405,-0.373049333579951,-0.613355086149536,-0.561230851049318,-1.08325226216887
0.514776985097491,-0.0114346197369335,-0.155959185414584,-0.378320022820562,-0.72849433203044,-0.631974763077194,-1.01457668607511,-0.594270457088515,-1.32344893033661,-0.572571720733436,-1.03439640259239,-0.638380622480294,-0.396333460948198,-0.600270695796221,-0.566316070197723,-0.988794597786889
0.46957819601424,-0.0128508704734947,-0.188547552891111,-0.359516422398332,-0.857722468850368,-0.590254214537653,-0.966631942080979,-0.628052496194873,-0.99168034970464,-0.514664158659094,-0.703830360275127,-0.680560704085916,-0.405270884571685,-0.565525168069603,-0.591717744618277,-1.04635785444459
0.421521197352545,-0.0112840000356862,-0.232956276704402,-0.344469491011942,-0.818924959419632,-0.649074347777469,-0.923041058800302,-0.572844967717087,-0.946187044341427,-0.563764625889299,-0.758090340857228,-0.706569891908837,-0.397418106505115,-0.575320545564736,-0.624194033538632,-1.05455963347107
0.601682163709079,-0.0124572509301349,-0.287682792652271,-0.320764900544996,-0.699485767432979,-0.630420978057489,-0.842093555701069,-0.670094298393893,-1.38089760625619,-0.57516270332578,-0.942786633640579,-0.646079548292736,-0.377403105947478,-0.574731151694516,-0.576487673565345,-0.937231505803467
0.43040400028681,-0.00847681129309246,-0.206772663856557,-0.311630365839467,-0.871598391025049,-0.63541679858932,-0.83168131789143,-0.619969267646411,-1.4430762220899,-0.464860502026449,-1.07408121199536,-0.819828917355781,-0.409676476625138,-0.589756092643108,-0.610946477094841,-1.03264924833833
0.555495772953702,-0.0152896627924177,-0.233898101738262,-0.368155817383312,-0.777324250394621,-0.609938564753555,-0.887062190029876,-0.613627550401089,-1.33577078768233,-0.479259015425679,-0.987686201649007,-0.549241162208771,-0.37040726845488,-0.599685047323995,-0.617893217782302,-0.989710900450159
0.479994989070459,-0.0123781034807485,-0.212180679884961,-0.366803258686464,-0.765285718535237,-0.644313848888405,-0.82306931011003,-0.678864781192084,-1.04253870674677,-0.471379775038218,-0.850052603837281,-0.740945472706295,-0.408605486516553,-0.561340348679367,-0.548840748683686,-0.980904537267087
0.340165253174171,-0.00222040711798172,-0.266984875067291,-0.367730893111527,-0.794984594739871,-0.593874145254389,-1.03890505262613,-0.625925416049488,-1.04713641293337,-0.580332794417242,-0.865047769129246,-0.71875281976004,-0.370877802997397,-0.558016736416461,-0.53469791284148,-0.984451189731334
0.412537927947896,-0.0110989104316789,-0.218745321653065,-0.381274672252228,-0.758175533730994,-0.637993916540564,-0.946060161460785,-0.603696197985689,-1.37465250856127,-0.547735630883493,-1.19575021662789,-0.67316971889924,-0.356893075258102,-0.5658307754847,-0.600825930414232,-0.980638996595419
0.524486002761093,-0.0126757691740129,-0.207715856203486,-0.391290851182532,-0.924168481331839,-0.694437420066257,-0.993892575101321,-0.681419836463012,-1.2501029029857,-0.512237234644117,-1.15966250240926,-0.647112389541547,-0.425233640261664,-0.541774487290124,-0.638041501383059,-0.981920996872895
0.441355741744542,-0.00892326887174284,-0.287744826344653,-0.341321956581272,-0.765243900426723,-0.656376499901284,-0.830832257040074,-0.637529658470726,-1.0601830071451,-0.44728996238183,-1.09231110795847,-0.680132956852305,-0.405539596235134,-0.521298575020428,-0.573560374015112,-1.01696262443063
0.816944998261868,-0.0214233984739921,-0.217688790480125,-0.364645770423534,-0.673731601141784,-0.671039047691985,-0.78168868300988,-0.656386206495826,-1.64090534540978,-0.559248982569472,-0.93293219005655,-0.738955025609944,-0.405585035719749,-0.616454143594076,-0.639559608381263,-1.03208988729442
0.414976667350535,-0.0123300281351101,-0.161988806426958,-0.324282099484391,-0.684799925299967,-0.614042155228694,-0.957364145078529,-0.635365126698212,-0.910364377243537,-0.499622517570103,-1.06593349231765,-0.739381322889921,-0.374748252594278,-0.530303082279388,-0.602809253534795,-1.0658467029298
0.442135601114557,-0.0154969560918544,-0.217957147783181,-0.350566523735819,-0.753603592123343,-0.57401066959478,-0.911120255528572,-0.514092640852925,-1.11473632696806,-0.570988421742909,-1.02275234163323,-0.640760586703227,-0.364902088196665,-0.52291412224367,-0.567903237744628,-0.942687500076585
0.559861025021579,-0.0107820356716837,-0.148327823533791,-0.34739109897821,-0.783570035743462,-0.660250030366535,-0.99643915105855,-0.587936502553487,-1.27650642891502,-0.676744311039821,-0.718596649541064,-0.727787671139352,-0.339070308091984,-0.600575446355019,-0.589473724534004,-1.04552276860994
0.493582648759037,-0.0107256901731099,-0.239936279174705,-0.379937830329545,-0.7988000588193,-0.660331370707178,-0.729223753326212,-0.614867851809289,-1.10049628636726,-0.483586750999967,-0.880439280613347,-0.61955833273839,-0.374016511778271,-0.5240944855464,-0.598646730574532,-0.970039799492298
0.478635159889484,-0.00554822046946719,-0.169249736666856,-0.355588647505921,-0.859730811839259,-0.599180545766742,-0.835020444814452,-0.534372266204612,-1.0766883372702,-0.541304886886617,-0.928317067159258,-0.732275012536943,-0.367302952090436,-0.51153984595589,-0.571089888100886,-1.00698172926411
0.637270990019821,-0.0181872036361089,-0.151166186772295,-0.394491198190257,-0.803890450052104,-0.66503316973501,-0.880673314934289,-0.646690144184099,-1.10524236077415,-0.533798725092847,-1.00294491010899,-0.581839115997288,-0.393175436654799,-0.55767952834575,-0.572058907923529,-0.959649963496213
0.534472858494203,-0.0142018258952162,-0.234456752198646,-0.335306138364522,-0.832470228974599,-0.687822080740471,-0.862409411644041,-0.621647162961228,-1.37174477604855,-0.623722853758125,-1.01418552806075,-0.779247928460167,-0.399738628070516,-0.558027346419532,-0.603435829880147,-0.993450744101766
0.501627855319896,-0.0172775820299652,-0.150172464623791,-0.357149592514865,-0.763757062443942,-0.60121480452801,-0.817158401699854,-0.618110937137239,-1.18654798499213,-0.588528571214338,-1.0228493512367,-0.792359351859849,-0.331270079426254,-0.533488284783743,-0.608605814170107,-0.984440174269576
0.40732255276381,-0.012424374820447,-0.149515012756557,-0.317925926594298,-0.729611082653583,-0.624496800553118,-0.783686591580661,-0.543097213549246,-1.1158061925142,-0.468269719345006,-0.895391080961555,-0.860093535888262,-0.419505866046248,-0.614159326848952,-0.582785174830771,-1.0890983893006
0.46897567595832,-0.0105803436808592,-0.178423483111502,-0.348285132188243,-0.793039274405071,-0.657141825522965,-0.894554699988523,-0.674656476132985,-1.23720160532568,-0.669526200911962,-0.868976488660355,-0.79047113561455,-0.383455049957553,-0.51565256858425,-0.612787220299113,-1.0668114187689
0.480096379391611,-0.0129066099743489,-0.195520947780421,-0.337362053543348,-0.707692735883874,-0.559468260416691,-0.792069600349533,-0.638254264268745,-1.20622026186935,-0.541735897510735,-0.893127912075879,-0.714277117354721,-0.35897162575708,-0.558530239920184,-0.607513349453226,-0.935792835557757
0.501617784091542,-0.0123245104564898,-0.164519380512194,-0.374582609457645,-0.717248806135276,-0.570738605490782,-1.00047327172871,-0.559604763229546,-1.31649570376051,-0.536899734264348,-0.822174757329941,-0.6845236898102,-0.402622999996911,-0.587660804276123,-0.629449791710247,-1.01965600843205
0.416623756936362,-0.0109010161218724,-0.166943100694887,-0.387665081066853,-0.815426758595109,-0.656811989354411,-0.981670813195397,-0.704570551361102,-1.08173266554216,-0.607679410062559,-1.01981020789039,-0.648188782379116,-0.374710512911111,-0.604493528560782,-0.598932146572508,-1.0809218721093
0.426269367329445,-0.0137580292537035,-0.169261495321704,-0.358998103700596,-0.729488084247678,-0.648412985011529,-0.914094962631412,-0.610056988960176,-0.866649989269064,-0.475033938922172,-1.07130417394293,-0.817315969272718,-0.40566325103656,-0.583580953652434,-0.624456907382067,-0.948711365376724
0.479807332024609,-0.00928683206561013,-0.179319956626316,-0.384328785891052,-0.76748943544824,-0.608971592925466,-0.813276010864736,-0.592819347410637,-1.21410961526414,-0.558719468437721,-0.915906874837213,-0.733462836326642,-0.366541309018179,-0.55838853851424,-0.61444268684783,-0.989183796180737
0.484473315544855,-0.0107861969720218,-0.245593651808547,-0.358328618492528,-0.783269499593086,-0.658276380979226,-0.686332907266174,-0.657703712489884,-0.906087468906408,-0.522394893041592,-0.683347677651089,-0.774322854431421,-0.384466631744678,-0.573563230485232,-0.612652755377775,-1.05025024729664
0.429039849921366,-0.0117537349034705,-0.212871434997868,-0.318081251073379,-0.780117507722574,-0.622986964810213,-0.888907565447527,-0.597367129200335,-0.924779493622485,-0.499105036264585,-0.755559119910117,-0.628019644912787,-0.377350958090867,-0.524476190283331,-0.589813302405136,-1.07673009545427
0.497580248797783,-0.0139711803127822,-0.232799058258704,-0.371866699857523,-0.774575812291573,-0.635890080736503,-0.926281822682105,-0.654113843542727,-1.044104262671,-0.566195260132805,-0.841962485237761,-0.625668966476276,-0.383314352808191,-0.566932065668129,-0.600577939977769,-1.03404435366161
0.519723957688164,-0.0125433660558441,-0.230901143687701,-0.342582806526697,-0.761785192112208,-0.598784971476637,-0.852587988415782,-0.549629920483058,-1.02827269431304,-0.516269611802928,-0.917785243048589,-0.692032967863039,-0.370083678435366,-0.583023427865492,-0.564950304857441,-1.02381234929865
0.551591942130891,-0.0137389244354438,-0.114740639500829,-0.352173660092643,-0.689632856983879,-0.644037687527247,-0.98402901410964,-0.697290935615026,-1.34016916123137,-0.46914380329311,-0.938431783779444,-0.606998701004579,-0.373075377626303,-0.58969527475128,-0.602313379090988,-1.00427280882601
0.536968892570349,-0.0120775063738854,-0.249091525093139,-0.374271911685801,-0.787418054790288,-0.596116340140483,-0.877876479377306,-0.617003580578629,-0.992353285564119,-0.573647691318467,-1.01016482897084,-0.657328513815622,-0.399803567317102,-0.613474183686707,-0.602425579712518,-1.00592675261583
0.507576334046838,-0.0106850941733844,-0.193062793811365,-0.333084471942879,-0.745754601196124,-0.587300779233715,-0.86922032983033,-0.573232672459029,-1.21056241712715,-0.64938469261231,-1.27101633533849,-0.657837972341395,-0.445609613361856,-0.506963712215391,-0.712572534346755,-1.0111819442078
0.453907232275942,-0.0117384662655947,-0.284670075267669,-0.349205320176296,-0.727775454461483,-0.611320870189838,-0.917675401162025,-0.664680821330381,-1.1207166593924,-0.512991851604058,-1.06117082258619,-0.722386251972106,-0.379127363790413,-0.578818649823452,-0.629647918919982,-0.878288043178608
0.453149653856606,-0.0104253087520742,-0.279569761113928,-0.345239026635902,-0.823215162842068,-0.64091511682459,-0.928034670556109,-0.635268961199674,-1.18766829236667,-0.498549767973233,-0.774742949605533,-0.798168040781637,-0.365037547250592,-0.572380055890596,-0.623450673917558,-0.978546000469407
0.545171124329442,-0.0154935942182895,-0.134580463433994,-0.357430319342774,-0.76887545783665,-0.617667347703179,-1.01833525957916,-0.591360756399259,-1.10204869899876,-0.635624771653737,-0.779938721664239,-0.692092811289647,-0.405263522851291,-0.587238682102135,-0.602260307199982,-1.02688948275364
0.465450356305374,-0.0107350716007977,-0.169239692207128,-0.362366870036751,-0.81174389380112,-0.624660957204667,-0.914034006571611,-0.686131250217369,-1.25723166143112,-0.502847308300118,-1.01547996751952,-0.765333354270982,-0.377035699849325,-0.574766908237091,-0.527858178945224,-1.02926623489759
0.37164347106297,-0.00838903481015093,-0.182714703545475,-0.371083246751594,-0.738685114509326,-0.65443169001116,-0.954495120037039,-0.597736062796098,-1.00028159244829,-0.528736363741664,-1.00433438915185,-0.805414710618363,-0.365722227611033,-0.57906097091571,-0.588847784130641,-1.00471432152792
0.460836812574895,-0.0121613557901275,-0.147583913481359,-0.370288151371478,-0.885558024339302,-0.654791345965037,-0.925766726759586,-0.637011093745952,-1.28899884045042,-0.565924064040847,-0.911311889062096,-0.735991006427915,-0.399589584463227,-0.597755206201439,-0.628998270404822,-1.06338988035533
0.52314169649693,-0.014621088761916,-0.253718371341274,-0.37408735086373,-0.74103177420377,-0.631461742128223,-0.938715909855447,-0.620541629529276,-1.23134433964537,-0.602508878257663,-0.95512750963917,-0.674088447861675,-0.372053545958758,-0.586098854865253,-0.606348896016395,-1.06222228063392
0.490541453039738,-0.0127853491050721,-0.205740883144142,-0.379498848860362,-0.774087142106908,-0.670986721444446,-0.973263328302469,-0.62045718910621,-1.3243836979981,-0.570200564576516,-1.1096237794089,-0.724158643877348,-0.364458090530918,-0.587393361520073,-0.582435921049152,-1.08458783227247
0.413233706965059,-0.00580286132807324,-0.166306712162545,-0.31916699220539,-0.768268086245206,-0.638412896584292,-0.883985037246034,-0.64162314733495,-0.77292138173956,-0.616531382696971,-1.28251475254377,-0.628501155384847,-0.380686285273828,-0.538955287556891,-0.637536383669002,-1.00941913021377
0.444592659689628,-0.00939723654243282,-0.203844256193862,-0.39271053591072,-0.775580023548047,-0.633575220065765,-0.950027916881182,-0.649165673637663,-1.11001297011884,-0.606585008411938,-0.821196438044048,-0.695115144939177,-0.422134939503918,-0.560367290416143,-0.615467581051372,-1.10607587912004
0.485412903159232,-0.0148531815315203,-0.15335559793036,-0.357677163236482,-0.810149208455211,-0.632209601408207,-0.801102079019178,-0.656026824476378,-1.29455681743664,-0.568228420798528,-0.86711053446378,-0.69798469332669,-0.411448339799183,-0.575191420166466,-0.586297849215606,-1.08479264520306
0.396774936839763,-0.0123357252015557,-0.199973075888512,-0.346133682580207,-0.724137172285303,-0.632832148428973,-0.997369436122833,-0.561539416056317,-1.58035168691394,-0.540396803615076,-0.984799698792652,-0.786946062035435,-0.407278812751007,-0.572764419987936,-0.565604843751575,-1.04354671161531
0.464896899293102,-0.0113109144475742,-0.219714360472438,-0.358148721238355,-0.749459085339514,-0.60072009251789,-0.802191939085623,-0.677511387632001,-1.04479320502482,-0.645136832202626,-0.768244921511239,-0.672786085343919,-0.377841385405232,-0.549245618737431,-0.591654394842104,-1.07408993963446
0.394216798320907,-0.0122574198595865,-0.252932574881015,-0.334227353042117,-0.772389661329787,-0.59484292991414,-0.979823186522772,-0.577700786894938,-1.14737484072986,-0.52771155190164,-1.26384745705768,-0.707077668192545,-0.405309580287573,-0.579515198516016,-0.659049843542436,-0.996542727605958
0.532932416867081,-0.0198962578023961,-0.231322440853657,-0.36548680916929,-0.828543213334944,-0.617027132451752,-0.864151911937148,-0.698906660258986,-1.19788332663278,-0.601671796921869,-1.16357919688693,-0.77161493722349,-0.38226054444847,-0.585272380279242,-0.642647801770634,-0.98428063035245
0.585515786997193,-0.0159848245858963,-0.232714712885377,-0.365670813265597,-0.823144898433795,-0.6548302215674,-1.00253696194,-0.609448260788693,-1.06371361688401,-0.54179880898516,-1.15127875196302,-0.753989949671136,-0.380537201491204,-0.561392316098559,-0.631714332453189,-1.02571704497436
0.507079722331382,-0.0145180239648051,-0.229640736284738,-0.364923896143925,-0.722072026074118,-0.642621115609679,-1.09651604103679,-0.531452504968096,-1.09795050699379,-0.493058261105606,-0.685061013785718,-0.71632373796767,-0.34301865133032,-0.581908210945976,-0.590240820869788,-1.04180693236688
0.490809396595282,-0.0125748400151658,-0.178414336950902,-0.36890655808773,-0.808773072381104,-0.611491006669663,-0.870983923048213,-0.538409859178099,-1.20244144663514,-0.475436754617772,-0.779181899508952,-0.714671037561259,-0.388802978570313,-0.563860655050637,-0.606205850372954,-0.993681781962804
0.453566427517018,-0.0135683683081249,-0.214788400517213,-0.37209852620522,-0.794694514178928,-0.601505431404955,-1.01996948455069,-0.605159645557103,-1.17841689640967,-0.499127626188688,-1.03088241531237,-0.74060090286023,-0.3915054317234,-0.58561718521416,-0.550807524224339,-1.00770064917582
0.431167200709002,-0.0100585865731057,-0.224378977162374,-0.339755391089741,-0.773620653919217,-0.649749225845793,-0.914996904756758,-0.611297921859598,-1.2388226980619,-0.482042553057972,-1.07791641506653,-0.592785099881962,-0.387555224853192,-0.581293775068432,-0.601775909925531,-1.06925286092698
0.529175947269176,-0.0178385651970041,-0.240955399484229,-0.383192833982331,-0.856032570039372,-0.585572997476126,-0.99836668758386,-0.695830127738046,-1.16048625739849,-0.495546551470967,-1.01299455165856,-0.681553011777722,-0.418409279390993,-0.573410762267688,-0.614942587516603,-0.973310109518314
0.460382215616077,-0.0140768928497178,-0.195737166805229,-0.338832691641632,-0.847733625760668,-0.594522300840643,-0.889478498660808,-0.653318953092359,-1.04993649990254,-0.424141250992393,-0.967651047698701,-0.816264447158822,-0.387036433903378,-0.535840069251612,-0.618602897260611,-1.0851939458325
0.515271610621286,-0.0130412242211777,-0.154260645034172,-0.364854833748038,-0.809959841831543,-0.639130983772901,-0.8648419216213,-0.673397904747781,-1.11424258181116,-0.396171369464061,-1.11934211037144,-0.716778258952503,-0.387870789860048,-0.573829970916327,-0.571185604652674,-1.09038602149589
0.698954500454574,-0.0163368243543558,-0.189545540742155,-0.296526321519405,-0.776769588329439,-0.599491705150527,-0.924877220523463,-0.63777954133453,-1.08347623370162,-0.434851400156657,-0.970933298050955,-0.682597351212393,-0.430356517753087,-0.613671566717175,-0.604481582711004,-1.02627265495559
0.596112242686607,-0.018799127540084,-0.193390033831876,-0.364940294888979,-0.802375252484426,-0.610838202707378,-0.986453072271047,-0.568864874495885,-1.45929922966646,-0.528394434937348,-1.07631194865255,-0.633489516349235,-0.383443852433411,-0.593697232846892,-0.59072881531504,-0.9944496699381
0.514251656350843,-0.0128903249642582,-0.204974446204854,-0.366615555406958,-0.797578751787371,-0.697803351609913,-0.803932617428084,-0.665757686814114,-1.08523420023858,-0.444607987061038,-1.29275894177509,-0.537679469577334,-0.38643413961995,-0.530413294188163,-0.573926372258461,-1.03567482290554
0.341677757218624,-0.00571096167049916,-0.183841954792066,-0.352072293167466,-0.831536054547455,-0.624091422476886,-0.781708583478968,-0.61246929344409,-1.05238264578431,-0.459236940731612,-1.03547292862181,-0.609966622280259,-0.406428829527222,-0.544898357683913,-0.654974881881083,-1.07802321546768
0.500627553635708,-0.0109923915262802,-0.210980674007384,-0.379743956320207,-0.87750493660651,-0.612823793693796,-0.942012048967505,-0.60398577814687,-1.28061352250726,-0.592561685892333,-1.10895812309478,-0.673025241064412,-0.431695810996683,-0.55760525077902,-0.603623323667936,-1.11203530561193
0.516776010512898,-0.0118726661557895,-0.236813844994111,-0.355465904246253,-0.833112029188684,-0.585052326189015,-0.792823122032765,-0.630114279174129,-1.09163760388306,-0.61149663020262,-1.18933379191264,-0.720198679498778,-0.401648731209757,-0.603579738402603,-0.647086476556222,-0.99875337560628
0.565289267439375,-0.015589221198476,-0.238524739201435,-0.346524352977088,-0.78973577728755,-0.652275733162827,-0.933572362341374,-0.564996167721416,-1.15422644035473,-0.506002622742243,-0.789339671043266,-0.763127814900656,-0.385790557018163,-0.576144233074083,-0.598503434637489,-0.974947811488017
0.478772163450378,-0.0148142616721108,-0.265821203749589,-0.374334294499246,-0.782174116001986,-0.60897378993371,-0.89866124837394,-0.61066314571004,-1.01877722816254,-0.58481511475533,-0.984195344840176,-0.606128603013989,-0.393234097665745,-0.555050549736923,-0.58933503278646,-1.04490148775494
0.47241520506782,-0.0120451664944708,-0.191666600157652,-0.354389142526424,-0.807118756756623,-0.604026402449974,-1.07455502475798,-0.569199568730583,-1.22848126750556,-0.52389715875864,-0.6894043072926,-0.838695016634136,-0.402689964422167,-0.581179379562474,-0.655399486253919,-1.05429734320983
0.550735915359051,-0.0141512255766824,-0.271023620164849,-0.326621642249797,-0.838748464588722,-0.678737108572518,-0.859554584185901,-0.623874451348553,-1.33987808090716,-0.547273066115675,-0.947060386462332,-0.593081214850904,-0.381433629015401,-0.561481266410055,-0.643413785411055,-0.903751521325072
0.557136334193496,-0.0124812727566925,-0.230739138097038,-0.368702579825181,-0.773278729863092,-0.540894992546411,-0.942199663974047,-0.547763580297692,-1.18372045412571,-0.644809436660143,-0.56188410448585,-0.684337776336846,-0.385014917335865,-0.56959140775283,-0.576992432615732,-1.08250518781849
0.550009976816671,-0.00951517283996218,-0.27565229968149,-0.394724907423688,-0.719716267754333,-0.607498673080882,-0.920533808438373,-0.626922321854613,-1.06401121861812,-0.37182266493597,-1.14922228254422,-0.658687365282299,-0.36675438900024,-0.551963304103617,-0.618138240087683,-0.973373710723451
0.493763951203902,-0.0137124610873296,-0.250607739175808,-0.346384125310621,-0.766456995479916,-0.630914490205991,-0.860949701719791,-0.591919941383431,-1.22846848019533,-0.524770004675185,-0.907876843522598,-0.668104648733784,-0.364030578279002,-0.512620260927892,-0.59706230016944,-1.04595450610181
0.627325644484261,-0.0159391579680814,-0.183217433787101,-0.354980380344574,-0.742749785329796,-0.648038076597511,-0.859362063463592,-0.609383797087408,-0.901706872690521,-0.56213355605122,-0.887650632765513,-0.707600342620904,-0.431176949327335,-0.547332478768725,-0.671157712026411,-1.04402144471598
0.584607346531407,-0.0181099590550231,-0.219474236091921,-0.343778749089895,-0.796151731035108,-0.64183141910661,-1.06736633588213,-0.717672691504699,-0.991023838178202,-0.547636381320064,-0.849587960547721,-0.733953492608411,-0.440803469820622,-0.589475859530513,-0.613135444586586,-0.976978701410181
0.38532462152396,-0.0110817554148865,-0.17577129004682,-0.348397727704445,-0.74426313066559,-0.649030784286739,-0.907775515385566,-0.557466293985218,-0.9924122138619,-0.483779697662852,-1.16394720711501,-0.767340301142828,-0.42357845221057,-0.544683111373001,-0.585691223722547,-1.06509362395972
0.508580580585039,-0.0135649598284778,-0.219016265863883,-0.321917783204554,-0.772113049707788,-0.667145692846192,-0.937081414881647,-0.656861089660324,-0.933427313485048,-0.410414707616359,-0.99024659875043,-0.71486986733492,-0.399908964101544,-0.590833748355725,-0.599162432460151,-1.0528013382871
0.488248937048289,-0.0141064384384939,-0.138053462427291,-0.352434834114142,-0.76477163655775,-0.54461118848331,-0.777370381012017,-0.650889182446065,-1.15876926747954,-0.528279502606089,-1.06992349665293,-0.675324390138888,-0.39324900483356,-0.571553881855329,-0.619394019288922,-0.969361122188216
0.366764484363395,-0.0077436641651226,-0.191742821428341,-0.382534256996604,-0.828454115779305,-0.605687880383685,-0.896065690019955,-0.606699092486644,-1.0683602271388,-0.492503642200907,-1.00078130327408,-0.740193637258323,-0.367569993540386,-0.575272737816115,-0.603392499199003,-1.0720909269459
0.324125470481992,-0.00826769564812027,-0.207175536776134,-0.365845946958447,-0.860936546121492,-0.618104755216943,-0.947863906300215,-0.567299059726299,-1.23443268824952,-0.566086336703104,-0.91470345846362,-0.82540016954405,-0.397563403945035,-0.549842396711011,-0.568995176398464,-0.9908551231932
0.49983111105968,-0.0155096778074857,-0.20232745775533,-0.41001653774686,-0.773070758208513,-0.554811992820273,-0.962183979830067,-0.576159929837563,-1.28065010538496,-0.552166851178608,-0.768557776628375,-0.713919995857106,-0.380043685244039,-0.584972148937956,-0.628547819716668,-1.10381283896977
0.405499877522383,-0.0130458456013148,-0.174605535566671,-0.343508961722113,-0.770611739771343,-0.656577714062854,-0.997560884006789,-0.618679446671159,-1.42590109336491,-0.482054718539547,-1.07974809134418,-0.616121746501931,-0.394219328282667,-0.53439343550898,-0.595754418427014,-0.980900049208738
0.453768554996079,-0.0120707946854262,-0.15809407431276,-0.327950775282705,-0.81060544205371,-0.650254398511869,-0.996553878662588,-0.64887617711608,-1.26208760409754,-0.484920207315595,-1.13561717417166,-0.651612736720212,-0.388062402462434,-0.543950044835416,-0.642469355142468,-1.04233810060104
0.553805142765407,-0.0120964984233805,-0.149320038031086,-0.375500664282454,-0.743956195824436,-0.609945960156859,-0.965049164655009,-0.6336742958403,-0.962848463887605,-0.5046598246093,-0.960462942958106,-0.62588608715906,-0.396174921431185,-0.547707364463658,-0.544769512409697,-0.935882404889004
0.487284990422431,-0.0123120508943481,-0.209891152179249,-0.380455211935609,-0.760385319472064,-0.634497122875722,-0.895309176278086,-0.653811735443486,-1.06294220225247,-0.595655314515105,-1.05086459426521,-0.739130797992838,-0.420598622648595,-0.5635141441244,-0.589057103537153,-0.942635532830645
0.616538709740172,-0.0165506288280492,-0.191183305515844,-0.35416225178407,-0.711080250365852,-0.593909197717111,-0.906510594540533,-0.638929790756469,-1.34213845113689,-0.741263825464242,-1.04565209703408,-0.744001568785694,-0.387216773908352,-0.603119544358028,-0.581556153211652,-1.08761890773836
0.376378670582905,-0.00988062695117002,-0.1699294730267,-0.353318872204056,-0.734569679900925,-0.609666082710827,-0.934214339166329,-0.547262011682471,-1.40761938861603,-0.351973927518943,-1.03026493299201,-0.67035372665424,-0.374419968562267,-0.577436788304718,-0.622120593690768,-1.0275699910707
0.574175678997196,-0.0130388954175976,-0.235201387629861,-0.374455382849959,-0.780926450015742,-0.585348352418034,-0.929059223078902,-0.588737725035145,-1.07534988499988,-0.487128028410187,-1.09923006601074,-0.643316958123695,-0.404344268449548,-0.560678007718183,-0.566740238153535,-0.999300008394802
0.503489221140431,-0.0120011099708371,-0.187284764484806,-0.362445984697081,-0.851154128797604,-0.616947823221348,-0.945408373019769,-0.640540214815475,-1.28533170113844,-0.44222107732299,-1.01526669198164,-0.837969774014723,-0.373715752481835,-0.57252084145438,-0.563022853175703,-1.06774787054634
0.571307431131855,-0.0133865063009392,-0.197509628362919,-0.361099771154633,-0.645356673062373,-0.628684255219591,-0.780812244858624,-0.598040341969894,-1.30667952872348,-0.495935440898863,-0.895455141217928,-0.72870677618037,-0.372513855336326,-0.585901539721415,-0.586465472738308,-0.98799270367898
0.480026407021298,-0.0131899157096715,-0.266492901960957,-0.377521421334472,-0.760794161189313,-0.632625206654929,-0.858231437676054,-0.541986801394746,-0.823284274715654,-0.544087476565068,-0.803023786668716,-0.808892566547057,-0.392627203744084,-0.562625600536373,-0.663298650274508,-0.99198618362032
0.545023435527006,-0.0145222564070345,-0.230378116578014,-0.378593425104944,-0.782626604488495,-0.64030423892609,-0.904105890307248,-0.601648236949238,-0.95271002858646,-0.512053901421646,-0.895838468431068,-0.714913540282982,-0.403333091454129,-0.513820850454576,-0.652060896477815,-0.913338170625392
0.453384204797283,-0.0127130109915463,-0.232122638637965,-0.367638443108824,-0.833161920507915,-0.638675437940558,-1.07363842333888,-0.662420564911587,-1.45503478829799,-0.599518158883677,-0.899140705544224,-0.738228714293693,-0.420679794142965,-0.541600139911461,-0.59419539847855,-0.976506091276537
0.529405665994825,-0.0132078992959372,-0.230614900035995,-0.354337497592201,-0.734173493123856,-0.621839351671227,-0.982822738540824,-0.630471208226059,-1.36403615812246,-0.618868989284436,-0.733048218477941,-0.700306987771764,-0.405185172969245,-0.54106010181883,-0.625760415495886,-0.9138163311707
0.52338113497154,-0.00964633874353526,-0.177883596218943,-0.334625175138436,-0.798186970693061,-0.633761802092065,-0.857009795869286,-0.61629497480904,-1.27672849067173,-0.46678735489711,-0.971472361312829,-0.686706396499296,-0.398160756090611,-0.555535996150902,-0.637543399463112,-1.06722813659932
0.509671962793481,-0.0104857092804828,-0.175739327266769,-0.337885638572252,-0.717295344751337,-0.597993478149319,-0.883707042707126,-0.58035899847952,-0.9167646555694,-0.380005573312016,-0.737672447885733,-0.538073133544561,-0.391547086751219,-0.553277875940689,-0.566220833793283,-0.987614436559287
0.658921425638546,-0.0191033450002353,-0.215784019005969,-0.349167700175185,-0.745908891359121,-0.605245749875976,-1.03360472950079,-0.63817871343337,-1.17251371110174,-0.584428818981436,-0.707482117695111,-0.674412549061422,-0.386658440580975,-0.59641666365302,-0.644411796524135,-1.02154165627278
0.507381594638097,-0.0170871952450433,-0.183775453439124,-0.366035082067959,-0.799323003242301,-0.669611000521501,-0.859540669032634,-0.545049123174659,-1.31296833548137,-0.46571464985725,-0.961804201963985,-0.587499176213701,-0.390843576813878,-0.601656262647421,-0.610729945220135,-0.969160750507015
0.55347237229478,-0.0164782316328032,-0.219809559501291,-0.358125722999176,-0.740458921324694,-0.652251119192245,-0.945386585877175,-0.565295843087134,-1.00482695147019,-0.583287485390563,-0.820792770912459,-0.708772452126129,-0.359045860220405,-0.563102059077316,-0.581723578043042,-1.01509810885859
0.344980950625198,-0.0089453006707923,-0.188789489049567,-0.364658379762672,-0.790836964710736,-0.63814752481169,-0.872096122557207,-0.611372108684888,-1.28409838397614,-0.497586105588802,-0.504765185056563,-0.72047573507007,-0.412420451567214,-0.57031608510129,-0.620161430476842,-1.04365522885076
0.462819571430175,-0.0132718170817446,-0.181765125550272,-0.362278817655461,-0.827135023400246,-0.597671150299287,-0.858248044306757,-0.57003520852576,-1.03892889410182,-0.549347127470304,-1.033850746751,-0.790342182387292,-0.389042863192313,-0.587769381224902,-0.557326211506644,-1.06305174237768
0.437422485258131,-0.013853893582074,-0.212361831423414,-0.325703850225739,-0.808672071617397,-0.649498509461672,-0.862829112183573,-0.617655939245732,-1.04309506431147,-0.504999228889818,-1.08944108012817,-0.85493213464565,-0.401465137703171,-0.580012035152607,-0.627182907283742,-1.04494794675089
0.436464161779787,-0.0111098049804277,-0.252172762569852,-0.327491928767885,-0.82101255512154,-0.591893452527462,-0.928038246127554,-0.612146814067794,-1.29619216972784,-0.574996203667162,-0.819139280308678,-0.722988566250675,-0.375547800804424,-0.632652129303803,-0.635189803084663,-1.07581172480494
0.481950447977801,-0.0101024042854018,-0.226425758863817,-0.338762690581245,-0.755423282171946,-0.632711547382767,-0.824684742870636,-0.578064240139881,-0.903746734817,-0.483645666728815,-0.848983769311879,-0.659902695258061,-0.381604919664275,-0.576591288887854,-0.608023175138226,-0.966901328992042
0.47527035403548,-0.0147931274617339,-0.340184763102782,-0.373116694942316,-0.837165339793684,-0.703039849831417,-0.887599388018274,-0.56325409368804,-1.07231795055771,-0.555851355905665,-1.00519381295714,-0.698264036692606,-0.390252793879181,-0.627256930550754,-0.624814520712292,-0.997942817232893
0.500019095477884,-0.00985674412797048,-0.11208486754146,-0.367302982052344,-0.814112462560016,-0.689597739288115,-0.957303114706157,-0.571942305660605,-0.965587657102527,-0.504197299449144,-1.03099311212449,-0.702016162753742,-0.40454656952029,-0.579018787259247,-0.617467290969293,-1.02700115054263
0.512730918390299,-0.0158242795402325,-0.164406213689784,-0.399115554991048,-0.809527568262371,-0.630173189220681,-0.916466109871773,-0.588908591123042,-1.22259246053277,-0.518431419053546,-0.690387693531056,-0.651114392607284,-0.334415372465178,-0.604826001985187,-0.607115080173894,-1.02451747062085
0.494640006464973,-0.0149872761316911,-0.171805386187065,-0.342152417765583,-0.709021310092387,-0.598347656510764,-0.882514608723285,-0.605148698713353,-1.07116713087386,-0.47662379861318,-0.799769919858469,-0.824360528332261,-0.425667775697877,-0.530644739162619,-0.607734415905708,-0.896387974656932
0.582715601006622,-0.0168184361953281,-0.135067121956368,-0.362326599184154,-0.706380530894168,-0.61318793346997,-0.872850749318257,-0.605535304758459,-1.05301726699646,-0.493875088302152,-0.840597541141672,-0.640694808040194,-0.405974174252987,-0.562934273508144,-0.622523681424103,-1.07744275579152
0.521076809465175,-0.0127779512745924,-0.128036861876681,-0.362452390073987,-0.75049610165894,-0.645195609502665,-0.897100440552669,-0.62358854199632,-1.10653889264569,-0.608878042255117,-0.715470734777106,-0.801032301798081,-0.406475383782281,-0.576929970857244,-0.600282665148841,-1.04315476949567
0.577804075277035,-0.0139374507202857,-0.204982284218452,-0.34428874915373,-0.748689592141204,-0.641106437128556,-0.782772880847049,-0.618742056694293,-1.40539664801538,-0.484349827948801,-0.935734494745886,-0.718846656083928,-0.392752764120889,-0.557598474863735,-0.540001615485886,-0.922700745321391
0.63441097040486,-0.0161197267620343,-0.280721220262471,-0.354949017714202,-0.813575074624503,-0.655644556685512,-0.85360248928721,-0.588019544410694,-1.06729240662315,-0.431409930371125,-0.90239016419972,-0.679789367106801,-0.383679020236298,-0.640075216099974,-0.642262809575575,-1.05883343751868
0.45268792770771,-0.00820629591122213,-0.257400599969644,-0.34136603120416,-0.876221554085487,-0.623684242337342,-0.798484835152688,-0.617426694306732,-1.24948956209521,-0.494205196566701,-0.960471425538939,-0.635476882090082,-0.369064995726298,-0.563320890030979,-0.619407655535534,-0.955888246319021
0.508950048235108,-0.0122563596695838,-0.262524765290925,-0.316569830716971,-0.736122627201146,-0.606921557770217,-0.925081108272054,-0.62113202763056,-1.13612650766738,-0.481614658784704,-0.836721684728979,-0.623388201038306,-0.358428830221995,-0.558987988826966,-0.611988135722824,-1.01107828638621
0.450048688672657,-0.0130363758505724,-0.230468999998906,-0.340353395553651,-0.785127841399964,-0.639099605258707,-0.996078011622847,-0.608544097669525,-1.08812297452093,-0.503892570169458,-0.959870341907192,-0.653715594890714,-0.383316630915896,-0.543064493166206,-0.636206278404267,-1.01313788800582
0.449642000708962,-0.00960276138058636,-0.17319411460501,-0.350614702309094,-0.759611336101639,-0.597012885125693,-0.925653503449221,-0.528305953240716,-1.25408510489946,-0.580845012523641,-0.950631404856338,-0.614315616803187,-0.352420580545446,-0.587719864979168,-0.520721475892554,-1.00895353883987
0.496811471031608,-0.0166161762390653,-0.218911562909826,-0.366603917403313,-0.796856483556523,-0.598261771327117,-0.948396032241006,-0.590255187862884,-1.31812848416287,-0.560678847686208,-0.946557643152264,-0.737060293230885,-0.37842761269017,-0.584029078374701,-0.58308410065025,-1.08068832784893
0.442437257373969,-0.00323928871426619,-0.21752761801631,-0.362088137500872,-0.763207563473903,-0.644103113033692,-0.91464533444433,-0.66965878217314,-1.08860094453626,-0.552366597775348,-0.905411022819172,-0.776217100831165,-0.370358737240552,-0.522894997778335,-0.588728183844426,-1.07388176194026
0.490161001387454,-0.0115073240813857,-0.160635330902657,-0.338784655221039,-0.753799384906128,-0.617358206097211,-0.862546661273268,-0.663564231320684,-1.05441417732343,-0.622157417228846,-0.846707275667775,-0.698463670073958,-0.416151352839649,-0.598358608671177,-0.651126092619972,-1.04304384460983
0.488615330341898,-0.0116748304294232,-0.226692456685335,-0.355492603745557,-0.825763314252995,-0.597673199870789,-0.834547825869103,-0.56956547138218,-0.919979788013342,-0.510070561583489,-0.815914518684066,-0.685011766356818,-0.415755269321984,-0.594643036482779,-0.598690510660182,-1.09338279266365
0.507197618183972,-0.0128227709635526,-0.213015438463335,-0.351957728996007,-0.821955642168879,-0.650862056599295,-0.855719181514614,-0.588259477848162,-1.35600775685588,-0.515254988986462,-0.809549457864488,-0.663145183318675,-0.375391487111985,-0.552104116906117,-0.567794462133387,-1.00212815191764
0.480687067267595,-0.0105150135550396,-0.151866858877951,-0.347783732489063,-0.754444970531337,-0.650665243420367,-0.988971863696635,-0.506166482732275,-0.979686085754491,-0.440753897030851,-1.01283114262884,-0.657775906328014,-0.383153713096008,-0.530187185354656,-0.597029464971768,-1.12296534176207
0.53479109438246,-0.015375841033491,-0.100752182673116,-0.389922383636954,-0.788963146767902,-0.61264429991858,-0.797020799142869,-0.591132335448645,-1.05787407243416,-0.45383501842435,-0.957833523764185,-0.704667975192974,-0.378309300585361,-0.524518682384493,-0.615277148246562,-1.04059491107973
0.499448984985716,-0.0144692311140433,-0.201647067245005,-0.343740861247016,-0.6942212156035,-0.602828535488662,-0.915508355270818,-0.614926027692912,-1.06775796065086,-0.642852930703181,-0.974811635249752,-0.49662177615127,-0.426852332179494,-0.638536665066332,-0.611674252063119,-1.0461323229022
0.606500847714297,-0.0111493266566342,-0.24138901816061,-0.318494555264569,-0.786745874269352,-0.623779197788682,-0.744215350525243,-0.62420742669744,-0.948344207837118,-0.488981435562834,-0.995169463623391,-0.744588363405516,-0.359498588186421,-0.537437098407497,-0.59060630796038,-0.962324187902248
0.395721233335295,-0.0128685593733659,-0.210959573889081,-0.323643961217467,-0.88676689023152,-0.648467935642236,-1.01155694565652,-0.609328794233168,-1.3470798350776,-0.674985244178007,-0.958880978133909,-0.668373171601281,-0.372462076904312,-0.579373397359363,-0.59523637080306,-1.0536382500723
0.597101752740671,-0.0162166470083003,-0.175893725031564,-0.345135618084574,-0.753138809401075,-0.599731441062218,-0.799212169237722,-0.631418527414867,-1.43038719090241,-0.445683637069507,-0.731619940781393,-0.752960535271572,-0.346468208249777,-0.582888784136151,-0.630669002393653,-1.04509852313055
0.597112358454131,-0.0192032707154592,-0.17289496900507,-0.362773476280836,-0.703189191303466,-0.670504544538378,-0.77819045731093,-0.609244296131666,-1.43001931996355,-0.613426613036179,-1.05504203117893,-0.738288704938395,-0.39025322740965,-0.605713367979967,-0.597143461420303,-1.00389024622237
0.472244420648532,-0.016100491836735,-0.240577493098347,-0.38865464022116,-0.722445478473169,-0.607203689326608,-0.950698301120653,-0.598062388455588,-1.56700005293477,-0.479425275011396,-0.972427355205039,-0.816316021350453,-0.385925499027945,-0.620059947696166,-0.608761697820716,-0.965781708809472
0.541698092720763,-0.0141416002498518,-0.182831342340833,-0.359121945231289,-0.750463491157324,-0.581482559453386,-0.856458063706634,-0.558620075784792,-1.17130685549262,-0.550750515053372,-0.837558044140634,-0.71050499324757,-0.383899114219196,-0.519186587348099,-0.58741839762243,-1.10615627846537
0.519062491380245,-0.0124102139830579,-0.160466209786781,-0.35287487284014,-0.78057269195313,-0.600781453786091,-0.833192798208961,-0.60065718092021,-0.804285943912348,-0.531422343978527,-1.08471908529553,-0.706362468700846,-0.376149353315453,-0.562771477577184,-0.577342360353635,-1.04911661575647
0.427273623198932,-0.0135474200997107,-0.172873889301088,-0.34895008156166,-0.823748917453269,-0.607352355847248,-0.929708728651234,-0.68545958376329,-1.16947041803387,-0.557513677998813,-0.740475966959113,-0.775980337694932,-0.386411945906117,-0.541981832059279,-0.607732393889496,-1.04568446352874
0.573941829246364,-0.0151819200056501,-0.187488204535724,-0.347131404359837,-0.901476933474686,-0.681430891628192,-0.857813877680456,-0.608065274072363,-1.19602402587351,-0.528093945151362,-0.990120547013889,-0.768583623858882,-0.39749024542767,-0.55100518850388,-0.609700590820434,-1.11139783446648
0.485351887331049,-0.0131389866112377,-0.203722353114818,-0.372923073914734,-0.757627830975148,-0.587093730029905,-0.681655629798153,-0.647788373103497,-1.14204312998891,-0.507394686067009,-0.680236903499123,-0.800902474000206,-0.380873408745288,-0.571671723246562,-0.639177531662266,-0.843176712219011
0.58533484523996,-0.0150985644592421,-0.196925689189001,-0.345495500795578,-0.719972150183644,-0.576809633890699,-0.911037712781395,-0.764452978072195,-1.07736934071693,-0.479584997214762,-0.768948283517132,-0.738620428105018,-0.367018828860054,-0.581095274970673,-0.595378170213173,-1.03715858292764
0.437893061959251,-0.0120609749905425,-0.186559317885953,-0.370020831104145,-0.687734385909897,-0.622728613277521,-0.808509267786045,-0.600477709979486,-0.94427384753452,-0.442477929031282,-0.932421273477929,-0.835446446820739,-0.37702277520071,-0.55672282254872,-0.575442854032413,-1.03679099879419
0.42537727298683,-0.00998742144838896,-0.245074675201262,-0.374136225472056,-0.774981234194415,-0.590251015127683,-0.86819018820433,-0.645552240868918,-1.21040997819485,-0.587747760266564,-0.968993314248245,-0.512506409139277,-0.425724958360672,-0.588074457325645,-0.583735684803218,-0.930219048378856
0.4427420514676,-0.0100890294817705,-0.215906515790428,-0.350150907939838,-0.700651938533197,-0.670923618980701,-0.839781857670552,-0.606741153906766,-1.30012642902378,-0.524029846219425,-1.01261034263253,-0.72019645059722,-0.405138032854513,-0.558447440973425,-0.602130695101567,-1.05202319850102
0.449978797917097,-0.013801694545738,-0.189285851995787,-0.369798291790401,-0.911384513282374,-0.616706160236492,-0.825459200531029,-0.572233966014452,-1.46431125028827,-0.479254012834275,-1.05442830593089,-0.68348203123197,-0.436125659982,-0.625746100018244,-0.61435082826318,-0.943967264273173
0.491898289725902,-0.0071306903241565,-0.147633555595238,-0.323747704801229,-0.79085157754494,-0.578466786011029,-1.01298076064697,-0.672579793349942,-1.06815381862957,-0.616002047142086,-1.13037305610546,-0.674055556313481,-0.384409282851139,-0.565666302877587,-0.627357347378293,-1.05646499945095
0.45567500139105,-0.0140160500793858,-0.189384874458376,-0.348329887745752,-0.795487477937463,-0.648442257148199,-0.983893299463664,-0.584651889121253,-1.07830651099304,-0.672488798233723,-0.979853524425438,-0.749617464214639,-0.386037457440966,-0.620496587910543,-0.612677608746126,-0.938547339611608
0.562633376179252,-0.013105454502058,-0.18480264102608,-0.332998882385619,-0.773143417048322,-0.628479733031681,-0.965267037571126,-0.579555649568923,-1.13707135642514,-0.521390717315436,-1.03795130255387,-0.87721306149312,-0.365489978100379,-0.56095548407495,-0.619230246846939,-1.03748173741913
0.553534767911542,-0.0114505995218931,-0.155566300869637,-0.326977814257378,-0.78231239718086,-0.586114537016403,-0.847744192391187,-0.467654648899588,-0.918962875416151,-0.605873020253049,-0.860018072450883,-0.669739581092395,-0.372628527961388,-0.556068807481789,-0.602894673916923,-1.03173057943995
0.553738163241759,-0.019825141723887,-0.249124591246655,-0.390322424591065,-0.728387709202055,-0.588850261554344,-0.954839210939495,-0.641029772074521,-0.929608138878564,-0.510869654560031,-0.792505294492442,-0.759169959048277,-0.395708285530676,-0.570464468349731,-0.606703515135061,-0.996978296918864
0.447191487868158,-0.0133354367135258,-0.215495331883322,-0.330239033444213,-0.774384145141495,-0.643130087021765,-0.912900748185126,-0.717475493871454,-0.980943292486638,-0.610659481214574,-0.834046201376578,-0.687476585547264,-0.380098590420615,-0.559535486188254,-0.621316917109331,-1.0374364110994
0.400237738815829,-0.0105929660857553,-0.197064055763908,-0.366318236182831,-0.766195606502865,-0.620117605901469,-0.844937998333708,-0.646253770886729,-1.48480497211832,-0.542751898285859,-1.1785999142342,-0.628361326473483,-0.390199759397062,-0.581290306681808,-0.634176690650476,-0.99995523210943
0.46747986589195,-0.0115911358955078,-0.214886610152192,-0.337976703610932,-0.840595319179318,-0.616738894738328,-0.907288124039897,-0.567478372081403,-1.83640781163997,-0.614188739231313,-0.612405793130393,-0.796227398125142,-0.405234201042146,-0.610205716757443,-0.606966101232293,-0.974435012901381
0.472694823788965,-0.00962774727986845,-0.215406919471509,-0.313717959157361,-0.818204835526506,-0.617073998680836,-0.976353500110394,-0.639095324688261,-1.29012455218484,-0.513405056278213,-1.00530898261991,-0.705284879300811,-0.370258575395102,-0.542502294740077,-0.644530351225929,-1.04756213512321
0.643881834823977,-0.0180522232382442,-0.20316047501326,-0.328020872564207,-0.70389457278813,-0.651866835863967,-0.902037926502478,-0.578230788457434,-1.06627032708755,-0.599460259427968,-0.729123958911844,-0.833096168383363,-0.358538909391021,-0.579209795043296,-0.632540008133902,-0.993724658781065
0.501078810302893,-0.0126502682078424,-0.185419192768272,-0.341289184915064,-0.681098437241756,-0.63763349178803,-0.903428969088824,-0.631501210410201,-0.856342905197004,-0.549511744604679,-0.868350228052642,-0.779520966229583,-0.402392469111736,-0.567480074872306,-0.60505193372506,-0.906681867585301
0.378634037025503,-0.0124270779209737,-0.260788500598978,-0.374317328291489,-0.739506865280404,-0.625154456909285,-0.819619578773068,-0.611384895565233,-0.965751192490515,-0.552235532234867,-1.0053751415105,-0.759216492713395,-0.397604543359017,-0.545668646826797,-0.573024997275767,-1.00995484543684
0.516191794794854,-0.0108297886807984,-0.157061774593588,-0.369578994844349,-0.7643088957957,-0.651160322052034,-0.919031072703892,-0.612642868608237,-0.92808492029066,-0.528363058727755,-0.939641610545453,-0.711472200031927,-0.378739050653126,-0.557454046627595,-0.596606548880154,-1.02969821788255
0.613992266161107,-0.0144339130970962,-0.222165956182587,-0.351434531120168,-0.798880630450296,-0.603736396257861,-0.851511244244178,-0.578403871145671,-1.22397966244209,-0.687859134369981,-1.08119277156545,-0.694574321786714,-0.432953638124523,-0.552103873673293,-0.587310666614167,-1.03239530143673
0.580225863934599,-0.0164081614404897,-0.119874017958963,-0.331742380670932,-0.695380144334252,-0.629802647384789,-0.894580864598545,-0.636355841069233,-1.03994772415068,-0.641836132407894,-0.806400066978988,-0.706747089012428,-0.388515402408136,-0.577600529035237,-0.632593093725036,-0.909201249571906
0.379914222028428,-0.0151238010528116,-0.190511179539431,-0.35573679961192,-0.810495310154747,-0.588258110819153,-0.917417006882713,-0.611166208966938,-1.1101268666351,-0.465090524935042,-0.772359620261918,-0.633452873367157,-0.383408884967687,-0.566590347527468,-0.600776385109571,-0.992665651394749
0.497285706744424,-0.00912437717204391,-0.212212763741981,-0.351501095341328,-0.839192266083127,-0.618436680582872,-0.82933355703048,-0.541402319284519,-1.09191046804024,-0.571960168592114,-0.789227972922633,-0.737408805508831,-0.375357499195343,-0.542896929752142,-0.619522357206081,-0.90021443858854
0.420413046417858,-0.0148765107457232,-0.211059045159539,-0.34536168737821,-0.786322737844671,-0.622512218156137,-0.939400506715486,-0.641066536804643,-1.40576812651028,-0.675874877806412,-1.13470818706692,-0.663980291461642,-0.384019114131029,-0.578699698896074,-0.578374326424597,-0.980963623806031
0.60193771021559,-0.0153010651083066,-0.230343992732577,-0.338304139863668,-0.797182102422074,-0.610687489444272,-0.93795164986771,-0.686539101150101,-0.797762311855001,-0.438564282100976,-1.01862291233307,-0.642618041391418,-0.384347405998745,-0.523887270616053,-0.617118531990964,-1.06077895665229
0.381537522117718,-0.0110928112013336,-0.226778497936235,-0.336471165507637,-0.745336766106301,-0.655586458572598,-0.988065935859443,-0.640296110106157,-1.20580674130739,-0.521495047786978,-0.852474687105202,-0.668872398884028,-0.394501212957872,-0.588190293517208,-0.591592126616492,-1.01593026429845
0.440031845864316,-0.0118643479817542,-0.139340730118019,-0.351500205369002,-0.872156190662859,-0.632269379690778,-0.880174085082664,-0.536776352484159,-0.754046373752398,-0.52523933737072,-0.709319742874341,-0.706370212780429,-0.371921827620437,-0.610527870132701,-0.571262170921105,-1.02741887262779
0.538646232592962,-0.012965355200798,-0.188896084836878,-0.365698834884901,-0.805070966746413,-0.615570232887127,-0.850883742773024,-0.567054705792395,-1.09273756225705,-0.485466976490019,-0.846509212872541,-0.582154135846459,-0.376019258002459,-0.561476233331928,-0.601334836652639,-1.01005370365292
0.468958926131946,-0.0104686382028235,-0.275818475374406,-0.381182844118757,-0.726737496165778,-0.602525782201973,-1.00513304362016,-0.558746342398624,-1.45355021681514,-0.603606319302813,-0.799110639326444,-0.733020278516965,-0.414504841158807,-0.524374143279989,-0.643302517249534,-0.996300414562123
0.568076366530573,-0.0125482286863002,-0.223874185331803,-0.361573075007994,-0.829707507877828,-0.635164338863943,-0.708268588532961,-0.602803185577343,-1.14599825316023,-0.528320745697167,-0.765527997977355,-0.69343017134103,-0.414905816551747,-0.55018776323686,-0.576747667909829,-0.951338846748797
0.51465957527028,-0.0111946882858293,-0.226505990047818,-0.361432525539279,-0.819257353551628,-0.691040303323858,-0.835417832816353,-0.576118248168217,-0.974138132229796,-0.618803442674362,-0.934493704134715,-0.658488913258288,-0.391794743426346,-0.624450954865475,-0.565199182249344,-0.981496458223502
0.550333854850257,-0.0153776659692206,-0.0913966710005575,-0.352853727908922,-0.786887414258615,-0.575896856932065,-0.919257891474517,-0.609615642771652,-1.28045846321185,-0.497208646784026,-0.971802596930921,-0.627129261227314,-0.406949359215589,-0.553829618607736,-0.551583423181643,-0.971406067651596
0.595558121779419,-0.0117973144288815,-0.245407529597912,-0.345110786736216,-0.740151627239962,-0.60922729816876,-0.925096258781295,-0.607576438758894,-0.87253020427776,-0.554533999852933,-0.770617334371127,-0.753544242383814,-0.384341133251218,-0.59173219163203,-0.605229542196812,-0.99268912097346
0.425393900408279,-0.0142286232039431,-0.172988656615036,-0.400338550198106,-0.771646610050924,-0.615455082853669,-0.915297399894932,-0.684896643976793,-0.929491804381215,-0.629019458692867,-1.02227495136578,-0.744138358499781,-0.380913598847402,-0.586145333262595,-0.55811215195391,-1.02030457534571
0.511742521370937,-0.0137516124270054,-0.157621649632853,-0.375126026956494,-0.826066270677365,-0.664684660639156,-0.964045917445486,-0.61081304215284,-1.13941802146603,-0.604957874489167,-0.990560880316822,-0.710382355470674,-0.366677084380558,-0.522826218227005,-0.617569726006736,-1.07169021794765
0.438665808505395,-0.0119070388968333,-0.188339727383617,-0.351591145775303,-0.863736723787497,-0.601831695982084,-0.983951092050619,-0.6695361165844,-1.09835043892375,-0.67254084147457,-1.08772837108208,-0.713155153042621,-0.428481537755707,-0.565586247827785,-0.573142283778366,-1.08720098507014
0.487499412252603,-0.0131530233509823,-0.154066318905527,-0.346560354670904,-0.707305028169141,-0.59953382327605,-0.999005688247785,-0.646101384633706,-1.20390796721046,-0.523980105992876,-0.899476061854112,-0.775667093099082,-0.382335689905787,-0.570175559797735,-0.592941763072657,-1.08012677861035
0.484351416776175,-0.0158127585811383,-0.192186780088317,-0.365419728636831,-0.784070196258006,-0.646865290977702,-0.943115027150455,-0.63284332440994,-1.15943113407153,-0.614531490189686,-0.988147959722238,-0.778940375233697,-0.389581515168104,-0.578817535006289,-0.59526944404501,-0.94460401484367
0.495569702313192,-0.0132210075613963,-0.220715471495619,-0.37913976182285,-0.83045440139591,-0.624251435137338,-0.874970276784793,-0.605865918718607,-0.940222174503355,-0.509504992589894,-0.869912869489529,-0.642384326653034,-0.396386457071344,-0.612304851984672,-0.577763883729798,-1.06252390662174
0.61116059759226,-0.0141669722360542,-0.190624112025128,-0.36141416543782,-0.751438063293129,-0.609618535898171,-0.99442482285536,-0.574708750590671,-1.03359267419302,-0.54931970721255,-1.04737094797708,-0.715954450071515,-0.383454932353713,-0.63421515447517,-0.611157461551297,-1.12054962702633
0.406411207511822,-0.012117449364355,-0.201555226939862,-0.349969850511655,-0.815699223164313,-0.641316923613737,-1.00668233378029,-0.663742035138803,-1.04934136505823,-0.546931661864276,-0.958277900662145,-0.792889327066232,-0.372356738476081,-0.571222629915205,-0.624239006467155,-0.990211464774439
0.328055916611124,-0.00644971065996821,-0.177935877263747,-0.34427281768317,-0.780525087119696,-0.61789622760384,-0.864121243176834,-0.622012359177282,-1.17397867093911,-0.501013384970443,-1.03959917061525,-0.663524864837463,-0.415730340108534,-0.553328795954038,-0.580687835649125,-0.978375200044901
0.649216798732395,-0.0159703221860093,-0.151880392322166,-0.349246839950974,-0.72003932740841,-0.645264730429472,-0.829114240748944,-0.58243281634824,-0.914127488913993,-0.672029347924062,-1.01699413032356,-0.726883983572309,-0.417703824806042,-0.576134676323556,-0.558082231208075,-1.08128942086484
0.61906848419173,-0.015883457530838,-0.200954399910281,-0.340147694769367,-0.676658127083305,-0.692372957090781,-0.892000587323714,-0.651335296016923,-1.16170530045655,-0.494904132232109,-1.04618173291178,-0.716609991205511,-0.393944622812685,-0.529456651112132,-0.604651824662176,-0.962725420063463
0.472762397945059,-0.0104837889480432,-0.308910708353113,-0.353028915965471,-0.802380639383287,-0.628526334440357,-0.920764804891855,-0.592307398989884,-0.995413969456256,-0.584962927932775,-0.990231025742635,-0.629168054784284,-0.420661682124701,-0.592810156789212,-0.607871263869397,-1.05127325435243
0.585396161397007,-0.013702827827347,-0.225742785483498,-0.358450416925155,-0.731552938603574,-0.646113348507706,-0.910303621709866,-0.571337294634345,-1.29148303872161,-0.45702387262578,-0.808205564095399,-0.680077704424305,-0.378650939660916,-0.523029884070173,-0.562765009992753,-1.01115448120967
0.607758126047316,-0.0175822297177032,-0.231751530516419,-0.338435389194853,-0.794148080912458,-0.600100944676446,-0.760072140538737,-0.633605102543537,-1.34515548656652,-0.532299920671066,-0.864767981224126,-0.627750688444851,-0.372469241065242,-0.581468793407669,-0.590133037639232,-1.01416017099618
0.397707147136909,-0.0104836414206672,-0.190331855716881,-0.333346674953578,-0.80250180742248,-0.604893165932343,-0.885152925436242,-0.595703195730395,-0.979152260706798,-0.536010628272907,-0.903694477636733,-0.746420868517567,-0.407012212526454,-0.569150960008814,-0.59327966525499,-1.00200809815795
0.438519934059995,-0.0137732890700423,-0.215219114620959,-0.342373202578629,-0.848230577035604,-0.608074726975513,-0.907113699449082,-0.579078513316184,-1.33868367023887,-0.678059376868091,-1.38737017892365,-0.800323118354336,-0.369233961500602,-0.610796983025623,-0.589088245765371,-1.07183081136764
0.46831377275353,-0.0128528667895396,-0.202266120878088,-0.357735687539307,-0.782300399690854,-0.619679491660349,-0.987667702942983,-0.679773372296539,-1.31250649615284,-0.571456911687074,-0.81468689745695,-0.772619408003498,-0.384866999472187,-0.567799209365581,-0.603132011057669,-0.968305393722443
0.48895169768195,-0.0165561478097699,-0.244978535239815,-0.377672681300697,-0.818113677364848,-0.66763254776917,-0.816116689591706,-0.609345902057012,-1.28686362774314,-0.572741445521476,-0.917554622882318,-0.744366385005849,-0.378631723798668,-0.576814358904087,-0.61619470190753,-1.02121401036777
0.485582321925104,-0.0105650804185276,-0.215250784801267,-0.356414491186366,-0.815714530561896,-0.62425017643543,-0.918419892893478,-0.545228468900197,-1.02815187832726,-0.600166582035672,-0.721523216830477,-0.51490650768359,-0.403519201151596,-0.606328773431762,-0.64824454044524,-0.99885667071126
0.514757556662463,-0.0137433625348726,-0.231903021823728,-0.397359391762913,-0.796067373596018,-0.631550620073918,-0.902215047374476,-0.608728668201063,-1.29228347324756,-0.702944038627886,-1.10938831234672,-0.698004641778885,-0.384049949778919,-0.606067215690768,-0.629207305638023,-1.04843998495905
0.48075472201707,-0.0098212460260176,-0.219119554328818,-0.322206635771588,-0.738388178999925,-0.601853363542137,-0.838974333310893,-0.536841722092306,-0.756665203491251,-0.565907498308388,-0.965672927942795,-0.624863810601093,-0.376539359291284,-0.536856085015582,-0.548215032013164,-0.937258827650661
0.540180480548991,-0.01561714420535,-0.181795434740317,-0.351418208342377,-0.723433751225475,-0.597784439828823,-0.851283628971844,-0.527049876996925,-0.867096178816773,-0.52126598861274,-0.981080742555734,-0.740690300046756,-0.353920973680167,-0.556989924804058,-0.63099438676431,-1.02136310060173
0.524610474020365,-0.0157447316947562,-0.21761384845094,-0.33972721340437,-0.837579002118831,-0.635305778925526,-0.871119308685085,-0.628750695075305,-1.27238469844878,-0.515455033417953,-0.852707620711238,-0.683803851732977,-0.354401183986309,-0.530402573376901,-0.641379935656493,-0.992259472775014
0.448014241675702,-0.0124337016621897,-0.205709174163662,-0.349706542830903,-0.824565757789226,-0.666988909434047,-0.835362538862026,-0.645273353490112,-0.86411924744982,-0.558479404022739,-0.928491207159005,-0.745681928960201,-0.394793449966078,-0.572266234247619,-0.573110362012311,-0.926740229637779
0.470189759861469,-0.0163585435416873,-0.21523651287384,-0.347026158907821,-0.747444684391621,-0.624473715535016,-0.938218853429226,-0.624408059560589,-0.991877802275748,-0.4176366923799,-0.899213111643901,-0.831263095787353,-0.418178695413015,-0.549790119886861,-0.586054658438453,-1.02645218493797
0.553245193633434,-0.0197783692891767,-0.214161776711816,-0.372174587774031,-0.762881401153569,-0.591352507463747,-1.00617179410134,-0.527562490393338,-0.973555538637475,-0.598776553050359,-0.87114336186031,-0.721261052323456,-0.402380594246677,-0.59246033855032,-0.600354176926823,-1.15658312548198
0.434654284674339,-0.0146432442286893,-0.173684756443145,-0.326629106715545,-0.826234204241812,-0.679193671059224,-0.943138323730463,-0.605154867662186,-1.29725198863514,-0.561946042861403,-1.08985192510189,-0.78485491262877,-0.374652557266322,-0.58119653566597,-0.62099876150672,-0.948123497853821
0.447197788248085,-0.014625180849103,-0.1801042231944,-0.348727872136765,-0.759048903888078,-0.631975267129871,-0.878096167100049,-0.642322966034059,-1.26328385532302,-0.671526231345815,-0.993603227012234,-0.607953800731005,-0.40949425783189,-0.567850777102872,-0.551623093517552,-1.07762414250014
0.399323011976482,-0.00822679305310195,-0.189494377919486,-0.349936180392541,-0.822097012817292,-0.636096870060772,-1.06019973455586,-0.612989318765621,-1.19926007688793,-0.448510210632634,-1.20199248787473,-0.678974407869445,-0.381567749875704,-0.5516648258945,-0.626485540285299,-0.948905411814922
0.474418618738041,-0.0121884761642256,-0.182553272003508,-0.35846171793451,-0.842958169891555,-0.568973744165656,-0.905801639281706,-0.632796961704702,-1.49126211427568,-0.521158876025077,-0.69078451770304,-0.693999703157749,-0.395916283946011,-0.59863824502225,-0.618249193859973,-1.00126589946402
0.430895619588967,-0.0118942869376166,-0.116996754115192,-0.350173329863343,-0.767551771132836,-0.663389405853404,-0.870250172034776,-0.683893243267099,-0.988614096549255,-0.575133632808562,-1.0183507085264,-0.745848511591913,-0.404912717745325,-0.577151871357017,-0.646697882747719,-1.12867780300292
0.438211763092831,-0.0101480137778711,-0.263623031813605,-0.357551887483055,-0.727572100731543,-0.555830849690734,-0.88831852182252,-0.701995669792082,-1.20065972965373,-0.456307231897828,-0.728996005245613,-0.726307797401476,-0.39055231224385,-0.578476010337006,-0.551665992168961,-0.997908381412194
0.538094487922042,-0.0149375301202293,-0.229516918492801,-0.351160351111402,-0.751595776730433,-0.649416037612695,-0.751766025576328,-0.66767235240259,-1.05493645429764,-0.635918302004954,-0.998804876324965,-0.702529287996997,-0.404344179942026,-0.637250575762836,-0.580433536828201,-0.989181029559426
0.447752834914189,-0.0129206818899311,-0.265281501235256,-0.34939083714896,-0.836951057894751,-0.680221507916366,-0.91735925313586,-0.64458279095293,-1.54123590709162,-0.568007596357576,-1.0344804445257,-0.609245156464355,-0.393235272497398,-0.592269299942865,-0.583996748665324,-1.02754622620693
0.482926033925958,-0.0111163097912906,-0.185942455985689,-0.35209908996071,-0.841116750151049,-0.675246774573694,-0.952856038445418,-0.674760531521448,-1.15203871770222,-0.485379126312568,-0.89383176801296,-0.652632290906764,-0.399104328798551,-0.539225710830254,-0.567620271780737,-0.927581379050786
0.540185769003502,-0.0153422751979034,-0.133516523214276,-0.349311738804014,-0.853109720215562,-0.587562924760053,-1.03047012763689,-0.724015122008495,-1.222202504604,-0.530580724122014,-1.05381192373937,-0.759244228019325,-0.406467986375623,-0.561448116487503,-0.567056910202995,-0.998732988969731
0.461668052531557,-0.0100926434854632,-0.214240323740857,-0.348551871508268,-0.824272192294722,-0.665178104326733,-0.957123211692301,-0.569130122448684,-1.20981403135415,-0.471064276461396,-1.27243474943503,-0.737360840598307,-0.41339337368194,-0.578071758482069,-0.607352354032649,-1.00975374330223
0.597418216433642,-0.0185619846568997,-0.220320225170418,-0.389017943294768,-0.770920828949345,-0.650197062461054,-0.965951617168644,-0.57832306185964,-1.34610778846575,-0.653498873843163,-0.964350123212294,-0.696085309369326,-0.395152805720841,-0.604570403031382,-0.597510130635991,-1.0503968077223
0.579002293640907,-0.0161154477566295,-0.277257113899745,-0.361866845612362,-0.743096295440193,-0.606158984499973,-0.951259493750914,-0.591463143614301,-1.04474221643802,-0.558342679116184,-0.9239784539597,-0.672685729934018,-0.359517166758857,-0.58467559261179,-0.627496288660388,-1.00957679239821
0.489159023703621,-0.0145451099278687,-0.298652286381289,-0.342924741357067,-0.781831236104974,-0.598134040066411,-1.0315612178221,-0.54555690015273,-1.13515361736952,-0.472365920877491,-0.972794336582514,-0.617250167245621,-0.347883378764435,-0.552983669926706,-0.55715043370183,-1.09449166093924
0.46866369710738,-0.0106494903489678,-0.239251144979937,-0.352866249016098,-0.824365841387772,-0.583597477750883,-0.792614457936934,-0.660010355749627,-1.09408877705837,-0.472934631644033,-0.907317784948609,-0.701110804136077,-0.362522441908566,-0.553831424004197,-0.558915011922871,-1.04720653961725
0.506468025475384,-0.0130074787194112,-0.159296783033696,-0.355700110563082,-0.797635779867443,-0.624396468256353,-0.918142360594064,-0.679800576182467,-0.82970552444272,-0.482105363730573,-1.06360083204239,-0.725395996046193,-0.37977260561768,-0.575635262017648,-0.605110686692056,-1.02532837342923
0.610342042623991,-0.0168203508482142,-0.207749923049082,-0.376662298233645,-0.699632452625603,-0.592898873569444,-0.880655644985012,-0.548486625918569,-1.23024187948919,-0.519995356270719,-0.855986353542274,-0.615110400343894,-0.386329423259922,-0.507159143936828,-0.634115446772138,-1.05874581086284
0.510640811998501,-0.0142856318943642,-0.13974970583575,-0.370643010470375,-0.766970833729136,-0.6580229469499,-0.809280002301724,-0.647203854775105,-1.42072939397133,-0.63693142967078,-0.831794099067192,-0.674264396793518,-0.394577013900071,-0.582161149828246,-0.60855545631937,-1.11654683909281
0.454831663521301,-0.0146202861025285,-0.242660839627466,-0.383907395697639,-0.784130812720714,-0.689759335058116,-0.95717011638345,-0.535413167350015,-1.33518819179408,-0.583551836699007,-0.863660865979194,-0.661277547588841,-0.39432315893044,-0.619578743178278,-0.584634223563784,-1.00249713460571
0.616040024915068,-0.0150281778210465,-0.153424210631676,-0.344550968514934,-0.780704333020438,-0.607278745904133,-0.952110966204694,-0.579961174006576,-1.19895136398467,-0.533436751072205,-1.05602232203665,-0.742191587904353,-0.363758697263331,-0.555064458721389,-0.613292856419166,-0.978244871208074
0.380584678947077,-0.0129468295180385,-0.150287600471735,-0.344199828956174,-0.777334742918053,-0.637976062359651,-0.920013980953343,-0.607873595700817,-1.34468192797793,-0.49126514239304,-0.94468308816281,-0.767249483159589,-0.385646796698617,-0.579293409742429,-0.602532566364887,-0.914793359359313
0.47552936616535,-0.0119341310531866,-0.119224426801823,-0.370154010239944,-0.726513507963467,-0.619846071159347,-0.785547809116121,-0.605950177424756,-1.29465331909887,-0.46560301915396,-0.76418313225544,-0.657704844664857,-0.349670127425552,-0.5736289164403,-0.628171277200921,-1.02434689250667
0.429993857761382,-0.00982181714662532,-0.24627408070719,-0.347087441464402,-0.807292937492397,-0.620257746775527,-0.83032598941342,-0.615075109277751,-1.03080527054088,-0.573827070986324,-0.733884076197917,-0.740907281613746,-0.386656936596025,-0.601394722332753,-0.611335324251393,-1.09296405805645
0.416983346227721,-0.00790949953076658,-0.278589833605903,-0.380504509014657,-0.773220713008378,-0.599670552574616,-1.00697351430943,-0.549665752428746,-1.14860772933847,-0.52998361508244,-1.1143649729758,-0.813877947849189,-0.357647641044624,-0.548856867839224,-0.626083200895309,-0.939499730986618
0.472755877563499,-0.00876729764850604,-0.29281327310916,-0.367090839671912,-0.875614489955796,-0.667545148491584,-1.00104349822328,-0.548635215406967,-1.30978646688474,-0.576757404080176,-1.06733745809128,-0.754929798835932,-0.406603146071969,-0.607802190667655,-0.600336060698524,-1.05528065137327
0.506117622113418,-0.0132040444235432,-0.214923982996725,-0.344798280036408,-0.861730505865567,-0.587659842529576,-0.921003684816879,-0.634818544572929,-1.18355997391641,-0.608748713040071,-0.683744564516104,-0.787641532111055,-0.43339195004541,-0.576788010451705,-0.609651517004461,-0.982831930297737
0.590692022603354,-0.0166566390629361,-0.27554856457376,-0.360525381531322,-0.760105203464147,-0.640072161557518,-0.856853214108321,-0.655393379629727,-0.960643468394687,-0.471039554028607,-0.90651942276252,-0.622933021989539,-0.386024516283521,-0.545952089775699,-0.612132744806733,-0.983057566527417
0.575014329110646,-0.0143525880882911,-0.186168858440013,-0.352037555153949,-0.7137375416638,-0.580059665469223,-0.839797785918319,-0.581826851082068,-1.24873346347612,-0.395098824535369,-0.92983421627748,-0.653279622527455,-0.385749859326015,-0.551856907811901,-0.577012653991937,-0.949734503419124
0.566149602574204,-0.0123936555917761,-0.193553256747153,-0.336198042881388,-0.801983177980739,-0.623362809572366,-0.980211329864625,-0.589655963154473,-1.26665116338842,-0.52424939963112,-1.02540926416229,-0.614210718521593,-0.403250978462031,-0.519305530900672,-0.52567428733816,-1.01601600665027
0.553704937803153,-0.0157915899367693,-0.25271221093197,-0.335984532196004,-0.851280890502085,-0.638001723968036,-0.898442052904888,-0.6400646670017,-0.844086595755239,-0.655625351847708,-1.05010599946952,-0.794650017216858,-0.385383559974044,-0.602657089054453,-0.627012260711839,-0.97590056395013
0.515277574495843,-0.0159920437200953,-0.182295702607506,-0.332984720541479,-0.835731953340536,-0.609483299058287,-0.718428882504155,-0.614345383705162,-1.37188441334856,-0.535054000115281,-1.01255736331634,-0.686290006734443,-0.408019075031912,-0.586779682096594,-0.577439154651318,-0.983688096338514
0.479399056399136,-0.0170954044088859,-0.174597260959744,-0.375656479642796,-0.727347515295912,-0.664326501683662,-0.961520352859295,-0.606007706650037,-1.05149424955923,-0.536287470827477,-0.960185222318895,-0.815624372489963,-0.436137560125388,-0.577755877284096,-0.600377187846692,-1.01002722507279
0.432288501445175,-0.00864455985943783,-0.20540576721115,-0.371961658966983,-0.797232057132468,-0.639040714916999,-0.871082540936127,-0.622558054095124,-0.929317023052294,-0.654218127364259,-1.20955104534601,-0.746864459729398,-0.393520658741629,-0.532952875215501,-0.572656316305971,-1.05426688548419
0.468255168152166,-0.0153103686104844,-0.205636887704638,-0.336492087166755,-0.759882243413689,-0.586503075210524,-0.818168030867247,-0.592972922109324,-1.26031430572796,-0.491878617729648,-1.1946051685033,-0.655230585800572,-0.399402132136625,-0.566996911068637,-0.617758448792248,-0.948385262826423
0.489140499847167,-0.0172528808967307,-0.26228430046178,-0.344865607096097,-0.839299074955066,-0.58653138645053,-0.823635128953316,-0.602425649262118,-1.3884856454925,-0.417091407814833,-0.821641435059215,-0.867012918666545,-0.393101188640547,-0.600367953003489,-0.502552093528171,-0.877117521327455
0.413175101987227,-0.00898567651316179,-0.216111152037557,-0.428231723008319,-0.89512673029967,-0.648645468869676,-0.880134186655324,-0.570690388864624,-1.09566482405442,-0.617757254372409,-0.988913379657974,-0.842493248634752,-0.406993332026108,-0.525567361396267,-0.644640220325094,-1.11299438564787
0.478113506767022,-0.00786430815078347,-0.245068104343863,-0.336899807718427,-0.758648938379109,-0.592456928116571,-0.85444721386626,-0.572957037322655,-0.885216173028695,-0.51850634422493,-0.998475064705166,-0.704862517777427,-0.40448928203108,-0.557818609590733,-0.59909877346992,-1.08153636865251
0.473602051889541,-0.0109731888714392,-0.222329099546586,-0.361050991864376,-0.720681769422389,-0.620272191633074,-0.88128296020959,-0.622660654153663,-1.26430158028818,-0.473076446834375,-0.864370151168669,-0.733233101093177,-0.365345961223241,-0.538209208080593,-0.596116003572794,-1.04029517699838
0.45260476543133,-0.0131723837063409,-0.170936098532564,-0.368979673014904,-0.786028853595498,-0.645892482978941,-0.937304742808876,-0.585493006021134,-1.13739843871409,-0.602719632404026,-0.981678387371636,-0.750176579841383,-0.352429936810051,-0.565512774649692,-0.652260756742205,-0.994493426243459
0.468443965224733,-0.00841887880287806,-0.167117655615839,-0.364423084701122,-0.815239538160344,-0.653126072345825,-1.01053642492919,-0.570335031460068,-1.09166394711563,-0.606886135213043,-0.891784273294657,-0.661170032371886,-0.423829489700543,-0.595080785643977,-0.65644857263455,-1.05575068771391
0.527149941199255,-0.0130133513377996,-0.133941111241902,-0.349608493494255,-0.840594018856422,-0.673366975591974,-0.905737421538082,-0.72632068162536,-1.00392287902542,-0.568331611079184,-1.04809907408562,-0.544884091583365,-0.374246408283349,-0.546639449871101,-0.595115511404264,-1.07379453222441
0.566373966208162,-0.0149799274205539,-0.0979766783911616,-0.324615287198873,-0.772658658067733,-0.638939939455521,-0.902823600126925,-0.564995615461836,-1.04462552447609,-0.556156321128677,-1.07352334766309,-0.732751985938711,-0.40495547329532,-0.551616909501892,-0.609795989859025,-0.92180564070106
0.455004511797157,-0.0109524154979564,-0.149459945526227,-0.340217628648943,-0.777643176140021,-0.574391434354981,-0.90330689139119,-0.608461426557999,-1.1552731939805,-0.478700410928141,-0.972424232320082,-0.700741617581035,-0.401023271583666,-0.556117812504655,-0.598493315688989,-0.955567765683332
0.52346066539993,-0.012166624433352,-0.302790604777615,-0.313015818472185,-0.763053863662047,-0.668079980402057,-0.911690589956307,-0.645199517076875,-1.1972142052052,-0.567823300740006,-0.962714451100201,-0.810252546943678,-0.390369547690887,-0.533055552500045,-0.619169751358762,-0.951280638081213
0.493189486662681,-0.0163840810665644,-0.219639500096992,-0.375003393322837,-0.817992279325517,-0.682023429558471,-0.883379102833786,-0.657369160335151,-1.42060359701034,-0.482595812503032,-0.88280853921564,-0.776607514053244,-0.404265082503666,-0.547839802935974,-0.604498626054331,-1.02298982343104
0.375517313693009,-0.010719484290708,-0.103982765653274,-0.348417598993973,-0.79879023306741,-0.583859409519451,-1.02597905821998,-0.625410871210298,-0.845133810792008,-0.63401767087181,-0.843920701607783,-0.690704511063183,-0.383763490234286,-0.584318934030386,-0.541984602802061,-1.01815722652967
0.63445817142324,-0.0167764844191498,-0.193889458084994,-0.394147736812199,-0.744278567873737,-0.613236394944757,-0.985804850939224,-0.740871324777232,-1.253607050915,-0.5346121427117,-0.75699520181956,-0.732975585207297,-0.411177106888514,-0.576798589415086,-0.636597810453787,-1.00708185904412
0.541830995601986,-0.0145314202783879,-0.240689461551947,-0.36156456475522,-0.751312485062162,-0.636372943601148,-0.796386685651411,-0.55450384274309,-1.40454291146655,-0.648583407280553,-1.12912131132353,-0.677184562199556,-0.366603493494137,-0.534897945064114,-0.591676052904297,-0.990886523906459
0.441340112197091,-0.0109603977754993,-0.175336412980124,-0.342211746107621,-0.782980052576006,-0.641763616968523,-0.906844117798548,-0.604367012259132,-1.41051717388513,-0.512717073653737,-0.688792321302862,-0.981309458031978,-0.405971902603124,-0.584936919809719,-0.612083237923034,-1.03439318891858
0.438966765559805,-0.0125860189706906,-0.194454880778018,-0.387284924857654,-0.783083307183121,-0.641561229553741,-0.884518927255257,-0.701271507409204,-1.23170392625348,-0.494382313332985,-0.987357674116871,-0.631639510396801,-0.369503270233152,-0.573915441425994,-0.591622864590692,-0.967383425691275
0.371630668815841,-0.0088260427466255,-0.185654696664088,-0.349840564724091,-0.740306295750621,-0.645976559472757,-0.915080646093386,-0.544022969441685,-1.08095809646426,-0.56551242261919,-0.773599703830789,-0.692686990419077,-0.353319887715703,-0.558465518493158,-0.565883359534793,-1.07232282337743
0.547102597561168,-0.0150150268308584,-0.199305715582211,-0.359895134061949,-0.743810353110477,-0.658268129354867,-0.808596317786034,-0.592733145857524,-1.62076016560875,-0.53774885280077,-0.85867124962329,-0.784691441549331,-0.405237810608439,-0.536397557108117,-0.645603117164166,-1.04134488854527
0.612286654500966,-0.0164501392671701,-0.224479446628615,-0.357076169966992,-0.712627014106657,-0.590958061662099,-0.889112814804012,-0.588982221427325,-1.38123027008641,-0.483374740104165,-0.866563190677665,-0.817305187398584,-0.374597942152271,-0.578902022354296,-0.626772558317792,-0.977777012330594
0.504126445509688,-0.0119562132641832,-0.247563573933776,-0.35386003014823,-0.843713036554346,-0.564810363938805,-0.918216108782577,-0.677952851379782,-1.13227652294814,-0.569498437074924,-1.05125338221923,-0.721855653871476,-0.375264490371903,-0.547738954676733,-0.622608619758836,-0.97207717844411
0.436297334742947,-0.0132152676094149,-0.209653290260971,-0.359640572171344,-0.78097863788478,-0.61732223263877,-0.862012367805227,-0.543145831413669,-1.18693548863489,-0.595517996929862,-0.886548545885497,-0.79252363801586,-0.431458752746269,-0.575412653735765,-0.629664812064618,-1.06530380345168
0.561613836761544,-0.0153457429172716,-0.205298628243447,-0.356183319739375,-0.818014398457381,-0.601004371399168,-0.909485437203576,-0.674280140277809,-1.03588612806819,-0.503195613064342,-0.99361110764571,-0.85964834104064,-0.382899613771233,-0.616326490673039,-0.606768203462745,-0.974388554069655
0.646738223283702,-0.0190189303311722,-0.196080503069922,-0.365202738139915,-0.799309611395844,-0.598439584070941,-0.987744794054037,-0.67238330066246,-1.25246678291575,-0.416503444160203,-0.977131750035182,-0.652999425771207,-0.39163002894531,-0.55905440688788,-0.615140499810455,-0.945669715293613
0.547577759048834,-0.0157089034073246,-0.0954808780129001,-0.380631101796595,-0.758051907254091,-0.652891900241634,-0.992720878147289,-0.618314593849931,-1.04280963617188,-0.539815482231646,-0.869988094497851,-0.639336337530917,-0.37217516061003,-0.562571937811728,-0.661641405177255,-1.01926240159701
0.462073433366875,-0.0100915548153831,-0.257142442535727,-0.344671269565817,-0.804913512886064,-0.598041275908674,-0.95658805515686,-0.626639511857916,-1.04483750633673,-0.540578496587794,-1.17926633374171,-0.67931957725569,-0.377490447940234,-0.584923733226861,-0.557176351875259,-1.0113717479122
0.433472477292211,-0.0121201989849019,-0.222668001483863,-0.368635506456178,-0.827820771241468,-0.591716703131897,-0.938457870117507,-0.558219927891007,-1.27428153641834,-0.529446507849148,-0.88901709366293,-0.658170288236594,-0.411082262418001,-0.558567139877497,-0.598749235315795,-1.06875946229504
0.528880841864175,-0.0114936566189799,-0.17155981283773,-0.361763906761576,-0.742186756033675,-0.637019981589884,-0.913837939668255,-0.637152196093224,-1.3628874237374,-0.630899464543397,-0.968504243809281,-0.702508480568517,-0.383425152271197,-0.591197916981742,-0.552295556478842,-1.05875542675049
0.433441076141437,-0.01240668965729,-0.229080668539433,-0.362081159726754,-0.801295092959151,-0.575315874118693,-0.882482633914658,-0.606499315303388,-0.98804523178918,-0.536367762512465,-0.792778346386296,-0.62377163864597,-0.412287740442088,-0.602449326892869,-0.548513209364293,-1.03206934367277
0.469706106987033,-0.0140827752911434,-0.13866322025698,-0.344442417483678,-0.80458351362666,-0.618671544310256,-0.832183794878248,-0.677922864081901,-1.34444430524014,-0.574062052156409,-0.941118131453824,-0.854923399858176,-0.405407165813744,-0.606752098431794,-0.614578188467494,-0.977880831707345
0.505311992077694,-0.0114159510101881,-0.160579237088654,-0.329353956952019,-0.689055770346883,-0.62163629743195,-0.841641990160216,-0.560265036301071,-1.33114271922725,-0.555609522860489,-1.04524496695629,-0.737064453475334,-0.394569544990843,-0.53845870798848,-0.597732400133525,-0.996208854993549
0.423141620217731,-0.0130747423494199,-0.229528439101889,-0.406098764846143,-0.760699233663466,-0.656824967513761,-0.904029754354732,-0.640892930032798,-1.23813022999243,-0.517380156342621,-0.914324749995495,-0.798499632540018,-0.391543313629764,-0.587382128928631,-0.674391951443178,-1.14573270452759
0.497965480316446,-0.016235854650471,-0.168870880927779,-0.353901460061042,-0.797431475341101,-0.593199173442129,-0.81229678888001,-0.611768289866754,-1.08544355678599,-0.442254148705782,-0.982228206206186,-0.772297729297019,-0.379069880733527,-0.54563875238307,-0.579737961892964,-1.03118340141389
0.517296966918643,-0.0175222245239783,-0.208054177741113,-0.350260800425218,-0.794162627006039,-0.594272003353626,-1.05338534811384,-0.608635891591032,-1.14963586192442,-0.473419213280823,-0.856339627402021,-0.620661533587048,-0.399263709456087,-0.565498648810296,-0.647081096269435,-0.990069462194358
0.461422763573467,-0.0119613906264988,-0.224824627960366,-0.323043011672785,-0.798806491198578,-0.683492096954122,-0.920430384033156,-0.564180351918965,-1.29162086598558,-0.61287394536175,-0.815579012888596,-0.446562626980124,-0.382936880160894,-0.552737838886307,-0.60961830575964,-0.987013909041354
0.437686297602594,-0.0117068158289531,-0.223098384104694,-0.375421272866951,-0.772226929991663,-0.667436890052278,-0.886337276937558,-0.528895643174385,-0.895624958200936,-0.44237265054231,-0.952039601304197,-0.697767848007507,-0.363106448740754,-0.541810203625369,-0.609483776331706,-0.967358697914694
0.374687936727885,-0.00838510995000121,-0.166585132262351,-0.349032735669024,-0.720978553292586,-0.627488860637306,-0.735973988497143,-0.618596690769898,-1.33450306830193,-0.454929084266917,-1.11118799322246,-0.705940568058748,-0.357978551763866,-0.553801566707067,-0.613861525179249,-0.933833375403245
0.53778982698018,-0.0156770127489423,-0.221493929302692,-0.351855928493185,-0.669774471790751,-0.590660624344401,-0.893582529723267,-0.661303163386939,-1.17676392718666,-0.589044261314045,-0.96032594170209,-0.669121181213611,-0.399656144527363,-0.579439887609717,-0.631421725272966,-0.992154912403757
0.435613826286438,-0.014216129415434,-0.176468740733877,-0.367923886115877,-0.82632242059599,-0.659244740557435,-1.01202226922496,-0.596913831761066,-1.0499743486132,-0.439866476271847,-1.04145013510579,-0.72834711168378,-0.388753704776508,-0.59814975644101,-0.582574830730054,-1.05526735455176
0.439787455187995,-0.00895699202243724,-0.217752125150726,-0.388655158739713,-0.806334392040315,-0.711652481616445,-0.821994872779072,-0.634019615271927,-1.10614103995453,-0.67535799597664,-1.01638304551873,-0.675448458119701,-0.363495293590987,-0.560610969940081,-0.584576329597136,-0.990556540976398
0.438421673013128,-0.00877952275079365,-0.229155388852054,-0.332453695187054,-0.872031665370142,-0.592673657931202,-0.990030576943419,-0.62790139036496,-1.3858680833801,-0.598182490735621,-0.696215213086767,-0.710567942169289,-0.384151546325662,-0.5733063781122,-0.621686067508768,-0.985610343940578
0.383642851422116,-0.00897998234632379,-0.17353632488122,-0.352656726374756,-0.847306503372345,-0.588626987951559,-0.936973275148136,-0.554449392531115,-1.16559427612885,-0.513620964876858,-0.972814739023013,-0.670580549501898,-0.389618317854584,-0.599725082312396,-0.615983329262348,-0.980094980236476
0.513201131691809,-0.00998576087259271,-0.251555138684572,-0.337357729141171,-0.843300808506064,-0.587265924354572,-0.881557837649407,-0.670585199891614,-1.33056272630468,-0.576436048079129,-0.929280878535262,-0.704735656881557,-0.418279810554294,-0.58251471829769,-0.627917021330445,-0.963708097580224
0.527640365438545,-0.0148471837915615,-0.227500302718663,-0.361750832117624,-0.763883817920114,-0.674600267084549,-0.832486718339636,-0.669788243586067,-1.14337298611517,-0.60816967758181,-0.957590111780127,-0.651204158521661,-0.362459910412713,-0.51199012411624,-0.613326223438174,-1.07987776676332
0.552512260084182,-0.0129604598057845,-0.159630387462107,-0.39436458276694,-0.801720305913798,-0.612115303268723,-0.940976068210212,-0.647421455173379,-1.28773945227864,-0.465981526872636,-0.814296079649959,-0.581016056031867,-0.395800246849974,-0.573355446452179,-0.587352633629946,-1.03186077533045
0.289447942385625,-0.00969850497472151,-0.140575560463298,-0.361372400664367,-0.865432644663682,-0.620791538044478,-0.881194668628936,-0.62888288292956,-1.16449354235726,-0.444670378218582,-0.84104366882003,-0.837060960656302,-0.401176997525396,-0.538384226083442,-0.653507724675288,-1.03286208036017
0.526268913461035,-0.0113886689325323,-0.21483822034463,-0.35456413491001,-0.742991671323939,-0.62008442244946,-0.957673865021518,-0.545158301854606,-1.02839794055054,-0.504855811366448,-0.934929420760774,-0.695058742121944,-0.374790895020239,-0.569854181600549,-0.659889885278288,-1.05816232013072
0.540250893032389,-0.0112110470437029,-0.215954472144947,-0.324550278169474,-0.789959899906326,-0.644158258415435,-1.00089558337981,-0.573216797439756,-1.19017381573513,-0.489386813576088,-1.07738815687225,-0.725805006222959,-0.400274387260864,-0.574327726659111,-0.58349772368478,-1.04354970708634
0.585832281405869,-0.0161683903317625,-0.105959463874636,-0.361916112975555,-0.843722433294536,-0.572960603248483,-0.848906597719033,-0.593645855901545,-0.967247770679721,-0.614607218652389,-1.05636206821707,-0.691712406408098,-0.41303206703719,-0.58959133711021,-0.613968337819155,-1.00922666982267
0.497092447504718,-0.0116136860445897,-0.281268044570927,-0.364691884321975,-0.860594587403544,-0.607835843392366,-1.05627353450759,-0.664482575226773,-1.14685542102432,-0.485371303779061,-1.00246445529001,-0.831857574214954,-0.389320354139264,-0.576710063134399,-0.577250697766693,-0.994379270032579
0.509425439419367,-0.0089988793589187,-0.148403279068184,-0.3576489105116,-0.728932363706612,-0.613684758993619,-0.824698131932197,-0.478247658495518,-0.789361048924042,-0.577973648812581,-1.28467271396317,-0.566776663211316,-0.378240205394348,-0.598961780056222,-0.635711181725746,-1.04409739578715
0.560098467396222,-0.0127649118054921,-0.217017347475356,-0.37652777519693,-0.721254336314166,-0.645143420221092,-0.909245594614523,-0.608017435710151,-1.21117502284491,-0.530565945280235,-0.88626705440789,-0.711135423446452,-0.354532252170266,-0.577283173453971,-0.587391208574984,-1.00227200184661
0.491909327602002,-0.0140632175586101,-0.252010265979408,-0.389693661499567,-0.824876554065907,-0.62555025280018,-0.929678251536017,-0.687580629811817,-1.3886551643709,-0.576556699119327,-0.947753008001085,-0.731552608122051,-0.336284931666361,-0.617044886246665,-0.62929666358889,-0.992171990218663
0.501871779347982,-0.0144152823256161,-0.250692588578244,-0.347140065742275,-0.786437054674799,-0.628473611709307,-0.849899958625642,-0.545739090497711,-1.0993947938264,-0.550828175583776,-1.13471972394341,-0.723002326683096,-0.382720819149385,-0.623736128979266,-0.597649093799494,-0.957984071053159
0.604400481502637,-0.018587556604186,-0.251104689363411,-0.392086292171676,-0.809187046336926,-0.626593635571251,-0.929645079903564,-0.546740557236606,-1.33685627714912,-0.503623967746408,-1.01114704703309,-0.756316468687317,-0.414274873460423,-0.585546887341382,-0.615171700558929,-1.01935807753608
0.409644687176234,-0.0111197492574337,-0.105480512476511,-0.364837272176647,-0.737105224377262,-0.641327987422803,-0.855863622126777,-0.644131781001575,-1.45358777671212,-0.504877534448852,-0.958362098594529,-0.73259833801248,-0.39285229082743,-0.56220965236243,-0.592819929896296,-0.99376288551344
0.485355044360799,-0.0117287403642648,-0.171813072029533,-0.373145170124593,-0.790588579882099,-0.561536039174624,-0.85543136610737,-0.60338241187657,-1.12298919590113,-0.498846017191804,-0.829034368623351,-0.738560256316579,-0.385183098365733,-0.561931270485769,-0.635565893312064,-0.950544390786555
0.397246286727638,-0.00672666814502467,-0.211731719313766,-0.37791973011689,-0.704350802401209,-0.515769886330646,-0.868749258649242,-0.607866681656429,-0.982639970842952,-0.570472487400716,-0.881125913443329,-0.729103471063718,-0.410051966145782,-0.609582219371849,-0.581872468918247,-0.901261761485991
0.604425063819922,-0.0157717458787251,-0.256014736412939,-0.35705640206636,-0.788498327398944,-0.677875989959298,-1.00609675210934,-0.50415234514365,-0.989280926047251,-0.456874655438354,-0.704568207669583,-0.67669674256099,-0.434388346924522,-0.530742980025212,-0.605670878564664,-1.12080354193095
0.53154705670758,-0.0176774143117871,-0.267761064087119,-0.334345037018734,-0.786019217983863,-0.664550506724104,-0.890279145771868,-0.580243827320848,-1.00695377816109,-0.546552039035655,-0.960329892295831,-0.663290090342241,-0.376531214042345,-0.570798637243769,-0.629682314687349,-1.0608570073234
0.484465399332522,-0.0122016418400698,-0.24039536428139,-0.352373097115327,-0.772848099011015,-0.628751171069117,-1.03173614886393,-0.699995654819369,-1.35720973283887,-0.627282661552694,-1.18391731947008,-0.633278593070401,-0.395394252097909,-0.54936776843567,-0.633519092599202,-1.01551463836429
0.481115368645012,-0.012215288685972,-0.214369500403737,-0.369376787826566,-0.857328107698284,-0.713482619804913,-0.96307123249395,-0.66705489776853,-0.752138206055837,-0.509180825372681,-0.906285848482752,-0.619565243735491,-0.37724482165046,-0.553857522826334,-0.634345181124079,-1.02084836906552
0.471461087470204,-0.0113506983092174,-0.203305446000696,-0.344941911925711,-0.737725848032251,-0.640513436456072,-1.00920983561595,-0.581752208770687,-1.14155784753098,-0.479442178756682,-0.920047596069577,-0.655300868208243,-0.378673635609057,-0.628266671497843,-0.610702791638716,-0.995500859868367
0.612266866595671,-0.0140707756137864,-0.175765892227718,-0.328531811851632,-0.809302444461337,-0.607353245584324,-0.880990030978044,-0.634776195679568,-1.01651472055024,-0.378452758852603,-0.93033554090808,-0.589895373412728,-0.384340813400507,-0.544778721714284,-0.607364832390668,-0.996074693112817
0.573830224565241,-0.0103481592467294,-0.243222930935423,-0.388133942405351,-0.819019567689409,-0.666313382805408,-0.929460130706607,-0.593443780871095,-1.20226965287563,-0.537175019594859,-1.00430245492548,-0.760893403254506,-0.390960802564763,-0.572204396840448,-0.604777633785252,-1.07175625455339
0.517726120989816,-0.0127137493184304,-0.226005799926793,-0.33749843210745,-0.767066728647715,-0.626025786412669,-0.847115985060077,-0.520860929872513,-1.06096285655174,-0.536040937764701,-0.956418415031608,-0.696728155713339,-0.429596132031263,-0.528821244264721,-0.625603435283104,-1.03338245006283
0.435119974301779,-0.00930264966480443,-0.174917216583717,-0.380563838098906,-0.797357124951908,-0.62015821002175,-0.902102384553408,-0.62581871447138,-1.11458639807257,-0.603118125805987,-0.996606635292463,-0.811549303364166,-0.389425768688987,-0.61337014473853,-0.556921875499682,-1.03263512507228
0.471277368795138,-0.0108372111833956,-0.228735021798953,-0.300767747265634,-0.820122363870746,-0.644186822654325,-0.911418088066065,-0.604619801435722,-0.927228519233776,-0.563422635922787,-0.856425122323418,-0.811515560271207,-0.336165871436756,-0.520792361624408,-0.630767168393812,-1.03966780928685
0.540141002824303,-0.015980161768099,-0.165656052024688,-0.349848634755326,-0.715737995644678,-0.664458556246227,-0.811576499326126,-0.573155538754595,-0.806460228926628,-0.56614269423946,-0.876927632521826,-0.712353260226182,-0.360089407289055,-0.583062383085507,-0.643224724506662,-0.894292333113384
0.512547011421403,-0.00837763755218133,-0.1678258007816,-0.338753602156723,-0.807492288237453,-0.597157966078751,-0.89067080451259,-0.549552559368289,-0.952524809744044,-0.459863341241159,-0.76889447570041,-0.608950283729263,-0.364743258919186,-0.511327039451169,-0.612675711218782,-0.926879355034022
0.531078598726487,-0.0162778746996364,-0.212469532560338,-0.40097116909558,-0.790075022899081,-0.687704842976493,-0.94723709861934,-0.685279794495557,-1.3196829086004,-0.648460008459816,-0.73728870979642,-0.736921764280084,-0.37722300388016,-0.54713884408019,-0.614129174319259,-0.9796881397492
0.531097852493071,-0.0104677968171578,-0.219545936399933,-0.360029410596753,-0.785255960792943,-0.644434440649057,-1.03245987038296,-0.664856343692857,-0.867449438082658,-0.615716799109462,-0.956217487994337,-0.752816069243951,-0.392154202372515,-0.588217809098139,-0.661671092746738,-0.993309410641331
0.465670178596296,-0.0135318673916774,-0.128686665716281,-0.333781203383876,-0.934885153721829,-0.647161951966108,-0.992983471559402,-0.598868105543629,-0.991622058904642,-0.544030167460661,-0.801217298805985,-0.668831907684645,-0.447248727608852,-0.548123650940479,-0.616598735137958,-0.961762132810232
0.552061126029465,-0.0169733414391391,-0.191686945120012,-0.34932740946487,-0.753912139033795,-0.594034422404498,-1.06080909735119,-0.56018004445978,-1.25684675963311,-0.614119535533303,-1.26910808594918,-0.729716493482068,-0.363642591601174,-0.613375220236607,-0.626011803472078,-1.01080187505386
0.516048936590405,-0.0122447970354509,-0.158625929996547,-0.341518010463216,-0.754527503942579,-0.633902532020654,-0.873618010646249,-0.590523918135915,-1.25545088743849,-0.632646126312558,-0.791646874885106,-0.644454309964659,-0.407017797184027,-0.552344731562477,-0.559994506522255,-1.06099494217748
0.55678583801232,-0.0136459050618206,-0.245740412706324,-0.34251931542481,-0.760884667861149,-0.6577824794319,-0.976892509013384,-0.569567387225572,-1.4865074154435,-0.561364276157012,-0.920718528124562,-0.564736563395564,-0.413443815502068,-0.51288886670691,-0.56158436994601,-0.966806836044664
0.52004753201171,-0.0105780448687815,-0.255761405276037,-0.355739880095697,-0.78526159496807,-0.62756443618621,-0.888287557673704,-0.591008013500138,-0.871541311633152,-0.570662719053991,-0.896462077715174,-0.636145175713087,-0.396901860558795,-0.5224637187082,-0.56993141814288,-1.02355619710748
0.591718672987716,-0.0170042086727983,-0.12997433427081,-0.324193210387526,-0.78870272886321,-0.626023888571843,-0.926396060644591,-0.588953764696123,-1.10614173012817,-0.546251608296714,-1.13017165511946,-0.676878982631761,-0.404777233453345,-0.606580831810283,-0.566130679204528,-1.01260573865368
0.486254582504306,-0.0121522993502066,-0.237975518782979,-0.392340260621946,-0.811566016217986,-0.641408056082418,-0.867834307784235,-0.661475882228676,-1.27471819022759,-0.593809040497123,-1.07574504091661,-0.742881808036268,-0.361202509577054,-0.55276157974056,-0.630706212068065,-0.945398314999152
0.493799919923752,-0.0138684006080378,-0.170801519764173,-0.359382668836778,-0.80530161834231,-0.592769238492745,-0.977107259853658,-0.611720486218891,-1.05216864048545,-0.404792539222004,-0.976610791379969,-0.766225479391651,-0.428947157752547,-0.540514851639864,-0.623435528582724,-0.985765308048958
0.502594384358535,-0.0115560778743598,-0.219061142162038,-0.340836218433122,-0.815206854578048,-0.618355276214014,-1.05059586081089,-0.529591928336567,-1.3101394330736,-0.495144615280388,-0.696158251136453,-0.697591345527096,-0.391631786965523,-0.597761079897833,-0.556607945591602,-0.915766598225268
0.600582378717957,-0.0221581106365972,-0.170505704389234,-0.365618916361053,-0.731870608869549,-0.654902082473619,-0.834425573120404,-0.552158896543087,-1.42153766553904,-0.560192663111915,-0.887096141624306,-0.676799676008079,-0.408561453264441,-0.539556420607983,-0.621393580974622,-1.01761050983344
0.522314913086506,-0.0146316068301304,-0.193017122727834,-0.35525047301107,-0.727620775949233,-0.681679276881135,-0.940302020525916,-0.5999467052111,-1.25645352523807,-0.543089423493843,-0.950134349204778,-0.678336611000381,-0.37967372040792,-0.603613427575232,-0.562339953463361,-0.985619788191844
0.36430466773013,-0.013255160390982,-0.190715498136114,-0.361720698939664,-0.789895031820869,-0.587054052446695,-1.00111218019146,-0.587079535612916,-1.11806408337488,-0.528365255086976,-1.05297623551999,-0.622852071259533,-0.414980161632037,-0.569129045160292,-0.621287349694881,-0.972362636206284
0.4838926519671,-0.00931993812165801,-0.241233463104124,-0.31903255773248,-0.763881767591833,-0.582605301781247,-0.886793206364114,-0.556115400486469,-1.12997979924674,-0.470936523193796,-0.923105516738243,-0.779370166811306,-0.347008749061793,-0.524550750946539,-0.634245296774467,-1.02115401097511
0.551653465048909,-0.0139650966363602,-0.226547360661664,-0.337477261637342,-0.747662747179981,-0.693120396147572,-0.809589200042048,-0.540283953157721,-1.08422404284456,-0.461855880445512,-0.88914762813197,-0.69222786079384,-0.411429936698461,-0.553028722580045,-0.577565500954209,-0.954351147198941
0.579616849793033,-0.0132074887476108,-0.204241742041834,-0.348336651430166,-0.779377154713741,-0.658535306811483,-0.918201597577558,-0.661903099502218,-0.845373359025826,-0.601006683158413,-1.05385560264484,-0.613814288566049,-0.409481162657836,-0.539665694954402,-0.603095211079356,-1.04746750041641
0.58998246739133,-0.0139344614897505,-0.17792916016229,-0.348850221100194,-0.750309891166609,-0.637572793541669,-0.845762663059147,-0.553316488836086,-1.20364723850328,-0.405677839861658,-0.774139779026791,-0.707127680315851,-0.362400311674459,-0.55290472899179,-0.641266192920342,-1.01933116573294
0.479429148295441,-0.00957111058113936,-0.207463747865471,-0.339655981733573,-0.821643815496577,-0.622106438782425,-0.880824208629811,-0.620845803408777,-1.11954067890429,-0.419393998380957,-0.96561319060154,-0.69781677393291,-0.373941362811216,-0.592726406799481,-0.639950365163116,-0.969583039422409
0.47648819022302,-0.00970463361642729,-0.248644746128303,-0.36364670885566,-0.769396829808626,-0.590198735482077,-0.769708706885642,-0.618943836357805,-1.02076122753984,-0.557269047875459,-1.06874591180541,-0.815400542082351,-0.378261553629838,-0.587808211089965,-0.628693539632812,-0.968803592648944
0.521247034039052,-0.0133752324788047,-0.178214325096857,-0.345880711660284,-0.733506815066521,-0.62916271857224,-0.976131466327265,-0.63233062980709,-1.14767180560561,-0.580265832152626,-0.9348928457352,-0.820959053864657,-0.431639188430572,-0.54840061134583,-0.615814321179914,-0.985935988640041
0.47349492252311,-0.0117120411669281,-0.225887154823769,-0.37765980874362,-0.764987250012169,-0.623767157637441,-1.08899884961667,-0.575358051789471,-1.16385799949034,-0.483901161508872,-0.916815087729591,-0.73052178876535,-0.398349963646774,-0.511980096593704,-0.619421269993171,-1.05597015175049
0.490040724727266,-0.0145631265521241,-0.291145191724117,-0.353720812038719,-0.780643244971756,-0.61036346254506,-0.978078574822511,-0.620523192820178,-1.19574458296707,-0.467728004989676,-0.88967529306707,-0.713438415217094,-0.401725589377967,-0.576740513130521,-0.629922892112692,-0.946667812398565
0.434909402997033,-0.00733248608651258,-0.172949190231213,-0.34757507644324,-0.827864089800037,-0.636677468798735,-0.888220103058389,-0.519335320386103,-1.09865896748904,-0.686539314511825,-1.02161625934096,-0.674911679978662,-0.371734042206276,-0.549593710906707,-0.570001062680007,-1.05543595174507
0.547178195403911,-0.0122378432659317,-0.200664299381645,-0.337289180893718,-0.771378143833711,-0.578038873998312,-0.832084881858197,-0.607542993274347,-1.34948514004078,-0.415792729542818,-0.920381203889794,-0.658453889446056,-0.397166136606925,-0.500592691114774,-0.645376456974861,-1.02361568214095
0.57187275937777,-0.0146653761540144,-0.219719048493834,-0.359137643135192,-0.757900435652889,-0.611736808064654,-1.00166326920331,-0.676970718251866,-1.11613956503854,-0.506177005320144,-1.3021193013835,-0.787459633988661,-0.373353321458298,-0.579054487412288,-0.622659756268923,-1.15814226953676
0.505812568754919,-0.0155679207948258,-0.221458799841139,-0.398298938466867,-0.852029560261589,-0.638796342378925,-0.801483448696987,-0.643214508949429,-0.992177280436924,-0.555620276138497,-1.0534748808997,-0.900683775736875,-0.383521354649173,-0.585390296461868,-0.605650567181882,-1.00649171212647
0.385965987138418,-0.0136621213200093,-0.168986055129832,-0.376160249610216,-0.813676440858615,-0.589817405713897,-0.945311059734518,-0.54929458288204,-1.14020639879522,-0.499459219357817,-1.07160716288078,-0.68660972819141,-0.371771979222411,-0.588412313991876,-0.561732230030227,-0.964608403082401
0.508497102281033,-0.0117398540472997,-0.209525155942949,-0.348247975133144,-0.833446888087961,-0.569366409189379,-0.898982329483221,-0.68097913576081,-0.908729088031333,-0.520421301664012,-0.982416401976401,-0.725346851607734,-0.434639844686574,-0.543618684162141,-0.620788176076548,-1.0551929710992
0.526870329952044,-0.0118253825186194,-0.283526763357675,-0.391839639561254,-0.699919796189373,-0.597348054038908,-0.91418286017398,-0.604919387578289,-0.90355535182545,-0.511887531968715,-0.828956810681771,-0.791275377415486,-0.373043720647831,-0.597558140644384,-0.615046801387651,-1.00366192323441
0.45940255203611,-0.0109588152575335,-0.276879774437931,-0.370935073925992,-0.755728678210153,-0.618399357753767,-1.03718612838219,-0.574646005120905,-1.10382613514169,-0.465103150496202,-0.984452353741649,-0.694457518432576,-0.388026503221864,-0.565022505931458,-0.593031000110628,-0.964691516205057
0.563492880446084,-0.0149833029237383,-0.219661525368503,-0.361842960184273,-0.713730481414333,-0.631491886193883,-0.982263958595256,-0.665357892154382,-1.01278113572079,-0.614013766570262,-0.923412114999951,-0.622732603097094,-0.403964067263168,-0.537696715510732,-0.628985746966879,-0.964826969935355
0.495874886392341,-0.013994043907437,-0.219456583998531,-0.346913153919897,-0.813402525362055,-0.649227315576989,-0.855893216187589,-0.720203864990734,-0.952570783542245,-0.586501105126396,-0.764446174598632,-0.695212723555919,-0.408768835788366,-0.523220291279282,-0.618673964724613,-1.06347005431405
0.404297345941584,-0.00708774064788649,-0.215541322088521,-0.358365817196714,-0.81095184485326,-0.625098376439714,-0.893161309616103,-0.568903459800994,-0.994588809820037,-0.511844796258974,-1.16927951824271,-0.679771867863254,-0.392962078542893,-0.566348109682599,-0.620736679967945,-1.09803533348099
0.457435140595859,-0.0111068136905695,-0.140975092312729,-0.363951302974648,-0.838664027915543,-0.59379199033657,-0.883621097706991,-0.580351416334932,-1.12654288633637,-0.519357713474004,-1.00972537996255,-0.828438356219694,-0.370500200192626,-0.595392599608137,-0.641841424057148,-1.01336674358916
0.484704405398087,-0.0117307694116978,-0.200832278752224,-0.359848589899238,-0.880887329457379,-0.581805164465362,-0.814509779303509,-0.546665938497696,-1.22088180188745,-0.598600507674158,-0.964420943413372,-0.713765478843246,-0.402374868920743,-0.567752048609473,-0.593430349969723,-0.986817957993696
0.507242976409668,-0.0138007158563028,-0.123072541140357,-0.374036611478362,-0.778129695907994,-0.602753471168114,-0.784037231512073,-0.548230453853357,-1.26376195363943,-0.56553616494184,-0.805085491363131,-0.724417932427025,-0.403482197696499,-0.605255558322009,-0.5889266114415,-0.961636921613728
0.561712409236501,-0.0156552223654476,-0.173505416654452,-0.359409634865438,-0.756791305437278,-0.609581357714389,-0.796975578926097,-0.558996587175595,-1.01419162512194,-0.45789141463486,-0.916635471543275,-0.682945055449744,-0.410622035340781,-0.567240921011259,-0.606054419866921,-0.928491019034821
0.518105199199876,-0.0157186191472737,-0.305075429473704,-0.337379501032856,-0.771350407886541,-0.602775273767682,-0.818848607414966,-0.64370068770201,-1.0714837651148,-0.563907723731133,-1.02921577991326,-0.755672821856897,-0.376344217814444,-0.646026349508597,-0.60087337609887,-0.960000180575455
0.532815199076556,-0.0142950525931661,-0.177708560918372,-0.379180734368351,-0.735559223636854,-0.601121056042804,-0.888830112210551,-0.619769217313126,-1.21977313041472,-0.528619242042867,-1.23863690072705,-0.712884988460795,-0.417878170767153,-0.585555974270694,-0.616402491686296,-1.01607615923231
0.516670307216677,-0.0134958321891838,-0.223093759506823,-0.347941911569507,-0.806846090953763,-0.661805119547137,-0.98496881838645,-0.67492697718132,-1.06334244562286,-0.51978576294971,-1.05413369880856,-0.68640736647594,-0.380123984743023,-0.588660986217665,-0.570297287488484,-1.06703025493628
0.482539085005313,-0.0125835016005233,-0.182824185830872,-0.380000413861842,-0.782674183930975,-0.652453333682437,-0.958265799736199,-0.591046892884198,-1.0894629401456,-0.454320108782517,-0.739323390605229,-0.763485829180094,-0.41388573478431,-0.535950979987686,-0.594677295457448,-1.02188844464308
0.381557166283572,-0.00417735164168245,-0.204024552664382,-0.356466139552415,-0.872899608471782,-0.594539914018232,-0.800822318442706,-0.545115465439654,-1.15655142442444,-0.676142230461309,-0.6727879140406,-0.685121955428226,-0.394023725089085,-0.543799862120118,-0.564999272650472,-1.07705368589084
0.620470190339684,-0.0148311687924312,-0.27645610769083,-0.377326820900497,-0.808207883815703,-0.645238099737806,-0.824198435464127,-0.550908889968457,-1.23754745046953,-0.43548269801137,-1.10029249740636,-0.585662654806772,-0.401151168935961,-0.553671155672201,-0.648722312261347,-1.03051188732472
0.372640049723712,-0.0127487215404825,-0.146056408091319,-0.378711395451084,-0.815786094546446,-0.60404866783428,-0.807126483549614,-0.690519268149619,-1.47371761539178,-0.428718804383669,-0.944659721789856,-0.672134377782538,-0.399336500140006,-0.618998095108555,-0.619277210509084,-0.974726160677619
0.586958865906029,-0.0146353856999668,-0.189913110001322,-0.368736217810474,-0.79006162207279,-0.672070648158849,-0.814640974276727,-0.622621098478684,-1.03911477982599,-0.621244603725009,-0.730366947668213,-0.740792257102515,-0.393926858661883,-0.604479109493313,-0.613512404278127,-1.03393435196761
0.371486676543151,-0.0103095182219369,-0.163587931152353,-0.360505511861212,-0.808464624319551,-0.618724608626623,-0.875911700374026,-0.61806704922227,-1.06164902316172,-0.630820667926321,-1.01109220658582,-0.695176463457637,-0.345855263456063,-0.620859131235596,-0.568308545495639,-1.09894072079276
0.560085927331027,-0.0149345758717826,-0.216508731302973,-0.377206115192252,-0.71247531928084,-0.633605000388806,-0.960272901721412,-0.617294020207837,-1.04619628879563,-0.451428923649423,-1.02154708119225,-0.690416066428321,-0.38526588877492,-0.615225159087101,-0.613262479798416,-0.979683967245274
0.474807128881815,-0.0115173626940076,-0.251588288213016,-0.349000997676311,-0.647451896633753,-0.636322025748972,-0.853732287607631,-0.642455361794788,-1.1223989433227,-0.555523753870688,-0.851672412373928,-0.548821055037616,-0.364294553037829,-0.55453755187306,-0.634328391269577,-0.999558267649053
0.608203851640372,-0.0165402852228264,-0.22032441962271,-0.390010112968365,-0.728179439857718,-0.645115249120353,-0.926923303324723,-0.57938756632746,-1.12128975689497,-0.490684690942382,-0.874900968455284,-0.780877287947301,-0.376561361164705,-0.605253938062734,-0.60168068222668,-1.0159530701523
0.567439663252635,-0.0125793699363429,-0.233895126272248,-0.331662319432071,-0.728394259363526,-0.605941772916425,-0.867150428223039,-0.529865214875356,-1.31980207333274,-0.479979461914417,-0.947874985153953,-0.763854592223599,-0.373441686219827,-0.596405440141277,-0.613409350272388,-0.995911168619479
0.454862274159625,-0.0112475392667012,-0.174548120987063,-0.352222172647639,-0.782222373211959,-0.633029898115754,-0.86234394866769,-0.661892560157543,-1.54280854952916,-0.541054435969496,-0.808343083663028,-0.659902313563964,-0.389060968188059,-0.554403189240161,-0.603542748672972,-1.05994898819946
0.599741471329064,-0.0155296822213001,-0.21381745208073,-0.355590365010886,-0.676523310108104,-0.63593321145988,-1.01632681964669,-0.652102032382076,-1.06155771070805,-0.508394006268888,-1.0559175430461,-0.793884022150857,-0.379987950485259,-0.562215427557733,-0.547130848342436,-1.01310443699517
0.56006749604551,-0.0160471277079081,-0.21144115026941,-0.35237346930874,-0.746958490346148,-0.633400233940504,-0.886074739929128,-0.539163283713378,-0.822500736163869,-0.487100005836647,-1.20994770651472,-0.589613565259429,-0.397299269027828,-0.578613385143732,-0.582969792383497,-0.905829357630467
0.660173353510056,-0.0147550506475969,-0.171052754875425,-0.34900281695013,-0.692307966378814,-0.671263104479321,-0.84828076417689,-0.611531804819475,-1.36728957391432,-0.405278605187695,-0.875214767481611,-0.767797205012226,-0.38422013322228,-0.551221520645241,-0.608724796528647,-0.942527789879271
0.423397694049347,-0.0079292621561722,-0.173641053804623,-0.371967917419097,-0.751298811625306,-0.571717995234942,-0.885533172273771,-0.590300759711842,-1.20553345612046,-0.424635312456739,-0.992760329011921,-0.649959488353103,-0.36630142663263,-0.57850051490421,-0.61645592455934,-1.05794595221756
0.461008452277404,-0.0129725683556918,-0.237431950677588,-0.335447782887591,-0.76272356057092,-0.638973993366766,-0.918820288689814,-0.733649617943757,-1.09169814683923,-0.497430291807564,-0.939011493068853,-0.795499307954327,-0.38885389127268,-0.604718817815847,-0.636193964075581,-0.955374250262486
0.419925969177273,-0.0116016504186063,-0.186984983203825,-0.355578943033882,-0.78907651970521,-0.58745042334205,-0.902380391718008,-0.61050258297344,-0.912601264782452,-0.463167123465069,-0.878145546205244,-0.915527703374986,-0.398733121933753,-0.554039522282555,-0.575056157537325,-1.02440908782491
0.472658235721877,-0.017294229787708,-0.161850207732328,-0.364924868603206,-0.780161114284032,-0.651188297069454,-0.829045426384645,-0.608304829812339,-1.24148932038265,-0.499435063650503,-1.04076678984792,-0.833378264103016,-0.399080577392629,-0.580492744501101,-0.606006152820913,-0.939088952695534
0.670937230728949,-0.0170161845237422,-0.293025235274937,-0.336815810463651,-0.739075411741087,-0.604217426008905,-0.892180380742349,-0.604733651238441,-1.12234297717055,-0.56520735823638,-1.0004611240854,-0.73155783548643,-0.395507586989649,-0.556595575425243,-0.579120732289721,-0.980671671903809
0.457882153303731,-0.0123104267975529,-0.212032630645694,-0.369754175609662,-0.827396695228112,-0.59400435573913,-0.867119335846614,-0.546805631444743,-1.17979118612234,-0.524050815446786,-0.987087760146304,-0.697664029624228,-0.396289600202712,-0.566638722326773,-0.615396045717722,-1.06047896983882
0.479677949002557,-0.0128342621570983,-0.242255767400124,-0.363623230547364,-0.728871264877867,-0.59906684664776,-0.927449140767357,-0.606978421727562,-1.20680879270373,-0.518521336959596,-0.86787223225451,-0.627304897252606,-0.365390160235685,-0.561605664446465,-0.562691210951099,-1.00233367972836
0.627575869609393,-0.0166635746565932,-0.225721572872734,-0.369883132380801,-0.745811559502605,-0.593616270975956,-0.956922688945998,-0.642851765331365,-0.919432728599532,-0.605306252335247,-0.816022973025846,-0.872955046451721,-0.36826547555255,-0.558703491269648,-0.566858290541635,-1.02449534319487
0.496738596355733,-0.0167895722375344,-0.170269754484829,-0.32210215524592,-0.741374928586084,-0.644517878585757,-0.987151165497477,-0.608327536963398,-1.24757099731453,-0.581464592389965,-0.814963637087021,-0.612156235091216,-0.387944962989101,-0.59063834546091,-0.64300816013459,-1.02822723143779
0.494598692932835,-0.0160036007715038,-0.178483949995296,-0.361060971760713,-0.680435609688531,-0.626184747086334,-0.764789742702289,-0.672337989817215,-1.12711955147558,-0.58397810154525,-0.593467825241638,-0.661673921414023,-0.386141900108612,-0.579703265113201,-0.59197771156788,-0.9297683142541
0.47579499712045,-0.0150349207141417,-0.20885032762491,-0.350718086234211,-0.832231494994097,-0.635690596524641,-0.740582774814331,-0.607987937752861,-1.06489936687666,-0.535014192684755,-0.869657951875944,-0.704041485907045,-0.393002095322304,-0.558161132428453,-0.590612537239752,-0.936619602491747
0.428485163511483,-0.0146533396059827,-0.189027307531923,-0.388914515966706,-0.858769465640146,-0.610630043866082,-0.806726581316379,-0.665729244643576,-1.25655471521372,-0.597054377097222,-0.881646646796945,-0.858099848015517,-0.375433283875595,-0.58630133352014,-0.600952936377505,-0.943697207587653
0.591744159005344,-0.012881327465497,-0.138877032446479,-0.326804800199422,-0.743795854068785,-0.607014912000903,-0.874360558844909,-0.602581734476359,-1.22019389846729,-0.577275147465014,-0.88207258305684,-0.744850282544558,-0.39587199206858,-0.491560525887732,-0.616199537533098,-0.974748222452427
0.510605439923518,-0.0155537675758719,-0.235058847630666,-0.384045182355261,-0.871790965325979,-0.586817260477026,-0.870549618724929,-0.635750668108401,-1.07898494664515,-0.623537060117431,-0.945850011864417,-0.771887252185706,-0.350626343742409,-0.588047572873581,-0.583383955272957,-1.01006077762374
0.580704217295442,-0.0177065902378021,-0.200304404678929,-0.36109016958625,-0.78606265503241,-0.60560026419765,-0.780449229811641,-0.64928683435453,-1.16175319809004,-0.537155824655942,-1.07197769792412,-0.683181745932773,-0.399348664962088,-0.590331431719386,-0.595258100306739,-1.00329403779393
0.44651254832324,-0.00999689556008492,-0.241940862390555,-0.349717863307983,-0.763792203164881,-0.646334801559,-0.888290471964882,-0.597062731593388,-0.790131836953148,-0.608954381015001,-0.732837219282615,-0.711527795191855,-0.364027546612996,-0.550209343061047,-0.604243654781174,-0.984026600922766
0.35860102951864,-0.0104943225395552,-0.187377580357482,-0.381786722706413,-0.811687568687835,-0.62711675935816,-0.906924766685366,-0.556599206838541,-1.14492050940649,-0.420280253036777,-0.872435791780112,-0.604590790234407,-0.382864929865756,-0.559764474512119,-0.550439524405951,-1.04398790304611
0.407456457751401,-0.0110233247165679,-0.203703124888565,-0.332344465627007,-0.798439950311712,-0.663610010141037,-0.994298193087609,-0.564838443581084,-1.15394182258447,-0.450568873531978,-1.0432616451241,-0.685528493415839,-0.357996735315275,-0.555661163956457,-0.570942215562205,-1.03620730512439
0.540565019761153,-0.0158167314759992,-0.197041110088358,-0.347843651971798,-0.712661645136096,-0.656758730043563,-0.8750872414411,-0.725755896419618,-1.10122894418231,-0.427199159541391,-0.886670477242778,-0.623893888804818,-0.399119876035632,-0.579786348735781,-0.575051950071263,-1.03314515405277
0.472325107836049,-0.0177334602814091,-0.18492458110549,-0.366221471049311,-0.787966267791368,-0.586527055183082,-0.876450426975138,-0.590951960795708,-1.33702083256463,-0.527641450853237,-0.954472879194408,-0.77996658874996,-0.367044171297642,-0.619493124332295,-0.633071544417628,-1.036770423366
0.560784393609123,-0.018957120814766,-0.199197844742834,-0.351498398425687,-0.805557230475437,-0.660839735220396,-1.01028271550306,-0.553065378883796,-1.08768941242151,-0.64717358127255,-0.893699102898329,-0.791313453572128,-0.391440554201059,-0.594242763140167,-0.634617414205217,-1.13181954544909
0.521651853240647,-0.013864503321156,-0.165043133381594,-0.366621823571262,-0.754067496780755,-0.57528922992766,-0.869417574548124,-0.620960650414179,-0.882902899908769,-0.562147008080794,-1.14989057016523,-0.685542581147058,-0.391190966266822,-0.58239910261642,-0.583116605487131,-0.98771429377154
0.564373250482642,-0.0177110495542521,-0.14871699988035,-0.321873081339738,-0.781922648422835,-0.638504547328384,-0.888816374252919,-0.628904806298219,-0.985126980855769,-0.459295297482035,-0.859480040087004,-0.747738838436627,-0.416000290945891,-0.526843287598651,-0.621755981197222,-0.94758339663419
0.587830040593036,-0.0190098416840859,-0.171099032994718,-0.346905388775002,-0.69669253698515,-0.590952420801861,-0.960872351739474,-0.656402430383246,-1.02105780141566,-0.597016939543275,-0.785538853255237,-0.709288012620104,-0.376987730978902,-0.602195868334112,-0.63002446567295,-0.90926725793298
0.590044968837674,-0.0135359044219536,-0.24536829026907,-0.338368810190436,-0.774194564021896,-0.62586388770452,-0.940843370821816,-0.66386834150198,-0.723785248155807,-0.649082601478299,-0.911184877181579,-0.744206297692504,-0.408299993691986,-0.606058762983941,-0.585732139418517,-0.903073321247117
0.508114779254246,-0.0128080071131597,-0.234214769258812,-0.390128991639987,-0.776382793386898,-0.66447939098758,-0.765259510315345,-0.6191548220723,-1.10575679193979,-0.618274959967915,-0.909756715231585,-0.676044097255579,-0.366390100665653,-0.543313508765978,-0.582129678489876,-1.0139025825844
0.561039518099541,-0.0127064711433939,-0.263200450535489,-0.372712615141882,-0.909482488564325,-0.630872606653717,-1.07677272566921,-0.595318046152914,-0.95365270239195,-0.522343818313173,-1.08718513931281,-0.7100405917978,-0.391497477507509,-0.563075961452165,-0.591225509786492,-1.00604336271022
0.518914173534094,-0.0129557222721161,-0.150217767313355,-0.379663465102376,-0.726157315334768,-0.693352388645241,-0.784985034942901,-0.48624196093348,-1.18617105918528,-0.534602906079272,-0.97145425559505,-0.767410490857815,-0.401473832022811,-0.603529486534596,-0.614990356411159,-0.954344655558923
0.436488206233378,-0.010125599209031,-0.174226333616796,-0.354780440089471,-0.818207494725758,-0.665265075136408,-0.803850499163673,-0.689598113287016,-1.41856609066935,-0.613444608480167,-0.729042731472502,-0.717772975775724,-0.38875619927239,-0.577580074227369,-0.616584077746775,-1.05373686984707
0.447100148275551,-0.00925566778128253,-0.212829865720958,-0.358781012912607,-0.814099919791473,-0.589219045774753,-0.932854234757411,-0.65157983923038,-1.29404186476325,-0.599167022444455,-0.815271735442487,-0.657141054549268,-0.368666946601852,-0.569145097437331,-0.561478280513018,-1.03045076526083
0.559641018107849,-0.0133428667428049,-0.267491134014492,-0.371467200232164,-0.785014019714153,-0.631059831557435,-0.937795497733738,-0.611414886914217,-1.19683634186812,-0.438172860635731,-0.761816982359456,-0.658864935876792,-0.399636335658262,-0.602284942341484,-0.559147370522394,-1.03884116234848
0.490553819440741,-0.0175175331726165,-0.198725768699111,-0.366672286379156,-0.790386181037119,-0.596149363306155,-0.775766288558688,-0.638289992684212,-0.843348770076783,-0.552762908662377,-0.880696202318565,-0.727837175273236,-0.354547265596412,-0.564005635469393,-0.58981192791939,-1.02119548272161
0.576542336891771,-0.0162543844187501,-0.218944299238776,-0.339643622501104,-0.744443240501761,-0.597782088740296,-0.909807811208313,-0.615685301540417,-1.18511642138894,-0.420189707632024,-0.784424424797284,-0.662094652980917,-0.380924413750882,-0.534398583998421,-0.552909807546426,-1.06609217459898
0.581581702381546,-0.0147015619234725,-0.31817874028571,-0.370746313501096,-0.792918430692954,-0.646460064466992,-0.817318110976984,-0.609671792593933,-1.4243999344478,-0.519650529821456,-0.911450873438181,-0.807185012187411,-0.370474767005979,-0.59703966784107,-0.608731030442409,-1.06151143703632
0.52630159260378,-0.014220642223306,-0.223443582592014,-0.373448489479449,-0.788609287767495,-0.688765145473949,-0.947088164185841,-0.60280592676494,-1.25665086906182,-0.561815233257971,-1.0355506507011,-0.668069455958004,-0.387548710726156,-0.582316194963381,-0.554488637802072,-1.03115585930543
0.504620765098198,-0.0123586903819912,-0.160707792364384,-0.363666131244675,-0.739085796028633,-0.655851061391429,-0.977289699828542,-0.568043164320114,-1.08972202002997,-0.487910959692171,-0.888079602745445,-0.680872676368009,-0.42399401022384,-0.627827884691415,-0.617894385606066,-1.04637926702483
0.497747544213438,-0.0114082331710958,-0.201230985118828,-0.34422070973327,-0.804997983071048,-0.636436470032751,-0.904869947778299,-0.670208208286261,-1.1238359157573,-0.680117544141203,-0.923733937833046,-0.692822786062907,-0.379299089382211,-0.596572458720629,-0.554612289586864,-1.07005919483542
0.599261190500841,-0.0177029834128392,-0.16174163547218,-0.391452118526182,-0.761439178726604,-0.611771068407794,-1.02367604863083,-0.677451878754324,-0.952841627867699,-0.55401539535915,-0.965475228269286,-0.754665756913641,-0.411377049407238,-0.571922052524907,-0.586961128911501,-0.976840662686499
0.425997840723262,-0.0110508404483993,-0.279768993528699,-0.375840377878562,-0.776762683521113,-0.677473665638558,-0.903920805149223,-0.577889852505361,-1.26976707172002,-0.476964789448562,-1.13537717505022,-0.771777779783968,-0.404570479571701,-0.595719152164995,-0.631912541158833,-1.16404871799093
0.51570496597658,-0.0151946800144029,-0.111876672662725,-0.335647706955743,-0.869706698943573,-0.642355995946024,-0.99059941470619,-0.56128154539455,-1.22350011741007,-0.607571523912508,-0.776203109917061,-0.547494691940627,-0.34425686005539,-0.602404237627103,-0.591159409658204,-1.14163603136917
0.485032744153468,-0.0111199662697067,-0.205433540806907,-0.373395208941737,-0.810715846563546,-0.662451167347388,-0.883708110594308,-0.636276240959309,-1.24971946060037,-0.541580348494185,-1.08659834013551,-0.771262298739782,-0.385390343253324,-0.535080615446489,-0.603227575668669,-1.03572867024028
0.519762163808542,-0.014071356070478,-0.204359977988693,-0.381604508969248,-0.781919099209542,-0.556301555173025,-0.94593459971306,-0.61817076566179,-0.814102102992394,-0.49090779817999,-0.984865168697026,-0.687795247500943,-0.374651589636043,-0.619408187365312,-0.590878402094685,-1.04131322679409
0.443264158095091,-0.0121462596747207,-0.167684996391589,-0.356688518788641,-0.831494807522035,-0.621576284970604,-1.04543734025174,-0.687523782737748,-1.1322288244435,-0.651087415737397,-0.891333585976194,-0.776518529795707,-0.406287805871059,-0.581148221783901,-0.654748957065266,-0.98138425861713
0.589929186192267,-0.0156467233767537,-0.21738411937275,-0.38637726649957,-0.789893221782774,-0.672330788141134,-1.01968328047186,-0.721661113036754,-1.16618737975681,-0.483354230118071,-0.957849733268106,-0.642918597201644,-0.36051021371783,-0.540118690573723,-0.582169944296073,-0.973580711669409
0.413665671554279,-0.0102255003281077,-0.196410513499401,-0.374100957716996,-0.764723464809972,-0.57792692868215,-0.89649925587963,-0.663528200197493,-1.01288569087213,-0.619977525397872,-1.1804110057743,-0.711578701528355,-0.388749829879614,-0.558993923146972,-0.627434768017972,-1.05849121742394
0.614402217059937,-0.0128621242063071,-0.148328645551838,-0.362626037512464,-0.789166927118398,-0.64475039366228,-0.810813111630204,-0.680543748336236,-1.13791105096573,-0.502664008107196,-0.963575214604126,-0.787057787745128,-0.374328785305358,-0.523719571430115,-0.630669319854587,-1.08217135975774
0.515113378221295,-0.0136990001375962,-0.162728432932797,-0.341703899350756,-0.752451358608233,-0.599852562167366,-0.891049301079487,-0.596876497922001,-1.29293102459563,-0.443550939384724,-1.03831732079385,-0.776676074167281,-0.394448709274143,-0.601853762108194,-0.56666497670026,-1.06917916794274
0.451228425687261,-0.00747660718958542,-0.11304598180672,-0.353369587386501,-0.800692211697462,-0.611981305640496,-0.946007331098891,-0.619461674138458,-1.07215276611268,-0.586425749254927,-0.709894792916966,-0.703042505878733,-0.417527337704849,-0.531259699955568,-0.561984358981475,-1.08443823715632
0.415389925270571,-0.0108827396341906,-0.169634465524443,-0.344165761490715,-0.758979926937951,-0.635672287101178,-0.761983863287617,-0.563602631480021,-1.2902620538426,-0.478150671243023,-0.844774431782507,-0.667492993644603,-0.394091043220627,-0.592750867015229,-0.620055085070876,-1.05508583918369
0.506802865126528,-0.0154270663228487,-0.262478712148127,-0.345893630601725,-0.753370206818861,-0.56985301088596,-0.939139428741381,-0.578496660282941,-1.18244926598677,-0.555414654958095,-1.03161167550764,-0.732818455792442,-0.370266931601025,-0.557675792272757,-0.627291888541382,-0.957507950519658
0.507715048671191,-0.0139543589381908,-0.1830232573087,-0.353048233304861,-0.76599344520515,-0.623041429092772,-0.870031519001643,-0.659734055503989,-1.05108259143806,-0.56578831402722,-0.823288012757502,-0.714964982621104,-0.39025566823219,-0.582921239749708,-0.610937348927829,-1.0123183901899
0.505582119599407,-0.0126752007163648,-0.211127158442556,-0.364641918397839,-0.796922358535917,-0.61866475140156,-0.880986478233037,-0.666487462306601,-1.1843820155607,-0.493879551190144,-0.925648130394981,-0.634967200420272,-0.37661318608901,-0.546649776353285,-0.588036274297823,-1.00646514158709
0.529387006905866,-0.0163127845608093,-0.204632893097941,-0.36551910358538,-0.747920343740248,-0.610097182040311,-0.825343895620234,-0.561535017417411,-1.30898224212706,-0.616845618268725,-0.837974820553079,-0.76783680515764,-0.379337974604223,-0.558277926503141,-0.630920007996989,-0.99532650346296
0.581116167748643,-0.0144666919482956,-0.196307328325215,-0.396614641590827,-0.754819124478889,-0.609871153245767,-0.918635137243748,-0.615749938280138,-1.11034326360419,-0.483884859511406,-0.95702409747295,-0.752708681693595,-0.399041962167954,-0.565399872996948,-0.540068727440811,-1.05364092535356
0.566639357911565,-0.0120541647103141,-0.253194132676891,-0.351325633208634,-0.765422385888699,-0.61178977968469,-1.03445090697838,-0.584943217597822,-1.07022244503215,-0.443300899100132,-0.972844395829459,-0.807002418138904,-0.372207659922831,-0.55307675491564,-0.613593933211136,-0.97329144324402
0.611418213009029,-0.0171628759775275,-0.234010988381498,-0.371432765065146,-0.859336748488277,-0.62380738561427,-0.932656686797496,-0.549335863110503,-1.1829502930113,-0.539951031145389,-1.01859814737281,-0.73526954727694,-0.401707610728329,-0.591462461027577,-0.606712754751575,-1.03622283350232
0.608018407249013,-0.019766391562471,-0.136523671339981,-0.372221836287507,-0.740396516624664,-0.652190413022806,-0.888334660290357,-0.605109382305137,-1.21127829626495,-0.571679628536899,-1.06575705344921,-0.706725533969167,-0.42321004285726,-0.561268879075502,-0.624696959222655,-1.08674068786983
0.417787532413119,-0.00998245887368744,-0.232594222401806,-0.41105543339927,-0.876475227151437,-0.566124367356603,-0.923418275283524,-0.579166702943678,-0.985140330987016,-0.585305792587672,-1.03377586286363,-0.75054353511077,-0.381486023761073,-0.558681140245046,-0.599841092314453,-0.933835209560485
0.61392085722245,-0.0163599836924809,-0.249515876551262,-0.361732185312968,-0.744180992849768,-0.648490216519862,-0.909187191890793,-0.621577906168148,-1.60729289930661,-0.433316829948124,-1.02081075602926,-0.868577863088261,-0.388664189671366,-0.602655486048868,-0.578288207940496,-0.9630185635695
0.500527913338505,-0.0150834751279518,-0.236692261849902,-0.314790685545938,-0.782391012917076,-0.632906905577152,-1.05347592270082,-0.576207279088787,-1.33672460086458,-0.58086237208643,-0.950731347190887,-0.648656822304038,-0.444684417611367,-0.617091990414057,-0.594761230786673,-1.10952865509539
0.409238834371503,-0.0139180587989556,-0.15845423394687,-0.338764998446768,-0.779476979215455,-0.635992073982951,-0.846442770269986,-0.667614608407886,-1.05906573304353,-0.540729588697474,-0.817881508498006,-0.669783586828394,-0.38238344698383,-0.61365798977455,-0.619906345863183,-1.03818010036292
0.573889385823257,-0.0095958735447411,-0.255666256477132,-0.340464981526133,-0.728912234889927,-0.601748669867266,-0.846407274619327,-0.589121172714575,-1.24190861667988,-0.52687093705364,-1.15089343102338,-0.716396516065596,-0.377863122809979,-0.574196891733402,-0.572073056563777,-1.0919672249025
0.45080053412953,-0.0136709028411932,-0.151293075640208,-0.363895176750204,-0.840570000018171,-0.680857044521228,-1.01698057674716,-0.663802742542062,-0.817069871553285,-0.478757550430347,-0.870122150906895,-0.7661474575573,-0.383769060022568,-0.495758566827832,-0.577767024323519,-0.948466317666516
0.520556276035572,-0.0172364027711815,-0.239430338652411,-0.36620577558411,-0.639240437829704,-0.629875401158949,-0.988797730043483,-0.532865517097438,-0.998243788015248,-0.612693192379927,-0.598377633702636,-0.720263543930505,-0.380062669554697,-0.555086961885528,-0.594459017013001,-1.02641255236574
0.489490244500409,-0.0118394520063388,-0.195411435022043,-0.36294777157943,-0.778030934607496,-0.66960147703889,-0.829342308303501,-0.624314883889343,-1.14736222500153,-0.58729608817608,-0.960855485525128,-0.714736426840446,-0.392047454653738,-0.58196228407757,-0.665937840977515,-1.04066140094475
0.46502629743492,-0.0117807666307053,-0.212566598706943,-0.353927111451088,-0.730484997349666,-0.62703784012155,-1.01324854184042,-0.593027914294713,-0.885707319131752,-0.638563910838661,-0.818491318841624,-0.678220889406692,-0.400790198585602,-0.553730389842601,-0.615007986969551,-0.93006688424852
0.415823163254808,-0.00859423437172356,-0.167581854187935,-0.362655907556535,-0.766891641128531,-0.597428283218027,-0.894813333106109,-0.685193809997725,-1.0251747833036,-0.493977719758583,-0.916858560160438,-0.760187054910309,-0.409054218205876,-0.534588350614982,-0.555827318834794,-1.11367500475289
0.430273047620538,-0.00999054194780523,-0.23243566158946,-0.396181168312953,-0.796502579133356,-0.610116794919618,-1.00097257031547,-0.620320332441523,-1.22009898219036,-0.46836242984191,-0.930090571969438,-0.750122157935016,-0.418831131859818,-0.546826502477392,-0.551042143274002,-1.07287182916676
0.478599345982241,-0.0130164365226682,-0.170681968784697,-0.389344172396498,-0.768684008979589,-0.601449526800846,-0.967002851929174,-0.627536515621978,-0.991876388144344,-0.687250755845552,-0.862252541162028,-0.704638595263858,-0.398678410824412,-0.520868733542172,-0.602363108751529,-0.967870049042654
0.515920751290501,-0.0124699508864422,-0.174874905942451,-0.372270117846963,-0.762141062264072,-0.630038603915153,-0.858754904044479,-0.623381714327709,-1.74390332291406,-0.547739634113334,-0.913179385573841,-0.573355102574808,-0.393938371298893,-0.558167577951029,-0.63352115514228,-1.01462875082754
0.48883656794324,-0.0117785926936738,-0.178970479027523,-0.384674727805226,-0.844800681426805,-0.634221083279546,-0.709806679356039,-0.574366223080784,-1.27665082651098,-0.646333097239022,-1.07849283275724,-0.709320476259983,-0.400742594729332,-0.616611139438397,-0.596081651956923,-0.97633977502785
0.350913509914667,-0.00956171254205427,-0.179582366203525,-0.339697697881624,-0.804273691036508,-0.650580928115767,-1.0448222567408,-0.780896845182006,-1.15232267431395,-0.49195746249594,-0.848038986512796,-0.772638778906032,-0.392447753821453,-0.569504480032733,-0.635596764411911,-1.00959900806584
0.446647415804185,-0.0138703448959917,-0.210048426436283,-0.337285586595508,-0.772635493620575,-0.634755616386475,-0.942137610296158,-0.539888416765071,-1.18737031229763,-0.564180965494563,-0.661120466075708,-0.643271451355979,-0.380470790518624,-0.583220898059052,-0.605662551902152,-0.996566519584059
0.519891283440577,-0.014609468675618,-0.181893793480349,-0.332285368759036,-0.746355406597161,-0.629677016257128,-0.842567840144099,-0.644109971886953,-0.913246269355357,-0.580863235373658,-1.08808416578911,-0.761727930298647,-0.397321460828131,-0.545136436123808,-0.577041269229385,-1.11882256628442
0.601080762278166,-0.0134507155365775,-0.21157117419287,-0.353006953105446,-0.797554796500547,-0.684027318270775,-1.02079666621956,-0.576907753971121,-1.39056586595734,-0.576840575444976,-1.31599812953136,-0.67204584853501,-0.41145081638391,-0.58154436717845,-0.623274715646505,-0.97188893089725
0.617821615833039,-0.0164572677352434,-0.28036400940767,-0.340405313029757,-0.654329736298175,-0.654089486796218,-0.906349139588797,-0.65043370939707,-0.884487866617041,-0.568694941432856,-0.98062746821727,-0.784472724785917,-0.371970843076776,-0.584698329362076,-0.598197724311198,-0.914794567017921
0.519446602784437,-0.0146499944177329,-0.235703025687592,-0.342652069678993,-0.812937071473224,-0.661956342987692,-0.99943326182537,-0.548896640182348,-1.13925468337367,-0.486806292248679,-0.877474315201104,-0.751467614730778,-0.365203479356307,-0.573137520984298,-0.609117358581154,-0.969174415164038
0.433339045060518,-0.00987002782712148,-0.231540462660119,-0.333598395477288,-0.853268597638632,-0.651710567169404,-0.852087501717077,-0.533764408702662,-1.16835359684698,-0.557397566851808,-0.909765732574225,-0.762179636938752,-0.376826312348579,-0.618671368473656,-0.534459696427693,-1.05922564464348
0.503346221327849,-0.0136615536695326,-0.188610952700105,-0.332202305805174,-0.712885259417861,-0.604134067968011,-0.991043564395083,-0.65392538366267,-1.12745676722107,-0.449094005173481,-0.649019442967072,-0.708975148508876,-0.371274012175864,-0.560111883964761,-0.611043345921965,-0.987567260908191
0.605380266728681,-0.0161324787870718,-0.192329373265158,-0.351616523026004,-0.788351275846478,-0.57623845116393,-0.892054981515607,-0.70646033646527,-1.06843215698917,-0.456177266192789,-1.01648793536976,-0.704513044392617,-0.378656825536299,-0.569268725216648,-0.589343459887231,-0.942978757527353
0.557781177891673,-0.0157153139967828,-0.265098992834987,-0.362934983939699,-0.814863299963619,-0.600067769381267,-0.920313477309126,-0.73398199282288,-0.863112333956306,-0.482671746757399,-0.897360848649305,-0.620287902536842,-0.374544609417516,-0.56474939976635,-0.618541203999546,-1.01566247606912
0.441493752461979,-0.0111819328963164,-0.215337358716325,-0.3334093323132,-0.797099366133814,-0.582316816625451,-0.856199872664371,-0.62007956679397,-1.19284948621643,-0.428611937498066,-1.22394055920094,-0.740861743730397,-0.370497744663939,-0.569426775003039,-0.610211702247329,-1.06858138716178
0.416080708321632,-0.00886807973670745,-0.208736985600816,-0.323310461497635,-0.802815261054602,-0.60575452631059,-1.01684262853103,-0.593676479622626,-1.4393391442982,-0.481514119695299,-0.621806168409905,-0.609715096513591,-0.385102425947524,-0.534218947263475,-0.630242298892047,-1.03985663088403
0.421255890001536,-0.0158307105549192,-0.149908952724011,-0.346869234912587,-0.850479263684386,-0.61052483876896,-0.848519925250834,-0.753846018803839,-0.869309979948633,-0.44983631829814,-0.607038541049538,-0.684913391933577,-0.401382249050481,-0.587266434038391,-0.615243281649289,-1.04580844870652
0.431590217660515,-0.0122925464790646,-0.145527181077804,-0.355823679666124,-0.804380174906362,-0.603535152571237,-0.958616365271755,-0.515497354062327,-1.13743452454077,-0.541466416966301,-1.06286397938979,-0.698001159866163,-0.375062368174305,-0.578601670951907,-0.699747864863936,-0.983010256228296
0.436424647859505,-0.0145218671032263,-0.215805527952565,-0.336795022273003,-0.839120127222424,-0.632353661486804,-0.727096708717149,-0.582646676887105,-1.16809189846356,-0.58379536991726,-0.996521880591661,-0.703278592262646,-0.396028396318226,-0.562461229643495,-0.600564117533357,-0.953653020461422
0.535426964112054,-0.015203544818028,-0.202236004733547,-0.375956906208806,-0.746954730464648,-0.612197633532102,-0.90916614987971,-0.554403940009133,-1.29632467499407,-0.518941415981123,-1.01899519173137,-0.715709729420476,-0.370639586643448,-0.540555644064933,-0.624520727184027,-1.05942014633437
0.466469912108064,-0.0145263127565398,-0.240545403176157,-0.376873851781356,-0.751926501206745,-0.579897427973026,-0.914558476043533,-0.634739587651547,-1.03093074493513,-0.546340493960492,-0.92689141865951,-0.649104330530497,-0.402625378527599,-0.618608116838622,-0.566150172887875,-1.03612445589284
0.523740911674828,-0.013655916352334,-0.20145110665875,-0.353554221728704,-0.801425241965147,-0.696110853853627,-1.01369130020903,-0.592117712116399,-1.49712303156613,-0.490781725722289,-0.991120754265978,-0.778129011762014,-0.357703586467049,-0.561588349185062,-0.601491954440051,-0.983648674332981
0.492201484168583,-0.0136679956706074,-0.240715799010267,-0.339116949082577,-0.830121633473362,-0.675534382304519,-0.837952261614312,-0.609649936555766,-1.12265963543466,-0.555730441829088,-1.09793526157968,-0.80030184175253,-0.405621191164986,-0.593782515393477,-0.598736457624924,-0.983181728080074
0.496487427226654,-0.0147737017877612,-0.168770492583209,-0.369519027264018,-0.807793903464553,-0.595698288918603,-0.89439017751986,-0.516832413912239,-1.31087249277538,-0.406658105666034,-1.16641492134613,-0.708785819573531,-0.38379811215192,-0.591371193477709,-0.658138213271056,-1.02355554808371
0.511106642198053,-0.00855017323506395,-0.247753028968861,-0.315473554665245,-0.761840626092351,-0.567303397362511,-0.936373327724964,-0.588794516105644,-0.845236253051699,-0.579569991840506,-1.03872325252954,-0.620855819212436,-0.357058605934674,-0.518022214558573,-0.569600297129249,-1.12599362788995
0.421411516830514,-0.0114156031131431,-0.237466662025436,-0.343032241016044,-0.798213003933211,-0.61910290159298,-0.787758929562742,-0.713839865406173,-0.994855033897832,-0.481562421110183,-0.990510858153475,-0.755142082004323,-0.424353418807821,-0.585379136898777,-0.549033416517788,-1.09545074377993
0.492894084456426,-0.0101683454428494,-0.216580692205858,-0.358202726889582,-0.795986487158444,-0.604226239471883,-0.87557246576723,-0.602354457802832,-1.0220394175411,-0.609491302936825,-0.895058482585401,-0.671671450155586,-0.368966495534513,-0.587308002069672,-0.595818341033678,-1.03620650544825
0.591825639982537,-0.0157848985961029,-0.191035393785862,-0.370001856404938,-0.71162479361699,-0.59634098151986,-0.867233541148223,-0.644017608267006,-1.2722982495148,-0.54275762180312,-0.838218550916675,-0.687423490827398,-0.380395905893237,-0.609460974745504,-0.587277819078784,-0.931468544960647
0.38422334291965,-0.00972600863590621,-0.229529279044562,-0.359125233065373,-0.763622823900074,-0.654514369408251,-0.946122226350291,-0.673426557444238,-1.13312397819112,-0.436615073329955,-1.11483123215481,-0.587372987191611,-0.402780333732875,-0.562054336353157,-0.5472334348614,-0.996419029778229
0.470688613649358,-0.0164153956254788,-0.312824080490202,-0.386076134380807,-0.757651243746844,-0.649884690963509,-0.988657264463256,-0.606020480512129,-1.31285620523958,-0.583867961454809,-1.02456825758367,-0.699947418855557,-0.389951290650217,-0.561421274859045,-0.621506396597382,-0.978790880937765
0.537785327105105,-0.0212660290087864,-0.180331863195381,-0.373780034521802,-0.784362210703978,-0.630621081247479,-0.976198083396063,-0.700568431281835,-1.34835217671343,-0.580419833711373,-0.998238408652462,-0.655409025932858,-0.389318892815384,-0.608699722329765,-0.574714726862865,-1.07239605309557
0.499863086610124,-0.0127538140891724,-0.159549428995622,-0.339830545476747,-0.739117732088481,-0.592174264743967,-0.902618885788265,-0.623469250767845,-1.2745377465999,-0.430950560382348,-0.997374380083189,-0.732269642915424,-0.418312648026918,-0.589172305601822,-0.560979431114621,-0.937776480585471
0.492050965654595,-0.0100774569098935,-0.19059458967096,-0.350485385176326,-0.783177343348366,-0.659680992192672,-0.927042893174183,-0.621670717292103,-0.966839661748417,-0.592653297821299,-1.11186697451092,-0.745903521877636,-0.427732766308263,-0.583540644874298,-0.635602926552996,-1.086847272843
0.460109666406757,-0.00989747551596436,-0.148930261138445,-0.330419640891923,-0.778531461370367,-0.633334814277549,-0.861645565049441,-0.680970556278353,-0.967640059150134,-0.454036626268429,-0.752378389330262,-0.805095758566986,-0.384677498419079,-0.611489536403439,-0.604525818274186,-1.0579658941546
0.408338011605228,-0.00987022262420598,-0.181822301690842,-0.311790859846892,-0.741849025909729,-0.665252464931091,-0.78407368626982,-0.6969053075627,-1.27415437806802,-0.550914303444185,-0.968452266457018,-0.771500649631045,-0.373054430654035,-0.588183434823454,-0.568201763086607,-1.01355845156866
0.347628016330212,-0.0147005919958257,-0.271645512833276,-0.353840719184831,-0.793438386315826,-0.578199732998179,-0.973764125728401,-0.633674819120694,-1.33351485519616,-0.569099150889822,-0.987164872107034,-0.733352097315482,-0.394027988269914,-0.563765883993121,-0.613940794542378,-0.929876823377214
0.407470747951172,-0.0113087033129638,-0.24208223414573,-0.358801055494454,-0.796100910394749,-0.640438885196547,-0.875632096998086,-0.651201282491047,-1.3932695504751,-0.547870370955618,-0.775914213930854,-0.647946217940482,-0.372635070189182,-0.561725003734066,-0.581366425602567,-1.06505354909276
0.391311122790229,-0.0108242494835675,-0.221240260120408,-0.335653294611069,-0.782901422388533,-0.601353769713179,-0.903320934784266,-0.507050678344855,-1.10109891128294,-0.410500452436829,-1.04129600161546,-0.766364768647249,-0.393919965666906,-0.547527875454182,-0.653701128363585,-1.06514471309455
0.336882980204259,-0.0127604610959198,-0.194882907505074,-0.358970084866582,-0.70430686037481,-0.626352194100885,-0.843301694225649,-0.596366497251118,-1.06661318062023,-0.499172436190944,-0.751107254215138,-0.639146199673394,-0.393473860436455,-0.54638110878793,-0.651267835422704,-1.05010108221369
0.554153925696997,-0.0209471269603128,-0.259411949826206,-0.347038794799613,-0.70665783269313,-0.626375672977215,-0.900308378211346,-0.588196745022522,-1.06968491256082,-0.549621335566709,-1.0171264294623,-0.821677401141358,-0.379329521921606,-0.577440376532951,-0.566877306365381,-1.01210800218337
0.470078977582268,-0.00933327976277427,-0.219896290286605,-0.383579276245909,-0.814644016313426,-0.626386747749565,-0.859701378017495,-0.58713844227126,-1.33265021345312,-0.535377059204087,-0.98867445097891,-0.720205239287501,-0.389634619900271,-0.599357556118853,-0.527581941955893,-0.944216060192753
0.542598617645826,-0.0141837872330963,-0.193813238466766,-0.339820684935854,-0.787846934057246,-0.636988760931207,-0.908916559261015,-0.57887063155192,-1.51242310277961,-0.507067968385679,-0.862017641219076,-0.671598326394026,-0.405664283922102,-0.629645225761073,-0.568301993391516,-0.978929874077439
0.502838344368467,-0.0131779246131293,-0.120791898556309,-0.362607411707728,-0.782973738521689,-0.600611939253345,-0.853427143219886,-0.646563014716703,-1.48635918536759,-0.459546226087571,-0.935592958592517,-0.749862476239846,-0.391866782168168,-0.575378764211953,-0.607260187149921,-1.09465824727394
0.485567580728287,-0.0113331195583422,-0.164273601222496,-0.363061327131359,-0.866760837133232,-0.631216769967476,-0.86672426869146,-0.505085956023216,-1.00111218826165,-0.593770502372399,-1.083091091055,-0.826112779866395,-0.374810359956499,-0.538678765696072,-0.616932319836932,-1.0245565067783
0.416896397986522,-0.0111538503455533,-0.173930472222271,-0.354558401587632,-0.852493989514931,-0.629649974948771,-0.807761183713227,-0.695714066569369,-1.02033183526392,-0.618036550211732,-0.84647771714808,-0.730685713534945,-0.400657420541277,-0.543956885432879,-0.606357463996813,-1.00272442885367
0.536566727831215,-0.0158674580394725,-0.195447812475782,-0.356353041600754,-0.721069079201559,-0.65832996470883,-0.864453841122196,-0.568975207524478,-1.22838314585478,-0.424641251627186,-1.1066102445776,-0.827526092804144,-0.407775162038345,-0.56463116900142,-0.575821021434002,-0.932051693469393
0.501429270305083,-0.014595601555693,-0.187581873616602,-0.363665017238504,-0.803532716688686,-0.622054260639794,-0.823286702000432,-0.684313353817925,-0.929063371232267,-0.701527660774375,-0.943216030337834,-0.757625003159513,-0.391875785960292,-0.540722360123623,-0.640152362202182,-1.11651953757395
0.436002564950531,-0.00794686216220748,-0.118157217154984,-0.390153657313942,-0.73008710284071,-0.63091805136711,-0.890798728812583,-0.564230070826382,-1.37005997766785,-0.595665228018197,-1.30425855242731,-0.724325000841191,-0.347215647365994,-0.534201530296868,-0.628389091741973,-1.01167613789022
0.611209755020325,-0.0110210253107203,-0.232149252568984,-0.346302922616447,-0.779205891692855,-0.635646324383248,-0.891079837843504,-0.61237641750928,-1.24125291917948,-0.42012077118977,-1.03310030954423,-0.787539962649102,-0.428923665006913,-0.571355621581423,-0.636651339340652,-1.04341185568903
0.475840769652095,-0.0121253587098216,-0.25617787346977,-0.339619411707837,-0.857575506249748,-0.670044523470587,-0.877390464508833,-0.630848178114331,-1.09400190559985,-0.459454305888587,-0.938935803403435,-0.723916917787621,-0.38481620472406,-0.59843535393556,-0.645244219206861,-0.999277682569462
0.412238765827059,-0.0059302442630514,-0.21744105373057,-0.356666106709402,-0.806262369355183,-0.623785007734002,-0.924145554682848,-0.685066641517674,-1.07393695081377,-0.494120374996,-1.01129373924645,-0.598323697278351,-0.396147970394127,-0.562567840284304,-0.632401076432581,-1.12280889864983
0.574787164869268,-0.0149480024107372,-0.240319590388124,-0.346848892038105,-0.775535404271926,-0.592635924242949,-0.984022833131633,-0.624504426485112,-1.55199833340941,-0.55738483547268,-1.37691955520503,-0.787774973854429,-0.397213588285798,-0.565264483638971,-0.559664285937582,-1.13669172208676
0.48737536596617,-0.00866243145051384,-0.195273729893086,-0.359503139332766,-0.799148095956238,-0.612104311964223,-1.00334502350725,-0.648287019879598,-0.989148579447598,-0.472261901753701,-1.09948221911881,-0.754753192956559,-0.374682606046997,-0.553923301175169,-0.585099223943685,-0.984429317853481
0.727001488409557,-0.020823220769605,-0.210890382395002,-0.315424799094436,-0.688823746282338,-0.643658506155671,-0.844806233583847,-0.658877732691872,-1.2468177021912,-0.528461537663224,-1.23192725504142,-0.681934290766735,-0.385928785463181,-0.582396200251182,-0.600396118730587,-1.02391449045762
0.504753185503801,-0.0124613220307792,-0.198425851055592,-0.37263358366849,-0.726498461566824,-0.638709255271981,-0.942574825126919,-0.651576963808867,-1.06652659199281,-0.492173779110802,-0.981490054092542,-0.658094663131854,-0.387284202433532,-0.608628078782278,-0.598573098717293,-1.01785169158238
0.497704729019954,-0.0172743139481221,-0.181319439343962,-0.358546657027166,-0.785984987726206,-0.641317818630476,-1.12030699756117,-0.702297414802648,-1.32811225420582,-0.462481078676665,-0.896145913314463,-0.763935619009969,-0.364497749491934,-0.621090675319345,-0.645668811358412,-1.01665994415995
0.493643320056137,-0.0126145536500608,-0.1856040827955,-0.345560960320376,-0.745606848758936,-0.613011208209965,-0.831399178764817,-0.603631527582467,-1.08249225221006,-0.447708343437722,-0.902727008162258,-0.741571926954047,-0.393028676366239,-0.572869983129323,-0.607708403204101,-1.05423286943302
0.582062821164463,-0.0168335681172047,-0.265258856066094,-0.344916658903107,-0.769719722790595,-0.642831968000585,-0.757916419037653,-0.498682329574687,-1.58287784209605,-0.493505933402083,-0.999481746230244,-0.672165285545526,-0.399920146812364,-0.559537740553282,-0.608554656645383,-1.14078917273271
0.482324563945157,-0.0111670976863216,-0.243078299208002,-0.354463391851364,-0.837162103294829,-0.644673743272394,-0.739862730640812,-0.674327463469896,-1.28981430845306,-0.483397690621032,-1.01354626469089,-0.648332553175672,-0.418245994437913,-0.660494114934415,-0.619536805751351,-1.06779911573131
0.412252801045735,-0.0116105197632891,-0.147365886045039,-0.381112278652225,-0.803645417276967,-0.634877871112494,-0.924547460365507,-0.62818979306405,-1.02302565425511,-0.44896327282412,-0.620350880186348,-0.648509561798116,-0.399621220106395,-0.587611541715385,-0.587496230077138,-1.01944205348659
0.579161425682286,-0.0147302671555472,-0.215070734155344,-0.332612096913212,-0.736440825174191,-0.672061464738118,-0.973531897833149,-0.572580186557867,-1.14612328142381,-0.452191887935463,-0.989437639416902,-0.72668951011103,-0.40418871028207,-0.583945748831111,-0.607022043283562,-1.15310492019046
0.488158816494134,-0.014496750489361,-0.273746823071953,-0.366098920303412,-0.800814803858102,-0.621141793965267,-0.971232513867351,-0.668425168199358,-1.28800975966699,-0.503714811697158,-0.859126283015379,-0.730193397334452,-0.405194844421063,-0.553643486279414,-0.634468175969818,-1.02662668968776
0.511894976199938,-0.0143834831862165,-0.169549587764805,-0.384088723762884,-0.819974550470366,-0.651727232560879,-0.99023085815972,-0.592297730721908,-1.42608189668826,-0.433016461385056,-1.11732887917332,-0.729267894750292,-0.406568320199791,-0.598526143557573,-0.56102320166534,-1.01189402771972
0.487199343204312,-0.0116551995165392,-0.168160090333502,-0.303243612727947,-0.737656896068153,-0.575902126109483,-0.906083209376386,-0.646400752564762,-1.16883358792487,-0.445604938851176,-0.85073877849239,-0.76565604551049,-0.389678646881092,-0.5882108179449,-0.61485176458824,-1.04398379131444
0.388858009976664,-0.0110097335887563,-0.219592688629772,-0.3713920291919,-0.74465286298115,-0.60009442355888,-0.714372906979805,-0.563813604342228,-1.23789544283263,-0.534998533040977,-1.08260849298156,-0.821395241950604,-0.372983719910424,-0.585939036357273,-0.620333067033217,-1.07430329109883
0.419873513587856,-0.0147000021815538,-0.198089587570032,-0.360833570304715,-0.815208479875888,-0.664596673828142,-0.799401309675361,-0.766666795080504,-1.17716936341545,-0.543166882437224,-1.19582456800771,-0.673215194016194,-0.400914902451817,-0.588477325043874,-0.616015278975301,-1.07521192594894
0.54275596228179,-0.0171755983737168,-0.174471700540606,-0.323753934855088,-0.72949886029156,-0.588718229970091,-0.898138736133846,-0.619469944218595,-1.16920463749024,-0.438285078041391,-0.873114776961052,-0.769656876860488,-0.369794932632178,-0.635703813211959,-0.588788161792222,-1.08510048985697
0.589800466711027,-0.0161074333656194,-0.201672904593384,-0.36155401346797,-0.780866184307202,-0.631626007733351,-0.988981526707917,-0.682589735114175,-1.04250784964691,-0.381202313238283,-0.810208159649872,-0.684017747171856,-0.369133883991328,-0.617397182723585,-0.638930347426781,-0.947568082404629
0.282109862556211,-0.00618355038847523,-0.206565812154702,-0.347460177277433,-0.820290066360488,-0.593675703528928,-0.765971253940232,-0.575541314003309,-0.893698863860344,-0.595595834834156,-1.04320219317876,-0.64276970446243,-0.391472517859158,-0.564499564786649,-0.59428291311179,-1.01101113470736
0.580021834089407,-0.0183101799088636,-0.260395510288001,-0.374856496813453,-0.836766209712773,-0.595811102102896,-0.896977365314473,-0.54719679878958,-1.18824049553936,-0.474068910744844,-0.983759093766708,-0.765272181089312,-0.387990120777984,-0.628177061105786,-0.563808815923358,-0.898575205327987
0.581687503161262,-0.0177576970056349,-0.165704038097741,-0.314813540603282,-0.851709498920588,-0.61705717888585,-1.04721952821426,-0.652374974097272,-1.2209625036471,-0.497911172506821,-1.02047122825563,-0.70870670100414,-0.379172132578345,-0.592601792757354,-0.62639608206171,-1.07022112581447
0.451999913374182,-0.0123614073426471,-0.194025168905582,-0.336922743074654,-0.810713802742789,-0.608684982695037,-0.780795776597146,-0.570025252968053,-1.43675639686921,-0.621499150397356,-0.90988276361401,-0.655482684870977,-0.402712681065943,-0.575613030033072,-0.587665429960551,-1.04992300537721
0.476910438288715,-0.0133473640094536,-0.167422644496449,-0.314724957137549,-0.727768860968576,-0.658970963403248,-0.832173075671212,-0.680831994846082,-1.7167039180569,-0.421325053859429,-0.927964665829515,-0.727901728327511,-0.364776058634145,-0.584042242179018,-0.647053212254627,-1.13406933566194
0.517787782364957,-0.0158017087398616,-0.244090917345008,-0.353635835624122,-0.733138586735941,-0.657337231263558,-0.999528254589861,-0.57671059448395,-1.04784764929189,-0.482010529375652,-1.14558231820516,-0.719818248404761,-0.408027840604862,-0.580382299980258,-0.612686632980912,-0.980506525264075
0.451447804871929,-0.0133578112274603,-0.169900529753651,-0.372826831245476,-0.80125040355807,-0.551160358327659,-1.00823691881774,-0.578932709703189,-1.03028371854437,-0.490461800360111,-0.906976562033696,-0.649300724740944,-0.397932200051092,-0.556644820223468,-0.614866750235694,-0.951248351177211
0.379950136030482,-0.010878255833841,-0.213802871903216,-0.359988996581284,-0.80190773425388,-0.605349299264602,-0.906212615199832,-0.63668801991923,-1.27791572306778,-0.510212477382147,-0.969507378912677,-0.604035590409131,-0.384598488210816,-0.580910638293817,-0.6398460538699,-1.05210925483322
0.401349336773756,-0.011852830677193,-0.171104957399752,-0.370422480687558,-0.848647390807441,-0.597187579471192,-0.811634795663259,-0.625767579887137,-1.47447166629166,-0.592424499161077,-0.780717592441169,-0.744914634904606,-0.41315209415145,-0.60290942877878,-0.595340562309881,-1.06478259676696
0.482984154582207,-0.0129197801924243,-0.221151363756254,-0.321904409538711,-0.722716571844919,-0.612056415210938,-0.839255192420683,-0.601125823283037,-0.740270869613843,-0.557347648051352,-0.818348073415787,-0.688435980179571,-0.366316127674598,-0.580787330803858,-0.619674407793399,-0.999321406539385
0.501904017067987,-0.0137373069128866,-0.174570808361522,-0.307912710548077,-0.760104475693152,-0.609776514536443,-0.853289803668091,-0.619105307171619,-0.948354282633519,-0.540659337569618,-0.785179820670752,-0.721861983471264,-0.377524834600519,-0.565019975926923,-0.631393307988275,-0.999808775508988
0.553952504560303,-0.0139502906802711,-0.203812095448468,-0.349662434564653,-0.836724727755596,-0.630571594262058,-0.978428746518224,-0.585486095990883,-1.33779707373459,-0.510849966881871,-0.903415653430347,-0.757620887658056,-0.360579574744892,-0.569799774724882,-0.62124385683242,-0.997099559391378
0.483598260028123,-0.0164857861511062,-0.23965005121985,-0.366304290665487,-0.77836318971642,-0.621593764379348,-0.967569257855176,-0.654035837551848,-1.10407446978629,-0.522116082545521,-1.3347960255211,-0.73142322760199,-0.407942315303045,-0.606224486859153,-0.596833902582534,-1.12535739808853
0.581667752893893,-0.0143798386508702,-0.16545818121746,-0.366755359572249,-0.792750882137563,-0.61658956462875,-0.963958298695283,-0.559474485422209,-1.32651750085407,-0.450679785727214,-1.03420369688812,-0.892158289211464,-0.367798340854477,-0.563323132223666,-0.595271121846098,-1.04978145374987
0.521730824376249,-0.0137877818011403,-0.192771468108195,-0.399069943493978,-0.751880505326662,-0.654055136778718,-0.841934202535322,-0.60589624457456,-1.03834973943629,-0.461165545298137,-0.897682585185012,-0.706886206992756,-0.393744474201923,-0.574857993828875,-0.630240666364291,-1.11337672964312
0.531365076696044,-0.0129036479369202,-0.255322295419637,-0.352928876869178,-0.843785588217938,-0.558479287757058,-0.827098047164009,-0.621149563115808,-1.39393087596908,-0.537990622391941,-0.925846370695587,-0.554615223408854,-0.375679941676397,-0.577863251425525,-0.631606450110994,-0.970300743173882
0.559229468930741,-0.0146431195022668,-0.175860157617126,-0.355932392320455,-0.819806840062527,-0.62673648122087,-0.856087836646099,-0.611575675271944,-1.15948087290564,-0.51561762214188,-1.1878985073323,-0.679178089795922,-0.398999155556677,-0.543497455795765,-0.577878745583087,-1.07032408120464
0.56695970898967,-0.0148339539553529,-0.19189887733142,-0.342674167401363,-0.713399330794712,-0.667336049610814,-0.778662994706886,-0.611845811622118,-1.26384368782671,-0.537994723036619,-0.771762840863199,-0.729614051857145,-0.392381120440298,-0.550511875925953,-0.584343327851083,-1.01169430025564
0.638480716936544,-0.0183880393427826,-0.225993812831059,-0.349364280127123,-0.783912143757849,-0.661809812515772,-0.933043861845793,-0.668723274149227,-1.0509489279004,-0.43207429975464,-0.889551772039122,-0.639138055201881,-0.413060889952984,-0.589831232828926,-0.580168381700371,-0.939258435373573
0.507057378041035,-0.0218720180427227,-0.141628699542382,-0.391347383821042,-0.856008150281793,-0.601407617729685,-1.07740472591593,-0.651486365979485,-1.23274901920265,-0.446814566400533,-1.08263484343787,-0.755426253835008,-0.370586001031627,-0.623659290535897,-0.603856746461928,-0.981724790652855
0.549515744762967,-0.0118972175836655,-0.127962736172375,-0.361498697961945,-0.741264430579664,-0.647493837446114,-1.05514014334921,-0.61115278459416,-1.10817020984868,-0.609492956713417,-0.899556737882088,-0.68368907254122,-0.362233921508284,-0.557451017122584,-0.572197748501505,-1.02242343215274
0.579351865918034,-0.0162364047845831,-0.194282973737465,-0.360204659978819,-0.80143253730945,-0.654323282882729,-0.91417076834557,-0.585958168944834,-1.08472841822943,-0.472895481299194,-1.01537297372547,-0.824157177250481,-0.402324660127516,-0.592448572515018,-0.592195753619033,-1.07249556878821
0.418172503006213,-0.0110994727247131,-0.237160864275338,-0.34886430814589,-0.858113058038595,-0.595705568270663,-0.865491620317361,-0.581645560974031,-1.09609400860694,-0.567809409383927,-1.24306138611347,-0.67436751650983,-0.378145316987646,-0.614258435371466,-0.641913697094716,-0.98455370112859
0.489613713083591,-0.0147333471978621,-0.208015278243566,-0.353786405987299,-0.865096181537059,-0.650471496453451,-1.08942394549949,-0.593921489458396,-1.05542658184385,-0.525970981635642,-0.726469863873506,-0.679440025757439,-0.347535628801392,-0.524398460204673,-0.628932861561826,-1.05620530652999
0.637632822247424,-0.0178836463247522,-0.16124243010389,-0.389109947526736,-0.738383077568756,-0.600114560533024,-0.906196479251767,-0.645904003773735,-1.11204962226932,-0.568092890445597,-0.858478571516032,-0.785280772380101,-0.398169731029077,-0.571559319701308,-0.569481898150659,-1.03104711688275
0.482006400855527,-0.0124951528420213,-0.256222213797799,-0.385275659006922,-0.754771803572014,-0.558096391509369,-0.722494689128914,-0.607071132385024,-1.0856961087124,-0.502251314680683,-0.75099785691699,-0.842957376822447,-0.383927919392992,-0.569404357694756,-0.58677748567813,-1.0780265390111
0.496409695023258,-0.0140952847687616,-0.196548084832513,-0.358269742975043,-0.774843190851423,-0.644115150341413,-0.980285035914564,-0.688824549936198,-1.01681083850792,-0.546152274413822,-0.750919856342767,-0.705992201930603,-0.403206983395212,-0.571957237810871,-0.594976976055225,-1.02023576622453
0.492455708320608,-0.0149129481532784,-0.199427411684186,-0.361494203746381,-0.855755532835092,-0.649639083393455,-0.882304970490505,-0.623992000742121,-1.42908515932747,-0.674853459772909,-0.992111647696374,-0.806588686654875,-0.405131121237658,-0.546616054244501,-0.592979415874396,-1.00407764516697
0.533290690992617,-0.016987627425591,-0.215056753158923,-0.364269646193249,-0.815321799478494,-0.645895819471447,-0.901691565943241,-0.635911504951188,-1.16404233866426,-0.529135135406514,-0.891007422906163,-0.768274536539813,-0.394668093779325,-0.564212256958802,-0.580967403951093,-1.03768541961034
0.500993624799948,-0.00794854228269209,-0.182672629139647,-0.339594090822569,-0.718030385347833,-0.65430856468522,-1.05886799671431,-0.665437569503947,-1.41107676564662,-0.465390440075462,-1.05974753024708,-0.803894997055648,-0.393815926410788,-0.570924219662517,-0.621735963191469,-1.05041476786928
0.632218003503768,-0.014175284764474,-0.135358768728813,-0.38779303792645,-0.761058483622661,-0.62103376479457,-0.819115004440911,-0.665977399195412,-1.32120881045345,-0.512193907048747,-0.949242160516134,-0.730908954992498,-0.380261408693815,-0.529796887012579,-0.617024794069764,-0.95208625801833
0.473284841556799,-0.00812727199687018,-0.229850500961359,-0.3337147725918,-0.790807332704036,-0.615367005114743,-0.74345739420369,-0.497589182668137,-1.14392413146007,-0.392035836193953,-0.759701053083005,-0.648227940320386,-0.373406516071185,-0.56631103187962,-0.642478426418258,-1.07052957316821
0.568626890802005,-0.0164651656367557,-0.182897234880425,-0.34649738612171,-0.786719051953722,-0.514739263801736,-0.836818838844329,-0.544510255470866,-1.14561185440255,-0.544915882719062,-1.10490584277618,-0.768739088915186,-0.400572689080521,-0.548860536236141,-0.631707281567713,-1.070025560065
0.488618727229394,-0.0102852705656654,-0.180476358856536,-0.326186245259865,-0.752472695757908,-0.620290495776544,-1.05836292190109,-0.555388046484923,-0.839680348263363,-0.494829573343753,-0.774227580156686,-0.767812373714714,-0.420499089011926,-0.575958160193568,-0.602441041549564,-1.03991548635344
0.484458400747829,-0.0128616002729053,-0.204195670418811,-0.362538804046239,-0.758115758832877,-0.644992511286609,-0.993564431438679,-0.658018880545487,-0.843769503532225,-0.524780547540454,-0.855496733644707,-0.683836244266375,-0.391840228341142,-0.568242117617261,-0.619476614436556,-1.08228222557066
0.534093377518855,-0.014390671986847,-0.158203851484399,-0.331721605305222,-0.790079011009339,-0.608799664681493,-0.94647336235308,-0.548603858422608,-1.07823077096578,-0.558519666586613,-0.937085053673708,-0.734847475700333,-0.394852358009777,-0.628622554481353,-0.59009536666428,-1.0807936850375
0.498413794815192,-0.0146049423700626,-0.225468001168689,-0.352578190501698,-0.85353798402503,-0.64497294903233,-0.942690748622514,-0.727169664154348,-1.65518024168753,-0.537616081304891,-0.923730363854571,-0.617508453967524,-0.409827106680744,-0.553712233771823,-0.586269282124619,-1.06964854108295
0.428140745395122,-0.0181601349974276,-0.188158456328557,-0.360300428271683,-0.779517450797797,-0.65253152353712,-0.881110379482328,-0.577638900252446,-1.00614523023568,-0.688148840505322,-0.865945745151298,-0.706695845236228,-0.404787373731403,-0.527137829699814,-0.571595834285486,-1.05199958040807
0.453508354349334,-0.0136595907664761,-0.20797447489542,-0.383590583724422,-0.793302138208973,-0.58679722532771,-0.808622123104315,-0.676849771332508,-1.19422859802774,-0.550277710333047,-0.926221141754629,-0.71896863634185,-0.380418813489385,-0.528451250744187,-0.582571637268471,-1.0783798060817
0.510279779632689,-0.012690102761576,-0.154101711672114,-0.350752509888346,-0.821212405079839,-0.643390961293774,-0.816889022966577,-0.672865066411819,-1.10227363967881,-0.552575229526287,-0.898633576532801,-0.719407385936669,-0.377196420909386,-0.595757857416864,-0.651513562742412,-1.0699669206013
0.507008716847444,-0.0175100134503831,-0.179571491889192,-0.324324466194038,-0.74638384858208,-0.685292594915168,-0.97713688094948,-0.604282891159552,-1.20406576948785,-0.564244454218852,-1.01005966258575,-0.790230988511602,-0.392849629337906,-0.57984312521702,-0.51583213301833,-1.10791903809864
0.560034735762169,-0.01193971246111,-0.218541001539453,-0.310000407504649,-0.73519577638799,-0.64196939383255,-0.810932188297311,-0.619081931909404,-1.23598776896958,-0.498253437591241,-0.767621680922792,-0.710301023212486,-0.387960020773367,-0.569529082840673,-0.637536642932163,-1.04067171307526
0.519964755973375,-0.0159852704573852,-0.18459228589631,-0.340619900978555,-0.748219057062242,-0.615848194915323,-0.914837980496199,-0.622932339550627,-1.18643597676357,-0.437677096800585,-1.02370685293087,-0.636569451013018,-0.389331282387168,-0.547637878466599,-0.621038349015413,-1.00643048017511
0.386489234579551,-0.0140993372133377,-0.228345112627694,-0.366433509773248,-0.804717904459006,-0.596780133407054,-0.891873027436344,-0.640400749116223,-1.02600843707209,-0.521895615174352,-1.02117752622695,-0.843760196606689,-0.381328138660485,-0.5726314556836,-0.598980045150112,-1.04790410397035
0.564142946699305,-0.0142675859666989,-0.211724410034189,-0.366304653695391,-0.681233188651217,-0.610340625673024,-1.0129276618117,-0.625929349315072,-1.05407921128963,-0.496240023107492,-1.05263017023565,-0.863648424201952,-0.41780583785181,-0.60299837920161,-0.641896061054993,-0.960699907396651
0.508624510647275,-0.0138564291927418,-0.209658467586801,-0.34879858585474,-0.805167782060744,-0.605827070530866,-0.863629256224545,-0.625785469312848,-1.27714092056633,-0.528981897669702,-1.00830928555429,-0.732411033883184,-0.39728459246815,-0.59375334141142,-0.613883669371379,-0.995581898962995
0.519957367776572,-0.0113046616093255,-0.219310267716525,-0.326120067173984,-0.745157798760798,-0.585111520391474,-0.901410011364082,-0.631536168298532,-1.10216706239876,-0.418351906965553,-0.842717822433297,-0.728432779083087,-0.369019599502797,-0.529291553629082,-0.559379702564853,-0.996549674862159
0.53216857964765,-0.0103531942766355,-0.135285784565941,-0.335074256496488,-0.754591240250789,-0.585964456605055,-0.901828889792034,-0.617349431596114,-1.31179961467087,-0.578965210000287,-1.13254526841223,-0.660588331704052,-0.369898346049785,-0.573768109292158,-0.678129965747812,-0.983442143146035
0.572454604995267,-0.0159006061007681,-0.281525682557645,-0.326983711068741,-0.750780100787199,-0.645035791815361,-0.918693893738841,-0.612043766730306,-0.863214003744964,-0.613926816021166,-0.926344409274115,-0.690658160938561,-0.399377201902556,-0.612525861091178,-0.557016545499049,-1.02018998060126
0.565533076322157,-0.0125856103812564,-0.228828675970815,-0.338223242778009,-0.756737745736222,-0.617269705543701,-0.82561742901777,-0.563640525664205,-1.04565237400076,-0.532974841817044,-0.837601523810408,-0.633449254856415,-0.378140216360591,-0.574070702029895,-0.618636576309079,-0.956963898676851
0.577349524856413,-0.0187485045441449,-0.138576576055813,-0.369139993966773,-0.862597938383552,-0.702212953097405,-1.00780165143463,-0.656986082466597,-1.45595950513378,-0.411812094559508,-0.718518577737078,-0.636683480843906,-0.392783351754859,-0.55280389622665,-0.569901529932861,-0.992827322566357
0.466762319561202,-0.0112384062480589,-0.213621046452036,-0.367214579126213,-0.764415660185527,-0.616368212275578,-0.937749585993828,-0.619668279538941,-1.30167420506548,-0.555407103994707,-0.72679286738974,-0.68746439012795,-0.37891307180421,-0.529849209388492,-0.574036639446272,-0.877454703955497
0.523392113372672,-0.0132681789339634,-0.232417459310461,-0.352912606796106,-0.720182516669463,-0.644707479382521,-0.872655252745814,-0.649654009022409,-1.17487563437903,-0.493228909642537,-0.902660710105151,-0.683371397660535,-0.372058884686665,-0.566657486462548,-0.56627693818918,-1.05626925431041
0.57309918349408,-0.0185299351357958,-0.225489421766663,-0.358039467923557,-0.737142902950452,-0.617406662454654,-0.872346267048785,-0.541497977138982,-1.17438384641283,-0.475207225439178,-0.877797802176669,-0.670190347062538,-0.38010450455487,-0.559661509808274,-0.598193404407275,-0.981259121812368
0.459709248609695,-0.0100084316174971,-0.180813542170302,-0.330855952059478,-0.736741012048703,-0.627401431752189,-0.868888310251631,-0.634135892694671,-0.931065573735679,-0.588725559617753,-0.947153056338943,-0.7086208777969,-0.340150449497004,-0.567996295744148,-0.590280022882748,-0.970780246508042
0.587316526304829,-0.0133850297433393,-0.146079151131149,-0.371248856980882,-0.779208646239947,-0.608085112070033,-0.956094982684106,-0.566812840643139,-1.25640904320514,-0.479968018725282,-0.716779000568186,-0.785199693386508,-0.397009971258038,-0.563628956060223,-0.597187918714528,-1.09872046700989
0.590461474058739,-0.0190093829881778,-0.154666546208814,-0.365966959314955,-0.713476435017658,-0.581544951435294,-0.839231695175831,-0.53191007218257,-1.18573336292581,-0.537089815854343,-0.870721784120841,-0.725814135038189,-0.422887029490772,-0.591230093343377,-0.603344615126192,-0.9992402749622
0.456088667959308,-0.0199333012653045,-0.210515740887418,-0.373614091661408,-0.870817207441169,-0.614302931723005,-0.90364813984749,-0.580196274674738,-1.47748411282915,-0.56259747071559,-0.958144036067851,-0.744294329439019,-0.379334548673882,-0.546364628567401,-0.612408177636885,-1.00543360417821
0.48386357097392,-0.0103060447236054,-0.18086281252419,-0.349094027332484,-0.773568248430494,-0.61909067740131,-0.790070781036646,-0.647593251184484,-1.3763447206042,-0.491493799884811,-0.94789627004234,-0.795378878676332,-0.395307239786658,-0.535686909128992,-0.544018304626998,-1.0418381860443
0.635539502895374,-0.0130695570771218,-0.286888083491308,-0.37148064960708,-0.808007899239151,-0.618638867866798,-0.983256546470733,-0.658039340460729,-1.11733547317193,-0.586714716146656,-1.08557616470186,-0.698034091585713,-0.401469638556334,-0.5475129652363,-0.642337051459524,-1.03153792726167
0.491432399493072,-0.015054987213737,-0.177694623089231,-0.389643342629539,-0.782339984791351,-0.677762640834778,-0.821056809326387,-0.573441559038224,-1.00447441493191,-0.570221407552423,-0.591206027421856,-0.724419346732604,-0.389021234972315,-0.529317348587505,-0.590751857614552,-0.969431300395796
0.389238708407612,-0.00899878799853904,-0.149866572774489,-0.371065387888634,-0.803933535342142,-0.648044749311305,-0.924902900239341,-0.634778947901857,-1.21219824958153,-0.601217137707548,-0.984886332923549,-0.761579943993522,-0.361105241008433,-0.551879817575611,-0.600877260924587,-0.96891002353356
0.542405320331902,-0.0172901807680535,-0.276401314911002,-0.376801001315603,-0.784522673800486,-0.681942317636307,-0.94404616065812,-0.629423909197114,-1.35648372267139,-0.529387529789576,-1.14293979377334,-0.82724375323096,-0.38440445940732,-0.536951233390662,-0.566479635132082,-1.04785478203106
0.530630816621189,-0.0109427278045203,-0.192516825646606,-0.336356991509609,-0.852057162444389,-0.5801986877512,-0.859682877306411,-0.620506268672709,-1.06933147185648,-0.515377246467265,-0.856270650726839,-0.730783377794342,-0.387414984616028,-0.547107039239663,-0.633146963396017,-0.971687296196836
0.494604243286987,-0.0136895208919998,-0.267784243433774,-0.37136665350523,-0.868866058028738,-0.617386566944699,-0.902960439414587,-0.665770057220726,-1.37190346574448,-0.516899264888755,-0.979923836314608,-0.736178022615557,-0.419601882329729,-0.549229462877783,-0.610537957291067,-1.07528219624011
0.459351145028417,-0.012916700607547,-0.218549223708056,-0.387308377459852,-0.856945074693863,-0.649437415568427,-0.812031657144969,-0.695930542822421,-1.60644163406439,-0.535618456867849,-0.952386457658979,-0.670906168357763,-0.411385059863241,-0.545293043718491,-0.545132636237314,-0.978529282953694
0.495052344922348,-0.0150589609563129,-0.274870739730116,-0.366040497086353,-0.753023479392158,-0.654241430732248,-0.852720424602239,-0.677530945433867,-1.15527598570109,-0.639527765402319,-0.865612768826865,-0.733714744382858,-0.355931395687665,-0.552495606490366,-0.526566949878967,-1.0435611774912
0.517394772683304,-0.00712831713546231,-0.233496266003408,-0.377790363363745,-0.809083325630849,-0.629901602356848,-0.956636595169379,-0.594693869756935,-1.42472481580526,-0.574364959330364,-0.920081620988261,-0.69638169249706,-0.385144443810746,-0.53205511991326,-0.603309872090986,-1.14551724903789
0.586280685788257,-0.0158778523290391,-0.26173763253755,-0.322570275399806,-0.736673231393296,-0.607853819043611,-0.840239132784309,-0.639158515810375,-1.08441605565207,-0.486137312567686,-0.933465160787181,-0.659357978910952,-0.399144954539705,-0.515673270525725,-0.568128755437624,-1.06901311784559
0.588395352348696,-0.0128407510098555,-0.270380632571202,-0.344556740482307,-0.822977134139567,-0.662568669957899,-1.01608220066078,-0.697093513197988,-1.02380589122475,-0.496968743562157,-1.0381436949065,-0.772915981959796,-0.379983606546546,-0.56377535179594,-0.60313093438882,-1.04263343936933
0.49706229909109,-0.0119342600076348,-0.229896945354723,-0.314597368054222,-0.833012014347245,-0.565091948975352,-0.781709000163963,-0.633211306322699,-1.18940837263314,-0.532768025854241,-1.09960800272568,-0.678970911733633,-0.38922453835271,-0.544137929997841,-0.623987677306829,-1.00874069646387
0.554348701469359,-0.0156004242062183,-0.214108377532946,-0.359613319519601,-0.73406789703113,-0.632258250826251,-0.979366891431012,-0.656973738915316,-1.01303556113709,-0.561303662952407,-1.01418199670117,-0.839051814282624,-0.351650842221185,-0.5911058440543,-0.646427510599625,-1.00427661195265
0.335772605175566,-0.00858604489966661,-0.250299099745918,-0.34426250310854,-0.846318075390788,-0.600933350378447,-0.696870576823718,-0.68673658630487,-1.22943815471203,-0.484753194680507,-0.850461300698125,-0.621908767277191,-0.372489215625161,-0.620734336723631,-0.601399197426583,-1.0855976822535
0.489983203413853,-0.0171260708008507,-0.249839440822745,-0.325693901060826,-0.774067262682679,-0.661012050835274,-0.839092024122206,-0.605864883066127,-1.10564110912486,-0.571159265087659,-1.02876214214977,-0.690331180488052,-0.406268859574612,-0.554340055081917,-0.602559319545586,-0.915182762930012
0.486656266035025,-0.0162703539977752,-0.153906376324387,-0.344036761810726,-0.760068938604787,-0.616495948754064,-0.81009466078671,-0.59359482910522,-1.17606095695395,-0.573603788754682,-1.27048963620532,-0.583562684264284,-0.385976642145668,-0.574723496211602,-0.573516020072256,-1.01818339343346
0.408276256378104,-0.0113542824619646,-0.18521317596267,-0.347992258068579,-0.84141966687928,-0.618161198910124,-1.01277609263662,-0.643506277790003,-1.03338849349228,-0.595845216502977,-0.798673470188564,-0.692784732498215,-0.401140604087302,-0.605262466258212,-0.579721496953412,-1.04980909080477
0.464285374340044,-0.0140155013421403,-0.207809733894578,-0.348095231090954,-0.734688983132174,-0.583381255683671,-0.972690764564524,-0.581752907662111,-1.39149253015425,-0.555285628414516,-0.919151934101902,-0.606664377157514,-0.389284384666146,-0.601244079813578,-0.555670069502099,-0.977798151284311
0.427866987459905,-0.0115623187673864,-0.226574732031815,-0.329307344399606,-0.799604818878992,-0.613695724627888,-0.808201078455899,-0.66986717577584,-1.16675796069694,-0.383964094219248,-0.817335572035157,-0.632782674993329,-0.377122690747439,-0.590282273938067,-0.637822758643942,-0.967961446067381
0.601558641064666,-0.0164924655530291,-0.2771412266199,-0.344352911570607,-0.744692068932343,-0.62787355564918,-0.855306650046168,-0.624673649467943,-1.22292123084357,-0.549957539464596,-0.952124126888883,-0.818312886014241,-0.408011927186152,-0.57570844342491,-0.599117061388624,-1.02473329605055
0.359969188630349,-0.00667548056720071,-0.227979233212014,-0.390224505765377,-0.810449947870087,-0.600391785564623,-1.01471484734135,-0.635884826696693,-1.16342713329382,-0.547488599516556,-0.744646685732704,-0.698491686357968,-0.402544541178777,-0.53989364826687,-0.677164726182671,-0.975586087216101
0.505817431040368,-0.0171587495778729,-0.1657314844379,-0.330077073577395,-0.895982657400459,-0.609687018029585,-0.958973501113482,-0.687531270478179,-1.26333373174614,-0.532243921585303,-0.943000077041381,-0.722783310805741,-0.379243114298647,-0.527491949130068,-0.596221198531674,-0.916957169496367
0.440039381227993,-0.0145995386325528,-0.189242762521227,-0.378997323004421,-0.758000768388922,-0.623110474969097,-0.917611525196136,-0.679582216943391,-1.04663342530378,-0.459507379356454,-0.862180885792329,-0.699587132612093,-0.39209313246153,-0.575295414970805,-0.638034513410696,-0.992435670469925
0.544858111742082,-0.0132741777592315,-0.173230834171734,-0.347463095892913,-0.759799709410696,-0.661859714487702,-0.911698939396821,-0.630300817678192,-1.21277135334588,-0.571991714199605,-1.07955076058374,-0.775446469023147,-0.382699531711874,-0.575353774867561,-0.595607238835763,-1.0293788245017
0.532654891240721,-0.0108983515433328,-0.165064479533305,-0.348060676239849,-0.795619634980257,-0.638617592691673,-1.03680045429139,-0.54677498961397,-1.31484480298603,-0.573568925228583,-0.895483740132422,-0.711475415967826,-0.37027089174132,-0.54956675541269,-0.654200691230274,-0.967323747854748
0.507965646827013,-0.0141814686411728,-0.131593807296914,-0.38368936686442,-0.761431140718651,-0.650096405149502,-0.804830700476723,-0.607481273171999,-1.0571550892261,-0.49903729534819,-1.05556044767749,-0.733443283528963,-0.393347236490093,-0.570485379126532,-0.631113898712846,-1.00312863538021
0.456497195036954,-0.0142976559061327,-0.186137454189413,-0.376442093993327,-0.727981557327816,-0.639249860732738,-0.82380877317945,-0.550843847025571,-0.849754814657011,-0.498104390106563,-0.832837923136517,-0.679644335064062,-0.370874279505541,-0.568849997331469,-0.651134695559064,-1.06700540182107
0.53761877117083,-0.0151663931691812,-0.206258182078952,-0.351705514940687,-0.811661707696021,-0.627953227929665,-0.844101395045905,-0.658712025910674,-0.904837059272411,-0.581885360649311,-1.25866356745589,-0.725521429587603,-0.397519944748257,-0.592983006269455,-0.565625747141774,-0.947564667636112
0.559951852838867,-0.0122343386139366,-0.203697164709683,-0.348459030545124,-0.661152025889586,-0.625411638533799,-0.965248112936347,-0.44867694474917,-1.17176363619511,-0.512210999816224,-1.1060393732932,-0.630409936016133,-0.408523824483502,-0.55664514576688,-0.591493966897251,-0.976622061859683
0.470880195544763,-0.0120349409792042,-0.286385157976065,-0.369462911469536,-0.850416026354449,-0.622332857895509,-0.888708010470652,-0.663432680309556,-1.31207333557619,-0.619253919012178,-1.02744962590057,-0.731506996702699,-0.425317352757993,-0.595912376842082,-0.63071133485576,-0.95118296291909
0.492813044926286,-0.0081815894446845,-0.311373311970242,-0.367971026108391,-0.819271562593941,-0.625069335368142,-1.03512725925484,-0.705155119756032,-1.2909864127216,-0.665747098625941,-0.94644665773739,-0.757522101441221,-0.365695231968095,-0.52268550090007,-0.649991219828201,-1.03792615402799
0.472484272357508,-0.0124228705176955,-0.291904955635496,-0.376643567835142,-0.850089824374777,-0.656995154118387,-0.940957631351081,-0.593649508386322,-1.36516484811899,-0.516713016657223,-0.693981759045076,-0.658997065998324,-0.3457724920481,-0.562682989783086,-0.565259386612397,-0.985677225581513
0.508856731920022,-0.0131721596483917,-0.28845330122391,-0.349293290433929,-0.719951501707723,-0.594315679574907,-0.90544982052525,-0.538424581707922,-1.2410773124638,-0.481804344480214,-0.872569514261885,-0.844402446993554,-0.428888484710651,-0.587818454106015,-0.609995998302201,-1.0286411409814
0.476298692609698,-0.0125062117081987,-0.254987695009447,-0.343481396564201,-0.808860770215586,-0.659353935486007,-0.956515499695426,-0.592253544546775,-1.12694764288527,-0.68259437199116,-1.05541344156169,-0.790152605898121,-0.389206870682373,-0.616918461903999,-0.583313600712419,-1.00216865994696
0.643660223195013,-0.0194683059633146,-0.202284245607755,-0.388884591366662,-0.813591293456951,-0.591796232824788,-0.958994399526164,-0.597177751593281,-1.16036136884639,-0.55761861861991,-0.778310066639987,-0.748200976020346,-0.413417561160492,-0.561490237110976,-0.593846574324575,-0.942019233585571
0.539399313078373,-0.0133646849621238,-0.222724131054309,-0.37551267031568,-0.716061411017191,-0.638400283052882,-0.864608845955932,-0.590003308694855,-0.891342167915716,-0.603970774057856,-0.67976746365344,-0.63098053111509,-0.400371214134838,-0.600932300731871,-0.61756856472606,-1.04129957632386
0.524824467930957,-0.011128370504565,-0.286253221239896,-0.357450756133401,-0.745593420919494,-0.586522905736826,-0.92256704816171,-0.563335216190491,-0.926069851829217,-0.543907618580239,-0.822089574646494,-0.70823692514975,-0.399885545991306,-0.602133356746693,-0.598998181448062,-0.962603902466196
0.564646517007047,-0.0181786645210108,-0.201677293857716,-0.360910773527809,-0.800426910421897,-0.572135013201319,-0.915546939279167,-0.635109515570813,-1.34819891902045,-0.526910829563043,-0.902131286637962,-0.721587696585032,-0.395724321376621,-0.57947536470141,-0.695481903445655,-0.915557425554215
0.582355521174958,-0.019723641723466,-0.263774142121213,-0.365008761283528,-0.85822056622476,-0.649463799320261,-0.78443210907111,-0.624548532756609,-1.08187931411348,-0.545023339781549,-0.758323376453894,-0.782028247935301,-0.39918582024718,-0.622681346785097,-0.631405010446348,-0.93218151221449
0.504436671685822,-0.0131415175519763,-0.227823834088773,-0.414511663479366,-0.824518810551762,-0.588614042773925,-0.867567077351713,-0.556550131554212,-1.12885014800099,-0.527794015291903,-0.718856313485444,-0.745794882943541,-0.380852401878429,-0.616814250978218,-0.650801933313398,-1.07415338890697
0.534188472137866,-0.017857581112864,-0.1232258321403,-0.380468511005092,-0.755554199143769,-0.621457712269215,-1.0298282984068,-0.604149415258456,-0.965078279675519,-0.457596069889194,-0.919352270719041,-0.697296638363836,-0.391133185938639,-0.600747179801937,-0.616310064463107,-1.02238427854238
0.442457430763212,-0.0104598072725099,-0.287806062013801,-0.334636434436171,-0.785116463706781,-0.614615989085566,-1.0423128204973,-0.592389375082099,-1.30816663775228,-0.485805467681846,-0.897432830437253,-0.806930181564507,-0.374470010639046,-0.563925712977492,-0.608836942987664,-1.11430021967709
0.607128981482173,-0.0141464883564785,-0.219174197720492,-0.347604055357748,-0.680483767413516,-0.611149836758785,-0.97146066222818,-0.502822972185251,-0.629328502783173,-0.425161656023495,-0.93012207904618,-0.669722809024972,-0.423003025481375,-0.59509901419878,-0.557757782003442,-1.03007736171187
0.367186033411223,-0.00744512617584058,-0.200865243628446,-0.365425299963897,-0.821753259245737,-0.639597211641213,-1.0049066315758,-0.594061105972821,-1.20496191507667,-0.681789110061694,-0.642743347840525,-0.774070054511908,-0.395032339490455,-0.637442500503102,-0.553552618462591,-0.987447077030633
0.512160197562817,-0.0148721656744496,-0.271821229320072,-0.347807460865996,-0.683090100593807,-0.618047585094115,-1.00991976940778,-0.592887678363227,-1.4215054362322,-0.543228850623869,-1.05175272237377,-0.598620779564453,-0.384568769473509,-0.573571496398993,-0.580240493787496,-0.965599012486978
0.506425461455837,-0.013878383962088,-0.202718938307317,-0.332674223666057,-0.804830966399412,-0.59806016143685,-1.09764268055646,-0.653676576400042,-1.09509224862394,-0.483840066384645,-0.731460497513928,-0.70296878064259,-0.394556569365854,-0.562144683053062,-0.583367438755286,-1.00660894334048
0.585390911739904,-0.0178220882362492,-0.196885533490678,-0.364702729256676,-0.73570351176305,-0.696225451238276,-0.786784935079208,-0.582850584394507,-1.08328228902376,-0.565627192158626,-0.77964944890121,-0.612945270185385,-0.386321794368496,-0.571955260335005,-0.621333399894446,-1.01881338071535
0.495650378363125,-0.0120643787880343,-0.159032954961273,-0.334130005306641,-0.755672791337422,-0.546636661926874,-0.91641567272644,-0.53468446759733,-1.08926623962108,-0.461238359764647,-0.920016649150336,-0.683746159940325,-0.401611141211232,-0.529406062821461,-0.555758549113635,-0.957817886260622
0.46167583898296,-0.00972805938588459,-0.193280304284965,-0.351255195062802,-0.759471400678633,-0.672839883577839,-0.962549784527052,-0.719715769250927,-1.21657414452505,-0.501914816585284,-0.762162674240321,-0.662200210196844,-0.373394761685515,-0.544464601964019,-0.632856092393871,-1.12347020936993
0.398872696392708,-0.0107125723927699,-0.194018731273423,-0.36042865992904,-0.753941014405907,-0.554194340852336,-1.0713539574544,-0.656723977259318,-1.21916814446437,-0.542821319940086,-0.972492300094274,-0.587605391644855,-0.362195356523265,-0.566055525808142,-0.606111594240817,-1.01438425695743
0.436010074140198,-0.0117962155702644,-0.187505367994448,-0.371454995895056,-0.807724085810669,-0.66923965068014,-0.934864029752446,-0.606959812636829,-1.10528802659941,-0.56679045152601,-0.954518832325579,-0.762420617390337,-0.39185896154798,-0.613480020173393,-0.620497067138726,-1.05008184181782
0.527386945825547,-0.0167447546680111,-0.179404631598775,-0.335035130619799,-0.801641196076686,-0.574255247384837,-0.822838836022629,-0.615743732522959,-1.07832843410003,-0.587281126751356,-0.958757203661676,-0.669614870212352,-0.362834492349747,-0.552409863377412,-0.560670623408042,-0.94386216521034
0.527378715434629,-0.0169226082243983,-0.241037679859244,-0.382126137918377,-0.809690118738844,-0.645818321369146,-0.800131192758343,-0.691975952477922,-0.680926468617903,-0.57304819225053,-1.03546115928522,-0.682625267311373,-0.410877615426458,-0.596334992393525,-0.563968570638568,-1.00704497669547
0.345577866073632,-0.00834120774817028,-0.174391837183236,-0.370382227391357,-0.884002402426172,-0.620152182431095,-1.04261346814278,-0.567912863011393,-1.11316668546855,-0.592911736240821,-1.14746591376765,-0.811658968697092,-0.399783622992006,-0.516330951518005,-0.58412871545971,-1.03474731207369
0.579223773870924,-0.0165821238199758,-0.169581602021054,-0.375245820062321,-0.662803837218927,-0.643954281781493,-0.920431225351914,-0.641053382017268,-1.14989939531546,-0.545659112361986,-0.79896522035737,-0.788362179857215,-0.387914607569676,-0.550433121022937,-0.601149266051615,-0.996549941124214
0.425597592334987,-0.0099502509542333,-0.237704417905889,-0.384143726549781,-0.81062218403049,-0.665644001130835,-0.80589007887231,-0.722540028505801,-1.03842234816309,-0.434340036751574,-0.716622499102626,-0.688184176921598,-0.397759561862958,-0.588159516753881,-0.539420168919258,-1.01370534783944
0.476016962959428,-0.0163694130660155,-0.198429957603148,-0.3749606104094,-0.817777538855576,-0.613526590965435,-0.964899797547528,-0.686086660909878,-0.816310705852509,-0.376940621240194,-1.23783900159236,-0.586161929597355,-0.420937005574677,-0.592160950324282,-0.64877758057259,-1.01213336347103
0.551681373898848,-0.0123133312198178,-0.170796635695483,-0.332241340672334,-0.764463451190894,-0.631530005176075,-0.964204585199149,-0.64032714622906,-0.830023091583932,-0.516717241691903,-1.04828410971953,-0.783765414804169,-0.415354387890916,-0.525154421606011,-0.63873098183958,-1.0945474025957
0.549235931388502,-0.0130157764221261,-0.22190650598771,-0.374527598937419,-0.825404193281944,-0.57801984596963,-0.897817235907533,-0.615011555533342,-1.27259302026416,-0.50455466533539,-0.996505179598922,-0.814134091979464,-0.43003898737709,-0.531852322581453,-0.642602223925402,-1.01985266981007
0.531532317399526,-0.0124825098382148,-0.189279908986794,-0.386034758996792,-0.667471393369448,-0.622502413610811,-0.769501974286804,-0.562155947975694,-1.04719423781288,-0.544063400302343,-0.76385334029737,-0.635825486445712,-0.384711736084039,-0.562558886011655,-0.584769855844542,-1.0638022849937
0.491103729100465,-0.0085004109986819,-0.171111797522908,-0.337220766629269,-0.766782688007403,-0.61143550182452,-0.846876533603062,-0.64633754715689,-1.07287715966797,-0.550341254753965,-0.826449545516396,-0.545290131258,-0.415775422082578,-0.539738583802744,-0.588413352845042,-1.04133699695832
0.547407258389389,-0.0147513000855124,-0.225148771223432,-0.345286077602617,-0.723020281849389,-0.61850384849937,-0.88315232937036,-0.64289050085071,-1.30709390891399,-0.344926928967878,-0.915473463917232,-0.767222017004134,-0.373995021386682,-0.586313340832189,-0.626305137307327,-1.01358565909825
0.526821390679372,-0.0191760939244599,-0.255580591903804,-0.353520722235582,-0.716296481307297,-0.603856296310318,-0.924053378440346,-0.647715473154007,-0.994279935331113,-0.508307942644895,-1.06428173071868,-0.705749884383549,-0.426344380065404,-0.538718781241916,-0.570237827770928,-0.982517661142287
0.493575835776486,-0.0126375671276368,-0.232045387426918,-0.380660046131298,-0.674289403750009,-0.620877614818398,-0.972610079321747,-0.620759345404616,-1.08268152138776,-0.548376329612177,-0.786700855358637,-0.684283942726323,-0.385473227015103,-0.534707132256713,-0.648435667621444,-1.02475640974435
0.55642009784154,-0.0133775463420613,-0.219881052758775,-0.327875764344432,-0.782330727892528,-0.615058332498033,-0.982581001684713,-0.577052216055901,-0.840135286816751,-0.601013386865603,-0.790807696328651,-0.791383378376639,-0.415832000405212,-0.582770352041073,-0.61537361722097,-0.970197645278943
0.461017796864146,-0.0153361241312849,-0.191562761539076,-0.376214329226208,-0.802591833904222,-0.568891468010823,-0.80677631545662,-0.698092648444791,-1.34793770119299,-0.483690118233828,-0.955225731798629,-0.636775373867584,-0.396043803858464,-0.555576620049699,-0.56638395407275,-1.03835971035486
0.521598614104755,-0.0150537075159093,-0.273252944593192,-0.397635493455116,-0.714282329606919,-0.64413546888911,-1.05474811527081,-0.672895898422113,-1.41152826323389,-0.524561343922176,-0.905162683389917,-0.681333057111403,-0.374668417966607,-0.532521224104869,-0.615859865295845,-0.98356439093203
0.45703551105267,-0.0108266010963876,-0.192370169624102,-0.35760382890241,-0.704035410595329,-0.593434640407587,-1.12174895930073,-0.570785823735786,-1.0313091259708,-0.603463477718485,-1.10506417305572,-0.650773697207569,-0.357937855021891,-0.547512926346289,-0.642609554274316,-0.876083107225392
0.453231263398156,-0.010840690280339,-0.154847559522848,-0.33916623375446,-0.735786589241944,-0.623818569558463,-0.810144673443293,-0.591416789174928,-1.27364243633323,-0.450794006490548,-1.06704277645323,-0.787776638772389,-0.358801647039833,-0.592283535850908,-0.596285595153978,-0.965267213425191
0.507975364009151,-0.0110733108207016,-0.212283306851766,-0.312417625647497,-0.791246930881578,-0.614731571417467,-0.904357643986105,-0.617113421826628,-1.24587555055927,-0.45686923034634,-0.802139948889124,-0.799448326721422,-0.376178547200236,-0.53429374532126,-0.583116589702379,-1.07709727316394
0.579296208104352,-0.013547497650752,-0.244174851927593,-0.37405416042961,-0.794412863368966,-0.645705359490603,-0.898335192547568,-0.621672707579298,-1.20636837067462,-0.524189362871782,-0.859516910482764,-0.732457979128834,-0.362336493230203,-0.582599228192561,-0.552762785321457,-1.02995485518497
0.488763171176986,-0.0161022915240532,-0.134949207796998,-0.371063874689262,-0.781289461177609,-0.616439236852814,-0.760818836210923,-0.567876820672305,-1.32764883390114,-0.602779587314355,-0.815253385116597,-0.713190488909588,-0.402600334414619,-0.583018618000073,-0.599205243243754,-1.02543838534713
0.491000724339629,-0.0141437980199296,-0.109213293157359,-0.384505173521761,-0.814679528855398,-0.608910074419175,-0.868704295421922,-0.57747637480006,-1.14489393057771,-0.495336019623392,-0.682907795606797,-0.738528602916091,-0.39499007482133,-0.565235679633407,-0.574888890760437,-1.0057614187054
0.620937718788017,-0.0103166815001483,-0.227731927706892,-0.374175041418605,-0.76358947816951,-0.658662512618592,-0.913053407355119,-0.601051861468052,-1.34463008699907,-0.478106630316107,-0.716052062665116,-0.666134826726291,-0.3668754133466,-0.53730582299313,-0.629387470040908,-0.932388680276774
0.486734427981369,-0.0136553911756468,-0.323163071303452,-0.348088428024293,-0.727056922540092,-0.660754219369223,-0.745791394035143,-0.642744693994584,-1.26416328262487,-0.481201154253741,-0.823447331627371,-0.813523392461624,-0.41573894685031,-0.592654475189623,-0.613343102806308,-1.05914610943828
0.481133706820495,-0.0136714934374544,-0.17599721266684,-0.400793122826715,-0.887058501025573,-0.608509559310416,-0.855059909319491,-0.618930283430465,-1.04393360051256,-0.436053051662529,-1.00217386384333,-0.783223948938917,-0.358688691734341,-0.557008015932663,-0.606989079220288,-0.991855513445425
0.504558503129585,-0.018013555464778,-0.166016416662448,-0.401547867046143,-0.681562116252721,-0.635235460441381,-0.866025583490957,-0.694473017226118,-1.00350010474167,-0.581056547780517,-1.16288754578932,-0.673216752988685,-0.380176994531907,-0.55621880825565,-0.637593821447349,-1.01614389745879
0.581865042156764,-0.0205155467277847,-0.193656469795933,-0.34393862065703,-0.848828667735424,-0.650188089731795,-0.940579742274978,-0.671687588394261,-1.06282644294003,-0.559801280746403,-1.04176558472995,-0.778559072576361,-0.400903392845958,-0.582661927889274,-0.562450414656985,-0.921714113329658
0.468480696492873,-0.0134079877938174,-0.172603060332235,-0.330426835591745,-0.822556827830955,-0.59712099051658,-0.9991891399368,-0.642404282009096,-1.02120232616719,-0.478254658974876,-0.888683184936237,-0.735227929178519,-0.391899444234242,-0.579242896535436,-0.596991864049536,-0.991320913381393
0.467199212418443,-0.012420812855897,-0.241575305960544,-0.351603545610551,-0.811197387798095,-0.570627161597932,-0.888542806799271,-0.554222747943578,-1.19915224071503,-0.464749288311213,-1.09447464917517,-0.711720257307892,-0.369284019626511,-0.615918331135328,-0.617460318441402,-1.08010465950256
0.690116034573019,-0.0181349481859566,-0.287049159985079,-0.345760316990554,-0.712550732567905,-0.6268049691592,-0.909262282974652,-0.618122824815403,-1.01179780299088,-0.649446362832284,-0.802097991508045,-0.606262338126493,-0.416232410692584,-0.583181843326547,-0.647547562902494,-0.997685224490179
0.42262427912291,-0.00813833689409958,-0.215037365507238,-0.353742142358926,-0.90387381005802,-0.672880913773937,-1.03584768610232,-0.584699096196477,-0.988809701602635,-0.452508985345009,-0.63169835351903,-0.791706625772597,-0.379118428078172,-0.649367907286156,-0.615672090360183,-1.04168838103906
0.396073772224278,-0.0105794584170949,-0.172894932676014,-0.372452318263033,-0.735652103340627,-0.624882054465756,-0.86443035917089,-0.60478242754491,-1.00868429164151,-0.610143706714177,-0.953120209534932,-0.724506198266731,-0.38255603895496,-0.554328072925368,-0.599432921352894,-0.923450561814192
0.590165121952043,-0.0165399971680392,-0.199822231581431,-0.392065416904695,-0.772452610353505,-0.656314286547351,-0.995201253727526,-0.631716216832522,-1.01144960467954,-0.505117377434915,-1.06741652780795,-0.762426354133679,-0.384053060106605,-0.525558551840685,-0.654169390388492,-0.994437157150195
0.399339053735301,-0.0118273550729743,-0.182141614057235,-0.360447738021686,-0.787098716807753,-0.627141075386804,-0.974982698883471,-0.575421780114788,-1.18362458354049,-0.328163076794499,-1.00061545384785,-0.753023396372184,-0.409365564543803,-0.565648067336177,-0.597285023204634,-0.94726065815681
0.533076655245452,-0.0130340775912725,-0.079307867474317,-0.362222333543874,-0.735752175398392,-0.605748448808451,-0.903171819579468,-0.592746294663746,-1.17641497596775,-0.532901969037916,-0.965444198496469,-0.706522258914798,-0.354990049565059,-0.588749266955617,-0.638322345720914,-1.04983053953674
0.483261564394098,-0.0114395171413919,-0.320682530622227,-0.354167009915865,-0.846203946649542,-0.645432754492372,-0.933868669959544,-0.56325437506777,-1.04198727555756,-0.515952772656331,-0.764639745684385,-0.609022689269862,-0.363234808190955,-0.582173334271565,-0.643558216116055,-1.07907406955524
0.613102780404426,-0.0169825897955429,-0.21470986277733,-0.345304124710878,-0.7732331639392,-0.644813860109951,-0.800858211703791,-0.636599199339103,-0.982397688132066,-0.521058447781024,-0.916058354907237,-0.79033671970762,-0.39878044128724,-0.573499257357214,-0.642629614191699,-1.04347513213811
0.47032369147375,-0.0102079987027817,-0.181814661141082,-0.346218261207674,-0.733210312225133,-0.656195114581429,-0.891737101235137,-0.637263876238216,-1.31850401647697,-0.51600354423245,-1.01597246467843,-0.723485593313931,-0.397937350546899,-0.609392010839276,-0.5516504547875,-0.917441181905625
0.472024324573854,-0.0141931480742645,-0.204016563561153,-0.368231365540696,-0.719244107936568,-0.63546317272678,-0.894026342002885,-0.514460271327691,-1.23660793283613,-0.349733875128582,-0.891757341070058,-0.752614744729776,-0.423120623527052,-0.574810150024431,-0.591619574869038,-1.01702662180149
0.467844817628969,-0.0135455220390942,-0.153258137772073,-0.357140812320901,-0.703581950409543,-0.58680893915613,-0.844010717610544,-0.512263837382686,-1.17921686103502,-0.548335175527556,-0.911830064344899,-0.736101652629644,-0.379898665974924,-0.564350807680223,-0.601627127644385,-0.943047546414958
0.435956458464027,-0.0143023143901455,-0.230269333594914,-0.340164316054831,-0.80161125460973,-0.662895795137083,-0.95814169657075,-0.711281214590758,-1.42809304315503,-0.50516780323963,-0.914765508684813,-0.610359454684451,-0.380389685107601,-0.597721359405302,-0.657929483699345,-1.01803637120547
0.469092623105513,-0.0112430503735432,-0.206444405179112,-0.362939223209765,-0.839311852058661,-0.66274282913293,-0.966794464846168,-0.623229633679182,-1.30984749487788,-0.559579344274387,-1.10059673686791,-0.638495315651838,-0.428509418891002,-0.606838801873341,-0.605223011639421,-0.967470657801532
0.423402307600747,-0.0110063240339076,-0.222514309476601,-0.365266708966361,-0.848395044218747,-0.672378303372269,-0.945762406093714,-0.599877598675644,-0.939040228894122,-0.588048454914715,-0.900836929961802,-0.744669070345068,-0.380937632286018,-0.563729096965266,-0.604920524949675,-1.07672469305093
0.547142801883999,-0.0152859505035765,-0.165187369661699,-0.32530366626252,-0.824552098852222,-0.618671130012038,-0.92603084392369,-0.649401500002971,-1.27989369058475,-0.711171866324012,-0.706964354558148,-0.732534910091093,-0.396587645708419,-0.574426924693676,-0.60618362846498,-0.996943849770788
0.531000432986347,-0.0151275969185498,-0.241202667603704,-0.327284819128959,-0.77722753195925,-0.641826216488083,-0.9734633959007,-0.600059850064428,-0.976843731659038,-0.582263214234339,-1.18112490163339,-0.791062736055569,-0.38938900535017,-0.547073845990359,-0.549495662066474,-0.992839146901364
0.631039316295681,-0.0200296056141259,-0.195120757246545,-0.372677496904542,-0.777909808542539,-0.602123167011121,-0.896296273025319,-0.557217736409052,-0.980561528069318,-0.557632250004441,-1.00149824927877,-0.784667171473964,-0.406522291032135,-0.606470117334303,-0.59130919841239,-0.997057139294746
0.398551021440936,-0.0121421242028076,-0.213282147415599,-0.327944309860631,-0.778507822298394,-0.533741599258332,-0.961978068219777,-0.650502251463394,-1.3777702317074,-0.642419342865873,-0.939522737927918,-0.703459195222813,-0.394968228510002,-0.561972614815022,-0.625808500118439,-0.995964344558525
0.498273293390711,-0.0144536586632493,-0.155428831477272,-0.330503004156678,-0.71299426058329,-0.622772768575907,-0.990718430895573,-0.563098357154593,-1.15764739991011,-0.467540869853897,-1.06089022510544,-0.602762002172626,-0.40332091554418,-0.560322259546938,-0.597002106933235,-0.990124800736349
0.430458782554227,-0.0117926486328384,-0.159182754141609,-0.366865701106128,-0.84515435570072,-0.678922820655734,-1.04358871499713,-0.595960894851238,-1.13437612702436,-0.54959800442646,-1.15757985251297,-0.762194975714225,-0.38882866129763,-0.553477016182715,-0.582135195397844,-0.930099520569963
0.490605767830801,-0.0125536212149154,-0.273383108665001,-0.39849913167977,-0.732813369619224,-0.613884065875168,-0.901953448636061,-0.613707235884297,-1.04724147830127,-0.562098316748242,-0.845633509709782,-0.610809129087519,-0.412030296481344,-0.566035670320103,-0.618127564426262,-0.995053004172415
0.505452254653283,-0.0135287699946662,-0.205588152482049,-0.385314300452934,-0.783408189055015,-0.611478633615989,-0.743725562239208,-0.599271957513346,-1.09896709567872,-0.483300942060121,-0.936310466640109,-0.687673914476781,-0.38608059831432,-0.577204083693798,-0.572609136101892,-1.0448044127468
0.429258243465508,-0.0130608796201276,-0.163821579005814,-0.336634211367366,-0.779102451792135,-0.647263353638044,-0.958446897930091,-0.655301269677488,-0.977238081903247,-0.528535831046555,-0.877188651643354,-0.772918492740077,-0.395196869350983,-0.622915200515792,-0.6046490969682,-0.984482608559889
0.572573055861655,-0.0142361654831988,-0.165406259047677,-0.388481649862057,-0.821695294083046,-0.617624620338964,-0.954941485935118,-0.622131867943726,-1.17285057220501,-0.523304115794866,-0.989899921614199,-0.683624743153101,-0.374892265154796,-0.557610727537433,-0.641903349748634,-1.03352672349027
0.526048403168657,-0.013357357572646,-0.206909079309743,-0.361568655879807,-0.776955776596327,-0.613273211789403,-1.11044385011844,-0.592573063243324,-1.0461127690966,-0.390270800702073,-0.93102206921535,-0.805814848127891,-0.354794085891114,-0.606679527979779,-0.560660097931,-1.0400111380941
0.472926491291105,-0.00917217473237286,-0.244146673475619,-0.387370467947423,-0.782893497185624,-0.656245498150352,-0.854598407490323,-0.738708961208854,-1.0805309818487,-0.424328650426242,-1.01704617091899,-0.774773663315375,-0.391696429562598,-0.533288453113213,-0.550766646321533,-1.01397953376648
0.426720560515059,-0.0106886862931633,-0.236230089067527,-0.339438813647183,-0.840633239290138,-0.603361037554469,-0.918744329135404,-0.614991717698682,-1.15673472691133,-0.579804522460994,-1.05072051579534,-0.660769032831227,-0.377314418845452,-0.561746594647745,-0.577726808013597,-1.0946447801353
0.498680434696747,-0.0145102895409856,-0.188254621901981,-0.351898086048354,-0.808641138273017,-0.635869148212056,-1.02405095623659,-0.619821258638313,-1.16084891076027,-0.503119355829353,-0.93282194702277,-0.640938170049177,-0.40751384897094,-0.584222516442585,-0.580974166754294,-0.953874594784883
0.486530734508496,-0.011909653222575,-0.213724466243289,-0.354841731599414,-0.76696937795387,-0.627722348981371,-0.80428396163273,-0.577412668061028,-1.04535073315645,-0.445797169036722,-0.730170038756209,-0.721686045626904,-0.37596497901739,-0.578694756558258,-0.627616785730024,-1.06380007003667
0.454005958690726,-0.012913838724189,-0.237083888781216,-0.336606562939202,-0.730068351173389,-0.623462818823323,-1.00762822810976,-0.696681301651333,-1.24831298632254,-0.652593531786674,-0.954634826189757,-0.874970607921246,-0.39025228159683,-0.539632530330746,-0.655753926586414,-1.01120007945835
0.40052196588824,-0.00971583926094892,-0.307376520796505,-0.371365658856004,-0.80754464693801,-0.629636259176866,-0.903137546175715,-0.572896741015868,-1.14030915421539,-0.523699174693468,-1.13243940577716,-0.608923183404101,-0.413759089080622,-0.531222818580527,-0.642159366858194,-1.10257425674637
0.586007958916249,-0.0172344972540432,-0.174952539351427,-0.372825200558986,-0.799164853037067,-0.689192521928455,-0.935639730493212,-0.561378842619966,-1.03431275265097,-0.533572819574686,-0.869101626149549,-0.600909733296596,-0.398410789221697,-0.570445086623454,-0.640072384300481,-0.973625747786811
0.553584977085151,-0.0110985050882759,-0.250333714378654,-0.337355695348001,-0.740582644964462,-0.620024295529096,-0.768188647837966,-0.718346448739904,-1.07267632823206,-0.546623200201771,-0.998961514382876,-0.618789141930983,-0.370871054045475,-0.578264027608303,-0.565415956453528,-1.03551234030712
0.431939004427539,-0.0108876219434388,-0.203190290153822,-0.330958814543207,-0.848502636433135,-0.568286934884244,-0.867128145853171,-0.58637700683731,-1.49201427152103,-0.545181831843863,-0.914890591756024,-0.718470607486804,-0.397284985867032,-0.533184351802601,-0.577218150395417,-1.06909857962667
0.51768527284295,-0.0134352710703995,-0.0895654639608149,-0.364476120091059,-0.766191950123134,-0.593267075892078,-0.8491673133135,-0.654592821389042,-0.818061552427492,-0.475913762887883,-0.777779613062598,-0.787540485216761,-0.395734725598973,-0.588296748805958,-0.634924867701101,-1.06877544799071
0.533426311997543,-0.0184901677641692,-0.135222201246629,-0.361153658682713,-0.780465372581565,-0.607184299934036,-0.988427084980126,-0.748802989686762,-1.23644649706257,-0.663871815805254,-1.01248161473481,-0.678829162014825,-0.367545491542357,-0.6123599448361,-0.615846323164619,-0.950319415916804
0.448924033671512,-0.0113227547240758,-0.249245217832617,-0.369483121781332,-0.793625742456256,-0.638540853605357,-0.916090345351011,-0.574998294499477,-0.988678481840565,-0.52129019147846,-0.974883216805331,-0.786539010688583,-0.375471010344423,-0.556989370511037,-0.577028590207486,-1.00567267732517
0.496908386080493,-0.013450153176033,-0.184266475749911,-0.381777465532017,-0.761811263902053,-0.6219137484402,-0.922939761591764,-0.581390942944444,-1.17644961170888,-0.528136751123936,-1.11923658224338,-0.728079506676511,-0.368738940097423,-0.568023284394003,-0.61272489469845,-0.992720156308176
0.527653227409124,-0.014863656178141,-0.207652247362502,-0.377697904088116,-0.806365302741556,-0.61430747837368,-0.776343152751174,-0.55045217054905,-1.49094101549256,-0.577535293807009,-0.835043266380276,-0.656857690456692,-0.432355949146699,-0.602165489901367,-0.608716552320296,-1.0699910744899
0.478781094916517,-0.0144547064584879,-0.232026361093511,-0.365130231247821,-0.741391282502312,-0.639414560409441,-0.85800715755695,-0.733843566893195,-0.887750277334347,-0.533410689210183,-0.78561931577523,-0.796357960763802,-0.433483762068498,-0.543542272410249,-0.621918998028391,-1.07395174583202
0.525874447017032,-0.0181036663637496,-0.142121002413913,-0.329463465089356,-0.762979588416904,-0.59170968214023,-0.909896901943891,-0.588234076864585,-1.2877190618607,-0.493088012189117,-0.93996196709516,-0.672355512995768,-0.415296964110503,-0.637316236498979,-0.590135228903653,-0.925665188019925
0.531789399029922,-0.0138200004438784,-0.245591981268615,-0.347529452070255,-0.809902981212888,-0.600072264477023,-0.886811126072537,-0.672589566262441,-1.31571860593036,-0.530062062051258,-1.18195618926523,-0.717649875687295,-0.368540075594748,-0.559671626958331,-0.60552702830855,-1.03607228808072
0.515632016776427,-0.0139531070712236,-0.208361543308955,-0.363104373331927,-0.794999972958934,-0.64613391349371,-1.03616184788067,-0.669060445424123,-1.31717319442628,-0.581546120242497,-0.909603001748275,-0.670603288786917,-0.356022726026017,-0.586086072954187,-0.566861086720495,-1.04710182606504
0.519218788930702,-0.0171300235629936,-0.147810861374074,-0.345600729618218,-0.783449721658273,-0.599575800505148,-0.854249042457711,-0.495377945901251,-0.804635189169809,-0.521468058130667,-1.10755246057366,-0.822035180563841,-0.395728954262665,-0.599129437338682,-0.565572421308739,-1.01080003088459
0.413864137330502,-0.0112330960613693,-0.152555079544707,-0.396054699714596,-0.750008289506383,-0.620448413767854,-0.893621931887567,-0.67224134418174,-1.13464729317497,-0.452450285390038,-1.03785963347992,-0.679560425207724,-0.397812680212749,-0.644843051277918,-0.616004723719789,-0.983261984659174
0.57704091698661,-0.0167366534628521,-0.253022577994131,-0.363959702481474,-0.806145663359135,-0.641256088685525,-1.09817980312954,-0.599097071359774,-1.26908816112209,-0.523737073872777,-0.895756437049102,-0.700550199863817,-0.410542705731779,-0.553708886058206,-0.575661686006356,-1.04883072650222
0.479395328648182,-0.0151446628956771,-0.13682632478111,-0.387626917316754,-0.772468669203146,-0.607856749192541,-0.984063172768158,-0.606515403690681,-1.16420356357473,-0.653246281304459,-0.856630440898709,-0.702064164958393,-0.392247832656432,-0.541535905504327,-0.552832816457862,-0.882466645698377
0.411960909450203,-0.0100811642366875,-0.145208654826399,-0.349063108210947,-0.761586466518047,-0.690635287307609,-0.916767124627718,-0.57090669195559,-1.33597451538157,-0.542361617982879,-0.899323087117236,-0.737051338371585,-0.384882701939853,-0.602523149875656,-0.568611692424238,-1.06462294931871
0.47605860913424,-0.0122151410622729,-0.125705500199994,-0.373042687147764,-0.705701641003233,-0.573409615952431,-0.830883997442225,-0.549546939576217,-0.938236071846619,-0.503333841382824,-0.812987565219806,-0.665437542764537,-0.389987725273122,-0.547570696102167,-0.579202405047694,-1.025370612158
0.62152424049081,-0.0166565336343354,-0.283128021885662,-0.367269034980146,-0.77782604236492,-0.613708215180596,-0.965422963958805,-0.614746126170916,-1.28736675628815,-0.414581967032991,-1.11513159505212,-0.629780190574033,-0.404361126553374,-0.595732096554813,-0.532402885017154,-0.96616770939807
0.456064237359209,-0.0114316603113404,-0.167744452359328,-0.351939450500904,-0.723899789361379,-0.634675892170077,-0.844371539599346,-0.619774912769455,-1.27037840227868,-0.507183638497213,-1.13697330204236,-0.800935424191891,-0.39538012647667,-0.545210917309227,-0.562840552608626,-0.974182918398368
0.62827626017469,-0.0172306761298641,-0.200856574679991,-0.337109114013031,-0.833822782522646,-0.6394931062118,-0.926055625070042,-0.64611301227158,-1.22642331998929,-0.63453051825098,-1.07892980598907,-0.842651223463418,-0.410335524435443,-0.58634563834687,-0.659797423921138,-0.999382406067685
0.425257051724348,-0.011427138685038,-0.231432080700855,-0.35202689423025,-0.7742238263217,-0.583880143309893,-0.874298738919607,-0.647524274496079,-1.30482789715733,-0.49254935632254,-1.06642355983139,-0.704364861804226,-0.387342522322791,-0.607548820562792,-0.558251241430529,-0.994447465765449
0.388368553682827,-0.0109249442300563,-0.237661665892284,-0.343343495292478,-0.887963822185327,-0.643921342579131,-0.990758329169658,-0.588275895053356,-1.12365923372795,-0.478735100897609,-0.9571148378452,-0.699546666748176,-0.402026199598865,-0.606203839707547,-0.646164157332696,-1.10282162371354
0.621755685919148,-0.0150835066756144,-0.217749088688138,-0.358130868503631,-0.726476016957144,-0.647034931611956,-0.940619851469868,-0.665468396927719,-1.06548168181468,-0.562030726215051,-0.983787497455785,-0.624106742670463,-0.432966155513081,-0.561045040240502,-0.682362891846451,-0.938173054584836
0.375810124593993,-0.00918017723981673,-0.15968732617252,-0.318358937169124,-0.757207764664178,-0.629784498599977,-0.86043793735124,-0.687922986190628,-1.03796691317651,-0.608968229324418,-0.770239291375527,-0.699292656062054,-0.366159158091528,-0.552729951570237,-0.623440576368681,-1.02857392889525
0.543691358362028,-0.0158007532358333,-0.152012037266696,-0.363748178444228,-0.802077097495988,-0.67651636400118,-0.90375133253499,-0.716779611693447,-1.13069792826241,-0.412248050890038,-1.0302521891623,-0.774282796120398,-0.395474050930136,-0.59948192875925,-0.633552258562614,-1.04700005986786
0.436096483220874,-0.0110276262726503,-0.182134900142727,-0.352564560668763,-0.785036598055324,-0.634373342162651,-0.882544698307236,-0.552248823419079,-1.35276891917036,-0.480212932095589,-1.04247647651607,-0.719791436703984,-0.392217207167076,-0.615352980067733,-0.586463958332212,-1.01390113345642
0.494868361968042,-0.0146629007803507,-0.290204851819172,-0.349171146316477,-0.748928331940313,-0.642523645533209,-0.960462892070121,-0.666441873257563,-1.06462989223889,-0.562252626998802,-1.17925264454935,-0.766065733150034,-0.40436860652922,-0.611224646563974,-0.585364573212087,-1.00548731449394
0.437835722559761,-0.0108041199297931,-0.188196274597048,-0.360975017768887,-0.744892490263625,-0.617914682556391,-0.906189625204015,-0.600406985328035,-1.34926876772785,-0.545646818424331,-1.12644327294798,-0.612250479235339,-0.381243136386353,-0.538729341175116,-0.550052246100469,-1.08063310511733
0.529423627085637,-0.0147410151306192,-0.21500943500349,-0.386356589132349,-0.853292029053107,-0.632536984331535,-0.756748729445129,-0.588220636189883,-1.1990097831428,-0.603109101535838,-1.04294419774078,-0.721154862114175,-0.37676042892841,-0.619545800315611,-0.625682378690651,-1.05885472279879
0.530153153567676,-0.0150603504480489,-0.114605618848494,-0.340255221741895,-0.790774173042635,-0.664299622391411,-0.897736165128998,-0.679476969821939,-1.11808784613782,-0.514700416338903,-1.00610114855312,-0.638612241143349,-0.39967854758644,-0.590972114114784,-0.600871643018522,-1.00899258316899
0.35857418369982,-0.00858799282331125,-0.343815549133858,-0.331603994543139,-0.834605932797779,-0.656437227305322,-0.808961840592174,-0.600089368147966,-1.16964382164104,-0.497267017327819,-0.855188432551167,-0.740140242913675,-0.374040235627834,-0.593286752385896,-0.586682244830576,-0.97024318440937
0.432674964837616,-0.0132261772866854,-0.220515939000217,-0.357821831938591,-0.879589390818943,-0.615743623565343,-1.0074489254038,-0.56198659066993,-1.28523346860413,-0.48265233042333,-0.915463875740176,-0.681251614580573,-0.379421710351887,-0.605769260525236,-0.590165960503514,-1.05829446988123
0.483610161253982,-0.0148250775494847,-0.16492896487848,-0.369672694712243,-0.797529803668252,-0.655885744905662,-1.05457473097057,-0.626162903770817,-1.15393759739454,-0.577025373156061,-0.907992490142906,-0.567914809195594,-0.354067780780676,-0.596636759194785,-0.621899757543081,-0.936241558780665
0.445437987397315,-0.0142017521200179,-0.224747284637965,-0.357411777154328,-0.7669740435447,-0.63209730761226,-0.94816243465384,-0.635268651658946,-1.1343797164808,-0.628851356412397,-1.06790637716667,-0.767521437541073,-0.427278366159969,-0.595562217503938,-0.602569739207876,-0.969578173813318
0.524933254810214,-0.0128548847461568,-0.237834332906521,-0.3495727877429,-0.762231705812092,-0.621116411863014,-0.831381703165507,-0.716036945921855,-0.972057248432574,-0.527336121635255,-1.02721499541766,-0.761840817132262,-0.378502732469156,-0.626251760436915,-0.588957699638299,-1.07342783781788
0.467568670370549,-0.00891061303452222,-0.237300355438464,-0.34749016842156,-0.769462234894338,-0.667461617503332,-0.86677486584888,-0.596573544795419,-0.972623964250388,-0.413177704430724,-0.945919532076592,-0.546738229927865,-0.382278192465251,-0.591719983361206,-0.596686318642285,-1.03844868825821
0.547539965024604,-0.0157845215839165,-0.208917160378641,-0.33529640701528,-0.826196529984718,-0.614917757922197,-0.882305198250791,-0.684180276915779,-0.963095987425017,-0.664657595289862,-1.01265722862523,-0.744967606922879,-0.412784246478499,-0.591460763055985,-0.5841647484191,-0.974775162760705
0.37562701928578,-0.00866253545756629,-0.161513685726814,-0.349708288221537,-0.783083865513846,-0.628164466418531,-0.906751631586965,-0.608749114492219,-0.964480697451955,-0.625354271704068,-1.19255566125913,-0.646117991422648,-0.335010038429244,-0.579533443203555,-0.626140925273433,-0.973655430166485
0.560214443084721,-0.0151523080118267,-0.149613950484097,-0.341397043869159,-0.757064813668654,-0.614259777246513,-0.96922377942974,-0.73293472237723,-0.965274934344038,-0.394529283807582,-1.2026731696511,-0.771097232347956,-0.370951931559111,-0.585780804013988,-0.543088817448745,-1.00321842471688
0.24863275828861,-0.00440737679831791,-0.225401572570317,-0.348242875720613,-0.840482945104782,-0.674324009552643,-0.919038115605989,-0.540818706958766,-1.37261723982013,-0.587108909033132,-1.06425893183625,-0.764826301339243,-0.383831244512944,-0.551255133171495,-0.538678110138752,-1.10888091520843
0.51039683982022,-0.0122984791965267,-0.149630024704306,-0.38607792312264,-0.766990337663081,-0.629944354559814,-0.916382622911465,-0.559740373364539,-1.26308889550628,-0.576251949477257,-1.05274438099879,-0.626709428915555,-0.390685052577887,-0.535194936717749,-0.541335278742525,-1.04871486355273
0.465306825988055,-0.0130171861021353,-0.215706807336113,-0.31940811084714,-0.780420473591575,-0.613499640621383,-0.92188604221716,-0.657010860548296,-1.5790249556551,-0.557134897624297,-0.835625226961899,-0.792316310652633,-0.369334089254623,-0.61597827006995,-0.579069270971493,-1.00695752932806
0.555507709458981,-0.0156441599418954,-0.155020973387858,-0.35331369928654,-0.71504303914161,-0.625838919735365,-0.809410693447498,-0.659431916980451,-1.10661015132047,-0.455110404816823,-1.01595046319497,-0.655455540526847,-0.350458778007131,-0.559060654600555,-0.611850075575473,-0.991428000419174
0.536467079088739,-0.0118287212257989,-0.139518904749949,-0.327267622011214,-0.836223867696906,-0.633764896009093,-0.892089320621469,-0.63290073365588,-0.850679249131351,-0.378736955199791,-1.07064960040491,-0.668692933628019,-0.384218748413837,-0.545325916912927,-0.607052095945385,-0.980952745553369
0.474383880559712,-0.0124800779460846,-0.200735741670664,-0.384415170316688,-0.734349355813995,-0.63452800431342,-0.796298006989353,-0.73847995178111,-1.112643453972,-0.711665575722976,-0.837676946575713,-0.741365774824313,-0.322372608332171,-0.547367603006905,-0.560949258045887,-1.01664196039531
0.462220809768356,-0.0132064129521528,-0.119133421739385,-0.401862047274867,-0.875211631285026,-0.673280645463803,-1.08358179699749,-0.631313420099717,-1.13051411674051,-0.608531852653757,-0.952041439228337,-0.755555206248172,-0.375183720575271,-0.617359387546737,-0.656588066886501,-1.11649887059548
0.415334470662583,-0.0134500842120229,-0.255030126997608,-0.350372869727068,-0.809666487586032,-0.60853010816218,-0.822795427867812,-0.638593407315032,-1.0180323774602,-0.622653968146037,-0.887462941840086,-0.768369710875914,-0.396931037807116,-0.559262768051295,-0.616372244264107,-0.934343405227309
0.47516703457021,-0.0141625358699776,-0.180618651254381,-0.363728820190575,-0.741766317997688,-0.562026720305202,-0.905775835373195,-0.695304612165565,-1.05646299436107,-0.611238258974879,-0.781137031192866,-0.704385193754082,-0.370204052235236,-0.595416749454859,-0.627469841695611,-1.04825451783479
0.501158930724871,-0.0163908726648693,-0.161753201308773,-0.379177841377444,-0.784017245426127,-0.667406254759013,-0.925342258731249,-0.617518523490651,-1.28556750087333,-0.303750968504395,-0.779976533099909,-0.766374686974542,-0.372500219012644,-0.558273952472353,-0.576831034107387,-0.994794576562984
0.48622804285824,-0.0150104770541681,-0.24350330043895,-0.38592175812129,-0.797169200006443,-0.599090270046376,-1.01902919961657,-0.620305197150129,-1.11679632367496,-0.496044397747255,-0.941996683851678,-0.728439474135583,-0.4024561409848,-0.504363313201941,-0.608525331310142,-1.07026380841968
0.50503599984042,-0.0156517854459075,-0.227906185210332,-0.35307892177908,-0.786225689202828,-0.565546427312229,-0.989279537659738,-0.577958199924048,-1.06472511107586,-0.538056951017868,-0.921139910935763,-0.693576705666904,-0.40723704685629,-0.588765152588948,-0.673372531479033,-1.0591341614953
0.483008619088728,-0.0125858882580714,-0.249047058934726,-0.375773907254885,-0.784812294750484,-0.60768242061308,-0.870499123355618,-0.590443851833824,-0.890373166420837,-0.473579826313564,-0.97507091416949,-0.722001271122137,-0.363820745593785,-0.5653648424309,-0.662862173778467,-0.999208140151042
0.376784064914192,-0.0124176975920986,-0.162790970757456,-0.367189249752982,-0.813854329737211,-0.612823632454065,-0.946288317312131,-0.72571429989425,-1.17742569440837,-0.587926819574602,-0.961732927083362,-0.648320477248547,-0.401164705410583,-0.523700835641976,-0.595350367583273,-1.10295968783677
0.406326966529128,-0.0088713286256737,-0.208823339910667,-0.384351341372613,-0.784266214326994,-0.642851873891708,-0.914677939147939,-0.628890116563236,-0.962913194854229,-0.524978003287005,-1.11527991888822,-0.743450256926128,-0.403391107371999,-0.637891314340677,-0.581190320151836,-0.987058821223664
0.624866075324919,-0.017513819382382,-0.184902449687186,-0.356424233133504,-0.753570908148847,-0.638188279337504,-0.8126907734867,-0.556735534529545,-1.1651605495449,-0.526465828977747,-0.893448326888315,-0.710569846785183,-0.422486215163276,-0.574537639562478,-0.59091862939778,-1.07358064303556
0.558146396429086,-0.0155947011119898,-0.244064090225273,-0.361687271829285,-0.754808371115623,-0.650285351963808,-0.806816795969441,-0.623156455168664,-0.963529011751932,-0.470103939373674,-1.05037619567321,-0.5568640874435,-0.414892508724435,-0.627454104364054,-0.615510205861711,-1.05221399121729
0.51918934064261,-0.0116224034282147,-0.159390478310448,-0.382526103635644,-0.75772203277612,-0.633873010512926,-0.870917617801248,-0.538483991944547,-1.15091708991984,-0.417157649278443,-0.978613882045127,-0.527782905961629,-0.39759796251681,-0.537564289051735,-0.579255715217771,-1.05442263162829
0.461426085357694,-0.0129634101742379,-0.277150729855384,-0.359185509219103,-0.782866181157748,-0.588613708277054,-1.02033011307163,-0.59542770083591,-1.21661720897565,-0.617330137623732,-1.09830317101845,-0.753647028373012,-0.353954016981371,-0.514888524959955,-0.599010339934488,-0.97138828453124
0.566134967906759,-0.0119804890227298,-0.175227513489125,-0.351114159077519,-0.729259769014162,-0.626527236083943,-0.789993137589636,-0.685606110850467,-0.89270765932487,-0.528536553351024,-1.01082806068322,-0.643161613202791,-0.398369541996647,-0.543878043890948,-0.600838440773199,-1.11875329946205
0.523372060489279,-0.0186979112584887,-0.203881241853292,-0.360670422818567,-0.750517863145862,-0.611236461423469,-1.08417649583407,-0.54426299376008,-0.916571134501035,-0.571018586215243,-0.906013326599001,-0.803177816042357,-0.410197710553476,-0.628535504055717,-0.58150551404469,-0.945256592970277
0.47768111983021,-0.00818601975261539,-0.144871152556607,-0.359764562431442,-0.751298741336272,-0.637647086231098,-0.803595795309306,-0.619931689421827,-0.906311408758904,-0.441838415871567,-1.26788449455525,-0.673472563724646,-0.401125141398605,-0.577553929474181,-0.607877875487099,-1.11652502833556
0.482062936185812,-0.0131209464521566,-0.181126693374394,-0.358391367216826,-0.868818844492962,-0.704295049587942,-0.979450564361322,-0.584448442072543,-1.4796900530819,-0.722681717342786,-1.00976653400726,-0.692927747674263,-0.412451441991971,-0.587669402384232,-0.631012458647579,-1.01282904204497
0.415923162494064,-0.00893200260852202,-0.256552170938385,-0.362826182646549,-0.785202422935988,-0.61253562814247,-0.96088454162678,-0.63435492141812,-1.0530765166561,-0.619901445855146,-0.868778513852605,-0.717508901184563,-0.397877040081764,-0.540303686271711,-0.58704844837558,-1.11611571205008
0.446096809756157,-0.00895095764700379,-0.217881640792514,-0.376090181830989,-0.725415680335723,-0.644997882917867,-0.892129679945472,-0.63637665231834,-1.29163770534683,-0.610163085752245,-1.04639356271403,-0.677211842662266,-0.38935503341974,-0.582051405022142,-0.602604986226007,-1.07273048082967
0.418328867313697,-0.0120497893556533,-0.18711315424945,-0.346217234689828,-0.806419418458128,-0.607083536726196,-1.07300095564858,-0.635110402796834,-1.18842630907209,-0.522303195326669,-1.03608873581606,-0.741821400986438,-0.37352485065236,-0.595848842512193,-0.628364336371252,-1.08051866478434
0.562047090121176,-0.0183129826948665,-0.18298000546745,-0.410616754175441,-0.755778351548439,-0.635172019012947,-0.851071114249418,-0.627911582759175,-1.26750092052765,-0.453682945118603,-0.760481594557713,-0.692047505419763,-0.380183253424584,-0.568751335353051,-0.581275411831594,-1.0777587981873
0.443444561906597,-0.00843830144017551,-0.169787873828716,-0.35419459979099,-0.709167213655846,-0.632086407137924,-0.826512954679201,-0.633885024333084,-1.31640962080379,-0.516573886698586,-1.02291887575599,-0.764554970783235,-0.37209134562726,-0.560996573552766,-0.593074764357689,-0.944066529118018
0.446663526176954,-0.00751366206456936,-0.235132310916312,-0.367677921157991,-0.810732675196424,-0.648715599253983,-0.791812396315623,-0.62291219523759,-1.35368654502305,-0.545760696968051,-1.18471534696945,-0.641513331472798,-0.409871118367263,-0.548612545872151,-0.600933903296377,-0.942147030387568
0.597380885793722,-0.0174902121668172,-0.101814615099864,-0.386184416245402,-0.802891848777341,-0.653488011062227,-0.863380518483231,-0.661750429280914,-1.00087769159176,-0.65596482779164,-0.74372881421734,-0.727582157746223,-0.385398214764605,-0.596050790928768,-0.653424229913147,-0.971559891164289
0.56888260610126,-0.016217083692747,-0.15357443561931,-0.328225075365486,-0.70639266984946,-0.592132911579253,-0.87391200035184,-0.647420626025915,-1.22071114400429,-0.419379573524955,-1.02286913024818,-0.76920745947301,-0.406637997989407,-0.549584145157383,-0.635199785221002,-0.932336004694845
0.377591169260216,-0.00720239539687145,-0.194779260123851,-0.349226829445631,-0.841678056352451,-0.64322942807663,-0.87248738759207,-0.603755133177808,-1.28981445353342,-0.515889155225389,-0.946533847296537,-0.637063119328813,-0.383673174080078,-0.542488580464126,-0.645268868965275,-1.04523651200559
0.556432833008249,-0.0148610453225339,-0.117468931171335,-0.374978056632562,-0.758602722964947,-0.637697179850444,-0.993850669864367,-0.509617781428162,-1.28549203531161,-0.414750184438946,-0.857742149643851,-0.700216981079251,-0.36127844753395,-0.552967739229816,-0.626376101029588,-0.904013888718567
0.560889072246451,-0.0188172575973859,-0.244133524013248,-0.365503144769025,-0.862372280791548,-0.621146881013588,-0.956169347964839,-0.648329631673426,-1.2942978603292,-0.594697714333859,-0.784917679867361,-0.727840372598517,-0.372015763004757,-0.611242279347072,-0.633363649611049,-1.08669762246605
0.453575528944276,-0.0118307279298929,-0.197700040015091,-0.34515323075419,-0.832122887927757,-0.668010672199968,-0.878967180357499,-0.670478049259937,-1.38294365411719,-0.590977150057974,-0.867887625267024,-0.679815536223108,-0.400467315762887,-0.59923097343567,-0.565623181089206,-1.11256414810905
0.63233516716297,-0.0181800178149601,-0.131433643626761,-0.396883549951059,-0.67952049222434,-0.657067289223387,-0.85983800446728,-0.696247482654253,-0.775309900952539,-0.585603087459997,-1.13539310836916,-0.797070000936021,-0.382230106147981,-0.603776578374722,-0.599355468396455,-0.977302657420642
0.446445475295323,-0.0120985410428067,-0.113068992407316,-0.36536741417536,-0.755891650469419,-0.608504593004411,-0.914147608799827,-0.600611761557529,-1.01560958201498,-0.646359504471198,-0.94199440560207,-0.79429226206145,-0.409032546998285,-0.51453549036582,-0.569778547370947,-1.05640843577488
0.418670804928566,-0.0101999801472849,-0.185501587820203,-0.34009336805965,-0.728055139562734,-0.630642972399768,-0.893942564913676,-0.593818275607543,-0.956966040216289,-0.479011159479702,-0.848334219353883,-0.69474725718289,-0.420447903241908,-0.53625690169362,-0.592849818324903,-1.05641867634364
0.508111193074253,-0.0159787965519829,-0.265433869009732,-0.357617644106842,-0.755758103423342,-0.635604318791162,-0.886266414177181,-0.627756788254458,-1.25735339692389,-0.49244943577191,-1.16082485942163,-0.724773609158602,-0.38563003951922,-0.591664214274277,-0.634746572930024,-0.943152019708632
0.394852200822607,-0.0115301171752531,-0.164435118873009,-0.328911958127385,-0.747095645863683,-0.622192517865464,-0.884043888833288,-0.590668172325615,-1.02838380961602,-0.547409146420065,-0.56993977491404,-0.717515980902084,-0.405645874489355,-0.542683761139382,-0.606686412718282,-1.07509245307047
0.634366119719101,-0.0156699010724162,-0.174063095039086,-0.389940510105792,-0.740289578300029,-0.609452569078483,-0.861128504158486,-0.623819799176458,-0.716929480986198,-0.445372288703809,-1.12966180899813,-0.619240571753848,-0.398204981270682,-0.53075157480763,-0.560845107650518,-1.02797026254273
0.425779541624807,-0.00924579334458358,-0.207406022487187,-0.362181605194097,-0.774491888075265,-0.672700162426799,-1.04216985108951,-0.682412566055606,-1.17990490122228,-0.635240465196186,-0.733030434172358,-0.745959550729564,-0.408597364871985,-0.606330217185805,-0.627393191705283,-1.0341869493068
0.500217091854902,-0.0159374929090814,-0.142447068959963,-0.353758254730595,-0.86418982363176,-0.633977744152792,-0.859415690949189,-0.55274917221708,-1.09374140837438,-0.627658129917584,-1.02366812323657,-0.71247574211762,-0.35435974639154,-0.544883952438734,-0.638422362342273,-1.01252802775035
0.482117635846489,-0.0111720513144839,-0.258844922191705,-0.339475066632059,-0.870437213488555,-0.714658836630288,-0.946639290089755,-0.632472821926976,-1.26748318854081,-0.662367856960212,-0.83495148859958,-0.638711072498901,-0.421484315563834,-0.580011133266698,-0.646557592808897,-0.922124289025349
0.529163579399956,-0.016077738562592,-0.209517405844226,-0.378043461727646,-0.766563305086736,-0.631235056091733,-0.891919142642887,-0.62288838005262,-1.13329509091794,-0.651965794957914,-0.895222603487078,-0.650068210444085,-0.388191848071533,-0.577987110962871,-0.581464502576024,-1.04255351616006
0.352006610327426,-0.0131007472004553,-0.156880199015776,-0.343871804634567,-0.810075074418025,-0.650585457959518,-0.947055363653438,-0.623992626872276,-1.4456290781555,-0.545536098862636,-0.720156334965605,-0.710814590341024,-0.427827080939338,-0.5849319394725,-0.618678828332643,-1.09682079638431
0.485176876716192,-0.011374884971512,-0.193645837462148,-0.34727197890242,-0.771963139127346,-0.562886705577785,-0.93693021254634,-0.620928659173562,-1.08286724247747,-0.451184332283757,-0.883471135276622,-0.788203626244599,-0.377821815604782,-0.604179953509429,-0.655849364304249,-1.02947179538804
0.536156766237464,-0.0141855593080582,-0.12462748921023,-0.377580886116988,-0.799661147198159,-0.638432728078173,-0.784514996922087,-0.622348090547074,-1.21144938652325,-0.520692003612031,-0.861286151679422,-0.732289299551162,-0.371688825088212,-0.544024954246223,-0.58157033604945,-1.04143175645055
0.508786532201334,-0.0151217236238825,-0.186063575335597,-0.342238543257421,-0.786510966564049,-0.647511047255249,-0.868246379878135,-0.578668143035661,-1.38989776488878,-0.674055304564707,-0.936471313957444,-0.714475280821104,-0.428852765781521,-0.541005020056007,-0.61889696405062,-1.05995427036937
0.611407857558895,-0.0137999969631145,-0.266191448313434,-0.351389421108839,-0.759251190778456,-0.620217927589702,-0.975744016897494,-0.6619870299628,-1.07741938556373,-0.445165202586323,-0.933579994652815,-0.74626899588401,-0.369210440046543,-0.556843072199023,-0.608324614633233,-0.987128243227605
0.436027150618282,-0.00713895743517783,-0.195777630357865,-0.306238403000858,-0.802656869742985,-0.640225037410306,-0.820003326580325,-0.63885779725022,-1.31705943525344,-0.571282041240643,-0.978573606904392,-0.83752626186943,-0.410922260059102,-0.520991673852477,-0.593454080824511,-0.975031297364162
0.493764636633647,-0.0114938002382426,-0.221686975765593,-0.350047476488092,-0.764572931956393,-0.585745511563973,-0.801947172191735,-0.617758281799221,-0.943448104298615,-0.562289476455718,-0.800973550762964,-0.698078609413456,-0.404450396517862,-0.582388386283688,-0.598308239946094,-1.06109059290453
0.455834035549648,-0.00920334925196946,-0.105167368701267,-0.375888126851304,-0.812706039068305,-0.642205766143336,-0.862236484938286,-0.523085673228126,-1.08143690051509,-0.601315763092453,-0.96831779402008,-0.870996870973967,-0.411435653473516,-0.524459925281531,-0.62643270381525,-0.976681375640409
0.564152898919891,-0.0141444001971768,-0.165100311688377,-0.324561570871479,-0.839336666588217,-0.583758931935502,-0.833978908991408,-0.64210208852645,-1.43513039009988,-0.637365197692826,-0.884363329905615,-0.686061270076469,-0.400226038791243,-0.536666720925561,-0.598287395995408,-0.995039008325767
0.549805905887688,-0.016548774871347,-0.206197360233895,-0.337451951701662,-0.832496618593596,-0.672806969215669,-0.866041424028363,-0.652884386689418,-1.01034773950759,-0.659388622589082,-0.838003180310797,-0.779496537006176,-0.3886043107205,-0.574236580096507,-0.557064972919392,-0.993521401216524
0.531966851517807,-0.0102085108411278,-0.216254662863504,-0.353862165268201,-0.769577708138983,-0.597509616635494,-0.963066706979673,-0.705164396504847,-1.21481080607967,-0.51207901341129,-0.952128075027866,-0.757118850218317,-0.384377971430649,-0.534331611996167,-0.529698936811449,-1.0396062753712
0.602981238549482,-0.0164800429246213,-0.189892954319903,-0.367195193727952,-0.811957902000126,-0.589743487260448,-0.924756006290717,-0.660255028050139,-1.17860972362253,-0.628140679915571,-0.932132753658386,-0.80319118374762,-0.357421937157844,-0.581067529188756,-0.648062103781366,-1.10231212795893
0.47513718758205,-0.0100118160905219,-0.24004364500061,-0.349317573290379,-0.807744630138584,-0.622989047662521,-1.01907241275119,-0.626829216606414,-0.901325537809577,-0.578877610289994,-1.16999534034316,-0.665698368333929,-0.395241386587527,-0.581752529492495,-0.59645903792364,-1.07743171980882
0.445137732992592,-0.0102138784092337,-0.218914860458828,-0.359413911842572,-0.844065003627896,-0.69188027044049,-0.934359039828886,-0.587279564333279,-1.23046295280438,-0.621878995277628,-1.14007785541776,-0.806098375317302,-0.399752059157121,-0.618338604986883,-0.579735594510648,-1.10001900983813
0.43836860596775,-0.0101325207060398,-0.225257968049895,-0.366242270969859,-0.725964291365305,-0.550398447032133,-0.875767671219183,-0.703157838427721,-1.11443265152615,-0.562868611402433,-1.07305583386996,-0.714840653387552,-0.389154660415712,-0.556080292840314,-0.555468777785372,-1.00559635319102
0.619242569211964,-0.0181920132698893,-0.233458436035667,-0.389651251959716,-0.802229951923878,-0.654766899495958,-0.845949996408427,-0.631406786369089,-1.00438062574092,-0.67004706705453,-1.08327911669262,-0.683661233936752,-0.422717222305692,-0.533744813095041,-0.642345214967096,-1.06043709532818
0.560515289021501,-0.0165340157551084,-0.159203447898564,-0.343708683816282,-0.807583800332532,-0.671945334380041,-0.933715548905467,-0.714968083484974,-1.33665007474266,-0.420961303249284,-0.859411493296048,-0.610832098072806,-0.395772377342657,-0.56947107098444,-0.573612643814042,-0.947078456220891
0.546836832077837,-0.0161774934630285,-0.211035231292962,-0.378421379724265,-0.745431608868953,-0.624533411302743,-0.877994936738843,-0.648232451019369,-1.01030313398256,-0.372858585285201,-0.805877713794104,-0.582575648539678,-0.378833682230072,-0.579161582046538,-0.673686236073385,-0.984787657584925
0.503044053207389,-0.0136700349112478,-0.20921107762983,-0.337902489277094,-0.765275299554334,-0.633353061683764,-0.907424050205002,-0.611074413877681,-1.23619978413256,-0.624196847097612,-0.819194032088458,-0.652726950136488,-0.400285309138825,-0.579769705740305,-0.55662979166249,-1.05602970035297
0.493338767597238,-0.0144925216740926,-0.128999270436493,-0.360616240320625,-0.70959001840759,-0.607674532352907,-0.866294300522568,-0.523054552694979,-1.10346746863785,-0.439259657168672,-0.90890776695651,-0.708109288027354,-0.39602453907665,-0.592481722855201,-0.539082825065916,-0.976258040596158
0.515203092971973,-0.0144168691358954,-0.158524063238633,-0.33468061866219,-0.751960648855517,-0.655176710767196,-0.764121494762071,-0.731639477897422,-1.23346662507586,-0.507815469675679,-0.96925232394242,-0.686510222075073,-0.40905474246472,-0.637596565465348,-0.614984916769264,-0.999640256784537
0.524801697713997,-0.0130338561747691,-0.203746066196367,-0.380395280310009,-0.847881950945558,-0.575904467618802,-0.910900380386062,-0.702643794207992,-1.20322863010675,-0.474300174870594,-0.996278724390163,-0.658557905100859,-0.403607763178889,-0.583908816058478,-0.626657632556001,-1.02916280933498
0.46423258683283,-0.0133839171114162,-0.170719648241319,-0.341147152173485,-0.873446359244504,-0.658430559917367,-1.02946931497699,-0.62597113722203,-0.929179985209044,-0.474182175480318,-0.829484358148047,-0.677528778074065,-0.388636080844711,-0.582585668417934,-0.595647797252988,-0.9586656768646
0.591177575905351,-0.0176535134742077,-0.116348312482803,-0.367270716532312,-0.80303490897328,-0.631365639903907,-0.819192703160779,-0.445710844946049,-1.2298005731061,-0.556597465045106,-1.09892744589484,-0.727432945736479,-0.382639814530699,-0.578857014405296,-0.619643008121222,-0.938163353753284
0.495697710287494,-0.0110871776194211,-0.0958485225403547,-0.381265975626672,-0.832500037769242,-0.641921576333785,-0.953548609295474,-0.628973233017237,-1.39182313370002,-0.622028911594405,-0.901433796122531,-0.758721628777403,-0.421501766210255,-0.54698999218362,-0.583241408987013,-1.08071643096981
0.510010627842015,-0.0150376740987345,-0.24715305159003,-0.382023391538493,-0.809898085206024,-0.630330713638349,-1.01480706717561,-0.63120772813637,-1.10036076895875,-0.614872086988562,-1.19957026465004,-0.76500274738818,-0.387661718031327,-0.596717695006133,-0.58674824054028,-1.14310961028044
0.42213512403737,-0.00901643943752072,-0.269585501813367,-0.375974888239905,-0.780197100222464,-0.577719611793448,-0.848540036467949,-0.611260723458329,-1.20111505586754,-0.482245710820656,-0.947977440884006,-0.794543349640966,-0.415894092738847,-0.589327669702234,-0.592014649021839,-1.05838278918004
0.419949843301116,-0.0126611024196635,-0.202856310186049,-0.357694516630314,-0.768658306630258,-0.60480304342565,-0.826175676217,-0.677501406669604,-1.47943007034974,-0.537414150179222,-0.855645833408884,-0.69314700070515,-0.397615570600982,-0.550225740772268,-0.562433654404161,-1.00238885439997
0.509540521220576,-0.0124574524853872,-0.111517286820526,-0.36212372408352,-0.760536565231039,-0.645931391395282,-0.855610259069291,-0.568678866549905,-1.11737025305406,-0.535522563216025,-1.00438105444816,-0.763621095536374,-0.355656197302878,-0.552530698914897,-0.643479395736405,-1.01867767257412
0.54967092993538,-0.0165214253344903,-0.192993655476236,-0.348873584095767,-0.754087395298576,-0.631540112032236,-0.85285513369167,-0.617654766943958,-1.00092547158918,-0.561402743033139,-1.07863171077435,-0.769356461579199,-0.358197316300072,-0.617498380458836,-0.586458861419574,-0.983712073586305
0.574621537486214,-0.0170507534206693,-0.243173903150652,-0.35783933164751,-0.715527589367891,-0.59671162756702,-0.885756443531485,-0.604062816974814,-1.27138488672918,-0.498712554795134,-0.772839745492027,-0.675028111134923,-0.350587934204026,-0.591298948712468,-0.622310024770549,-1.06061564717507
0.561877291044167,-0.0126892057621679,-0.249143318189757,-0.376743274720483,-0.815787425698292,-0.662430402428898,-0.981676431159659,-0.666826376585548,-0.85623178139624,-0.489332974451122,-0.980881005816218,-0.59556323326277,-0.385827694467266,-0.582413619571751,-0.613990356382657,-1.08674766532144
0.460883392427806,-0.0133301687459329,-0.245034271450178,-0.362443338426655,-0.889666186770263,-0.586292121563588,-1.00203195636567,-0.55382304046846,-1.21475816374353,-0.637029289197547,-0.947564574770234,-0.684071488421177,-0.37449013349587,-0.564270294074253,-0.575634254786756,-1.01467571632377
0.588388091122515,-0.019043608958888,-0.187259768009906,-0.362779503484656,-0.756472379980174,-0.607574629170862,-1.01230886704017,-0.583788350828295,-0.983398878035389,-0.494684482107468,-1.05812562306497,-0.681547492518475,-0.359102057914527,-0.615936597617449,-0.599601271515242,-0.967002306711943
