"logco20","logco20xyear0","logcost0:REGIONGROUPCHI","logcost0:REGIONGROUPEAS","logcost0:REGIONGROUPEUR","logcost0:REGIONGROUPLAC","logcost0:REGIONGROUPMEA","logcost0:REGIONGROUPNAF","logcost0:REGIONGROUPNAM","logcost0:REGIONGROUPOCE","logcost0:REGIONGROUPRUS","logcost0:REGIONGROUPSAF","logcost0:REGIONGROUPSAS","logcost0:REGIONGROUPSSA","logcost0:REGIONGROUPWAS","logcost0:REGIONGROUPWBK"
0.339698864570497,-0.00383758674578225,-0.176719267071655,-0.42640869464177,-0.68234252892832,-0.602885613349292,-1.10275399545505,-0.755016154942261,-1.27173112387877,-0.583717064435675,-1.01825725468293,-0.85937557235628,-0.416218003642977,-0.588330715981617,-0.592929753325222,-1.01208320409009
0.297162163556566,-0.0065221261860099,-0.127644856141811,-0.461603258402512,-0.659003877475764,-0.674384620822864,-1.18229342287721,-0.740933684678407,-1.5207723376236,-0.58383133517449,-1.02487101831608,-0.797406740045314,-0.390803853437594,-0.568483657721638,-0.555542043981469,-1.04676007774831
0.354825078521156,-0.00990023043429629,-0.212164939831765,-0.400519810402428,-0.689012932069974,-0.699151859652644,-0.986579088808163,-0.726508253944404,-1.11606429281776,-0.698240876040367,-0.976130715147725,-0.944552009603545,-0.413255352737782,-0.602083986473652,-0.588781324856224,-0.94098217821725
0.193307794214706,-0.000168578246374138,-0.173604728097891,-0.387069115559761,-0.677053395110894,-0.704026447321762,-0.905025689144946,-0.821053401857754,-1.41969818170721,-0.730804980100089,-0.905024148216532,-0.810830098169446,-0.388372263638962,-0.573870399784068,-0.60579460518842,-0.886376028259665
0.247705231977276,-0.00860110713852212,-0.165737339046663,-0.399740181475698,-0.687260903236686,-0.631188724656785,-0.994022938098477,-0.753737299918208,-1.4472940897801,-0.683584404539697,-0.786687616747444,-0.942346807684485,-0.381525329608942,-0.59835479956421,-0.586576027822394,-0.988800271534814
0.338021376732649,-0.00522323442037225,-0.195965917047532,-0.412143710229672,-0.628612831380947,-0.611973170697156,-1.04770670822744,-0.818798980093633,-1.46272444468988,-0.616710625819491,-0.784896152968755,-0.831428525029931,-0.434846012718678,-0.574142832812939,-0.642233373274371,-0.913823399007256
0.195035500755184,-0.00156337353149585,-0.229819016153922,-0.423010690074577,-0.678441741178972,-0.660705806365943,-0.91218041229328,-0.86128264500834,-1.14716008196698,-0.624347854257684,-0.781220016345811,-0.916495323727278,-0.377090065753535,-0.549166195273537,-0.672821034634635,-0.950167836391437
0.291810842796224,-0.00866614091922311,-0.204366842102705,-0.40658821154427,-0.750082868387423,-0.633146615595726,-1.02279539418717,-0.73839939944707,-1.48445606609159,-0.6954511500991,-0.877696218460608,-0.859753204439373,-0.414051486805573,-0.588277092557014,-0.562473939700995,-0.981444731834205
0.209604050626246,-0.00559110230317126,-0.172190040461279,-0.403649502749622,-0.765346578335318,-0.666214502093859,-1.07382385481944,-0.718862144232008,-1.45940124579095,-0.575654275583763,-0.989708557799137,-0.975143365245275,-0.402970564192256,-0.587974317863364,-0.57038713972984,-1.00951852258729
0.239005442721543,-0.00344281811903456,-0.230515636201935,-0.411971018396512,-0.74333864881128,-0.588931918246495,-1.04588234722959,-0.713074075037758,-1.26336719702574,-0.68325813069875,-0.641536533212478,-0.80150869813701,-0.417689092535162,-0.589313771601758,-0.584110703617284,-1.04888413516391
0.254829342000144,-0.00263089154191813,-0.229936732409251,-0.400969106378961,-0.705396591773833,-0.652114384732476,-1.00466623901306,-0.666737932043603,-1.3430201211259,-0.624476199978755,-0.605744089625982,-0.924882692738372,-0.424515825213727,-0.58013096659518,-0.612115447663998,-1.01234297115905
0.176688678336855,-0.0011882566979525,-0.202574953551115,-0.403626868593672,-0.780175924973533,-0.619643218675167,-1.04146125699979,-0.720487008527219,-0.972470563040068,-0.76143016242933,-0.792128961025256,-0.837561730442067,-0.406209225528629,-0.619143837216127,-0.601027080540577,-1.04509296070986
0.245312365016453,-0.00140936238597052,-0.152005882234888,-0.393599678026969,-0.716212700203316,-0.632419986038224,-1.06446664957149,-0.783496899986185,-1.20993811817013,-0.723672174841825,-0.787889555239686,-0.863994827023853,-0.381463743628781,-0.577617949980849,-0.554613983357923,-0.941968247827397
0.171233939922792,-0.00206643119083264,-0.203341648532098,-0.39782546418411,-0.659326360167504,-0.62238439912232,-1.03790607793917,-0.771418307424502,-1.412074042235,-0.660427607669103,-0.550950741853432,-0.912690844678927,-0.444803174626536,-0.636461088986166,-0.644927528893392,-0.968704489661937
0.150664494992393,-0.0019088303288478,-0.180118701998503,-0.407112558469102,-0.764766791162318,-0.653221584626127,-1.09176027673325,-0.680867662444696,-1.6932041235001,-0.672839092139552,-0.936894752925182,-0.806717041466076,-0.380154135752149,-0.579778586086311,-0.605965990740631,-1.13762629298411
0.105532587569537,0.00235973059868805,-0.222276755377126,-0.356828874605835,-0.778474062030902,-0.591490556853402,-0.972238042617301,-0.754159965981932,-1.21827849302423,-0.645515349532566,-1.02080397293209,-0.884380943895614,-0.391415917419059,-0.566812611432656,-0.551505241899906,-1.00026347401123
0.206973684108265,-0.00770895532128135,-0.161140770662149,-0.421030195433821,-0.740930149626823,-0.63111664376071,-0.941109284770221,-0.765343299060919,-1.50361426600588,-0.642065763138507,-0.709848370167473,-0.853895133283417,-0.429589567752268,-0.607084446183784,-0.625203582183863,-1.01499002565775
0.126145951319215,-0.00104311759537647,-0.162622748842328,-0.397348246142778,-0.729446585015567,-0.638781163960073,-1.08889785409769,-0.777640978170995,-1.30960027811388,-0.727837185571071,-0.718637284899865,-0.807216138019047,-0.404126749728609,-0.576453684647552,-0.59073065528415,-1.02599957039115
0.210829714557126,-0.000155733011108162,-0.255598871333619,-0.425877381866978,-0.703480552540293,-0.669933067698855,-0.993488480540239,-0.801121845444197,-1.1239615044017,-0.632333240602506,-0.848879242034669,-0.924229261288576,-0.428318526719497,-0.601364150026263,-0.610820443027623,-0.963572601738416
0.209296592250282,-0.00541274557696735,-0.188714644474376,-0.420353205923624,-0.676315188508941,-0.606997911655728,-1.11973933404339,-0.750996091671891,-1.31141494989156,-0.704287678052877,-0.623195250178754,-0.837401377546761,-0.415438210704993,-0.651676610610135,-0.599377383655907,-1.07040725051204
0.208460355226231,0.00145269002892512,-0.224607511851954,-0.42387074237973,-0.778453491642731,-0.611697012960326,-0.972722037804021,-0.785610018464222,-1.29736073357899,-0.69986581117003,-0.684167063648138,-0.757498129765156,-0.401747925308795,-0.548162125626643,-0.626559890289183,-1.05110114239131
0.269199342020861,-0.00112156182326412,-0.211327591509815,-0.431628649875077,-0.739042577642982,-0.64277955567511,-1.02300487365112,-0.723938603897317,-1.46651208322482,-0.661664792787735,-0.851172196374092,-0.788283904799509,-0.378891512855192,-0.589977042216675,-0.598025697939993,-1.00053486960617
0.258643761989539,-0.00272662124892369,-0.179589915391458,-0.424634336319982,-0.688879959197858,-0.703469953122763,-1.06680920621788,-0.786992307421892,-1.34480464169999,-0.708778249393653,-0.861959156193714,-0.83027089158586,-0.408166348263992,-0.579337087378346,-0.585801002160648,-1.05687684349316
0.128678642436349,-0.00180705302475221,-0.217060889362468,-0.416461208021916,-0.768676215026307,-0.581978588290669,-1.09574810801186,-0.805707364607497,-1.70949889336989,-0.673488994292521,-0.60476811674623,-0.915556359269143,-0.436041028305624,-0.604700229322484,-0.58038720229797,-0.996223793973739
0.183584895981069,-0.0040955321667544,-0.20336396685362,-0.401268576551456,-0.736536058072755,-0.594205918056069,-1.03116746943152,-0.773107086846572,-1.12401606752563,-0.595595311383937,-0.976862670372959,-0.818548168503977,-0.400737524662384,-0.623298138193985,-0.610440820992926,-1.0642424178223
0.258647428942534,-0.00515670337294847,-0.224904037226186,-0.404811226198378,-0.731338220963906,-0.662096747154954,-0.977917179090233,-0.748113438246187,-1.41614059265941,-0.626341617522707,-0.917776685533332,-0.886102937809245,-0.403680848276413,-0.575743754737695,-0.608657737310842,-0.997317519274021
0.266989297956682,-0.00324861476555546,-0.2429333172741,-0.386871319169546,-0.740240833913325,-0.675123594865604,-1.11050897977582,-0.756105095265724,-1.31992320736776,-0.719278511468555,-1.04003396753964,-0.870953990697384,-0.401836004532519,-0.624184880808305,-0.602504133774725,-0.934233565573624
0.145915211387846,-0.00159635107515937,-0.193391465577259,-0.395019929458082,-0.661983583960597,-0.663704468154997,-0.893807332929702,-0.734622646199541,-1.69260579840023,-0.65631718270003,-0.965598633462167,-0.905331570994753,-0.411911373377363,-0.574914001700786,-0.610840301934796,-1.00484711935991
0.338185996436118,-0.00843970463677854,-0.201992111613135,-0.406366479212282,-0.717165301645968,-0.685194894929353,-0.968579187503224,-0.795883100804895,-1.21936381020379,-0.730366958482005,-0.797290956943373,-0.874301678131796,-0.394449351860268,-0.607168334528071,-0.641471259951778,-1.08157253791469
0.127662156716765,-0.00108692555619598,-0.254959879706967,-0.360524617465368,-0.636380138939436,-0.635923119373503,-0.950704681618539,-0.688702565154984,-1.28061043672059,-0.607671092229425,-0.972371556009481,-0.909637577694169,-0.379532242339452,-0.574249963140317,-0.57688087535972,-0.910317217632622
0.120272370834279,-0.00217597398494617,-0.136553373377389,-0.400735242411725,-0.730059871384056,-0.699634653332782,-0.901046502413382,-0.734023925704045,-1.65853011588026,-0.534024044042465,-0.882042575285692,-0.882860270919193,-0.413464275360163,-0.561968326044061,-0.602274011833299,-0.957745234453753
0.247564448893916,-0.00455675079797181,-0.207096815820727,-0.413479912950746,-0.685938273485283,-0.642546704116505,-0.952653596367993,-0.711772364952532,-1.29101705063729,-0.794556406979571,-0.89093132007788,-0.871095498440172,-0.408844714583564,-0.532187033718008,-0.581014222734304,-0.985205106854607
0.292101684293367,-0.00561207088573627,-0.189319612033504,-0.380349073533845,-0.729680150611097,-0.673222587841895,-0.955101229250325,-0.754174707955238,-1.38441176234819,-0.627705518315491,-0.892965559648113,-0.936036100041633,-0.377992387135401,-0.617015752486041,-0.577148937653019,-1.07147918158225
0.235045282470959,-0.00406907038288524,-0.185077255605059,-0.408687005422253,-0.759792401658919,-0.64431105895187,-1.05204034194881,-0.688075786847269,-1.32837013651518,-0.717162757420869,-0.863287806479641,-0.846704051995554,-0.423198498666022,-0.586047245949167,-0.580281740636168,-1.06536370422565
0.243185406264288,-0.00470239165378531,-0.222931451827372,-0.42585443814947,-0.671465706979913,-0.589811939639303,-1.19903820082719,-0.729351606706347,-1.3307317848591,-0.594295235462685,-0.962096363098435,-0.839497074552164,-0.3761110890627,-0.600858407867223,-0.649312828146894,-1.04299267028971
0.156277804185048,-0.0019682773985158,-0.171499771781362,-0.396608415382627,-0.801546438111684,-0.673384202554235,-0.995225600864899,-0.758504457573027,-1.68670033028941,-0.712430631623999,-0.782656900870386,-0.864866817376608,-0.405566510068655,-0.616178592021353,-0.622162231751179,-0.962559084016806
0.126511319433552,-0.00419043623856789,-0.187775039622507,-0.416067249895813,-0.746501424214916,-0.641820646841453,-1.05183198154719,-0.710231122896214,-1.57673559805509,-0.678218575255851,-0.876774955910703,-0.821027864534741,-0.397040719937621,-0.62026680126306,-0.598164920480769,-1.07410344254277
0.237802247680252,-0.000982483760231119,-0.189934411249773,-0.396867345417631,-0.657002194575476,-0.602765722231118,-0.99939670579086,-0.63458370905879,-1.30596368703836,-0.65669187769781,-0.838125250958493,-0.889468240145735,-0.402386006397359,-0.640878117633869,-0.63128785359991,-0.972248923141115
0.180369980363391,-0.00321471608084759,-0.165491496913045,-0.402760340584997,-0.720404613906133,-0.621140869464838,-0.997614820965724,-0.766837560347197,-1.36676040028933,-0.695463031415977,-0.845797453644735,-0.800243915193694,-0.365387298334326,-0.626885012548169,-0.551404319774896,-0.968635682413751
0.212714553654459,-0.00448782582646773,-0.207329547978428,-0.426885036028585,-0.708206080154396,-0.581136421208798,-1.09030726468197,-0.716032496216599,-1.32093703486696,-0.665053115606864,-0.970781580085698,-0.764699015262273,-0.389703427438136,-0.641843356650452,-0.583379965102784,-0.949470120080315
0.374912662393529,-0.00746020864557997,-0.246115929832113,-0.423412521524417,-0.787990460287077,-0.651511025142681,-0.999861952538224,-0.710322655204066,-1.228122279098,-0.56966125980296,-1.01982841688251,-0.84223587577548,-0.417805659320356,-0.60186091039398,-0.600023974156408,-0.974975064834602
0.270257257079762,-0.0037314934362295,-0.225373680266054,-0.374225784663454,-0.677009241304447,-0.627580227476518,-0.908936381257373,-0.800550001411761,-1.14394583136517,-0.630122669737742,-0.930396598090522,-0.818070105947766,-0.416787991675486,-0.658395656476368,-0.627555860739835,-1.00342195050718
0.135003362456257,-0.00194068645702707,-0.174836448562882,-0.433266866963303,-0.702176401200113,-0.622831856637621,-1.00766095609924,-0.718838286451004,-1.40433017431798,-0.656140319012405,-1.24118613649862,-0.887959724373969,-0.386555852058067,-0.546147833374393,-0.601777107058665,-0.95052916852562
0.136521472677026,-0.00259247491499005,-0.184955444720466,-0.435132382330888,-0.711190644729083,-0.641394008023423,-1.1255223808427,-0.75627088746934,-1.61061751811814,-0.755370236400448,-0.886131298874556,-0.842299559339449,-0.439393991354792,-0.615701126470626,-0.590372637152022,-1.02681253614677
0.236441321307133,-0.000734725165632635,-0.159108898485022,-0.41449874652269,-0.74349159564443,-0.648055998338659,-1.12920462202868,-0.732126883340948,-0.726572723027546,-0.553183614727243,-1.09971676555423,-0.849196281599464,-0.361882209983897,-0.56905556596434,-0.649529622448838,-1.09490528678634
0.212828486130947,-0.00478946318891318,-0.141418583591346,-0.402598955367923,-0.69315787254056,-0.611747448630327,-1.05484785992945,-0.884881587522645,-1.48932053987714,-0.670064232862354,-0.661899279224065,-0.841544245454088,-0.411941061014256,-0.603014093773459,-0.651525288925744,-1.04065520199229
0.240262151715459,-0.007583850779131,-0.234561088907367,-0.429299673915408,-0.749922494946352,-0.587040158520694,-1.00256383463741,-0.802324442525287,-1.38473645429533,-0.750275319107025,-1.0280099622582,-0.773696471702241,-0.381721618694662,-0.632958794538392,-0.656363604627845,-1.06387814735475
0.208165820422243,-0.00496994157996042,-0.0833811129466578,-0.404509854671317,-0.665636761238426,-0.707958938465345,-1.09180982884504,-0.705196229076075,-1.35138363734347,-0.696348985447232,-0.786599866605907,-0.833282345765353,-0.406687081975643,-0.571674447028844,-0.66926351494584,-1.07709751704659
0.150321605384965,-0.000730969554069327,-0.0672868398410262,-0.41609750378976,-0.6567906867136,-0.633953531767872,-1.08466677567524,-0.792177668876152,-1.40287300359642,-0.59022161065741,-1.01378275576317,-0.80379001499172,-0.391403360869963,-0.660960753281758,-0.635340360936364,-0.97659323345824
0.234569909201501,-0.000767790127958538,-0.3214880616843,-0.390062594666046,-0.738640110892599,-0.642841450535593,-1.0732030991373,-0.748746362336543,-1.21718303887154,-0.684256665182062,-1.10586682254752,-0.797482199135631,-0.388680442723355,-0.612942838433822,-0.573594937641716,-0.948160853290123
0.146765598623685,-0.00314063465409533,-0.264717979831525,-0.380568789394294,-0.74494493010597,-0.648431764762302,-0.986338575957082,-0.897989976499498,-0.826745217366502,-0.688248923648495,-1.24315714050519,-0.972753125635863,-0.394757523743228,-0.568553280906616,-0.529528614680931,-0.935748267681958
0.269593885530355,-0.00345932033489872,-0.186924539080223,-0.422226800135652,-0.729558402406177,-0.605564759499003,-0.849621345346912,-0.720657260156982,-1.41088631749022,-0.659705224736389,-1.06200215665251,-0.87638390262109,-0.411175327609862,-0.542596330492007,-0.589425826144323,-0.877111844331037
0.244210999429758,-0.00228953985406085,-0.161179043841196,-0.398279772157028,-0.752000071788369,-0.652226243570384,-1.06665903552444,-0.79956928915182,-1.33301982383054,-0.621370223777842,-1.11330825644395,-1.00526051300191,-0.431212081116575,-0.616751811217466,-0.606449724785493,-1.06402874617064
0.18762847048209,-0.00364999106899011,-0.196387309744748,-0.404506474253112,-0.676928934628242,-0.673862377925737,-1.05632657312416,-0.829113601266394,-1.37789339530404,-0.615381784208385,-0.969088258353397,-0.872339538637894,-0.434161868411806,-0.619413606889617,-0.611738866229215,-0.997090872287194
0.211459387590585,-0.00519366700531559,-0.207524835524982,-0.411262058879128,-0.789976432979793,-0.635480686101184,-1.01781968448141,-0.875138455580894,-1.17420141215239,-0.712998382712451,-0.847381452975374,-0.914907087593651,-0.424257432210078,-0.560535801733886,-0.589445851390695,-0.918211872866219
0.13780688512754,0.00320512187260401,-0.294064616462028,-0.438752783848054,-0.748888135230816,-0.664506191066351,-0.996827580921865,-0.771782017517176,-1.46249581800363,-0.67355981144132,-0.533484193764265,-0.834445951615566,-0.393235276593913,-0.643916088814717,-0.59952725972768,-0.952064954943643
0.299784085176302,-0.00124830865426413,-0.23222305297488,-0.386449246337236,-0.687523175330324,-0.65414576489541,-0.897928452870412,-0.699622999886319,-1.42457604390031,-0.740911656351998,-0.925613012239834,-0.863192793376668,-0.3920021553127,-0.598191368002569,-0.620591511851048,-0.990634465439427
0.220211648680683,-0.0030591403589421,-0.195124976461725,-0.405423453728552,-0.694408777211205,-0.641537376378265,-1.00855304911086,-0.673000666465928,-1.31889297244009,-0.816918601760946,-0.829348258770964,-0.889453369903856,-0.418936310654805,-0.558025269424379,-0.646492593297529,-0.98769925166593
0.239068505775838,-0.00572803781188226,-0.222119813484296,-0.422104393530954,-0.708348454502121,-0.6616371272948,-0.955151659174643,-0.697775409182147,-1.51423277353975,-0.649440830911887,-0.792896387963312,-0.985902271578555,-0.413611330336053,-0.580674241872234,-0.576872204709493,-1.05915683398837
0.179578673755884,-0.00426390095232644,-0.203523912495181,-0.423582701144399,-0.803026650033597,-0.656973180472039,-1.08773058539324,-0.850066070867048,-1.38929576708048,-0.804664721512149,-1.10504893751836,-0.977303688253369,-0.369626186451314,-0.57744354099999,-0.656873975058435,-1.02153120936997
0.30368144873718,-0.00487185525494169,-0.20503345151348,-0.428930610602065,-0.73726693490269,-0.675048658205236,-1.21140486966154,-0.658691323858731,-1.39700334926947,-0.697967825291254,-0.912911935841582,-0.918920620222454,-0.413613955971293,-0.577358339832183,-0.663965550980039,-1.04241351339294
0.279386378248815,-0.00508625717743954,-0.19268626000407,-0.36500158846086,-0.736296655336158,-0.63401835269785,-1.1093116211784,-0.818645256106897,-1.04144149738985,-0.825960643001026,-0.715175827651256,-0.832937422479534,-0.418598348493452,-0.557659702275016,-0.641362319718539,-0.926231486003783
0.316485233121157,-0.00968221391132329,-0.165427347988147,-0.415362451852511,-0.677142436760704,-0.645060219718519,-0.857450838641686,-0.739969225369199,-0.991973343542539,-0.591233953690682,-0.93755295839439,-0.981169482751733,-0.404834884079105,-0.601987433673096,-0.596371787003931,-0.901996268351973
0.244933038277509,-0.00775852120317994,-0.194723245077232,-0.388357520710069,-0.69437729063209,-0.634819261649064,-1.02907643390172,-0.847242885987979,-1.41239011182193,-0.577017518903251,-0.925908028247633,-0.790990270483973,-0.385603054565231,-0.609991810978862,-0.542510442436702,-0.993419768665592
0.291184307283893,-0.00781510914536445,-0.223730207574632,-0.465578170770549,-0.710701185398583,-0.619653433590401,-1.05980661673246,-0.815095239000911,-1.61309733045962,-0.734380939315807,-0.890701690262032,-0.919107360569228,-0.43200958635958,-0.596994742259729,-0.608422239287956,-0.904179368786061
0.23346588556909,-0.00274387357278694,-0.247866987427075,-0.387102843865025,-0.690867395656957,-0.61047582253585,-1.12860316014818,-0.769865090665799,-1.21113806064481,-0.543246383071869,-0.858606609549897,-1.00689747839501,-0.419911657740287,-0.604241597223081,-0.628147264066337,-1.00650804430542
0.299062615652924,-0.00408695093635709,-0.212151165100245,-0.427067171182963,-0.701291908827476,-0.732518528126761,-1.13556253161335,-0.781976054925566,-1.4398171775974,-0.651171069483321,-0.85419706006535,-0.822288580313059,-0.437134283612495,-0.590841983161799,-0.587727714227483,-1.05349821894631
0.222645586903213,-0.00193351477706734,-0.115230823844834,-0.370065198556514,-0.684350130507481,-0.590290714311051,-1.14056002221807,-0.788985596284931,-1.04324396289015,-0.513146898529108,-0.904453723461472,-0.885299052748662,-0.407901861435363,-0.612213528623734,-0.634668396562829,-0.889164544461475
0.244657102109962,-0.00489643568978848,-0.146626552721622,-0.386863088233665,-0.751659444050285,-0.625243830453513,-1.08767299809951,-0.805420273121046,-1.49297535043051,-0.727377816281416,-0.972664854579416,-0.903256954591384,-0.413741988704966,-0.626175415576843,-0.58820188701053,-1.03813463545042
0.217677207880761,-0.00517462363006068,-0.141956731369038,-0.413507370737993,-0.79329596306877,-0.602633786253538,-1.07511644072795,-0.80498407513937,-1.50798086274899,-0.727824917222678,-0.87621685138498,-0.944209739974088,-0.438230093008485,-0.575578463049504,-0.548071972969376,-0.927913630155471
0.182242513183764,-0.00231990490509315,-0.217896324929362,-0.410116236895966,-0.781857977750979,-0.657103407136418,-0.929382146979364,-0.781233035046087,-1.41855492667175,-0.786204849372062,-0.932564010062587,-0.901651216834493,-0.430993901302775,-0.551526635141224,-0.623522909259676,-0.971836483900368
0.166341131195921,-0.00239219669004823,-0.227539210940101,-0.414083119912551,-0.7611565722034,-0.721189225125436,-0.952852002870596,-0.744519057403228,-1.39822563320723,-0.579445390655884,-0.912304565077181,-0.8542568556831,-0.392230004556822,-0.583647694091617,-0.5708926778068,-1.00201649859453
0.255587538822431,-0.00401017108997164,-0.191435858031475,-0.39790197330182,-0.704929313738314,-0.67882465546032,-0.996607453238935,-0.718542990808939,-1.40423325847163,-0.757406449888556,-0.919076493549864,-0.729883362208452,-0.398092537586008,-0.63355713863569,-0.577936937983,-0.977134735795086
0.224615725780831,-0.00332782717923987,-0.157799011392363,-0.382811177612621,-0.853266607231314,-0.635346148708761,-1.02226963805002,-0.731776588396729,-1.28503651780105,-0.643071405685539,-0.946328666327049,-0.863161998388438,-0.41528378265735,-0.589258974078893,-0.581121612927523,-1.05999528838469
0.132004899820391,-0.00240673618081525,-0.151260922353711,-0.405604711012155,-0.770993468034505,-0.635741905848306,-0.964765024536708,-0.797698712460871,-1.4027545209459,-0.789820026855161,-1.14211114320848,-0.853984372327765,-0.422276730354462,-0.553098148455436,-0.601776598177755,-0.973770147553652
0.270607093582281,-0.00133419789229138,-0.162596381552632,-0.422783790196117,-0.667561353972054,-0.66149689771087,-0.93418104906945,-0.82295595685219,-1.44730705387691,-0.640711629863111,-0.824784091559816,-0.717856678645323,-0.428245859506468,-0.648658414173943,-0.574553870004146,-1.04513412309947
0.203903124474376,-0.00269700846720376,-0.146301658559908,-0.378339748608012,-0.709234760177709,-0.569982067513894,-0.890242765685586,-0.710863532903535,-1.32222283040948,-0.697078061297145,-1.00881052656369,-0.91043131002504,-0.391672475057401,-0.648245006664613,-0.623568890813818,-1.00160740108561
0.121553944295557,-0.00582326058402282,-0.152033075999095,-0.422522117965615,-0.709629056492478,-0.645885951509785,-1.10219982519514,-0.831123839649146,-1.32316372295926,-0.663645188652348,-0.92776789177184,-0.857465867842412,-0.423099552027689,-0.615369089185457,-0.600349562054126,-1.06130426909717
0.230921058430193,-0.00282594430694445,-0.165734837810424,-0.406290041204122,-0.683963152645769,-0.61117597621317,-1.02516982027276,-0.713325410751295,-1.40230385221779,-0.611632476394387,-0.901127190584099,-0.832393795566007,-0.422482757329371,-0.614394173887808,-0.619592708295482,-0.98553866516167
0.29860201633193,-0.00446750918286824,-0.173454553743818,-0.418234416393066,-0.730576227733237,-0.643719481819244,-0.979872291083292,-0.786468055627693,-1.35615811936654,-0.712718748402055,-0.861474383125176,-0.889731058952534,-0.368708819712385,-0.582674015854393,-0.661529240901806,-0.973000345151896
0.250445931912116,-0.00232184262182598,-0.20500988501848,-0.41033500250899,-0.703046508446204,-0.604655284047255,-1.03630109764035,-0.772586681368143,-1.54720000696365,-0.60656431409826,-0.840706720348002,-0.952961019471074,-0.41579171335672,-0.576844973509917,-0.611582833687349,-1.02959529948687
0.2224937424792,-0.00330337675046937,-0.199574085236939,-0.382884498976351,-0.734728097206384,-0.639186718250614,-1.05997229781154,-0.767489779442027,-1.17868752745412,-0.659207982313944,-0.810580916970177,-0.897573148513513,-0.432380778517295,-0.599325939871401,-0.608963908301771,-0.978089293034964
0.301375252717459,-0.00206901586027857,-0.226273303451865,-0.423264452202041,-0.678604387469965,-0.657792164787658,-1.00325865171642,-0.732096443518794,-1.22190751636879,-0.772190954652682,-0.89117363957891,-0.825359010797366,-0.407899487577317,-0.594903665180636,-0.548572164002367,-1.01048160156108
0.188118363891398,-0.00473634822558847,-0.249121140954169,-0.438769099791468,-0.673032137945296,-0.599835670977402,-0.98131224385574,-0.834242585412698,-1.44454739468913,-0.647716251746429,-0.646709314454968,-0.955575874929987,-0.399497695200654,-0.609000782212984,-0.594337419177382,-0.921659777302694
0.19595002791142,-0.00153100923828554,-0.190235938373574,-0.374327321013744,-0.755273386399042,-0.598112513355799,-1.18096997641482,-0.793011102711938,-1.0716869299976,-0.628105189739073,-0.964234536198136,-0.796354146923895,-0.403354288268763,-0.584576571182877,-0.582749381512778,-0.948938395689933
0.241760648105269,0.000820020646928822,-0.167354329455818,-0.408733234702089,-0.674785317717184,-0.606097668726068,-1.05044072134458,-0.680255567110513,-1.12703293321206,-0.753631134544937,-0.799820033742044,-0.765472007117314,-0.410899194095966,-0.594186923729701,-0.564705244501056,-0.950975212446871
0.152108742866154,-0.00613531436681643,-0.15911329936545,-0.369221268442539,-0.741481176052295,-0.64451346620075,-0.915586720043083,-0.769335138682584,-1.28188181324146,-0.678105636547701,-0.699144475370812,-0.826778666541512,-0.404065221159924,-0.592478828827087,-0.572142981498839,-1.02317432614133
0.268060330746871,-0.00559695686370669,-0.233290909141013,-0.417099807893882,-0.718702213758754,-0.62856681054269,-1.0793528024621,-0.721001447981453,-1.28934185657759,-0.606020144069467,-0.937188491759462,-0.945429070763561,-0.425419061353487,-0.571100274575553,-0.558228734117774,-0.949410450359969
0.228721367339053,-0.00217347647949031,-0.205955376362119,-0.380667032231774,-0.619816390255385,-0.654183135225045,-0.936607425072764,-0.808743404968539,-1.26732471258369,-0.610867134714931,-0.974079980139502,-0.899398598684172,-0.394039101947421,-0.55046858182832,-0.626854422364442,-0.973150924755364
0.113483295791538,-0.00148589898618449,-0.167015431345182,-0.390704724952636,-0.683674387829409,-0.613692375718325,-0.830675021604722,-0.799367997971181,-1.49551224354514,-0.655766513790876,-0.864202950793513,-0.863255336866729,-0.398333552759593,-0.614225750652695,-0.567526008683853,-0.951495272139089
0.344916719416285,-0.0033503547628951,-0.227637243755515,-0.406910666403725,-0.628989652851914,-0.626986409197261,-1.12431057869664,-0.807236062095285,-1.64039129108508,-0.696189738105543,-0.989533606125808,-0.812850418434985,-0.425789981525348,-0.62636113704957,-0.59079894521465,-0.914812947577452
0.222594649666378,-0.00844268415544075,-0.232789187121097,-0.415779555600934,-0.763411977759882,-0.686875967090793,-1.04868796287715,-0.755207755718263,-1.83913407238739,-0.680300615201393,-0.79872591653045,-0.888663025718566,-0.415434302141765,-0.585541125355401,-0.60810665823626,-0.933328283240531
0.32815715484239,-0.00403530284164674,-0.269944524916269,-0.424806060495249,-0.673943829768089,-0.63448032457173,-1.03176521486886,-0.757728667730246,-1.52821277713129,-0.756167143296811,-0.972939624793689,-0.817944189502886,-0.409072152967388,-0.516632664857562,-0.582148566219535,-0.988565394212481
0.291947537994862,-0.00725109922336504,-0.197798913114942,-0.393961989422715,-0.675047756522362,-0.634743755535612,-1.08975880500897,-0.787805822462351,-1.35411683157185,-0.637824072792665,-0.701750006826268,-0.833557741768771,-0.42645250977021,-0.637974296797087,-0.55767718140685,-0.951285994823072
0.238798955809954,-0.000493418220227695,-0.236950029518464,-0.42204694114542,-0.644338511984466,-0.597535435200687,-1.00185540971843,-0.846466091984751,-1.27999834835226,-0.60413069057355,-1.0771432015447,-0.902359834913322,-0.375849989923968,-0.57608532442785,-0.616234824361682,-1.06365825568721
0.202328836776003,-0.00150259426552535,-0.165592888626431,-0.363301633032706,-0.817884099304258,-0.633777050117874,-1.0520041230869,-0.706417811901871,-1.67227065092174,-0.658179225411108,-1.2929739286286,-0.861943648280298,-0.387160075073722,-0.60815475012805,-0.56674641805898,-1.05063333610332
0.24342277230752,-0.00791806065024059,-0.222158912178607,-0.423685687239676,-0.756336061812075,-0.652471446311506,-1.11808390710876,-0.783539040564107,-1.45132021551812,-0.650086007709493,-0.644246566815255,-0.855403238789474,-0.402811737713084,-0.568493275595365,-0.628794977227587,-0.98600387882968
0.237316693425609,-0.00454326167501817,-0.303124093877182,-0.423596247278827,-0.690952446696843,-0.603813385934182,-1.03058193614678,-0.753156014423346,-1.16779246233204,-0.657735249689703,-0.63272820091323,-0.830961298736932,-0.375120178166436,-0.572106214940039,-0.621371505832413,-0.891978924706316
0.24945953978789,-0.00604149769468193,-0.202561927721684,-0.418648120421545,-0.727426796943583,-0.657233380782009,-0.986993519713656,-0.712468262168867,-1.33877682259332,-0.707539172371876,-0.729333489850343,-0.943069587846381,-0.462940306097935,-0.547291460204669,-0.593723652425153,-0.96715768243832
0.192927432437044,-0.00107976926526828,-0.163056910323307,-0.37748542349813,-0.719539084621682,-0.617470488334702,-0.913455829249463,-0.817802518042011,-1.34179179704562,-0.70279401665932,-0.659162517654129,-0.935112747858791,-0.389035355514416,-0.563092423656506,-0.589792238062896,-0.911864098670902
0.282493192397651,-0.00756563825645764,-0.165001463094095,-0.407766300614633,-0.782980654528986,-0.684035182986001,-0.957488438508151,-0.76882709984736,-1.20202013464751,-0.705404561558726,-1.0673105653635,-0.943174485225746,-0.410666816534018,-0.615629143857878,-0.60095510796302,-0.987847165143289
0.186687648477103,-0.00307930135302716,-0.181934575050098,-0.375638551723423,-0.693128217300481,-0.643136820160875,-0.982549077225084,-0.726810709583649,-1.17389605840813,-0.759067773798659,-0.580843978600355,-0.882228791723681,-0.366389980001674,-0.55210988594722,-0.593019845912135,-1.01624771315297
0.229161839505541,-0.00574686086435349,-0.136960331684265,-0.399139382541906,-0.717596020328951,-0.633142997341949,-1.0802966780292,-0.690460734347612,-1.51276238524947,-0.642511190552777,-0.720585698587523,-0.847681963633399,-0.424428176933735,-0.586155952171959,-0.610905254941976,-1.02603336513636
0.0896109633484177,0.000647470080608646,-0.200562352218096,-0.425943268241598,-0.738090545334346,-0.646169175100573,-1.06399142759919,-0.747354289496316,-1.42821821000458,-0.593065647472167,-0.578129592057376,-0.834323295527821,-0.371919220205803,-0.546230045539702,-0.53995445394015,-0.968633678705418
0.18872191626191,-0.00772561488093886,-0.12678792960622,-0.371753655457223,-0.673812379202334,-0.60131732708694,-1.0262350076228,-0.777039083601798,-1.30612133740702,-0.679951207525261,-0.808364678403625,-0.807424383572735,-0.383411960867004,-0.565411142861812,-0.580016624475105,-1.07185172443725
0.187223187806423,-0.00298816585529746,-0.265836286316352,-0.369978127883597,-0.7845446166598,-0.665511734540685,-1.05504832022398,-0.855929391825663,-1.46722278810099,-0.717394924005681,-1.13450397978938,-0.806752193104928,-0.379746801432901,-0.667764891219305,-0.582059663893963,-1.07516413417515
0.208065183836485,-0.00756243005149163,-0.175020340762756,-0.400557900124659,-0.706628606089952,-0.604569021123322,-0.962148379641168,-0.836720958006185,-1.42149748409675,-0.762408686948022,-0.859900567633396,-0.897473636976537,-0.423025203133115,-0.631409622978588,-0.567405119691323,-0.923414535897201
0.21901459206168,-0.000681989640111775,-0.256533080432395,-0.425077600756345,-0.742439494678476,-0.670518975098729,-0.943724105942551,-0.767652876648205,-1.30855289548747,-0.629710594700747,-0.880386445667708,-0.881922047170975,-0.408005819965475,-0.62588526879489,-0.608703280147131,-1.03023428187488
0.171188046160822,-0.00424998458560729,-0.165372318948995,-0.398468441079365,-0.818171475959771,-0.62658429201556,-1.04276531974718,-0.804911979763356,-1.43211407184659,-0.651312147859689,-0.777956637827164,-0.964223453270955,-0.412453583410364,-0.602461173918141,-0.613842989278789,-0.990514840373856
0.191699474333027,-0.0052388639779483,-0.184045630669573,-0.440505768682678,-0.734134294990925,-0.66340346131375,-0.999589774443271,-0.727353314947445,-1.32272712310122,-0.733104734804182,-0.954974706592286,-0.915855921038733,-0.385598429619818,-0.564999972622084,-0.59661884404162,-0.970415031863119
0.218894624851398,-0.00419411011092221,-0.212639715752861,-0.377067565016081,-0.691988687872363,-0.638842302461954,-1.12386297795374,-0.83990740418649,-1.3655894134687,-0.525693736386166,-0.832688899211428,-0.904105597284021,-0.431527012363705,-0.618759777615539,-0.547726883015273,-0.970538502490281
0.194878583793496,-0.00235288786110503,-0.235547044028663,-0.388182918099363,-0.754994251163455,-0.614543423051466,-1.05356502063892,-0.85036474115533,-1.42772329915757,-0.645701367141381,-0.828692062688037,-0.870706165716815,-0.396684065506933,-0.585934833221849,-0.608086239770022,-0.958625642180216
0.220719843435839,-0.00343742433638786,-0.300259417245373,-0.404728508631716,-0.776733404479014,-0.643126341639239,-1.03991982454616,-0.742255062998487,-1.62390648955138,-0.670602382108331,-0.928016814586119,-0.915819744790315,-0.419489428140308,-0.568702127980883,-0.61413830058298,-0.974155675496092
0.249795492510249,-0.00245405846184222,-0.118575778900344,-0.414959979875257,-0.690811252146046,-0.665403051129277,-0.920463458699571,-0.751713172979002,-1.40169804295604,-0.774762993164268,-0.87223501174042,-0.855068044515101,-0.410329407449551,-0.584606985598593,-0.666528755293801,-0.891395867900823
0.142280965601199,-1.64857460829351e-05,-0.174578828972467,-0.391918582191909,-0.737399292995415,-0.600467905528735,-1.16719448752198,-0.742029642592872,-1.52409954919277,-0.743386521022928,-1.06650362776046,-0.827335196212591,-0.430330566998877,-0.575270155060483,-0.623000167439551,-1.00697189682605
0.173653407795826,-0.000925894711339909,-0.207975517843488,-0.395966557570708,-0.735981542000765,-0.611149212567012,-1.00976921053694,-0.689657868876586,-1.36143469965388,-0.534600759286775,-1.15798598435627,-0.832599330646675,-0.375537987839693,-0.589889856480847,-0.629647979856445,-1.00456417627841
0.237098533774886,-0.00286033413023797,-0.222245633905377,-0.415461196511872,-0.826600689018006,-0.600331361933738,-1.02145978419381,-0.772113969822921,-1.43948878728797,-0.688964233465174,-1.05821834764534,-0.843563241032207,-0.385030316281701,-0.664583680168759,-0.614890920279983,-0.972143008163361
0.224463475608651,-0.00656004353185621,-0.239827005830285,-0.424503195292078,-0.727305042312306,-0.63060098970175,-0.91615097144534,-0.698638305410616,-1.42454252069037,-0.721173655080545,-0.999444086870365,-0.930503758439087,-0.404115535251292,-0.63120079835215,-0.610960279080207,-1.05224104028552
0.275530868104703,-0.00770340525971791,-0.168532866250791,-0.402456887336427,-0.707226171384083,-0.604239507236741,-1.05902900547118,-0.762002897480885,-1.40398832433446,-0.620584121393135,-0.771751414628734,-0.853953418575384,-0.402862803793372,-0.605238666430215,-0.594933111321037,-0.926360197502189
0.229138183170581,-0.00483316041333362,-0.227930188282321,-0.40174703637695,-0.68413239838231,-0.645341620964519,-1.13933340217965,-0.7171758271297,-1.03733570623817,-0.74195021242108,-0.975437549253682,-0.83815748212408,-0.401388199584643,-0.630805512391731,-0.590407269479709,-0.931978992450307
0.314783297295324,-0.00092328879503466,-0.188406119024734,-0.402339781442374,-0.713109502058002,-0.669857654042417,-0.998646491512346,-0.730389636126174,-1.12815846043565,-0.606950918163029,-1.10363171136207,-0.864997824713604,-0.390903336375486,-0.611434320779717,-0.619586003134203,-0.980516012569114
0.259933164813341,-0.00636650237842086,-0.142138014508523,-0.420762449017969,-0.620084477352895,-0.59851164917011,-0.943822432459856,-0.695847767383202,-1.07989427792122,-0.647315018742686,-0.80589271501709,-0.744697370464423,-0.386807464909344,-0.627610873748565,-0.656965771203,-1.00892938544867
0.302616168021706,-0.00250701674587762,-0.200635411641635,-0.402446265116664,-0.720041709923349,-0.585146732954006,-1.04084800296299,-0.792725502187394,-1.40791726410114,-0.535390123643915,-0.932603821532508,-0.92585531393523,-0.426310361128273,-0.623430094199352,-0.593791870292188,-0.895090428414402
0.309662655515252,-0.00537528704128741,-0.219606744625824,-0.434523324566692,-0.752223590390782,-0.615762256845877,-1.18028152047559,-0.91043421886247,-1.47555216000347,-0.619065398857976,-0.983728199290301,-0.805079751387879,-0.400955744114511,-0.582561959829313,-0.621595459217581,-0.984894738781633
0.253693548656352,-0.0102325827463754,-0.108734869261194,-0.438706449672807,-0.729415488296442,-0.617637958380014,-0.936924794987823,-0.914230694939749,-1.14810125395626,-0.730764637325199,-0.756489940312148,-0.840451444699526,-0.425365734466167,-0.574850963123897,-0.579308765451785,-1.0438481333626
0.151730510483623,-0.0036271474276875,-0.262624824396799,-0.408064347553387,-0.760259343514412,-0.635985610860992,-1.04314045520378,-0.835152197913584,-1.49120557279557,-0.654649818674767,-1.01341822381992,-0.922343143412904,-0.398009499290242,-0.595371223009596,-0.630399643061296,-1.0147799039272
0.262992457493117,-0.00352553442365029,-0.211214374209047,-0.404964345293329,-0.742471179733245,-0.640280989921853,-1.07146913496059,-0.823790594209168,-1.55695379709118,-0.689403206597201,-1.01683977775393,-0.943379833225484,-0.42586941322033,-0.612296951487978,-0.599162425496902,-0.922307641650596
0.208896580285557,-0.00545201316159227,-0.261367646428667,-0.379735063006075,-0.658352238308207,-0.60709282839805,-0.944479301421988,-0.782778172775634,-1.22982959095356,-0.636242570471296,-0.663014821892151,-0.879541642838857,-0.428337334056457,-0.582568439274692,-0.624401045138065,-1.05388053951765
0.28020463556958,-0.00735295313236632,-0.17979483804515,-0.399401025053189,-0.664600467095269,-0.64575437692815,-1.01822643797041,-0.804000508594829,-0.995990766540284,-0.621645869190949,-0.776516095279266,-0.939678772996573,-0.380494030645441,-0.601871525985573,-0.580767553632417,-1.01563696705041
0.291108428780967,-0.00534599773976568,-0.186143320215984,-0.388877504141017,-0.670913256014382,-0.586733826785971,-1.01176951926433,-0.74400745098216,-1.31743009243798,-0.668187998411363,-0.85517542687089,-0.881385733385693,-0.406381673879865,-0.601971972117926,-0.619223538102741,-1.03829910120486
0.266635704472035,-0.00474731760335769,-0.122514921568556,-0.424951623768145,-0.649366133366655,-0.69873819292672,-1.07827309928414,-0.798398180069138,-1.17113892825687,-0.73645999827008,-1.04900289931135,-0.890697933570349,-0.400940912208558,-0.564891800149258,-0.572455254663815,-1.0026066864999
0.30743896294083,-0.00928304100382879,-0.185577418989078,-0.382736304978689,-0.759539947320902,-0.675139534684514,-1.08800956513482,-0.806856694130359,-1.19688250744922,-0.704547640795316,-0.673098179192923,-0.873631243324963,-0.395490043841954,-0.614790534864297,-0.563032064310557,-0.881705464986469
0.241806163461334,-0.00563369311913685,-0.163095191370822,-0.402515346847742,-0.66338580701475,-0.607343061876134,-1.06237304070527,-0.831440790666404,-1.39370768436761,-0.680343361218267,-0.916120020127341,-0.885638611715089,-0.420570434540606,-0.628662514240747,-0.583881964960069,-1.03714710350177
0.212840365401544,-0.00377186406536119,-0.340123223515318,-0.38523116505235,-0.71476769303515,-0.661349473429101,-1.10989127603985,-0.822290866156534,-1.19067631514385,-0.688155707914391,-0.823423460896825,-0.776125505122462,-0.433279166944212,-0.574331518953973,-0.595942610593873,-0.916895239862985
0.291164854416677,-0.00137554146890889,-0.140658802631149,-0.427948127363076,-0.718960909722094,-0.64807135383351,-0.926821235701423,-0.721758267760125,-1.13075163784385,-0.490580379203665,-0.879161659022882,-0.742705296234214,-0.397239886484253,-0.587657200891102,-0.585797505573754,-0.933665139011352
0.12395628426189,-0.00304854913380333,-0.163499125468247,-0.438853069833084,-0.734187654496633,-0.658107297921107,-0.980844575131766,-0.674387252440491,-1.67433232007056,-0.69898683076021,-0.748100357493756,-0.84468454294747,-0.432929983542709,-0.590730770840739,-0.568896832737028,-1.00560455490413
0.295742121855919,-0.00734158434319362,-0.184083514863751,-0.386765033858734,-0.696512833187178,-0.67102006675283,-0.950270963062317,-0.820922563588319,-1.22719016041788,-0.759599627188489,-0.705473996994384,-0.806665088250133,-0.41702566841096,-0.596304396204264,-0.630808617307077,-1.06212469934413
0.126436972865916,0.00159768107834906,-0.191513405545869,-0.409273990533334,-0.795798993153798,-0.633755271822814,-1.1130645720023,-0.788683997369026,-1.64881075764426,-0.637483190968678,-0.958674428272484,-0.863522265586368,-0.383280080143523,-0.552360942923479,-0.615947392378768,-0.940621760236363
0.323383548251196,-0.00342137808313593,-0.177431561962674,-0.407557205362634,-0.656842902089425,-0.614278806244006,-1.08633551218595,-0.703059599403715,-1.28254896456971,-0.711595065140522,-0.935754181669799,-0.94892620479352,-0.385772301093272,-0.580305752707224,-0.585878925459849,-0.954945403333339
0.213654561581809,-0.00129813942809451,-0.194176732387851,-0.415445602484545,-0.694925644809725,-0.681780277831043,-0.934634920047774,-0.824075492636934,-1.35558447519842,-0.61859502311583,-0.934382759314602,-0.763594689195819,-0.404007739082603,-0.549795753458448,-0.603921352313367,-1.00385608046903
0.119598785812092,-0.00286831124156267,-0.191722318285353,-0.432691773476471,-0.635177345398963,-0.619958099730312,-1.06969955536594,-0.755520730980277,-1.37430154041166,-0.691357195928918,-0.672721734626269,-1.001837302409,-0.389263572582602,-0.544913026542034,-0.579570119553701,-0.882617985718024
0.270762907491102,-0.00566632189970728,-0.269249573967611,-0.410260996181657,-0.723409951248903,-0.606594090789505,-1.13583043399226,-0.706316898620465,-1.15160252174977,-0.737852446196367,-0.755095977242632,-0.841513047172883,-0.382049194116885,-0.58750850591429,-0.583858080323534,-0.933403564658182
0.229283322183977,-0.00529670675347855,-0.285940038356639,-0.402525438208503,-0.712203287298187,-0.623050488727812,-1.03377493364842,-0.811231006705174,-1.59921485030436,-0.627767236734331,-0.783809376457125,-0.761582947548129,-0.400450819262095,-0.584430531829412,-0.576296420669807,-0.885738780374119
0.215191288114814,-0.00244786814214694,-0.160695332533604,-0.43340684345603,-0.632424612950287,-0.637958342323534,-1.118849855717,-0.808149766726846,-1.10717102831509,-0.570403565763083,-0.832776322395475,-0.955277828356383,-0.381062081558796,-0.590324909007277,-0.61895769250251,-0.925543055080718
0.14207803102271,-0.0042261952571958,-0.204569283442834,-0.405729065240061,-0.713434694300972,-0.65612261577848,-1.0016730430315,-0.772612253073287,-1.31747086219748,-0.6053098357248,-0.883314326810194,-0.852524493204789,-0.407130146462905,-0.633777573557919,-0.516726800857932,-1.03069703031435
0.219243954098786,-0.00455766362699853,-0.240640180914329,-0.402845565028004,-0.669740082188338,-0.647866254218008,-0.983551570354326,-0.762937639375578,-1.3244943905518,-0.6494553945863,-0.658628088429745,-0.785539222017407,-0.395021191298437,-0.621253909948688,-0.591546713028047,-0.895842186592994
0.181926459530204,-0.00271524743452263,-0.220048432643239,-0.396468913124241,-0.760155252782997,-0.65478010076565,-0.933342068583239,-0.788833708147504,-1.20601497507221,-0.737616807060815,-0.813553245349726,-0.904310731962547,-0.374968997880974,-0.645970873880722,-0.619487158780732,-1.06778802016661
0.160903866760524,0.002754087020615,-0.186177067500046,-0.403656421416493,-0.702990083143223,-0.594677649433426,-1.02816301292565,-0.791783430753639,-0.968257627842856,-0.610123770070625,-1.01077729234606,-1.03619594777738,-0.427370139187186,-0.554175117220193,-0.61570996985203,-0.957579848676907
0.328408442463709,-0.00677946161385669,-0.195862966499613,-0.434334672706863,-0.644315514886703,-0.643081689468474,-1.11722201414054,-0.841989652029101,-1.37584793039156,-0.660487218670745,-0.762049711556418,-0.940348488921766,-0.383747501674082,-0.596968628532876,-0.571129922000924,-0.964630109264818
0.129291220278976,-0.00464255810038875,-0.234616614163426,-0.417302370549248,-0.738162741478247,-0.658029864655093,-1.0854745604791,-0.811998385899219,-1.6314804124588,-0.666537415823126,-0.897158968101509,-0.856328813862579,-0.384361910833071,-0.569365526666265,-0.565674655346248,-0.959738645497163
0.0860426316226691,0.00115771508624612,-0.205374438106027,-0.372940712217259,-0.665659749987599,-0.617510822824231,-1.06935437817401,-0.740564769807517,-1.38860286331912,-0.636882873101995,-0.975417924366652,-0.8720629628553,-0.432979841509719,-0.545142977190681,-0.563525917835773,-1.01241556735935
0.294383897743684,-0.00102987486100183,-0.16315078303611,-0.39103374084831,-0.639438415183201,-0.627148300149765,-0.964313510870818,-0.665144365631922,-1.04360669271346,-0.610474061688739,-0.998962383264965,-0.767530874864076,-0.425489398404499,-0.570303615723566,-0.573229703412818,-0.962360620464318
0.326456554816214,-0.00697770930696081,-0.216249388849631,-0.422245574186001,-0.70501585383716,-0.595416855866653,-1.05938457176991,-0.774755885082298,-0.885646783701817,-0.509206245688683,-0.633742621269697,-0.854615491321886,-0.416726322712125,-0.57729947187744,-0.563853130976333,-1.00846577091305
0.240292619702647,-0.00449431555709381,-0.173022007093783,-0.385320589163746,-0.753160731593074,-0.61832272516015,-1.06895397046121,-0.784417845633243,-1.30374668271213,-0.647718548688624,-0.729490367478728,-0.913570712287439,-0.430074499019624,-0.575502879855452,-0.585170197583088,-0.961747376584134
0.179968462348044,-0.00447627078040746,-0.182995188176781,-0.419907677432702,-0.749002165409687,-0.691660089239322,-1.08299851101999,-0.822930638151421,-1.36630473675516,-0.74223379206018,-0.931539366899069,-0.912795714438818,-0.410502236510633,-0.580479494147458,-0.593282052074565,-1.05748838533441
0.116333942384235,0.00376726700841076,-0.148707517166278,-0.390666364023675,-0.697310457145323,-0.643537835178369,-0.919925935824745,-0.783192655743516,-1.09390809392141,-0.755348044172501,-1.03953239774339,-0.821938844988241,-0.392951875421378,-0.538446318721492,-0.563644824160789,-1.06173415080463
0.241736498354333,-0.00559586628498572,-0.133720967027202,-0.373858505352052,-0.763756942264364,-0.595340242968228,-1.06988220363658,-0.711845582142459,-1.48786505963739,-0.709413059122916,-0.799793356457618,-0.841540504493242,-0.381667386751669,-0.607472704765705,-0.612514627607872,-0.892300048070429
0.0504602937374621,0.00191994701114895,-0.177778487435227,-0.40681933748142,-0.798058470556525,-0.656826125322141,-1.14257310686675,-0.77901455350693,-1.62039432707045,-0.736343717522971,-0.803460677323132,-0.849903637387324,-0.395322186491816,-0.633982448623609,-0.581626800318145,-0.937784602355329
0.168498260631022,-0.00694973417241433,-0.1944214424552,-0.404299126009963,-0.681052878212542,-0.643827558748843,-0.927864772412354,-0.712670321989742,-1.40806194449438,-0.68649250550989,-1.00578585341622,-1.02208862318511,-0.403870278204459,-0.616748126295951,-0.618296809125241,-1.03559112249735
0.256154341949589,-0.00723526330505679,-0.199785525962815,-0.405037116298541,-0.766621137479204,-0.622115726845173,-0.957037809440134,-0.758337419149483,-1.20675880946391,-0.583114255800363,-1.07588816854122,-0.851190526109507,-0.401996831367103,-0.587119320968072,-0.564228784714964,-0.99224489025581
0.129905742301331,-0.000928554061852769,-0.20633615275752,-0.384484492329716,-0.707248089676603,-0.623705775287442,-1.06337710426462,-0.766327397609997,-1.08316712178744,-0.555679137720457,-0.91708035229343,-0.860142830488563,-0.398008084627221,-0.578668861386034,-0.644399845410892,-1.11473193618272
0.215891348669966,0.0003074964734144,-0.22048227362042,-0.399380003007257,-0.695953023568908,-0.615112141445159,-0.977139443633907,-0.830470775978751,-1.20952422639782,-0.651891880427029,-0.942588561949354,-0.849769918436583,-0.389386025602226,-0.607956727955004,-0.604524330581583,-0.943489422623784
0.25984808488615,-0.00487771065863385,-0.204911839846056,-0.428032419458327,-0.709477968200289,-0.579222964512801,-1.15819006864466,-0.804845255126324,-1.43988732761025,-0.703234145747555,-0.875347694845143,-0.897741069507676,-0.418904050865432,-0.627761224021627,-0.602177971115796,-0.963087961494676
0.260719547014028,-0.00841256598010798,-0.245968835317802,-0.428653270793873,-0.703774065644905,-0.700030891114175,-1.09641098809586,-0.780410489493971,-1.55358981495816,-0.658117874410509,-0.75414653294364,-0.837850121136091,-0.408742500009984,-0.614987755091516,-0.580164544850051,-0.955152771942756
0.24604848485474,-0.00410102295659683,-0.236393777375777,-0.412308104262019,-0.709664628733332,-0.692688874104393,-1.06660690909596,-0.723191199718138,-1.3792412849082,-0.696164747068382,-0.724849704364315,-0.92617196529586,-0.402721488942768,-0.606205254960862,-0.593180117461199,-0.956164523726799
0.202156162203754,-0.00381644182343388,-0.194116729732414,-0.396766823399016,-0.74745884498914,-0.65408741610829,-0.900176873039294,-0.753268918937091,-1.68361802337208,-0.59301975612345,-0.989200777312833,-0.87564478796574,-0.371747137380758,-0.563832475058704,-0.566932233199363,-1.01913683092708
0.284725485977842,-0.00271321327115088,-0.143186579822414,-0.413202051184401,-0.794465727325186,-0.682622841208625,-1.01455466714456,-0.809471424224028,-1.38824058858717,-0.705965840260681,-0.955171952724617,-0.885359650426931,-0.428980476833431,-0.617944493411206,-0.550482904595575,-1.00254386250917
0.28191782289602,-0.00464848065980545,-0.224386673092216,-0.418032278579198,-0.65604283718487,-0.64202183076582,-1.14380246721049,-0.751979848815017,-1.79178643486134,-0.715862715673202,-0.850358158637069,-0.978531846056348,-0.38120608107989,-0.551576046510243,-0.614898726756567,-0.908606495868091
0.279830597235343,-0.00337878041430231,-0.204583181584743,-0.395296413636821,-0.702072044970152,-0.664836276660126,-1.08163842582586,-0.744084059627133,-1.48991160520923,-0.794332529203599,-0.982830489286443,-0.892550139130043,-0.416244365945046,-0.584151153060958,-0.637250777761273,-1.07234285936663
0.106655057295634,0.00148192259803436,-0.18599632541685,-0.416913015964809,-0.729244304461038,-0.602403400577291,-1.12341229498947,-0.784642299433305,-1.60447579063251,-0.640210144588059,-0.93136783839351,-0.900507728817928,-0.407453005284517,-0.574696244163522,-0.64566558271103,-1.05032783752933
0.172646522572422,0.00183170663308147,-0.25078616949814,-0.39319043393556,-0.739691810968975,-0.644708480507968,-0.973781065554346,-0.782752940067016,-1.3006833505177,-0.604076413278027,-0.865153058438287,-0.886182057499392,-0.384349029380754,-0.609965584641699,-0.568192934443976,-1.05670396136028
0.212317459757331,-0.00290280527633788,-0.236456873669945,-0.399568637305254,-0.726190329223172,-0.711818877214487,-1.10288315793939,-0.78294537034298,-1.54620328923726,-0.561343051763442,-0.721920044057707,-0.892350778468808,-0.430854749268209,-0.589296141735594,-0.576099090589534,-0.988718350102399
0.146171114224611,-0.00187883101653966,-0.134181820709223,-0.396264359296002,-0.749927944170305,-0.624328798861578,-0.99844959096763,-0.685468593399608,-1.39074637680907,-0.546853530797269,-0.769393109774914,-0.909064591913488,-0.382396538039528,-0.635156400597356,-0.591684790307473,-1.04972945136237
0.13270889819728,0.00111080237251298,-0.210957790432119,-0.419037584976761,-0.710304148438866,-0.659431598278663,-1.07965482768504,-0.726885185031589,-1.40341281356734,-0.708017352609565,-1.01305851985079,-0.955589707971592,-0.378642113403544,-0.60341161017214,-0.606536202781752,-1.008671672213
0.23066959685491,-0.00467640683477093,-0.15072767848156,-0.420762402822068,-0.706226808794981,-0.671643474062647,-0.977310817364843,-0.703388260318641,-1.39397643025209,-0.624514197157731,-0.713007372368404,-0.848335602632732,-0.379663696359509,-0.55616650770809,-0.582788178209252,-0.952657536201972
0.147069708142733,-0.000812483921228077,-0.227025908494542,-0.367753553873346,-0.769223430037806,-0.62135206133549,-0.897308883339922,-0.717844789091189,-0.914308607111755,-0.629722140322402,-0.645273233834446,-0.821204019657045,-0.387000893181931,-0.55968024446306,-0.594562505911125,-0.982228223399055
0.3161585072992,-0.00722825965683806,-0.228167589306107,-0.392799667761554,-0.722811841859135,-0.639390372182445,-0.954163828295951,-0.664537762450167,-1.27483939441052,-0.712605444947653,-1.13924421888468,-0.875795920772082,-0.418143048098621,-0.608879208488836,-0.568427567895983,-0.898643620241818
0.207890774825673,-0.0043815781195196,-0.217194596529483,-0.400149292695853,-0.759085373937715,-0.645549176121476,-1.07886885173433,-0.745598980761191,-1.34762829706389,-0.619752224099157,-0.83449337638435,-0.884311526728371,-0.375480718233026,-0.651235395902213,-0.58647570058427,-0.918318599596367
0.234664768537742,-0.00255621997208565,-0.158622313994818,-0.422040061062663,-0.621081108007873,-0.633489832342014,-0.998255824576546,-0.765233189621939,-1.30778401042521,-0.666561821221786,-0.749728303240204,-0.788870487933329,-0.410687679497031,-0.54413229107509,-0.566647479437922,-0.980874932082266
0.216332298159564,-0.00724255578072258,-0.188455910528602,-0.358797903071752,-0.634666110392917,-0.625584654081735,-1.13301694236646,-0.771290104458608,-1.52215111307151,-0.641526998685056,-0.976854592670866,-0.890462782489351,-0.418914189053977,-0.550226149612743,-0.592180478641455,-0.972976653182034
0.242253133637618,-0.00198589162750503,-0.219013743727099,-0.384717270448665,-0.736230678257795,-0.580053754620223,-1.01640214217704,-0.798449473559299,-1.83443025083976,-0.636575873678415,-0.841785359167902,-0.768715376372929,-0.420790311421953,-0.576921132280833,-0.621489172739526,-0.944411752666966
0.0188111908226867,0.00335044346171369,-0.167371288566101,-0.413788322540458,-0.779684436756384,-0.629584460115686,-1.02870068530134,-0.763178320432994,-1.4518119154996,-0.742331879234296,-1.04889765785903,-0.879799177552986,-0.419870393501513,-0.615594612053061,-0.623624671316589,-0.914641835237804
0.208861485943701,-0.00163195544012404,-0.141499761102629,-0.425529363432732,-0.687406004154908,-0.649580968519603,-0.986225609644133,-0.748047473269122,-1.41581468314805,-0.501525954716393,-0.786633614784726,-0.849065171188774,-0.422631039844569,-0.567593184999338,-0.554730499035924,-0.953776345320087
0.255176593462567,-0.00561090093308298,-0.186782845639492,-0.378002761622103,-0.740055800676821,-0.61485036746823,-1.00348430096841,-0.859910693473445,-1.4453254366041,-0.628965175282065,-0.727552879569806,-0.903035423960281,-0.420872196561547,-0.606839530169867,-0.561925758284013,-0.835973029883828
0.212385681290112,-0.000152809185741276,-0.256449708478573,-0.405190441502389,-0.810696639058096,-0.597445720919246,-1.10530364690023,-0.779058401023115,-1.57004781911533,-0.740043930002391,-0.805164151855621,-0.84493273143658,-0.456854793173501,-0.592677996569971,-0.648728782781197,-1.10303458799476
0.203122996743957,-0.00133145504516708,-0.237272471822401,-0.411588945208325,-0.72765992199358,-0.644390425424886,-1.02534467734642,-0.743545107953908,-1.28218790754085,-0.739797325022457,-0.87092786636245,-0.765806474062934,-0.387485788266039,-0.547413040218392,-0.569796418483254,-0.9212671720356
0.173300457537304,-0.00257692906464704,-0.209931931599204,-0.378395698748502,-0.716485989859968,-0.660038833956729,-1.10705378682676,-0.679293158355983,-1.53662337178031,-0.628036599963506,-0.976300678249474,-0.869974342744428,-0.431551360101869,-0.593456409447436,-0.631727548651145,-1.02978128230899
0.211862515667889,-0.00112661791357006,-0.213209490643471,-0.391215656043556,-0.703137000513778,-0.655455974612196,-0.972112479117442,-0.848062276701543,-1.52670481346793,-0.668058806629316,-1.09003370341441,-0.871381706163012,-0.444135200663563,-0.612266123525478,-0.640678354546964,-1.03222466217039
0.230636779092087,-0.00238430425732533,-0.245624544250951,-0.385056000684908,-0.627566768162685,-0.672229821810739,-1.05789121238403,-0.816632091670749,-1.50486237001762,-0.53608665073603,-0.742169241509039,-0.66052160716963,-0.377911099436863,-0.640069012590678,-0.561847668597095,-0.95324067699809
0.223443366375869,-0.00212366753178206,-0.197311730312772,-0.417632155985381,-0.751572599167617,-0.675104735398071,-0.926169951042822,-0.807754994879848,-1.30209257957736,-0.771225300735799,-0.905533637227684,-0.985314263103304,-0.422130825784649,-0.633525146883885,-0.663791840170961,-1.06949658382565
0.155230814584616,-0.00379785561889948,-0.205722176924668,-0.411243218892317,-0.753529325722665,-0.641607908505038,-1.00050657375181,-0.702053977729911,-1.16174388794324,-0.799314381483,-0.744605138321666,-0.839695375552615,-0.360790620632252,-0.581380237472331,-0.566708213877278,-0.894153875623854
0.30104715654778,-0.00588370949097169,-0.199393563967105,-0.416856207239518,-0.642077793070304,-0.622067488495155,-0.998154993976199,-0.759157421848683,-1.14014345047829,-0.578386511580952,-0.862459170031598,-0.8178185295714,-0.427971133557234,-0.546639009482334,-0.642965024984211,-0.948575291923882
0.0683470477488877,0.00245851251553689,-0.121476247722956,-0.393472022021218,-0.751228927776534,-0.647344918534715,-1.02495786157823,-0.746015277893982,-1.26426959502334,-0.728259833023372,-0.812542042672071,-0.894909625425927,-0.393259867652217,-0.599778830876472,-0.525526752780584,-1.13293021052171
0.175029863927179,-0.000486085749048022,-0.238454902420901,-0.404163690263,-0.756898924567496,-0.628758401714588,-1.04126672904514,-0.787102582279284,-1.4237283115956,-0.557305991606284,-0.867040279046836,-0.998779342247331,-0.388396637400984,-0.586283050679163,-0.59138014963687,-1.02287582352561
0.231511333263664,-0.00154464846962382,-0.285734438634484,-0.419456151649485,-0.768604172447341,-0.616016140399945,-0.952642689722488,-0.699633818217995,-1.24867902404329,-0.695628783898295,-0.909589021231687,-0.941936878318366,-0.38944925797953,-0.554427574959643,-0.607324773025201,-1.00609817952545
0.231932462059441,-0.00424759375549874,-0.183144355651782,-0.415650320180145,-0.633098992849123,-0.622421441304833,-1.04417120861603,-0.67202688920138,-1.11396507897719,-0.63100893695103,-1.08443922013099,-0.940596830775872,-0.418371924757641,-0.630717819896434,-0.608284499975827,-0.977789731836579
0.157489558281007,-0.00257174824637869,-0.168769757152209,-0.411133354681323,-0.751703324451855,-0.644178699970249,-0.996647187014992,-0.775865760620558,-1.30968692528905,-0.576790015872572,-0.984564655431156,-0.722023967639465,-0.391215517444157,-0.576560960423427,-0.57800177320178,-0.97157185079738
0.19873023023453,-0.00324472384309913,-0.203667768077256,-0.375501802037667,-0.707564991299219,-0.639302281142794,-1.05310609046729,-0.72384026398738,-1.1476415356665,-0.674804508198518,-0.958903946881168,-0.732458609425652,-0.405953283858234,-0.562888698404768,-0.585064005737135,-1.01388480852891
0.19618433564909,-0.0025929781946249,-0.14771930110673,-0.388998397998203,-0.625679146582417,-0.605148148833749,-0.96035690428458,-0.837795722804403,-1.33871249792165,-0.744636601667466,-0.72679985967759,-0.877222381562033,-0.409914358258552,-0.530315041091147,-0.530658789819552,-1.00083561193382
0.183087671191304,-0.00163449360039119,-0.16658723492148,-0.404581831765404,-0.615127269908605,-0.641887230404081,-1.09171765121591,-0.768877307283361,-1.41392715928519,-0.632011666883804,-0.800630266322683,-0.95412388335697,-0.38745149365681,-0.578532946653878,-0.558575287236239,-0.980003042631336
0.194604539489119,-0.00583872134547023,-0.202297797275609,-0.39754543990744,-0.624385400140041,-0.676020480595426,-1.02826681726741,-0.702800622730748,-1.20584591143943,-0.657876688512413,-1.09342218411146,-0.953862979302953,-0.37936979672034,-0.595445921491694,-0.589929646301097,-0.96632424699338
0.0783285280263603,0.000852082223245886,-0.225451748339285,-0.407604333735224,-0.703421759671147,-0.63895937064628,-0.98050731901512,-0.813999436944402,-1.28000487728712,-0.566095324129925,-0.946629488909717,-0.852609130786612,-0.399103125756735,-0.598191756918794,-0.627612780377979,-0.987367462142718
0.120276646933123,0.0042018562378268,-0.244513885116001,-0.399653336611535,-0.772133139075335,-0.682106254803005,-1.05400438013781,-0.698002499846683,-1.20337571296521,-0.596541996660319,-1.10836616935141,-0.986159963941002,-0.387967686692628,-0.553750196928259,-0.560218014912772,-1.09103208463957
0.29262661555027,-0.00987658582423033,-0.235134778158843,-0.401195486877185,-0.681298662673536,-0.655058457629331,-1.05297857920445,-0.849311352343949,-1.33811146215364,-0.654845272511741,-0.831456533930877,-0.954295258723912,-0.420485237079098,-0.582736512142391,-0.629604800690354,-0.99342004068736
0.197328007891496,-0.00743278293581684,-0.199991665450604,-0.410543460202982,-0.736641815186842,-0.655017691274177,-1.0932701798227,-0.811128560741183,-1.42367743082138,-0.635763155963816,-0.96780766567873,-0.874815491129618,-0.423652196376607,-0.585215493619551,-0.603920393693633,-0.952628361333961
0.191450128844972,-0.0042349978428485,-0.228115388948002,-0.391859532319296,-0.70303714015519,-0.634953726856424,-1.0887623715611,-0.74477964848207,-1.06559713100526,-0.769206297954731,-0.880315621757682,-0.812924467701079,-0.356565736071003,-0.613407724694639,-0.632475861459959,-1.06664717080061
0.192235729349093,-0.00193031326229881,-0.211563515463543,-0.405839365956036,-0.723995048853159,-0.64254261399095,-0.975057751497088,-0.745784394787017,-1.45344697864079,-0.643127740808922,-0.938588965798564,-0.894588661267496,-0.430054329366514,-0.59327193852274,-0.542884589292426,-0.915430817279735
0.283733345796402,-0.00384102796529521,-0.191294328488283,-0.381965024932181,-0.781618349930763,-0.636780605163841,-0.934505650719983,-0.760347819502964,-1.28177756827413,-0.757930210819934,-0.564375691501661,-0.855129336874802,-0.393229625709136,-0.574314252152221,-0.60313634771435,-1.04192132270295
0.182470731288278,-0.00112646610653301,-0.185861769413763,-0.438024950383235,-0.70358666815812,-0.696395458336943,-1.02364034445791,-0.679881136284616,-1.49563385211198,-0.661637931860954,-0.758887589540742,-0.886109152458031,-0.405006191164588,-0.557818606717845,-0.588392524681016,-1.00687169048125
0.251054343164124,-0.00658689109721568,-0.181198710428229,-0.41068301587412,-0.720384004670204,-0.631047003522993,-1.0489301883802,-0.70070386202918,-1.45561316541742,-0.563239185304837,-0.838986177957788,-0.799482737731956,-0.394051238822067,-0.556007334493671,-0.611432576007527,-1.01225065696246
0.226939374701662,-0.00398520955083329,-0.203369739199026,-0.40360003166133,-0.69196548244756,-0.678515993398634,-1.07568885688732,-0.762188575153635,-1.10238917016085,-0.6849376155538,-0.855816480065567,-0.870414356021236,-0.43810773804158,-0.604731329315218,-0.568580390187232,-1.00568063502863
0.184817910064217,0.00241948291643288,-0.161172786756572,-0.382367513915801,-0.699088650576384,-0.613323460166631,-1.00795595111294,-0.81349904660715,-1.29175602302813,-0.673393382912529,-0.879765717769759,-0.796638577413809,-0.419233673150169,-0.579176291076315,-0.558299610971537,-0.957092277661721
0.221729936602728,-0.0014961457182612,-0.131826231596389,-0.39271575491247,-0.716344428011336,-0.586894795695795,-1.07440420526287,-0.752715821646424,-1.23240680595855,-0.605075827395623,-0.892009475951351,-0.854472247442367,-0.411854215063773,-0.563527449127986,-0.543925717770493,-0.944982512753886
0.283474090168338,-0.00677063469643757,-0.285721708650695,-0.426571137894645,-0.713356997015429,-0.654471308415804,-1.03715449483482,-0.747952753867694,-1.20709806770791,-0.607631821301762,-0.840228964974205,-0.807837385835221,-0.41180964291017,-0.632014913256018,-0.603816036819238,-1.03406334187148
0.374924629704325,-0.00756160007539564,-0.16796135755382,-0.419849273243116,-0.672787688515229,-0.696968165536264,-0.98984380653335,-0.793812089764217,-1.26872019482256,-0.63164904970995,-1.17885609401498,-0.804583841192148,-0.426702666168155,-0.603300368980225,-0.612677954557797,-0.960807996756986
0.247753649651184,-0.00508359593237968,-0.221328090772033,-0.38273039303446,-0.739789401491326,-0.658504793577722,-1.1155830765242,-0.81861116443601,-1.17201758310258,-0.632466855146068,-1.15361826573735,-0.951769088767767,-0.41291655343157,-0.592443072295352,-0.598586516913821,-1.02130008601773
0.186954123013727,-0.00459359266751824,-0.230047443611735,-0.396960662325904,-0.766561112013798,-0.64251532722657,-0.961468006079228,-0.777709683525513,-1.11503098569623,-0.671137532291213,-1.03055035288338,-0.84871322217747,-0.405550768356681,-0.657427473187,-0.622952027331226,-0.991864343342503
0.276207757581661,-0.00989242440191521,-0.16879050828712,-0.431908971337777,-0.655260678107939,-0.609559691391368,-0.91602522632251,-0.773830931405137,-1.29891867870615,-0.650186423989988,-0.930190074643765,-0.859063387786967,-0.408809633596673,-0.652031234392045,-0.577517778834133,-1.00904897636894
0.212065386058289,-0.00494570121918181,-0.141715498988282,-0.405096666469957,-0.703411998869281,-0.64145075611537,-1.02439863778949,-0.707516411525688,-1.17519989334211,-0.704698649509577,-1.10789279535778,-1.00650313782187,-0.394610070575551,-0.654692872335672,-0.57738303320623,-1.03930217849738
0.210564803263535,-0.0041565331724705,-0.191908002195119,-0.398853711811406,-0.68973045380852,-0.631920797609963,-1.09851424644272,-0.726201607294039,-1.19335118627429,-0.687147575116509,-0.654685047785574,-0.911329608142122,-0.403695718451762,-0.550337250473199,-0.589043262804614,-1.01686270463675
0.109725009421326,0.00433710171576087,-0.170798821425859,-0.384292621739876,-0.695771329621528,-0.634916101349811,-0.954087097641516,-0.796525237664418,-1.37768035402015,-0.688969633037098,-0.80575335423669,-0.916214975719511,-0.414925418383268,-0.585272063642613,-0.590206050744681,-1.0877681633728
0.290635294024253,-0.00159088757993224,-0.288409312443255,-0.427685745316278,-0.719759777286256,-0.630362690523909,-0.957469243236044,-0.707937825494963,-1.39188997998592,-0.635273423107136,-0.92500056594474,-0.819277496574079,-0.401568535243848,-0.590412778037575,-0.589261184988817,-0.945100037099345
0.249221818427161,-0.00800092423227607,-0.139068095102245,-0.4081980444553,-0.675425952002268,-0.606223651556531,-1.17880772261414,-0.716984820914597,-1.37480811561968,-0.674791241340942,-0.773038322976578,-0.908286057181333,-0.422417518811934,-0.586566717593401,-0.615771778919281,-0.980841112440349
0.191126021175861,-0.00619856530046451,-0.183135350874054,-0.385557300302575,-0.688398048932855,-0.689307575685502,-1.14270268406351,-0.867740050282441,-1.46821266005368,-0.715913202837147,-1.12107331211024,-0.82531265819222,-0.407806573380254,-0.625818133891461,-0.553617940755084,-0.999391278458809
0.286043227815204,-0.00405985947625951,-0.161355782666796,-0.427511717226552,-0.646874947344252,-0.657985778570077,-0.872922055523945,-0.778191143231849,-1.63152282495547,-0.708112995709995,-0.920958754515088,-0.823776336208653,-0.391794517165759,-0.553312827759801,-0.603314761187178,-0.929859025832294
0.176218113900269,-0.00264662616192578,-0.236240814010574,-0.387858283158747,-0.606307889857352,-0.639842911240263,-1.21703217457516,-0.69322982304378,-1.82335203187494,-0.62523502350245,-0.851221352906363,-0.714169031395106,-0.430884354830142,-0.553512366514913,-0.654970470135119,-0.98291895965139
0.264162807197856,-0.00374590586542772,-0.210565006564738,-0.412472806575308,-0.708529481414095,-0.709150605980299,-0.954733195663287,-0.772296145636371,-1.22477475912873,-0.731773528199412,-0.728636560739139,-1.00329344124215,-0.404732201182696,-0.601575582459147,-0.58738559783919,-0.942519190148018
0.186183972147834,-0.000735102401439397,-0.220669408397792,-0.41280802724309,-0.718599932754634,-0.619726507181439,-1.0819405873877,-0.731155821923291,-1.46772231903551,-0.671897493131918,-0.662949769203879,-0.906273804060861,-0.363188682261818,-0.612330003432221,-0.540887516382169,-1.02301682005376
0.189773910584957,-0.00228711463245932,-0.127086345045737,-0.394622271171371,-0.683426235516657,-0.577321415905521,-1.02342581001289,-0.785942202337529,-1.42606036090021,-0.560680114954743,-0.508177680129424,-0.764173726389136,-0.386938389521469,-0.653360635036936,-0.620652710868673,-0.929440489483208
0.186754637000987,-0.00253502603571126,-0.184747703193396,-0.42954008764248,-0.776623079911736,-0.621849155571513,-0.99308493184065,-0.85760261859481,-1.56512200108307,-0.691411426470506,-1.02310140114389,-0.813701954552525,-0.412246991032453,-0.56167124094513,-0.575118810222504,-0.957973574113569
0.314897876621429,-0.00300473113653095,-0.175255464288761,-0.396372381390891,-0.698666994071528,-0.671038025725915,-0.974557868059481,-0.671448764248911,-1.55695971879558,-0.731953925391517,-1.02888162658959,-0.878095396767334,-0.401497414412283,-0.583060903913027,-0.641972081355994,-0.951537198304445
0.283554163826322,-0.00782696343890973,-0.10905342344973,-0.409456871817921,-0.663961062215294,-0.62826420731307,-1.22034224162017,-0.764482975564618,-1.13043906105047,-0.556557357410228,-0.998335239633803,-0.821386421197135,-0.375598791246067,-0.595944202412908,-0.591795352020779,-0.911191145482067
0.116882535505446,-0.00264069664867542,-0.120693564587234,-0.393140080844221,-0.691225755291247,-0.668799926344591,-0.979817694107308,-0.700239685507428,-1.40847595980255,-0.780390629652308,-0.827111257456554,-0.865125107728429,-0.411816245244697,-0.63217667225507,-0.630074744471456,-0.972580920630323
0.256368766298985,-0.00434354410742012,-0.296757126421084,-0.429142626225608,-0.690657828387631,-0.650512885742398,-1.02524144002341,-0.777241456755334,-1.15275379639365,-0.644077653253913,-0.780599031995586,-0.905293181563365,-0.3847259782871,-0.639921347583214,-0.550662100686054,-1.0186191878038
0.253186057845852,-0.00274625790935901,-0.20736741064834,-0.387733322674849,-0.689462437692802,-0.640797193521734,-0.868362844497497,-0.7936127233198,-1.22538155261529,-0.680929820674542,-0.950996675523632,-0.880878964278281,-0.421837734253527,-0.549030373209676,-0.559935731573415,-0.986523534204672
0.25440619418108,-0.00434311341540947,-0.202457815622725,-0.390324781357275,-0.552275543789125,-0.653002055328993,-1.07310145890011,-0.745428235284764,-1.23915443246986,-0.65617402230351,-0.984673659109055,-0.747893424924311,-0.421530178614748,-0.556025493092709,-0.598600111238582,-1.10018548684487
0.256411085781354,-0.0012095486777676,-0.227756728410589,-0.41031084659908,-0.69269418558087,-0.658789086597749,-0.992639541069173,-0.706192949461836,-1.32017820996324,-0.623409662099339,-0.621866125398457,-1.00066101660861,-0.406983260655911,-0.6217213704699,-0.621770173519441,-0.951030621087175
0.293918953358364,-0.00479372982192749,-0.168903244809883,-0.404190207822329,-0.719473479405054,-0.624127962473657,-1.03752949779657,-0.678039307718322,-1.49713597188681,-0.652901254270905,-0.916455793419081,-0.852739077341132,-0.387492346897804,-0.576375512628818,-0.613812871810503,-1.07702053987428
0.0931326922318902,0.00208968119682258,-0.206089172193677,-0.428973038611683,-0.741873865665521,-0.606407489782586,-1.05479441382662,-0.727107315580031,-1.33172561064052,-0.703051322781184,-0.757712020328393,-0.71841367669287,-0.371255818078028,-0.615630566796579,-0.6053582647604,-0.97060651694629
0.239987395280515,-0.00265573866955451,-0.217453873008419,-0.428150319885359,-0.704196016688725,-0.644571632518754,-0.930195109665006,-0.813259367990477,-1.4286992094238,-0.722549198242023,-1.16463930291088,-0.852548194398845,-0.389975461559834,-0.564231118249779,-0.614795934765098,-1.01638267560788
0.248833546794618,-0.00328270129128801,-0.177742278857626,-0.402294056981829,-0.786925443281157,-0.623604270605159,-1.23628109192924,-0.814995073935762,-1.4764104668397,-0.698706351276439,-1.16233580803472,-1.07046764804676,-0.400753218414545,-0.615913367080511,-0.57142248177711,-0.980060915358489
0.223000233832678,-0.00518771038475037,-0.191254842748958,-0.435543657220193,-0.677220223519377,-0.637513301491392,-1.03960133553772,-0.916445695017092,-1.26301464076446,-0.591622853828364,-0.67756182937456,-0.82433579481889,-0.422453460853379,-0.615549026943685,-0.581078851796783,-0.991866729550574
0.170425888517376,-0.00364329929708564,-0.223850687316814,-0.398280669935034,-0.682108160223128,-0.60648548880711,-0.986712618211295,-0.787098339329865,-1.18629133248085,-0.60435764063089,-0.894611939383047,-0.860087935296325,-0.416859773872916,-0.59529953229604,-0.607644059813854,-0.904308753541298
0.284684677303138,-0.00565540994919865,-0.135086306160408,-0.408897324369725,-0.60682135094335,-0.641132325203542,-0.96038308124183,-0.811879008118782,-1.45852754895601,-0.661939823047801,-1.12320450913423,-0.873481383400103,-0.392425297383051,-0.586055128067229,-0.532429173938842,-0.96876243055235
0.232965046139923,-0.00334286061854456,-0.14743862460877,-0.420276707277315,-0.693729627595692,-0.645995322036556,-0.852197656480603,-0.761934796652793,-1.08155655395579,-0.543726743027414,-0.878920726015805,-0.987390355808538,-0.398357664863866,-0.61872850508219,-0.595403932356701,-1.05617778473717
0.247294998638154,-0.00355992947579155,-0.22691110764539,-0.376661176640432,-0.739214950208589,-0.688737612574645,-1.06749586557562,-0.72507210761341,-1.24701645378948,-0.704741761840248,-0.847197458339867,-0.772181091657627,-0.443301772170436,-0.594750418776577,-0.61405033731605,-0.961890751170665
0.101416821333367,-0.000491446837759665,-0.213096902214362,-0.410145852320277,-0.686242193653996,-0.601287343090594,-1.09400350389613,-0.777343873508448,-1.36389568580145,-0.7628964526669,-0.885469775794283,-0.914346674477089,-0.382576082149873,-0.593679380022174,-0.568396666676969,-1.01451690557019
0.252971664185835,-0.00698305656195089,-0.131552858443952,-0.397455461754165,-0.710645026565263,-0.723618692683277,-0.905779779764545,-0.7848459994282,-1.42293405706597,-0.699381106737962,-0.661442395697561,-0.869244920751908,-0.413807232565395,-0.615350363722269,-0.547985645491416,-1.03645516887635
0.165859373553275,-0.00681268047037478,-0.206855295193049,-0.391906120969276,-0.693889322627373,-0.599326256951307,-0.923996537628461,-0.742877706892973,-1.55617419428882,-0.648959084341057,-0.835787449158299,-0.81950285677123,-0.440349832045366,-0.596701873904441,-0.563889887177709,-0.946795833731005
0.229311738010314,-0.00496067394621111,-0.132995033140435,-0.439006427156567,-0.66046709748915,-0.660767040377249,-1.12184168772096,-0.786064616600391,-1.40208710411046,-0.663387698274194,-0.773896442064256,-0.786237990012871,-0.419489404257831,-0.593774845737609,-0.552880317842638,-0.955149285214577
0.250587002778491,-0.00411816629003587,-0.126714899584693,-0.405317202335773,-0.689464625364329,-0.608142062161321,-0.949905329018388,-0.72849998160281,-1.78372302331166,-0.684776250856834,-0.79474687137867,-0.936626021350372,-0.376719153659406,-0.59845073521646,-0.618411126043494,-0.897342831123202
0.184521481337923,-0.00488864129765335,-0.183966239622285,-0.390498408120552,-0.68017913561076,-0.597737781487278,-0.93167473246161,-0.755153084118392,-1.59229811681997,-0.749192214466826,-0.879618370962459,-0.898044352462559,-0.461536497577157,-0.634629813065566,-0.682118346692291,-0.999171263765824
0.113070905825068,0.00266435679527774,-0.170191377435047,-0.402922646233352,-0.753000501571861,-0.624374667039176,-1.04547762307955,-0.889090093100836,-1.51692418060974,-0.709112093640288,-0.924359571766909,-0.688706775718258,-0.417456011972013,-0.572582094323581,-0.588855467625532,-0.993766814358962
0.295536300289286,-0.0071450573155289,-0.183210697908779,-0.405398324329422,-0.642067039308769,-0.601830844924937,-1.0612458911924,-0.753044575501654,-0.887530476884338,-0.66715776309456,-0.644714938479843,-0.817448318608222,-0.388357591629107,-0.651066265435297,-0.54895164239685,-0.999624138413991
0.256557323320791,-0.00494193191800743,-0.294761635077025,-0.410431135552982,-0.622690056887348,-0.640668306716133,-1.00846161627897,-0.804134865525006,-1.42875386464299,-0.695067206577634,-0.919282306034836,-0.942424245354515,-0.424834159826026,-0.578044500641303,-0.591917071645347,-0.965906393892968
0.179148701834458,-0.00279074344656485,-0.239902820933,-0.381265112536348,-0.669083683205233,-0.593499601195342,-1.09546824886817,-0.764143688898243,-1.41683953723396,-0.583302402896644,-0.591532765988169,-0.713912832158013,-0.399037960780896,-0.579518317656523,-0.62206120919991,-1.0503396774857
0.31085962774525,-0.0067497042944719,-0.144492571941825,-0.41839525647118,-0.65508897345414,-0.650096670742382,-0.983997598147461,-0.860256815916095,-1.28088503761735,-0.663810425663986,-1.07019528233963,-0.795467806120161,-0.425471866750959,-0.580176498091621,-0.643221503758816,-1.067007457894
0.147765686295191,0.00189746107492365,-0.210996529139326,-0.427194655031209,-0.671153708423209,-0.683864336054689,-1.02669720835037,-0.724528573921127,-1.37772271333715,-0.615137683526876,-0.573300311039372,-0.880344562441604,-0.456069720131811,-0.580121369317201,-0.601351188191679,-1.00910227626117
0.175617687918362,-0.00363831257451697,-0.17891850373555,-0.426262837213026,-0.726446513729746,-0.640306082472806,-1.04556043869288,-0.740782608906598,-1.70182057430804,-0.760179462533251,-0.39054314678781,-0.837746967358358,-0.38923773699297,-0.610966112219139,-0.551493639809019,-1.07023639631246
0.185210901482107,-0.0030417400493377,-0.176576811844907,-0.41335077313396,-0.755886715138194,-0.647263441780348,-1.16367016304694,-0.705964116572224,-1.27339509154165,-0.603095507978407,-0.982846623912215,-0.853776944040561,-0.388513434819445,-0.616467274023709,-0.638106071125812,-1.01148221853825
0.325932853671188,-0.00782144120951794,-0.128871913944371,-0.411941639906694,-0.70075901413116,-0.645429698336949,-0.998923467301476,-0.74915986909635,-1.16334038392355,-0.698714984476781,-0.956689548082067,-0.812077971479399,-0.392063469157859,-0.602337058154926,-0.61852068946608,-1.01938637045856
0.254507304590945,-0.00571904012444358,-0.188405585491044,-0.376647210471623,-0.77467162729685,-0.630218497492947,-0.947540463510556,-0.71194083944323,-1.33586240117822,-0.696251352919236,-0.801637179613239,-0.876906586956361,-0.409319160838828,-0.595725389260681,-0.592627895661728,-0.950092291531225
0.170823945910029,-0.00330353161741695,-0.129973290968843,-0.408494158816656,-0.63189978091557,-0.577729561831054,-0.873167167264418,-0.813478058072235,-1.65875603776538,-0.686828798549807,-0.988018122031701,-1.00293167854921,-0.420341166572798,-0.580419493126816,-0.621282240135704,-1.03138533094564
0.116515843188377,-0.00102008873732856,-0.10759622166228,-0.424217702624741,-0.841395305433697,-0.610735795802559,-1.04984900702551,-0.765966382437303,-1.33618084440741,-0.728994568573315,-0.894075107305998,-0.899864039004824,-0.436681441737846,-0.612361260106181,-0.628968294751945,-0.963803821793178
0.156637158153243,0.00356609167526898,-0.170653613983253,-0.425086503612408,-0.727800468732224,-0.678943736047374,-1.16625697471409,-0.814126877965734,-1.31840583811601,-0.62580691124991,-1.14968185657764,-0.916160372717218,-0.419444300182254,-0.588976072068805,-0.583927901963355,-0.997511877068348
0.268837198412917,-0.00659508322452131,-0.204057617392666,-0.42496716154484,-0.70850905796152,-0.623996969941184,-0.998944419248822,-0.751872441840262,-1.21060758840473,-0.699776610345675,-0.714858458125617,-0.88284571326647,-0.383554545847751,-0.559159913829381,-0.633854800659846,-0.924194424437647
0.171131369162104,-0.00309901156453347,-0.216885761540861,-0.39083009750446,-0.79711997661887,-0.670362189696546,-1.05739508693326,-0.826666895623157,-1.59666714985467,-0.637986622540485,-0.83071699496975,-0.945331714581485,-0.385791382906655,-0.61208384718472,-0.580589430903849,-1.04320688122034
0.199041034891243,-0.000967503444877688,-0.155445541215698,-0.370778575938232,-0.750646520319718,-0.635941608799624,-1.07491379280181,-0.79979580739612,-1.85066117663232,-0.683916562961598,-0.824383020512377,-0.900608734681249,-0.377871674229408,-0.549445417677074,-0.656889425705995,-0.971822076682497
0.152689947202718,-0.00112374067440329,-0.298057307582626,-0.411792399904343,-0.709570614131989,-0.644068322906002,-1.15317080132882,-0.729159082148562,-1.20224714833691,-0.794936527560953,-1.1532436637265,-0.740741526619202,-0.402350947284688,-0.618661188278857,-0.599453150487336,-1.02011811137629
0.126126554821457,-0.00398366128730693,-0.205993372746651,-0.402629610110714,-0.759361110328185,-0.66428344450454,-1.06942504750009,-0.765494802673267,-1.3923217096555,-0.630377731439136,-0.920494494005853,-0.90755926006955,-0.380961381821037,-0.571891210868599,-0.577431572651256,-1.1331133380551
0.139498128563309,-0.00133370419229012,-0.19223459490183,-0.410385056899889,-0.723565724085471,-0.629128812682403,-1.08235826345792,-0.900059300075206,-1.45189329556111,-0.681529808989941,-1.01655329340102,-0.894414091573562,-0.376249670068779,-0.596088359194936,-0.556713149155275,-1.08879071315978
0.227088286445887,-0.00164409908860748,-0.201818592275754,-0.403285355696991,-0.761926789897009,-0.658175671603966,-1.00001159306016,-0.751083648121031,-1.60615580320954,-0.725817875917465,-0.910804984411488,-0.770366471966887,-0.418494081486836,-0.594521489666699,-0.616446910471097,-0.960191992756813
0.293225604706531,-0.00805384396264732,-0.239230434982954,-0.411239641129233,-0.718826167428384,-0.66093709311124,-1.00436270372637,-0.881317129721101,-1.01044766358107,-0.700315325463888,-0.861314131172135,-0.899636471376239,-0.43182001703119,-0.622356893807663,-0.56409508251114,-0.984870266648053
0.134455522264778,-0.000820888116260664,-0.234563685433559,-0.425834045876859,-0.623578835329178,-0.670084272356034,-1.05535131109502,-0.801296063811886,-1.37462707659646,-0.678614057855489,-0.985988805699145,-0.858494670742604,-0.416907359316492,-0.619281804948381,-0.615676192135581,-1.02277689272942
0.190577017900018,-0.00464188738623149,-0.140026343595139,-0.394966938811657,-0.811236442865295,-0.624333251061867,-1.0750283203434,-0.834135338251454,-1.31061176371649,-0.603310567591498,-0.606966913195662,-0.972003573216538,-0.412642875560827,-0.608154825741299,-0.599723975912408,-1.05974431210786
0.266950806244355,-0.0078142031992954,-0.206724313059944,-0.418827970080005,-0.698661645759406,-0.55038451951754,-1.08874137414427,-0.744211542230711,-1.3360801813904,-0.670219707171651,-0.89809841121736,-0.740815037090671,-0.427867045500397,-0.602020857850757,-0.566423576667418,-0.949057029187261
0.277537763717049,-0.00607836396135356,-0.252975573781647,-0.394125413849181,-0.69699317211827,-0.623213302609402,-1.0574089674485,-0.748378278076633,-1.31303252783758,-0.637068743907264,-0.858077378199338,-0.95713435129476,-0.382393535767469,-0.603634819609211,-0.585426244872248,-1.0093648338732
0.183843337896336,-0.00405356286563468,-0.19623478923013,-0.401568418387587,-0.725188944652173,-0.639651343407587,-1.07719312293985,-0.784399069139063,-1.05279624201812,-0.738855863485325,-0.886450152186649,-0.875426834438848,-0.405475857047592,-0.589520348890643,-0.581986742435497,-0.947605229195432
0.091295945959301,0.000966061601637977,-0.256892955219713,-0.380230665976521,-0.719791628849706,-0.570239414163803,-1.09641030987304,-0.687118147252285,-1.28942144981392,-0.603944158923581,-0.820756008860189,-0.786770675790417,-0.393509583611537,-0.549064489057409,-0.6459890733031,-0.931450357813018
0.282389916399981,-0.00477491976575056,-0.155552879066007,-0.402322573189025,-0.730562466253485,-0.684728411161163,-1.0251158617376,-0.797679721121027,-1.53404052238428,-0.675448216390897,-0.706353701243948,-0.803003284617904,-0.377569881713295,-0.572378094751843,-0.564078262799939,-0.967119802031092
0.140094059566068,-0.00138806294261929,-0.21128733531115,-0.398957974685385,-0.778256755640346,-0.65538117663582,-1.11917011329576,-0.75428878374863,-1.31478474337279,-0.654511428535126,-0.888661213722639,-0.858494505820509,-0.408486725807598,-0.64883184383622,-0.627957558833074,-0.984995167652134
0.168868539898083,-0.00224040929773897,-0.171960051224339,-0.38375107826069,-0.738365690572505,-0.687554292342404,-0.979044987646918,-0.793702639718613,-1.76074389452929,-0.650198391716712,-0.927481714007834,-0.890127515809976,-0.418192939899253,-0.58586801409339,-0.618740509480926,-1.0925592431232
0.270074384261666,-0.00670812069938681,-0.16413557677308,-0.402401300258665,-0.669668769070157,-0.62884052809008,-1.13179630258424,-0.791743064185294,-1.24439568562184,-0.619042196040956,-0.644111275836512,-0.960446305276707,-0.380362516632799,-0.552928864216908,-0.623742094549351,-1.00984082974563
0.258505985419088,-0.00560169103915877,-0.227702455024458,-0.429848337479839,-0.701864913257276,-0.622964708126381,-1.11208937802425,-0.845565227862041,-0.861675305227595,-0.755772264670139,-0.789171815207463,-0.744043015304724,-0.427262381575152,-0.627156294897895,-0.61016557450165,-0.900056547232797
0.297150715898908,-0.00295700339353287,-0.27902802689014,-0.416093475916466,-0.712371398784453,-0.620096550190069,-1.11681048603132,-0.693846050258256,-1.52043688542081,-0.707450149382107,-0.890813942947903,-0.918239547253305,-0.395527866946921,-0.586957795522849,-0.567520668437124,-1.01305056189179
0.118206980639314,0.000362826582602662,-0.203701462007738,-0.391285503424131,-0.654491092224402,-0.670240561078234,-1.17869505123821,-0.722581421753056,-1.20456756713642,-0.658186889795939,-0.801063616506687,-0.974334230010297,-0.410994571100799,-0.586641377121658,-0.633197189671604,-0.965456434128895
0.345404212821271,-0.00688239160819671,-0.246760286637604,-0.392037392388717,-0.647696313159584,-0.651483323042546,-1.00644819086164,-0.747644234354011,-1.45300110483461,-0.733710837395666,-0.662502657832234,-0.855082128551591,-0.385039231809156,-0.618524053656057,-0.659811634010993,-0.989258266752664
0.181020813263153,-0.0021556233367562,-0.232270911109976,-0.387192848260106,-0.699820211304383,-0.627844548312686,-1.02583303042766,-0.772980405650176,-1.24029671167439,-0.744906569071463,-0.833431272148211,-0.883842327023048,-0.431970449219843,-0.589446029221241,-0.578142965219332,-0.949802312054428
0.251222039960397,-0.00565806127554998,-0.232893572050944,-0.41391885817969,-0.674598558446989,-0.686846758090574,-1.13533198639798,-0.843675931096948,-1.3030114477695,-0.660995274797487,-0.856793750404223,-0.897962936028779,-0.414547718451779,-0.594785110855966,-0.546236682145742,-1.02202258693679
0.150786019104386,-0.00137604458073471,-0.146022668431733,-0.388662555907746,-0.699440889140698,-0.631783020155673,-0.937297495876523,-0.821661536736498,-1.61007899476551,-0.741658815389227,-0.780384691683943,-0.827544143482606,-0.405745322875856,-0.586957076755895,-0.566812736189893,-1.01105447548054
0.0592882091822527,-0.00277628564651719,-0.145771954468665,-0.411699550734927,-0.77481654322033,-0.672914329723155,-1.13882538082224,-0.722806746872132,-1.61616004894393,-0.71289348775387,-0.720965482449871,-0.860229349657362,-0.419472610326662,-0.565258391509938,-0.570275323423947,-0.914833500939599
0.2802868680292,-0.00758222677350326,-0.165373351047517,-0.400809884717273,-0.662730540842366,-0.642172466165499,-1.05358324705208,-0.682877652416056,-1.66683814327153,-0.699947204057897,-0.76889952462112,-0.89883300919496,-0.403554081633656,-0.582138995619034,-0.609959063032461,-1.00353064441791
0.171867904133544,-0.000162974953088523,-0.248906143671522,-0.398368934318124,-0.728965087273121,-0.647222580504881,-1.04019805048037,-0.802305758079516,-1.56262065181036,-0.57149248437831,-1.01352335353191,-0.8190152445194,-0.455187027982209,-0.567397348175002,-0.577769521388965,-1.05833191937525
0.288171811928345,-0.00363278010729877,-0.235897655075351,-0.352548239076057,-0.731609617232622,-0.685058211600146,-1.09132105705622,-0.79866049552654,-1.18227747772626,-0.712083205108103,-0.676648416528666,-0.951558714480894,-0.439464665045801,-0.605392965285476,-0.593448215616337,-0.913539141693961
0.21823394218878,-0.00420661942097061,-0.193580295183189,-0.376913108882689,-0.683373539748795,-0.607688957605329,-0.937161722389942,-0.801497668867257,-1.20987259084294,-0.696430557052182,-0.891659289135261,-0.811483682018315,-0.416857101957637,-0.566640347919572,-0.553877128431641,-0.996274670045108
0.335347211277688,-0.00468491712609816,-0.197530286604278,-0.420288391606521,-0.664318785836344,-0.589046361604296,-0.921162403909514,-0.871618747202993,-1.5298041534751,-0.581110572598619,-0.980775051708387,-0.859386824662924,-0.414407479308052,-0.546709906248761,-0.636628102649924,-1.02562966039494
0.220519634370383,-0.0032287071206328,-0.193366594620543,-0.403325857377277,-0.822637942191888,-0.640598614185867,-1.10444035831571,-0.750724670370831,-1.329093262775,-0.71872097448579,-0.759539099756495,-0.838570184793901,-0.393227053125267,-0.584819540316234,-0.586289099803646,-0.973113500467389
0.193657499390653,-0.00274094861946038,-0.20798088046021,-0.394481837785619,-0.659273584360206,-0.598350046692477,-0.947353031480285,-0.856218591519127,-1.28936350999599,-0.574012828758775,-0.88960291326846,-0.929470966539576,-0.412800670765546,-0.613104732742982,-0.582518783302037,-1.08594368278398
0.143725262052089,0.000230837758931874,-0.244193948042783,-0.407438921261216,-0.661628347552882,-0.638099648878748,-0.906070299481452,-0.798991511474093,-1.27747655700136,-0.618006615073043,-0.75762571042884,-0.958324631320361,-0.396820356371658,-0.632333930099189,-0.557112822871951,-0.933978802136723
0.308918590289844,-0.00892429109058716,-0.218690073368659,-0.439447973249451,-0.785316922948397,-0.635148160854579,-1.04023144520662,-0.797047198785783,-1.39524436604812,-0.74237941636948,-1.08021314282815,-0.792263721231146,-0.398251195513489,-0.583770760188183,-0.648998770181462,-0.951428598120397
0.0564119676579873,0.000523296044328005,-0.282422742100845,-0.402812242643695,-0.670864348957227,-0.629472849223427,-1.02154121982321,-0.722552381070362,-1.13614919344734,-0.636887619279039,-0.884561571365455,-0.87970613811617,-0.407568600410044,-0.557918183309046,-0.584563305636691,-0.985914249459
0.245014064630625,-0.00717499649448046,-0.256575716156877,-0.404438901680264,-0.659641548081301,-0.620750549968442,-0.973905875879631,-0.925463155877132,-1.49753091974227,-0.610249141850669,-0.756382627096967,-0.849939486760408,-0.382095292113053,-0.576133504037732,-0.590644978323377,-0.883356819529622
0.363447199903147,-0.00523327742001741,-0.19891535459804,-0.440809933416469,-0.64557302211295,-0.617251527888198,-0.955268496250161,-0.714284475300543,-1.02992781335292,-0.67866784484446,-1.2286176719866,-0.774670949193918,-0.410756598051376,-0.564855672720578,-0.604293307616456,-0.96804875293249
0.300469730694597,-0.00560278603133146,-0.175275669606766,-0.399418033330205,-0.684412518389661,-0.667130224511712,-1.02989275978077,-0.721097694108615,-1.276272871427,-0.716018828162195,-1.07124512640697,-0.898636850113821,-0.455456558318334,-0.640768692105625,-0.583438316450934,-0.964618590021995
0.30168553610154,-0.00553726616389929,-0.184892601369105,-0.417097623158458,-0.635575130841188,-0.623243680992515,-1.07653493029964,-0.745340548121689,-1.1645959330033,-0.700057360173076,-0.700255019810971,-0.817762241038862,-0.382161976808764,-0.564967916427622,-0.569692922011294,-0.98557022683698
0.314203519768663,-0.00231679713412403,-0.176017729117081,-0.394574848562543,-0.680786008267154,-0.650414024453987,-1.10185008606536,-0.815836420942148,-1.28746749798831,-0.611243811225878,-0.988524337732028,-0.832758565293587,-0.370132387964646,-0.594897822626886,-0.566063195151168,-1.0507708519772
0.246035327372747,-0.00613046121132788,-0.189497349780505,-0.390513974435686,-0.703871964359471,-0.663914673657539,-0.981044063222329,-0.712563117987644,-1.21132061232465,-0.647282115859216,-0.83335723018936,-0.881311892239858,-0.398714792995825,-0.584375706195759,-0.550723246704968,-0.865736617242726
0.322731919913384,-0.0133041269080537,-0.170431549558332,-0.422495819733278,-0.638004669784851,-0.669536782541251,-1.0782769748483,-0.783550726596419,-1.54113901622696,-0.639649317893031,-0.866936434652438,-0.887522321133575,-0.415339995038911,-0.553674600381143,-0.58983845761036,-0.96657086133388
0.259731964105996,-0.00404149833183811,-0.230416473292938,-0.413276627071517,-0.670889241292915,-0.644453222684553,-0.947852012263716,-0.817151162352334,-1.32680784689388,-0.813771766713732,-0.956079955326995,-0.809395879897272,-0.459802503237115,-0.558329531163257,-0.554379291507778,-1.01301514324611
0.228243889303507,-0.00240067926145124,-0.230004254756413,-0.410515856714211,-0.771204868388513,-0.682482934903913,-1.04568422485301,-0.760908103042541,-1.16251036604573,-0.628600114782102,-0.948435826339597,-0.873719030228973,-0.410056547060932,-0.547578717201359,-0.616316616769873,-0.985043063758302
0.259836234511196,-0.00352832425460764,-0.12281765251142,-0.371675319283092,-0.691816186284921,-0.623638637206593,-1.13369146500759,-0.880880999575603,-1.61173659934353,-0.627147579508628,-0.864015544101182,-0.875322611808228,-0.398913489316006,-0.592999401040196,-0.56921495686266,-1.07391332445183
0.273779441533684,-0.00301369078242253,-0.223530271704819,-0.402890708775387,-0.717217029239378,-0.689389191270022,-0.995823485441005,-0.811146008141389,-1.18414071271484,-0.73410943538477,-0.823730899203851,-0.871543837417137,-0.398752928905937,-0.632359567942774,-0.591623447313945,-1.0428672081957
0.284087898302681,-0.00529354135580919,-0.238938145920989,-0.386104460293605,-0.683512048416879,-0.633382625698845,-1.17860794051532,-0.697860286743503,-1.38111297873757,-0.687446816811245,-0.901749310416454,-0.864454664102093,-0.429887121165925,-0.587455957524682,-0.590539264416848,-0.953678337849457
0.296235828505894,-0.00751030189252639,-0.245907013799014,-0.423566643549199,-0.760872203086532,-0.655743602450938,-1.08548373884358,-0.812269286215456,-1.39686542018624,-0.676203616163074,-0.767199909848784,-0.929564393991937,-0.423029061839833,-0.612127062257047,-0.619924323169686,-1.01459897269521
0.227280428684635,-0.00400431251881373,-0.198830861882254,-0.386718989853888,-0.752286929415395,-0.640750315095176,-1.02164228103351,-0.78710591072825,-1.29079746519946,-0.816569522160056,-0.730499316475788,-0.93702393584261,-0.415140147159167,-0.579836554435445,-0.535189042726367,-0.892510196848987
0.273059121342184,-0.00599756305346263,-0.192101149943187,-0.410118013830381,-0.758982699490314,-0.629825879226499,-0.885639058003608,-0.672325336446147,-1.44535530545772,-0.673286846800717,-0.791320900291384,-0.844420384402119,-0.399169011549688,-0.608177839072098,-0.578111061340512,-0.999626307268468
0.298536143073107,-0.00919076292818644,-0.197284632359472,-0.39529013331311,-0.738747423768368,-0.615443973489389,-1.0691095520752,-0.822817367573204,-1.35908976634327,-0.548403347314626,-0.91111935197664,-0.984521561978704,-0.409553313877394,-0.59704371057177,-0.615296872135426,-0.857802841171344
0.243333601861521,-0.0046358806218711,-0.14391685739335,-0.423127919670405,-0.733569597451938,-0.638483030254908,-0.98822160478415,-0.697475362041198,-1.19292924265119,-0.61765151811774,-0.869290814488723,-0.978779382581655,-0.366399246626773,-0.594473247815265,-0.563139101573361,-0.967198317029087
0.302597633891424,-0.00550450274840735,-0.290398043154238,-0.388902696564564,-0.738489776709315,-0.669988459851886,-0.999459851003753,-0.675308753810049,-1.66810100349511,-0.755108434076114,-0.978889425265961,-0.830881837675508,-0.377881829748493,-0.565438490578841,-0.553077207666005,-1.07610918558758
0.325999675590107,-0.00553194650017509,-0.197682099692341,-0.455909410565607,-0.678756586150866,-0.618208246344108,-0.797300673784219,-0.761282509789661,-1.20932912767704,-0.692629641733669,-0.795331974185163,-0.853870386486317,-0.391392446550474,-0.588077227996171,-0.644373588765389,-0.95975528309208
0.218641971454695,-0.00428115264496854,-0.234094246366051,-0.448431512059014,-0.720005051956795,-0.663281751568693,-0.991585651329868,-0.727762360178904,-1.14313470910159,-0.717974061066165,-0.896707266109508,-0.776324263325486,-0.419859340531038,-0.585552318548404,-0.599929838110798,-0.896367158318967
0.174333513602988,-0.0046566884529238,-0.177711674329657,-0.407435911488933,-0.80898157101016,-0.655145997529768,-1.15146054410816,-0.803430060155428,-1.30309898062292,-0.740014648501628,-0.891286636024551,-0.691403974543105,-0.38956294540643,-0.61295316688325,-0.619260459809697,-1.02082279285998
0.275845572829043,-0.00381157849676037,-0.204212973672723,-0.401738320576378,-0.69732276974525,-0.638581502735265,-0.992667743652259,-0.788984352643521,-1.50185739868806,-0.686179785836131,-0.692341102203073,-0.980936460686794,-0.384551455302946,-0.579223834886357,-0.586280005876638,-0.995681169753033
0.252954591793071,-0.00642444274037744,-0.196928571433437,-0.393981366825098,-0.798629590552616,-0.602735023338385,-1.11078477557344,-0.825248200026505,-1.2663524674357,-0.681370301556872,-0.943652705928874,-0.898108966628074,-0.437442731513882,-0.643988986081408,-0.596674533916404,-0.958494830594587
0.161215185998559,-0.00464986169275038,-0.268051903401337,-0.396828185164761,-0.774389441811185,-0.613298363320691,-1.09131101258098,-0.707521174811233,-1.30662624987842,-0.698810325116296,-0.793786394227616,-0.926188980288669,-0.433492659645709,-0.527810257423452,-0.58728140496511,-0.968541332543847
0.135232254122936,-0.00117487852458451,-0.128381439465602,-0.403784193963168,-0.846305712134803,-0.590517391767566,-1.02407486892601,-0.844055492654665,-1.47500012268354,-0.616236091034659,-1.00012344536161,-0.786517854682653,-0.383746840215743,-0.530907727932487,-0.625498498944659,-0.934452471404463
0.229614673491384,-0.00957296910538697,-0.199596769904893,-0.431860740560681,-0.753675274013061,-0.688580391168599,-1.06744623101083,-0.722082618893102,-1.2409764570254,-0.616826398014858,-0.949347011222866,-0.842901476004495,-0.42774019406477,-0.574892718897426,-0.625737119143661,-1.00062809888454
0.266933459416174,-0.00623801412048396,-0.174159998994868,-0.385615777386767,-0.663381951394878,-0.641714407051844,-0.948057165447856,-0.775781831875298,-1.42158035244761,-0.693856780459483,-0.800113746506163,-0.906979396757356,-0.400631374992442,-0.585325920700799,-0.608642922824254,-0.98810925829908
0.255526901546112,-0.0059164197559684,-0.120201987329634,-0.411845872499137,-0.740378442290932,-0.591649526931434,-0.999149354404062,-0.7081205527609,-1.18685047623818,-0.633768216575653,-1.17348956394091,-0.936139463622558,-0.414012854928719,-0.545632297153296,-0.58395350147438,-0.995588176003597
0.261645737078865,-0.00153370085545229,-0.191495607524428,-0.437505128604363,-0.759175686283206,-0.665093686978204,-1.11816491989744,-0.761039892492393,-1.30462143997857,-0.699430809696133,-0.89798466564752,-0.882152444101308,-0.390494009098575,-0.591920274308466,-0.607259101918525,-1.08378113090816
0.271215154517651,-0.00546839575868914,-0.199460598287464,-0.377474734410834,-0.735653573938656,-0.673232097532441,-0.979460738911714,-0.798315880196971,-1.3137292515138,-0.728386465708551,-0.644877998447295,-0.946866099570835,-0.414899225246289,-0.570942177990813,-0.589593626961247,-1.00899491787386
0.219614387092991,-0.00358819518929298,-0.209125981033705,-0.392108080040537,-0.74235987655356,-0.661078447941113,-1.09492103407497,-0.816255112122601,-1.2870332820931,-0.668923155310554,-0.697271806422742,-0.769690600321581,-0.40012158811815,-0.586382062042849,-0.524361309640333,-0.97883056975949
0.245339814344843,-0.00524626093594128,-0.183967898446423,-0.390398783731277,-0.701134321763148,-0.62673191400516,-1.07568838597347,-0.79871521906325,-1.50651612009839,-0.626057487370331,-1.05145913287766,-0.810777552299507,-0.405418358031709,-0.594270268200945,-0.5070558413317,-0.964783911846034
0.108765610056794,-0.00201697194871535,-0.188035267230734,-0.425282650826725,-0.729823630817324,-0.685788700673369,-1.12091669352189,-0.757186251234815,-1.32753208187583,-0.726985106953049,-0.584681323341352,-0.831515342505161,-0.395026008725482,-0.585867314586063,-0.618779848743555,-0.924644198485782
0.220377551625517,-0.0057963790510066,-0.216847279069514,-0.414487118520103,-0.712522917902311,-0.673579967116568,-1.05161716103228,-0.767583956567637,-1.47756987978936,-0.679993916825869,-0.859263924479362,-0.967128098292949,-0.414370042583373,-0.57926687696123,-0.601220017849367,-1.03364495546907
0.259883596276924,-0.00474789379862345,-0.123712668120313,-0.383705650274389,-0.703876300308036,-0.658533382218978,-1.03090920899179,-0.678391765934823,-1.26634838969351,-0.774952682756266,-0.715144648031662,-0.923577522627047,-0.426807745888171,-0.594298650637452,-0.5520696599726,-0.88049393509441
0.224742411718548,-0.00408457092393644,-0.123690287980236,-0.417292187588465,-0.729640516504915,-0.668593826353583,-1.01167881515448,-0.809613485286641,-1.07579321066843,-0.786147729606968,-1.00768972512668,-0.958504554777611,-0.386277711826767,-0.617044775622488,-0.643383398788974,-0.929577295228114
0.229536373519686,-0.00154912798634838,-0.156035340998081,-0.41043785194525,-0.780781733972191,-0.641992790188392,-1.06890587230427,-0.802489212983476,-1.06927856701953,-0.615381545358516,-0.800089768078022,-0.826859768815495,-0.363582017546043,-0.533638169646006,-0.55532003917921,-1.00449477745169
0.199666059150202,-0.00379531576945837,-0.168243806129957,-0.390698484075884,-0.630096435433901,-0.584367817261964,-1.05326538070119,-0.669080291827431,-1.54925567525914,-0.785341134277437,-0.985782471707769,-0.987147306631813,-0.431605270889732,-0.581054483834199,-0.586011966896116,-0.974833866585455
0.205247559204551,-0.00147638016969498,-0.198873366179789,-0.420563676927322,-0.729558588801898,-0.637247445127037,-1.15100279921389,-0.754654564826988,-1.49790598524653,-0.652673895800853,-0.753560703558911,-0.978578252480744,-0.425200044284722,-0.584476447202486,-0.610112793658406,-1.09286232362386
0.224896767473277,-0.00782092103175635,-0.25044994156354,-0.417058375909234,-0.728808674931915,-0.640163481924083,-1.05995895452569,-0.810511969440856,-1.47419596777022,-0.758314902813307,-0.730249519591392,-0.873732092910741,-0.409859992821759,-0.64484319891397,-0.636404949454784,-0.91327094472137
0.264884429212935,-0.00388737787765446,-0.155223580671329,-0.376340709975604,-0.678325189695263,-0.633006145310573,-0.987609804062581,-0.85918147097352,-1.23090662112873,-0.654960021524455,-0.782399804656454,-0.868505065447689,-0.441224991849251,-0.568210044628405,-0.546517105632019,-1.02803355497282
0.269287584313002,-0.00605670347557373,-0.231770574283613,-0.377698278824945,-0.721296236604716,-0.66262814912965,-0.953827612506271,-0.652237417549605,-1.22165033576248,-0.709184818191437,-0.778233395746701,-0.827471461916866,-0.412830452095004,-0.57972685824884,-0.618413407237429,-0.915556872590641
0.222431004375722,-0.00280114695849792,-0.240450641290908,-0.387700547094734,-0.606725349667802,-0.572960942146823,-1.0505170676616,-0.737882740032017,-1.51634278414251,-0.629194983877526,-0.800593308579515,-0.841703946201718,-0.40507493877619,-0.614128792191194,-0.59024100499399,-1.03151456213553
0.253149870070811,-0.0063509816870973,-0.107515951846315,-0.390140097541553,-0.775099373596146,-0.635384884970257,-1.07814270308629,-0.664492194790979,-1.39520434240842,-0.680390985039833,-0.655891375921496,-0.963045010346311,-0.405397358756656,-0.605090550017411,-0.571714894737837,-1.01374326655464
0.218880520810963,-0.0014701717528846,-0.218118005527609,-0.33474523609162,-0.735998782326831,-0.641188864086009,-0.917055796490889,-0.809450129494692,-1.06431721992349,-0.660273261264703,-1.09001903998081,-0.910488157287761,-0.42059356700764,-0.560924011054922,-0.640395380513246,-1.01921557876566
0.279753620077492,-0.00237077444274685,-0.221785897249252,-0.413997929793711,-0.718860665019409,-0.606653669287527,-1.05733075229657,-0.763865558091709,-1.54289367904593,-0.662582642439655,-1.18399045782677,-0.813039893009398,-0.387630753622432,-0.58173358024154,-0.613433503407413,-1.00228937859641
0.139982221497693,-0.00446427095164561,-0.179649477856842,-0.423388061875016,-0.798620189733528,-0.59084763348722,-1.16360332605239,-0.721770425711985,-1.50570049507522,-0.601351024123743,-0.799135059851454,-0.868484813316329,-0.426142999111131,-0.63317172441103,-0.624636796632063,-1.01477096487602
0.174164119996913,-0.000980081173104935,-0.187215261223016,-0.422276268827452,-0.667439143233135,-0.59401772526188,-0.93646763355106,-0.832701965097309,-1.33492267021691,-0.680999631357454,-0.843949356382147,-0.779476570572743,-0.397802451456205,-0.611183081844827,-0.593125638633031,-0.899321671862001
0.134373393976596,-0.00458933979707839,-0.191709142123314,-0.425946269009788,-0.752628508912146,-0.642931805749342,-0.959065056670983,-0.723508530675402,-1.42456899470281,-0.652636775259096,-0.719876867702542,-0.778674400403909,-0.384171256476522,-0.615371315169001,-0.56602909397876,-0.942603541085516
0.173792154147721,-0.000222617817495997,-0.158880555149077,-0.438726793456656,-0.769464015363475,-0.635375445013371,-1.04598435799097,-0.702664958545114,-1.25264501222265,-0.572807788791053,-0.895924391326264,-0.771547083750646,-0.396893174337724,-0.568404763851429,-0.604923772485015,-1.04375828718122
0.259640706769755,-0.00400007645218922,-0.133045155483566,-0.362107726290719,-0.63366359290798,-0.616440097215819,-1.1151979259167,-0.805290749373522,-1.25055341522577,-0.641672998243132,-0.845622015516858,-0.888873535092231,-0.419701370105612,-0.595538134678421,-0.586553783010249,-0.930741099870509
0.273701107258398,-0.00490384977419817,-0.183729792393884,-0.443980472032956,-0.707577773993104,-0.62151983587894,-1.11144867228079,-0.826521947996176,-1.45932136688369,-0.585794111011354,-0.783883452272968,-0.895428815871474,-0.422881881196562,-0.640995314412575,-0.598706339556334,-1.04187754495173
0.270059126982403,-0.00726747001958844,-0.193871071649229,-0.426813438532865,-0.682825891563853,-0.629427719980633,-0.972020559618144,-0.822612699797371,-1.34705930371149,-0.562988799314063,-0.825986030094284,-0.836223459004631,-0.394889084279656,-0.551812146657886,-0.529548367019347,-1.01130550346097
0.306934186421887,-0.00624544257367551,-0.217351597694518,-0.402280521500392,-0.664030686914609,-0.650895947373861,-0.883854745918608,-0.731744292483506,-1.37457621050693,-0.634517233832012,-1.00543954714217,-0.88498199724022,-0.409510639772158,-0.630420758808674,-0.602211451604318,-1.02462556187882
0.163519306545252,0.000430896860020225,-0.172907852956407,-0.402341481925644,-0.739803366349501,-0.603288392734963,-0.97716372825326,-0.688276225096277,-1.29558216887331,-0.695175047303785,-0.720820346893885,-0.751028806515572,-0.398486194491086,-0.631147200684949,-0.593431312368044,-0.936712231543878
0.0749945796026076,0.00209575806837859,-0.177742477390475,-0.379240518018897,-0.71327762124741,-0.605856989691334,-1.02815842683359,-0.710648406172356,-1.50217998860566,-0.703479764937791,-0.800990260128574,-0.886863809810227,-0.422938403318631,-0.663932913830043,-0.599006887814712,-1.00931783556596
0.180978066881885,0.000357437552605507,-0.174006596329254,-0.399154014916239,-0.730171242919426,-0.640327118281422,-1.09714362130296,-0.767365359126015,-1.6047325705912,-0.695298312615784,-0.823246206474501,-0.916685672804871,-0.370622280812516,-0.594127283117068,-0.647243939052882,-1.01592124996078
0.0729540544953056,0.0024256660094409,-0.224037664550267,-0.398105954784055,-0.725259888180705,-0.64496279138628,-1.08008671724602,-0.738338489294994,-1.20055270187049,-0.684205064948412,-0.969631738296881,-0.811320962929638,-0.440256672705349,-0.593695160127378,-0.618121988403318,-0.976898577366581
0.270454466879561,-0.00884539398162369,-0.185056830524935,-0.400657835410484,-0.733728438545874,-0.66791070840603,-1.07745662559544,-0.693831961731162,-1.44351122262228,-0.642379391055988,-1.00226803448959,-0.900861549946687,-0.409980967949989,-0.602630490555188,-0.618697436533171,-1.08148100942478
0.215336740599853,-0.000305766705933893,-0.195741669008471,-0.398216335827783,-0.712248394836417,-0.615607449887914,-1.05048935823149,-0.800660576986442,-1.39557342245435,-0.769718667381005,-1.18505859400086,-0.93517361352541,-0.411568467561274,-0.578847207018326,-0.632729735709391,-1.04790318302805
0.266668519077654,-0.00788613809936416,-0.154866379147727,-0.390544798776636,-0.708265917310531,-0.623489878709396,-1.01374813987437,-0.786676487870257,-1.48779897347497,-0.713094571932196,-0.718795439758209,-0.859897771653571,-0.426959318504806,-0.61417187512923,-0.633187436718519,-1.05416143731057
0.275195085056049,0.00154909951892808,-0.198555595833918,-0.414016410681394,-0.67937249202976,-0.624651798668873,-0.851963310528746,-0.846925186478629,-1.1774304265095,-0.690066956184287,-0.68465506695098,-0.848428523581847,-0.408750773614438,-0.596681642213904,-0.585236963008748,-0.983905356989885
0.164442304025118,-0.0020058460184143,-0.167657533339361,-0.415552629081827,-0.707657045178217,-0.625915884124243,-1.06941823214481,-0.717195103023292,-1.23510413050312,-0.642261480040124,-0.897683395064789,-0.973393231700394,-0.397237073652806,-0.631645379770036,-0.634504629638793,-0.925385849373028
0.135920414613883,0.00124371580091638,-0.182323214257507,-0.425086681253404,-0.618865137835578,-0.682344930744777,-1.03235687684286,-0.71530976705218,-1.46980545561796,-0.663939670142072,-1.0346803349476,-0.931555499832478,-0.403246318508116,-0.53802722367102,-0.582101175897403,-1.11649868895638
0.324124929684031,-0.0115493406156335,-0.143964064658331,-0.448107998715767,-0.680503059379263,-0.715870687693485,-1.07772675680331,-0.792097723631901,-1.30590396016908,-0.634065847182093,-0.917310743086307,-0.942985852333683,-0.396720698827869,-0.58607248209422,-0.597847087173387,-0.869541690170174
0.342360233216978,-0.00547288339907377,-0.116289870039122,-0.38692909806218,-0.72688026016871,-0.632907410452113,-0.972738256509979,-0.750189099971102,-1.56522093694955,-0.760512403786411,-1.16291184844349,-0.944467798386693,-0.444006256497307,-0.614046046327202,-0.613244552319714,-0.860530608695667
0.291275265696487,-0.0067331086161899,-0.234933229870423,-0.366853736065284,-0.675771115269091,-0.640149186783606,-1.0894504946352,-0.749148666420238,-1.49609608284339,-0.744513872070625,-0.987734832588449,-0.872815684282796,-0.381182565039267,-0.656579540150063,-0.619246985618905,-1.03234070022186
0.158730239340968,-0.00527081935487701,-0.2124647975773,-0.405239767721793,-0.797577258209584,-0.589850650022462,-0.874347488924769,-0.821042922417106,-1.34306256030028,-0.764951047220646,-0.643206643218162,-0.918530783499839,-0.384329937948404,-0.596726294060013,-0.593535373147162,-1.02170758402632
0.235278770767406,-0.00251158998832165,-0.265205906849354,-0.409376477970674,-0.711885257706511,-0.695519996230097,-1.16421500049738,-0.771022130485866,-1.18361380862063,-0.64539827571947,-0.865207701579583,-0.85052417015079,-0.41612500489805,-0.575653193244412,-0.591167379558177,-1.05969049452054
0.129053604732741,-0.00212241824635097,-0.204730839197929,-0.386914463754489,-0.748580618718915,-0.571699933793944,-1.08497333093933,-0.727672203537241,-1.49827286547489,-0.663349868369306,-1.22706567753422,-0.919019069459108,-0.409978924129027,-0.616690369907878,-0.555897311162992,-0.998411039500137
0.169807869913206,-0.00339656903659523,-0.199141463962667,-0.356602784309362,-0.699549013882185,-0.660662919075625,-0.975110779640671,-0.838754293930536,-1.5019387809146,-0.61768035697992,-0.869376400685768,-0.917647870597279,-0.37985034364091,-0.557245582309328,-0.637158779372485,-1.00142847103106
0.174130172246655,-0.000713946422173266,-0.17524854975007,-0.395943027886015,-0.754316392251958,-0.629795985783136,-0.978658520758976,-0.814618756742889,-1.28947436465777,-0.68534641534771,-0.882740244595073,-0.8295189229731,-0.369405304815317,-0.611515586062809,-0.639218622748946,-0.969239138282624
0.340734812168963,-0.00789986759455667,-0.221861082124693,-0.418485536080746,-0.70869535549673,-0.567502852312426,-1.11785510836664,-0.73871457002936,-1.67345007184713,-0.548732725580292,-0.682046878037317,-0.992455380479757,-0.429375364235196,-0.634256923202586,-0.563885344212082,-1.04940868154082
0.106400217634775,-0.000104167188026359,-0.157953688352333,-0.413753455958462,-0.762187928102442,-0.672200408718753,-1.06185815877661,-0.755549494504317,-1.45550060867009,-0.747489764911968,-0.94366235551279,-0.912332758666709,-0.435841540656604,-0.583314670256069,-0.599043458433693,-1.0330101326446
0.184147842829091,-0.00226515248174424,-0.22425362992978,-0.372971084676442,-0.72250106214769,-0.622352890303737,-1.19606954840294,-0.726114418653357,-1.53573987895148,-0.630693351298426,-0.623743489120301,-0.964283911527942,-0.424809854020978,-0.64078925060184,-0.643970262410371,-0.943277823355528
0.203010548535882,-0.00397528947799251,-0.165377943751705,-0.422239296421133,-0.755832795961521,-0.668395991305316,-1.18334027705787,-0.804231777724307,-1.35342660297027,-0.707911413576787,-0.944873616583893,-0.801448503468468,-0.412344750445581,-0.63200584220909,-0.622862602320995,-0.955751295617078
0.139685341018072,-0.000282000706894103,-0.20311580917266,-0.423892189921623,-0.699973440819113,-0.640519013520436,-1.0069806750968,-0.779636528726092,-1.37983704161469,-0.676944352779176,-0.868350731066382,-0.860219773215265,-0.408100461371671,-0.626970807230109,-0.559565211746975,-1.00594687223003
0.287717056692879,-0.00580900175417003,-0.246561263304907,-0.432561064429375,-0.703846016517872,-0.628265021553317,-0.943217289888864,-0.737593657593176,-1.54761246171609,-0.636628331756397,-0.904601755291591,-0.842817596465312,-0.39539993565889,-0.584795425589308,-0.567461509082913,-0.948963131993473
0.095754618117127,0.000607505761831914,-0.245285453301409,-0.400742148961512,-0.745813578402054,-0.631306266825953,-1.07869076891708,-0.74459813604622,-1.33345666998874,-0.582176214583238,-0.823410119122326,-0.862817353423886,-0.407660772309312,-0.59610898425759,-0.620212147981945,-1.01122061020467
0.323816384395081,-0.00397744254552811,-0.161687916781619,-0.38846829695886,-0.709252992597968,-0.674318202271848,-0.93534041998545,-0.781573285117348,-1.11242675231759,-0.697761340586593,-0.84089241916644,-0.806505732303129,-0.437708721607947,-0.591526270335424,-0.617854280706234,-0.901665544589153
0.22081307436066,-0.00261191890892222,-0.214762064267946,-0.39054177924932,-0.758911506428269,-0.67233667863322,-1.00382014506091,-0.770583983145299,-1.38158256564378,-0.673641580989947,-0.877302667647123,-0.832390280773493,-0.372816295226446,-0.600340355642457,-0.590094091454285,-0.976203388587468
0.255810226558225,-0.00295707906004827,-0.22316419933279,-0.393116930675928,-0.756212683997135,-0.629562291112355,-1.0263741525355,-0.753953622841934,-1.38009210465454,-0.702135463611895,-1.09586035679368,-0.958661335796121,-0.396030825382148,-0.595583647209542,-0.591039649932558,-1.00753411098111
0.395331447142735,-0.0105128895949119,-0.184747061173915,-0.394000707798311,-0.747022959786697,-0.67717363178449,-0.96863670331705,-0.81086239798907,-1.51201953454981,-0.621765052159476,-1.01822227622713,-0.951021467539534,-0.401009644591155,-0.654955861492454,-0.56951980291143,-0.937884185014496
0.227192809480552,-0.00594841501725706,-0.178842717993756,-0.403459993170873,-0.769840435024012,-0.664050365309045,-1.03922052216492,-0.823160963450174,-1.5401823072592,-0.742138311524662,-0.843657355418923,-0.934202228406827,-0.424796546042104,-0.599465920912753,-0.573306720162983,-1.00920109306419
0.292055773696251,-0.00583205440484216,-0.283179834481105,-0.415218475469931,-0.671228682862677,-0.625114427665165,-1.05253632688014,-0.735647236579176,-1.48551093962303,-0.683577774948801,-0.906967860226683,-0.788075768867069,-0.408980597774268,-0.608815932393202,-0.573637326100534,-1.06418947862484
0.126153842329964,-0.00268599672518766,-0.195325330129012,-0.407502842642108,-0.7213120252168,-0.641356626337218,-0.927839994159634,-0.767802454605123,-1.5183396478941,-0.571966097218605,-0.88570402513991,-0.802779259047911,-0.402532819386821,-0.593086641500346,-0.579565537972593,-1.00506021478437
0.23964885707383,-0.00310716071411611,-0.170394413838624,-0.395785645237953,-0.677147430768945,-0.622188803835661,-1.01501351516951,-0.74658030227466,-1.40452855378867,-0.833425201389708,-0.692827815456486,-0.839769983847745,-0.425698394866702,-0.583552151647162,-0.574896067326865,-1.06462503641122
0.19717280475787,-0.00700358555283859,-0.169644647817106,-0.400599302532286,-0.69200788757163,-0.656928913711093,-0.938926795472177,-0.792330476686085,-1.75672899211169,-0.748603968208107,-1.06273827140276,-0.925881816580181,-0.416244976397437,-0.566581137857102,-0.58465488488703,-0.958634526090821
0.214637376247095,-0.00420277364617738,-0.251573155165694,-0.428469419641044,-0.730923926653693,-0.613444269664867,-0.899208425688447,-0.776590308854049,-1.176455394117,-0.635189692293058,-0.968292503699987,-0.898623733401254,-0.393757423478023,-0.674595415500859,-0.585918402275794,-0.996235066986243
0.219060552727026,-0.00322934704653891,-0.216710305875903,-0.421863478038763,-0.693395890986895,-0.653170803049582,-0.970009044378488,-0.778369822458766,-1.65966950539076,-0.747760835446902,-0.738081247683133,-0.86381186659745,-0.399484248398803,-0.61230231940683,-0.536107267750009,-1.02442644301502
0.20370707801875,-0.00564902353640608,-0.159283681696835,-0.429351664451117,-0.746097098911807,-0.660897037534115,-1.01194887420005,-0.771093837476772,-1.23255816524338,-0.611758220921548,-0.859455799255442,-0.936553160920708,-0.424471980170932,-0.602106914014886,-0.559914677965165,-0.944122921265441
0.034265997015899,-0.00183685188269791,-0.147220408102344,-0.409128603800467,-0.718039221681149,-0.666710914578872,-1.09826033219482,-0.735177516844183,-1.41011958278519,-0.779481751515666,-1.04270560980023,-1.0045145394781,-0.394710683317928,-0.57609228168821,-0.691847385443931,-0.88702273174093
0.0881049159316631,0.0027363835577468,-0.158950461288328,-0.383187446661956,-0.787121150171862,-0.639433473268148,-0.896564259759645,-0.727428852021887,-1.26899795261804,-0.625364894777115,-0.718515887825667,-0.77563274376175,-0.429543734217854,-0.578404379528791,-0.614352802196676,-1.00566716249944
0.230770070692454,-0.00327916965975958,-0.189711990134807,-0.432291168136764,-0.75891390100555,-0.708715998690784,-0.963727407716886,-0.795837433833573,-1.39783362810413,-0.612426232367022,-0.684112837585291,-0.877782985595637,-0.394518622257264,-0.616430927154361,-0.675647567228269,-1.03647613092392
0.144558593328865,0.000686393890662128,-0.197599883225426,-0.365077389724504,-0.769113162389815,-0.6994612954019,-1.01958771946783,-0.689286969278213,-1.32737513290321,-0.650125727029858,-0.909973137381139,-0.897481847736632,-0.383604372216632,-0.601233436707023,-0.62817705510162,-0.945996903055607
0.360992077973024,-0.00898320231177052,-0.290101322126463,-0.393057155186572,-0.727537135738258,-0.654907081684453,-1.19919427994742,-0.842043855619903,-1.46081475225802,-0.680186117697035,-0.746440302921388,-0.898639276329958,-0.420215396049348,-0.610921303601411,-0.619845580216646,-1.04581426940199
0.210895736021644,-0.00328448618243821,-0.192002135103201,-0.388258189678544,-0.729858743347367,-0.6282025008768,-1.12180989284215,-0.622999671330902,-1.54821419992719,-0.687617125605424,-0.69050132964237,-0.873185654036115,-0.38640867955216,-0.589796736490588,-0.57094816374124,-0.963805182488189
0.176800355308748,-0.00722837473928775,-0.181062274499503,-0.395356496262117,-0.741684439533897,-0.682055941806512,-1.127326848207,-0.759204733535924,-1.67803763134036,-0.707678550295654,-0.944226452033617,-0.952793588428607,-0.404373587000888,-0.643910605687052,-0.622369930593927,-0.95245939633291
0.243497368922831,-0.0025630996206279,-0.260736400072732,-0.405435595163404,-0.694190916875098,-0.596840581726686,-0.956652123953845,-0.797557670258386,-1.70753236392181,-0.636929785936796,-0.879542294977621,-0.952024631621789,-0.371260115655786,-0.537819243323451,-0.621562889169765,-0.946959804530808
0.182509613358152,-0.000448054826708811,-0.172455507441076,-0.379102354038261,-0.780407490670066,-0.620411409383124,-1.05451799111442,-0.750573405006162,-1.49596980666642,-0.742306433036081,-1.03114995125953,-0.957484840124428,-0.393164916716859,-0.59762270650167,-0.569600349142704,-0.987505974115812
0.275382743395992,-0.00465187935682658,-0.227000240150692,-0.403326793363557,-0.762814914769468,-0.614592447604829,-0.935784389860991,-0.78029169146711,-1.53099362817971,-0.616150898248209,-1.09661250805471,-0.931150279245392,-0.395356103306883,-0.606847068332468,-0.556751046259719,-1.01474541767979
0.252599884245678,-0.00865125013630721,-0.233459864842969,-0.417188898278817,-0.684081982314345,-0.610441673978396,-1.06529401200973,-0.783901717942267,-1.43813795739958,-0.71029619898419,-0.639695440802558,-0.706527451858879,-0.429968582309901,-0.567782056806339,-0.525883939163353,-1.07338168667116
0.314382690355699,-0.0059716726604406,-0.267562409022354,-0.405711551322253,-0.630993203750883,-0.532444094438738,-0.933335974444319,-0.892720477785661,-1.33162510005878,-0.684691028283658,-0.796611953612221,-0.783356312158878,-0.415954461052398,-0.628086645263932,-0.624237612399808,-1.03714251656462
0.237563257429814,-0.00479531266906439,-0.260797518275811,-0.42229568020622,-0.674330939495437,-0.646667385520289,-1.13242148359712,-0.786299489829567,-1.38396017037475,-0.565595521639916,-0.905690103731759,-0.800644311218121,-0.419299283476844,-0.540924877634122,-0.619758758413155,-1.12364050925579
0.200178001290648,-0.00692788479223705,-0.195334089647793,-0.410755810884303,-0.722539128424622,-0.660251679905975,-1.13723497313794,-0.811616891842826,-1.50470406744252,-0.668051698175278,-0.804418563337633,-0.909858179056318,-0.393594988978623,-0.59222521590446,-0.553991540597733,-0.905005256669713
0.174810014460725,-0.00557509312671961,-0.0606755439326288,-0.424986758363236,-0.705304110500921,-0.665904674571403,-1.08162147318103,-0.742211493108342,-1.30882223535229,-0.616678577959319,-0.901646761869094,-0.864563594842318,-0.399983807840049,-0.615987307421049,-0.58938366469759,-1.12840441057617
0.368751045598195,-0.00948977258371799,-0.218025535622244,-0.437346309220171,-0.715411792932084,-0.635984214603453,-1.09045264422687,-0.834118041617721,-1.35317464068042,-0.596650545973817,-0.950648900154243,-0.885319543827865,-0.399540540307103,-0.581097110614973,-0.544684632613306,-0.943394767691305
0.187048157248544,-0.00275332600453446,-0.255579036430205,-0.387973436341495,-0.700022428420907,-0.604422592768331,-0.944599083491458,-0.762860254709659,-1.39948342820511,-0.687737437353939,-0.817745852401925,-0.888211801766224,-0.405124433063024,-0.575459575836301,-0.544253459263343,-1.02565113412884
0.231006240780652,-0.00453240130182717,-0.164831778912814,-0.416620890915528,-0.647575890309077,-0.625211095864033,-1.06442298687505,-0.70433056917736,-1.45525133488142,-0.562362299227958,-0.940092485806147,-0.699951496220961,-0.407306927567867,-0.579753763813507,-0.606902229062356,-0.964890214878364
0.278872113115638,-0.00635164196182676,-0.165214007182274,-0.424708663370789,-0.657823745697316,-0.656988392403887,-1.00525680932111,-0.713906524836092,-1.29831764816849,-0.720292403405525,-0.800922092827812,-0.820329978633365,-0.385193310212525,-0.627805131222133,-0.605126331829581,-0.966051153467058
0.169268366674415,-0.00445331930574501,-0.17083935785315,-0.4169141449842,-0.78429796268806,-0.626783040518978,-1.13105289407817,-0.795643507742342,-1.1890920092477,-0.673630485950521,-0.885511393172818,-0.855767063165023,-0.386733796030625,-0.61126021924283,-0.606354962956429,-0.950910695911085
0.213955395328384,-0.00639889740447144,-0.21567435253965,-0.39644211693813,-0.69200248495818,-0.666737954303418,-1.1543107965988,-0.725073571386849,-1.31063468695955,-0.71955399958546,-0.811648742177392,-0.736714543408165,-0.389340243482574,-0.638989661467526,-0.575093725313113,-1.06279535803495
0.167904350792299,-0.0010032905061107,-0.138541760023702,-0.394615036435236,-0.706704059032721,-0.652305203686186,-1.0043644309391,-0.720604144824264,-1.39692048172479,-0.592738203213967,-0.855476668649519,-0.854011133840405,-0.387809500862577,-0.568660057196523,-0.574161975288219,-0.988741467962202
0.15838555148165,-0.00164565509446073,-0.140404235217396,-0.410641017261523,-0.618413212441375,-0.672652492318743,-0.843170134492711,-0.75339161585181,-1.23229364264919,-0.625518354959432,-0.921086983214696,-0.897153912821284,-0.405675942126022,-0.567063660446125,-0.545285146385341,-0.94028742096239
0.214984429707476,-0.00128903341502768,-0.156318814640661,-0.419000552252497,-0.725313515075264,-0.635185434899234,-1.04342482036198,-0.83794546175685,-1.20530629999274,-0.651546307086108,-0.928027063782431,-0.826091712762271,-0.39921441134289,-0.583243575497396,-0.57659331433769,-1.07422415429704
0.251559450541335,-0.00274015784843033,-0.251726357131873,-0.404798943549814,-0.734874235362685,-0.596945876950088,-1.07970452607021,-0.744428137916509,-1.29043801813854,-0.650216925976365,-0.860310635592836,-0.771299247917064,-0.398768833116995,-0.54365082821077,-0.586870713773031,-1.01951752242819
0.149097422670694,-0.000465845057359699,-0.239190444118711,-0.405461808644114,-0.739410919043043,-0.634679919160463,-0.965510733420958,-0.755937381429412,-1.62781109440678,-0.643721167638433,-0.781805223187922,-0.823382481193719,-0.38532023584027,-0.539951183752874,-0.624333760878846,-0.970107839103279
0.25058691024924,-0.00793729529599669,-0.214343129042944,-0.431108657024444,-0.736399981942854,-0.65559388985277,-0.989988411393619,-0.755214409487487,-1.59463980466885,-0.747633686645812,-0.825979454887727,-0.834550985667002,-0.402894073514505,-0.629970104453642,-0.590787795345416,-0.95496622681163
0.188742761653106,-0.00407811032316341,-0.170482337723258,-0.426191020844195,-0.728432085072403,-0.625929070247354,-1.00760251229008,-0.819902439683586,-1.23846156362695,-0.648049855586561,-0.825293945520714,-0.714087488266934,-0.409838494466649,-0.581407363600636,-0.606875293796915,-1.02037638706875
0.119205941014417,0.00336091276129276,-0.244614401570619,-0.388979549681987,-0.683538169478631,-0.623905874508887,-0.992316504290602,-0.738506407860425,-1.35087224881637,-0.765688903173095,-0.998522612801758,-0.865149446176091,-0.410955964187622,-0.538111671256148,-0.561098369916173,-0.927464674798075
0.1865859721074,-0.00598778106325562,-0.196085170132426,-0.427941049944379,-0.699705907008847,-0.661758701554979,-1.15012850650449,-0.729798832243037,-1.61457477406965,-0.734972869502708,-0.874154674440806,-0.947042320570083,-0.409559987321215,-0.605675139849073,-0.60501582827165,-0.929780921738452
0.198811064469065,-0.00614048011937583,-0.215358830092577,-0.392927062592466,-0.768408926939938,-0.615521016186141,-0.959335924703753,-0.769806469061654,-1.05058197807491,-0.688041564853682,-0.976954378767798,-0.743487955663321,-0.411240114368304,-0.607265921870558,-0.629895282288385,-0.958478605075332
0.10508755184464,-0.00174191690025311,-0.161819964863536,-0.432788762376956,-0.70987578287393,-0.661751141076908,-1.12351522276503,-0.800382810817763,-1.73463923863957,-0.695628516445036,-0.850634119060245,-0.883155099530375,-0.434744121080315,-0.581170439630488,-0.58692472974043,-0.923745325520763
0.282591420926829,-0.00779679123537853,-0.201726971081494,-0.399832717052249,-0.765492148202587,-0.654053841282241,-1.09676046158404,-0.789945292906467,-1.54554837146182,-0.614140609676902,-1.087043496184,-0.885830466464739,-0.390773160464269,-0.628644028086621,-0.56610013336188,-0.971521140688179
0.230401775601838,-0.00418714442021585,-0.142152441706546,-0.427184542115793,-0.5988449133047,-0.629406406408307,-0.889665719525372,-0.712194763030978,-1.37106594605561,-0.647394672422526,-0.729064875120855,-0.892806879595389,-0.380423374516465,-0.60484283797969,-0.661077815401476,-0.96727638005105
0.223941610241218,-0.0064826359509784,-0.202202303259121,-0.411266812904769,-0.72826913353859,-0.661260290442726,-1.01709104074592,-0.748313584245826,-1.15583253577938,-0.676190932111577,-0.799664222399157,-0.808626221911488,-0.428428989613961,-0.580952090137349,-0.603897470130834,-0.999673216881289
0.257364394537823,-0.00420720779370356,-0.16153157029109,-0.422415134617624,-0.635971726663856,-0.65836106563476,-1.11862919109725,-0.750829381148533,-1.47297263431417,-0.670577092029601,-0.635254109634039,-0.676383357530597,-0.402405388177986,-0.624482714186528,-0.574109117869813,-0.94940153179267
0.133895463136266,0.000767092030159619,-0.186137800469587,-0.422785781235418,-0.747747787028705,-0.638025657056466,-1.09849770970773,-0.663777425152722,-1.24640778340005,-0.708034971333712,-0.843517674399951,-0.932522596585486,-0.401278577725448,-0.611750184592232,-0.618467097099067,-1.02391184761091
0.288403958371662,-0.00455656407077414,-0.199880134738604,-0.38277244707833,-0.690773106107271,-0.642610376721124,-1.10995129951942,-0.70116167498751,-1.23077182379329,-0.73738399663588,-0.730298420437461,-0.934783103333205,-0.44236202386208,-0.588608969586052,-0.575610733046423,-0.964107996194869
0.289557503093785,-0.00636524969751153,-0.259639227080636,-0.415023540944487,-0.623315695147492,-0.625207449879676,-1.01050253074719,-0.687363098298566,-1.20967421834472,-0.563265096807211,-1.02795565009044,-0.803239058245236,-0.390485251103418,-0.604275736257238,-0.601981182005615,-1.01060624236671
0.181311988445334,-0.00157759071508015,-0.215092467849797,-0.398457966795027,-0.686274239458048,-0.631823312363987,-1.0593677221751,-0.752163194426505,-1.18816328428511,-0.718377189242119,-0.944713268676213,-0.904621447080001,-0.417632956369009,-0.628313569262027,-0.57032539832031,-0.985666205827447
0.268782545931734,-0.00218013254055348,-0.197424500485416,-0.387110657220374,-0.618396662489614,-0.647745997263045,-1.16345185018766,-0.765317369887405,-1.32799134950695,-0.58874922747219,-0.968115733672128,-0.902859320715819,-0.406182936523734,-0.591331735540406,-0.566940385245993,-0.945976590961892
0.269705856841694,-0.00594713388403203,-0.166359329148554,-0.423422726613539,-0.718555505650791,-0.644308614776848,-1.14361267104141,-0.792031073390346,-1.27587309871471,-0.611541515579484,-0.756294749006731,-0.883257436709604,-0.411725775428733,-0.616483661919168,-0.541974123535033,-0.921815721015281
0.340271929225474,-0.00663992785657613,-0.19272419276303,-0.394439030971717,-0.638470453862047,-0.665625189248487,-1.10037587346723,-0.742915373759451,-1.42702265373044,-0.741477328567524,-0.842602535941824,-0.770039430076024,-0.413434807493634,-0.544327368666521,-0.61424325918352,-1.09456721129791
0.273417582457315,-0.00670268068693281,-0.217427532999144,-0.40959701858784,-0.696839593504983,-0.635480944903577,-0.999010577527883,-0.743607276682735,-1.74166408054009,-0.643456524431146,-0.909298556162399,-0.832324700640862,-0.415488649233859,-0.576116466695692,-0.619367055306908,-0.909436754609159
0.199508997656549,0.000188052351445088,-0.176142846060205,-0.369436403757829,-0.66558777764821,-0.626347095726481,-0.910108214917947,-0.795342438887148,-1.28574558423746,-0.655826506890472,-0.825912460529157,-0.89528546572431,-0.400763127065922,-0.475795873786625,-0.536701680306795,-1.04159134769142
0.139798056832543,-0.00128199438112346,-0.131029359720625,-0.399324242587574,-0.730904421959904,-0.650265736040051,-1.0077463230093,-0.784987196711548,-1.26482291677495,-0.685828847195297,-0.748335002926055,-0.871717899661003,-0.430424324052103,-0.611728550305465,-0.614405930946012,-0.943193487132207
0.227523146977595,-0.00360182901418872,-0.234311055357124,-0.420355694836928,-0.740278290969191,-0.61580733756906,-1.0505483212562,-0.72426629233714,-1.61860205705371,-0.714376337045726,-0.989663096602848,-0.779763085358026,-0.384645545310097,-0.589719860658807,-0.550117741604553,-0.927985940444154
0.135562523017786,-0.00415611313477526,-0.166511678657274,-0.423730531867682,-0.745920090142664,-0.630517984479831,-1.01733368101443,-0.858081384720957,-1.21636747661179,-0.717454088503766,-1.04118076725304,-0.815067993099886,-0.421387545601766,-0.587215137571329,-0.590680827851346,-0.970975813957733
0.0767213719297122,-4.1801369127137e-05,-0.155160885669267,-0.349328063219965,-0.728493401409304,-0.663359508620534,-1.07005275746781,-0.782275081367143,-1.38161475115769,-0.768909432104579,-1.00304855908317,-0.787671717127355,-0.423764248929824,-0.600340330594208,-0.626819112098988,-1.07499287848196
0.31193172672443,-0.00278933365751325,-0.240491409713647,-0.411694024062202,-0.728493298449595,-0.660764353154255,-1.08010794216965,-0.728807689036557,-1.3561120489868,-0.68622745004213,-0.845541890705787,-0.844422323278981,-0.404475383505472,-0.607348171139736,-0.580604319700091,-0.99230827653748
0.316759142015278,-0.00698193710421259,-0.177901823677955,-0.407112299573469,-0.71699211862092,-0.578285992568248,-0.993153882384249,-0.805540892974197,-1.19124417512806,-0.664650127845539,-0.820698642152484,-0.861795863836203,-0.405096090434669,-0.547960666806978,-0.587504863686678,-0.96321351061849
0.171257120173604,0.000251692847993598,-0.212950356004008,-0.384242321970203,-0.711792640242285,-0.610817417890642,-1.06899042004623,-0.844125574619838,-1.50802277395989,-0.675581695344505,-1.12486062736088,-0.997323662931996,-0.385428724044439,-0.593156275808669,-0.637688895349102,-1.01321490743524
0.230652470131791,-0.00341830088835534,-0.139566627094904,-0.435377239968166,-0.729278384715452,-0.594979442405791,-1.08371864863724,-0.649021971469478,-1.51370869983292,-0.679313680650779,-0.876581531611771,-0.743006357636173,-0.410130449640503,-0.574239219643232,-0.554279950442884,-1.00214211330589
0.20898989048241,-0.00232426202275764,-0.197063650099168,-0.364836559123328,-0.701605597885732,-0.662836753114111,-1.02376019667438,-0.840004504451223,-1.15957780147088,-0.650264796589151,-0.832737358345689,-0.781588645773449,-0.400348366255125,-0.61908169027227,-0.625074300274595,-1.00998722069864
0.179065639651144,-0.00298443073846698,-0.276417153692338,-0.417007907199959,-0.764670403619609,-0.64765445023929,-1.13718938980786,-0.793482849271869,-1.3345428361588,-0.685720766526094,-1.12668564248235,-0.890539065166194,-0.433144735747267,-0.632216819458694,-0.595860120527607,-0.965039870915534
0.170322434117933,-8.46437250636468e-05,-0.170764062654496,-0.385446328158026,-0.782778460503797,-0.653743300299566,-1.04887594274497,-0.850784443126409,-1.40487602936705,-0.683796286960141,-0.942130837675837,-0.982569616776457,-0.436643271518951,-0.58369332463213,-0.590880202567122,-1.02800365724967
0.153361238486556,-0.00621594878784752,-0.105264623967608,-0.433061840532642,-0.713868867098852,-0.669227651341822,-1.21170540290086,-0.724225533679682,-1.44429020359,-0.674064806901015,-0.708014133645194,-0.943805142800522,-0.396407223563541,-0.649624318581717,-0.614855288206024,-0.920460479471142
0.119352151364756,-0.00215775150437023,-0.162319074155758,-0.410984734495686,-0.751910298931264,-0.658936466044805,-0.976624019162005,-0.802574765949627,-1.54912681415282,-0.700340479362529,-0.829037693005528,-0.974127936994653,-0.430650066248842,-0.562441250965827,-0.616863571952201,-0.886050729148774
0.248490839030762,0.000217955979868877,-0.25817436975857,-0.41680706672178,-0.748843669636377,-0.605610282198255,-1.15437289497804,-0.769702126680476,-1.45401080842174,-0.609090987394948,-0.78875986801252,-0.856439996774007,-0.400039595612663,-0.550183505068176,-0.6351049380644,-0.972773262867203
0.291842713625259,-0.00277100815952784,-0.226884501555948,-0.414451675611724,-0.738999347540703,-0.633808918020935,-0.966357498309965,-0.795736987051784,-1.10546231140228,-0.585936521958177,-0.827650708377666,-0.929191623747255,-0.423983015525924,-0.554629186721763,-0.614325430184105,-1.04811534553273
0.338201730538957,-0.0060528636560337,-0.212490817880806,-0.396415468781406,-0.703095447353456,-0.596045944805622,-1.02541554249337,-0.828358576347821,-1.41512965623897,-0.731785315372249,-0.816602231364587,-0.868369778284655,-0.400150171480737,-0.595584744368767,-0.607835170131674,-1.02265218162612
0.300924168045255,-0.00747777012340837,-0.272506642170347,-0.408794940770437,-0.662938486417549,-0.660060602075586,-0.987620832672216,-0.817258269090277,-1.69154335968664,-0.645473342792199,-0.723219124233516,-0.985057359450138,-0.397645530092792,-0.570911324179457,-0.597791447463619,-0.977150791580522
0.120642708001038,-0.00146827340988473,-0.199645846920669,-0.375575590247378,-0.744638275722939,-0.644017849189475,-1.02579192051545,-0.805153569982442,-1.36044711918633,-0.625139714837463,-1.17299033881761,-0.96756028250769,-0.382895694988632,-0.54774356213834,-0.606088767118628,-1.13218627125423
0.221726341181175,-0.00684402539563774,-0.18746508740709,-0.400498978143818,-0.717519409596557,-0.607363528358856,-0.995590137736963,-0.79774116200743,-1.4517979063078,-0.674361031973857,-1.00530292747366,-0.69787085058687,-0.39461819711037,-0.633445308956098,-0.557452662187258,-0.933862122362926
0.099766515579937,-0.000709398681762452,-0.230318114802122,-0.395593303352471,-0.783523182109662,-0.677610759093765,-1.07528012027855,-0.773340047088411,-1.17159436544762,-0.674575613152521,-0.677772523809431,-0.95411693281693,-0.403423669200043,-0.622974965265909,-0.60954437207442,-1.04094593363811
0.123759887466686,-0.001919593617614,-0.127466658282515,-0.406618857180095,-0.720762268546612,-0.63474314621468,-1.15344572732688,-0.820702937345169,-1.55396666917636,-0.711584248042433,-0.6833612916627,-0.89749243697227,-0.408491230245465,-0.604102010879458,-0.594266060449457,-1.06241405202028
0.231847552814055,-0.00367759936375075,-0.18135361301782,-0.360711818013517,-0.627032246256779,-0.611803895859135,-0.983714072003962,-0.851761558467942,-1.56716087170092,-0.637998721577214,-0.918154502951782,-0.896297118682345,-0.39592161310455,-0.587891800002461,-0.617998075320887,-0.995839947223549
0.355906519328298,-0.00478010446365818,-0.208781126129723,-0.383832539917378,-0.731777461613194,-0.63619335804259,-0.954923170266214,-0.741499061022753,-1.2846513649698,-0.641689487227606,-0.829359653182183,-0.960137179356552,-0.426144393081636,-0.578699462251736,-0.603981951943186,-0.869569960403536
0.240787363449788,-0.00198148679769,-0.088666596614837,-0.403753853190118,-0.717265933754578,-0.637341207842348,-1.11170990943105,-0.832740851688211,-1.41424209278918,-0.592733320363539,-0.70684502001148,-0.850981871245602,-0.354566002048037,-0.622599513714948,-0.603699770308242,-0.999264303191718
0.174453082246636,-0.00259649746107829,-0.225054628285197,-0.407116014341409,-0.758106907207086,-0.597844049719045,-1.09706450294692,-0.717344273001956,-1.35827357387795,-0.663198792994659,-0.883034302125651,-0.927788416161659,-0.377759060049182,-0.618727506938138,-0.572591492107938,-1.09967515094167
0.359760109082565,-0.0102125762145408,-0.173839497832065,-0.40776945538936,-0.696951272058724,-0.626165459671423,-1.05210083017908,-0.705257458897667,-1.36633521371558,-0.733110751669057,-0.738970070589256,-0.99309935217595,-0.433414973917515,-0.608815570277132,-0.562947145722223,-1.0619773983283
0.326931049210196,-0.00449371381119996,-0.180126102544842,-0.376335644378942,-0.773879412537902,-0.644667738397512,-0.986081599031411,-0.731292355108965,-1.33332712397771,-0.759346448403053,-0.734526381549307,-0.793595855356667,-0.395552932055741,-0.598129727505661,-0.630358838122939,-0.919433305630239
0.292177968725239,-0.0088883332321205,-0.173414131614004,-0.404578566016761,-0.644645791488632,-0.619376667150434,-1.15318006246065,-0.778967698834909,-1.54163201542627,-0.621500817193754,-0.771633703511307,-0.939586065613073,-0.393932467644339,-0.610978495145799,-0.662590571985761,-0.948877216974153
0.293332550344981,-0.00704798029990117,-0.173894875318844,-0.437621843110133,-0.760891004196315,-0.597793330848291,-0.971167434623502,-0.797834804281019,-1.41295554631059,-0.727269083271745,-0.756887746394642,-0.864651322115473,-0.423275329669851,-0.597694642316162,-0.573418847330043,-0.994331517217417
0.085942385973421,0.0013336477604919,-0.136366695152948,-0.393428474121513,-0.721323500128386,-0.628876681957588,-1.10388851569343,-0.72886816941931,-1.36857464530716,-0.687189520782367,-0.883079698941683,-0.965620417047244,-0.410009971951295,-0.597905456315849,-0.6354872418691,-0.964721862062194
0.147640183285076,-0.00430635721622293,-0.213469017455174,-0.416578161500925,-0.832530703235985,-0.615916062859846,-1.05353215885131,-0.756242551102029,-1.2548378389256,-0.75070427850595,-0.851018203792662,-0.795691287944465,-0.405427033982933,-0.623204560569912,-0.57124635669781,-1.03251631525991
0.234909255470147,0.00190599408863922,-0.171989072999602,-0.42205010321342,-0.713543420053537,-0.651494929564408,-1.06059451025781,-0.759321305906661,-1.49427695090039,-0.711844845216249,-0.848805848338424,-0.919203912667019,-0.382048367338506,-0.569135754231898,-0.548818362285139,-1.01640021248949
0.0769551265547948,0.00230369231323241,-0.262364886038024,-0.352531270459327,-0.715273669263826,-0.66926078005609,-0.975009619774262,-0.775829816143958,-1.46588439571651,-0.732682962918803,-0.892318750119419,-0.995634546157603,-0.387364600831665,-0.599689128398551,-0.625138764096997,-1.06946482901092
0.306594212296458,-0.0075540244237033,-0.166107093974411,-0.405042133164015,-0.69690514389551,-0.636575130118642,-0.995357605891014,-0.763250704975592,-1.17459045029628,-0.618677128042293,-0.953573952789687,-0.952934114401068,-0.391384941327983,-0.572423635299624,-0.555602964052628,-1.02133541889464
0.322430889806781,-0.00629723386947837,-0.154147231832442,-0.428943657195981,-0.677001029014711,-0.637328560784815,-1.091234097384,-0.704426798308586,-1.35584086770821,-0.646616536142593,-0.809632336464266,-0.819002935215028,-0.396322202678625,-0.594384581279001,-0.610808080014778,-0.979389435855692
0.304772569227178,-0.00543766743202696,-0.205863149968387,-0.392969639859636,-0.700450905576695,-0.685791069338495,-0.982111098060634,-0.737785347124969,-1.17858864470238,-0.67906208499979,-0.865531813685129,-0.809951854243864,-0.396935407011162,-0.589421369347635,-0.587447675192527,-1.04233242298966
0.310023270653193,-0.00624186707954156,-0.215565164750641,-0.392606368054859,-0.760916222255765,-0.637768836601535,-1.02960951845447,-0.83118194002154,-1.36078221465261,-0.75385041579797,-0.846267731137101,-0.858283398186798,-0.369158883616435,-0.612106002063788,-0.572799756871859,-0.93052595368397
0.25202072241191,-0.00440003539757592,-0.203112151910566,-0.3978788098215,-0.792538684805211,-0.670297075503763,-0.925384571410514,-0.781490005838028,-1.30802432248502,-0.577361617587211,-0.770230950044603,-0.872554636995542,-0.376902531414594,-0.581716780006968,-0.637366789978906,-1.01475613270765
0.189912420568859,-0.00456139683896337,-0.211775828933879,-0.415026365934845,-0.77118344769037,-0.647421719518318,-1.05800674062889,-0.757949841184364,-1.36468497513794,-0.61941875245887,-0.842642834971359,-0.893933741206409,-0.413313619931311,-0.56486870698084,-0.616065595437517,-1.02060165451011
0.263687715818879,-0.00554090510570038,-0.147889122684459,-0.424382051662983,-0.771494206004329,-0.60490930781226,-0.848611677763124,-0.684049282215549,-1.54638613732341,-0.741591780648195,-0.923942866648009,-0.871955103978391,-0.401985522243583,-0.618548273539507,-0.55476567730127,-0.989032683178185
0.179553998467528,-0.0021886816707226,-0.256689244291475,-0.410356516930963,-0.653637573882365,-0.615861798946442,-1.00646332102482,-0.727279072065485,-1.23321659854677,-0.697779044264109,-1.05278497876179,-0.83231756617627,-0.429950256763798,-0.593509186192403,-0.594013522004412,-1.05919006767942
0.300735756159147,-0.000982418592061413,-0.2769051669602,-0.419428274648755,-0.707501537673412,-0.603270319747825,-0.84764341581865,-0.868289117735977,-1.34217608617717,-0.652305532246453,-0.96531972092368,-0.859192252228811,-0.43120561024471,-0.590463472808628,-0.593136547944507,-1.03937756166517
0.190722348559485,-0.00529808051776147,-0.296709000235338,-0.418009843348251,-0.713038637968814,-0.68577902121538,-1.09566021639833,-0.802632463564461,-1.42392916891586,-0.590981638188187,-0.993664155148854,-0.85962855463939,-0.391646399524426,-0.614874801499682,-0.574616484285004,-1.00493832814745
0.252574288783936,-0.00100231713469647,-0.259706111198748,-0.426438567663028,-0.624308258599643,-0.629089231197622,-1.05618505750675,-0.826616852963275,-1.39268505797977,-0.756647940039051,-0.884950344265576,-0.800998172110631,-0.4022946772742,-0.603704551385875,-0.641836715760993,-0.973875333439867
0.202812250919607,-0.00781593718373253,-0.270827246931952,-0.37534035672767,-0.664160055782144,-0.630681282634583,-1.11720945563595,-0.79239841376629,-1.4393566580124,-0.624674134311094,-0.859955620591502,-0.821938871277456,-0.386086166788702,-0.617049502033679,-0.595714656373874,-0.943100649760452
0.140180478615097,-0.000707619082321938,-0.190814085746942,-0.402480749675859,-0.718253487242044,-0.581758964281663,-1.02487271287123,-0.744508934631533,-1.4303518346778,-0.699359246140162,-0.686958428871543,-0.908863382327253,-0.441375320198909,-0.579303430609229,-0.577877464031352,-0.913225966304305
0.129472371566925,-0.00119674865711651,-0.181849146913741,-0.420361905239648,-0.751686395317632,-0.637927819134294,-1.09188232723198,-0.776065480166736,-1.30832879022899,-0.730101346023914,-0.799529788779842,-0.847618069997938,-0.376927153645113,-0.622833480126495,-0.602174910326398,-0.96150915291089
0.300750687986672,-0.00272558225778362,-0.16072099706266,-0.423099686420342,-0.643204804946237,-0.666732213568889,-1.08709609366103,-0.823751599529653,-1.05791337174042,-0.762111190370118,-0.727906297192265,-0.787825261265483,-0.389367238038338,-0.553084925512138,-0.664264114974612,-1.12798793876372
0.171088803770958,-0.00478828243696326,-0.216191425479871,-0.407805430291003,-0.679846315374881,-0.654135460403227,-1.09145529394166,-0.803555232345288,-1.52971245563041,-0.713625293960095,-0.984639191224126,-0.861005328121861,-0.401849643383206,-0.596102858261598,-0.616905546814828,-0.893070365415171
0.169958233177266,-0.00165820987759297,-0.18341615782007,-0.408563264053125,-0.798231798042333,-0.637559304659725,-1.00877044006338,-0.780271855379136,-1.43834567152096,-0.715529664762857,-0.850445069491778,-0.96140549901994,-0.39299216847353,-0.587203404847126,-0.615149442209189,-1.00158209841753
0.242309033052805,-0.00340415912107642,-0.131977473352779,-0.38518909697226,-0.711740710804191,-0.666377368912695,-1.17985931940752,-0.799042937815208,-1.4993474095296,-0.616519501925467,-1.05890012213752,-0.768451652620357,-0.382811150947675,-0.612008976146389,-0.564039498721177,-0.924693260594123
0.272950364997082,-0.00635857437433521,-0.146459927068246,-0.393883066023549,-0.697038006450247,-0.673976985673548,-0.926542399750534,-0.726227295955502,-1.04090948754481,-0.661236338090524,-1.05573105065395,-0.894103636544734,-0.373369325815577,-0.558819747889675,-0.578007649253635,-0.965495937653847
0.235220712611386,-0.00149945907093734,-0.221376442749907,-0.405141171531157,-0.742024704821555,-0.65737084653421,-1.19887934116389,-0.804079939589723,-1.66616499081336,-0.6468193601728,-0.903019658316294,-0.782001393814969,-0.413656082591737,-0.64284228709218,-0.565855251134133,-0.891015716682032
0.308566130108406,-0.00594272104459126,-0.218552351833265,-0.389214219558803,-0.685072271801997,-0.5937395830992,-1.08524045177589,-0.837979646750339,-1.14781762119704,-0.581199727018926,-0.870183201767393,-0.789323486167417,-0.384944707929166,-0.6060872991145,-0.573296476778072,-0.995957166421942
0.283472249804271,-0.00605337806515089,-0.230133489869372,-0.374463047934812,-0.629341398799881,-0.603151594955232,-0.973447550864983,-0.766968016966603,-1.05579679609608,-0.574172016178369,-0.710035513723992,-0.825816561082998,-0.398272229392721,-0.576611092097253,-0.561017964558651,-0.975590676836844
0.122232872066349,-0.000828215245772086,-0.175664684366244,-0.426750847324935,-0.838985471051576,-0.605253825969757,-1.1033254387297,-0.803879994126747,-1.5653386647305,-0.796005146913479,-0.95641458438089,-0.891155629791892,-0.425960340664494,-0.636097183331329,-0.609957013077924,-1.04369863611542
0.270181691511107,-0.0047493128287676,-0.147597417778107,-0.436356317955441,-0.68591920196126,-0.681078361374327,-1.08958144169461,-0.722500004737358,-1.4097617800663,-0.756431901397203,-0.950429784634033,-0.909291423970267,-0.384791543129171,-0.624752063468319,-0.631616312521166,-0.963452963735772
0.193659287469131,3.91293049152803e-05,-0.180036032823459,-0.4342301609747,-0.670737910752647,-0.597023899323334,-0.835171885688453,-0.801425130605191,-1.26656804013626,-0.708139442478485,-0.591580752817261,-0.918925365032554,-0.383753457506227,-0.595804341580416,-0.582539697619067,-0.995042318836019
0.151021462688702,0.00022298093889534,-0.152826434912303,-0.370199094458339,-0.718973275517394,-0.6232844061303,-1.01787402990599,-0.78025084382305,-1.58888764742957,-0.739584263679575,-0.805454070093566,-0.914119402859665,-0.41084603139202,-0.603104384678202,-0.617085468216248,-1.03238317969582
0.274219330357448,-0.00211380339380814,-0.160052641355923,-0.392582496264679,-0.654370824811457,-0.675680975693688,-1.01946184355773,-0.699525801900014,-1.45578477559023,-0.700684571500448,-0.813718719266331,-0.828317849367602,-0.369239606057892,-0.563907331760655,-0.538663219450305,-0.95169898788055
0.258623831203615,-0.00283894706257005,-0.283869598037638,-0.423493102127392,-0.64451484977784,-0.58397665193728,-0.954205863523558,-0.715638539666166,-1.13833951895927,-0.714265803563697,-0.831249299262362,-0.791539560609017,-0.413026871992553,-0.597635239756308,-0.617300686783835,-1.0562054594224
0.260134649885075,-0.00767702538825665,-0.206897275063714,-0.410514358500794,-0.707010603624811,-0.665502163043764,-1.17931441501541,-0.8454688579152,-1.5152687036911,-0.594122522994529,-0.933713777247218,-0.961735926081726,-0.410670202582774,-0.602526432645403,-0.603985251882925,-0.926842683588761
0.115246104208652,-0.00152681581493576,-0.229597156535247,-0.386591845610677,-0.773164981992963,-0.595046045657088,-1.05546388007385,-0.785471183423329,-1.31361399790545,-0.738909181418965,-0.606551082057021,-0.920106858227048,-0.40816527586721,-0.601884427283276,-0.612216393136804,-0.979350836131834
0.162931632958645,-0.00197023457952399,-0.102984700145269,-0.417224754114032,-0.742811554329461,-0.687027531191659,-1.12180873004161,-0.783143528004031,-1.63734801794367,-0.722599532210067,-0.721688305301301,-0.835455398039783,-0.426208435633359,-0.594080233396001,-0.590060417531661,-0.994588693498106
0.123257877568051,-0.00295868954390364,-0.209002120178463,-0.355635706273535,-0.700264739545342,-0.642836784094519,-1.1424254302691,-0.785427557509478,-1.5665557690532,-0.732465753764834,-0.836482724310761,-0.891748245678605,-0.416116822545129,-0.584254255426012,-0.626255246738841,-1.05027574995526
0.28468154854641,-0.00312387874358625,-0.157650777175663,-0.42291944451674,-0.722057248634956,-0.602106805458676,-0.98809290659994,-0.822333805761673,-1.04899716503909,-0.706661639889974,-0.985826961828824,-0.920228787847579,-0.411268648571618,-0.579269734175612,-0.589252488551176,-1.00079075842121
0.217243047392764,0.000170924321747009,-0.242173320105423,-0.43433944142371,-0.636624067005811,-0.656223886349684,-0.993929347599994,-0.701768837303858,-1.37897718834279,-0.559760467424312,-0.686671287252856,-0.944443625771911,-0.394599016448603,-0.616968823735431,-0.580446025289402,-0.981623123033468
0.281896225942029,-0.00211276590377979,-0.187613774638113,-0.368500304038304,-0.774415433491967,-0.648572419371773,-1.14387012213215,-0.8373326073936,-1.53724143871286,-0.817614986990402,-0.58955842057647,-0.88545342374447,-0.370820139988601,-0.577854697135772,-0.601878915507323,-1.04699819562965
0.302853814175989,-0.00567021023207407,-0.234806015448943,-0.369781760186126,-0.746676818036297,-0.648695869445152,-1.11957532229412,-0.685031474717981,-1.31475263066945,-0.665145571766851,-0.928548116282212,-1.00491841522651,-0.384596459252106,-0.554092369390814,-0.573259071254835,-1.03622166248869
0.22697889849128,-0.00239522117531946,-0.180938844922774,-0.408651206210452,-0.738958866561979,-0.619046122422954,-0.914931672890512,-0.689715457045098,-1.44206473551949,-0.67009909496489,-0.877800763271907,-0.952932877195089,-0.419520457384061,-0.617853577896016,-0.545297159916163,-0.953732333889098
0.181333978720326,-0.0011340548907734,-0.269880584701329,-0.351342490494497,-0.722073803408251,-0.626024020499683,-1.09638636214223,-0.767581836534467,-1.27077891300411,-0.746843044790841,-0.882335213624131,-0.83348200656753,-0.42138221926612,-0.653914604626026,-0.564459289260492,-1.01821629306285
0.185308451167623,-0.0020606793665035,-0.138942498469681,-0.423930649986562,-0.69192527759941,-0.653227211231399,-0.919149506680381,-0.758161489520786,-1.35933339669856,-0.645717860049331,-0.87035089216619,-0.800525492481855,-0.404002958162234,-0.615951817666407,-0.593219418931946,-1.0130110796381
0.204692649739624,-0.00239196826081264,-0.246585559747953,-0.401863907246265,-0.649697823946876,-0.636350671887957,-0.950293678364378,-0.796076537693125,-1.26898800166991,-0.739414269142037,-0.83681287692083,-0.848626450323106,-0.436227693558909,-0.554096899018083,-0.633667011051312,-1.01278868177943
0.137024770458622,-0.00264895262650967,-0.208210351239748,-0.407745240523417,-0.70060755530921,-0.598414565761645,-1.00675032561968,-0.771193639860336,-1.50027140876398,-0.648829423173025,-0.862669889430939,-0.871839576754904,-0.393868833766582,-0.579589048436197,-0.590132983455246,-0.984549399386591
0.153150150740987,-0.00300297140495772,-0.236119766176211,-0.375608332239868,-0.747938976292482,-0.648480217313178,-1.12352476181113,-0.746267606086208,-1.78261276314281,-0.710648962875473,-0.830019000242804,-0.857144887041344,-0.38328319848339,-0.585340762719865,-0.578245066925928,-1.01372477695634
0.250161027487322,-0.00631597823251676,-0.172191733047738,-0.40399606487336,-0.751536134058938,-0.692032177916295,-1.02942681023902,-0.786858784108462,-1.62784901030146,-0.754176916173293,-0.837514866821614,-0.869240722130946,-0.398187964093406,-0.612705896716861,-0.56697185289999,-0.922380096867193
0.288995626978454,-0.00921700637028762,-0.218987600020237,-0.412848632887187,-0.751204233596642,-0.640105333519254,-1.12403840991688,-0.823776274221243,-1.54838423983933,-0.766358006462955,-1.0291610769379,-0.802133782658643,-0.377031441195752,-0.616781594015491,-0.624679041616383,-0.977722358215985
0.20442960289999,-0.00487994437624347,-0.109098869486235,-0.390550109145663,-0.749280513512479,-0.591574391980104,-1.00756657369231,-0.856798515853552,-1.43329372664921,-0.633561124943891,-0.97646680293807,-0.835876014120993,-0.416735383568809,-0.618332255169028,-0.572121129027114,-0.982393273415593
0.0719483416146414,0.000980373131652105,-0.198927160778411,-0.411465555669376,-0.796927926867967,-0.632956883721075,-1.13814986352161,-0.714232589167364,-1.25114218331655,-0.701170035482206,-0.770068245078673,-0.924671965434577,-0.392583567379945,-0.607118087193236,-0.598931000166297,-0.972705094905865
0.189084001416789,-0.00227393723182897,-0.204515522329534,-0.38948803537696,-0.656124804120303,-0.671362330323883,-1.2329161495986,-0.847052069686373,-1.13682453458523,-0.688943247059317,-0.987184531148886,-0.862476142308751,-0.385266136733591,-0.611634570921251,-0.628976278210045,-0.985850747205374
0.213262386490705,-0.00456489491901935,-0.192759243994643,-0.402468605252049,-0.720537828881182,-0.603090299149039,-1.09924712613598,-0.731062663211691,-1.15768686367806,-0.796549360369561,-0.771707210202693,-0.865079116633713,-0.408223756860542,-0.569066017428533,-0.625395835536234,-0.972342037828252
0.255448898857553,-0.00529180953064962,-0.218311180449235,-0.406268696312849,-0.716338269024671,-0.643729761934673,-1.09042170890822,-0.736429085499278,-1.28573635412684,-0.695023663037524,-0.859338256164616,-0.885392638842438,-0.416481090050865,-0.574739653956788,-0.632055726748249,-0.989296723746661
0.281536529498663,-0.00384321904160198,-0.230038862637049,-0.413706943325267,-0.738155963149576,-0.659227738968942,-0.988381203383978,-0.728402556064663,-1.11282062324658,-0.789565308196722,-0.766097092674619,-0.869680511450678,-0.433361348961807,-0.620182191921899,-0.622855505692065,-1.05619890860608
0.124990423344209,0.000229999393614685,-0.245257514198955,-0.444650755677111,-0.687540320090359,-0.63738251531746,-1.10278074508946,-0.737768185359762,-1.17207183561483,-0.667320809696491,-0.74452479967565,-0.885564796479344,-0.37844261734421,-0.58581362486396,-0.580303706439666,-0.969522937173043
0.300598805829021,-0.00435200982277999,-0.201822782298973,-0.39484375685226,-0.670056271664838,-0.624873117494695,-1.099214114397,-0.755059123710571,-1.53862511955473,-0.666350251885365,-0.709679122106786,-0.906138485939208,-0.368937615328671,-0.593166198721116,-0.585729227739031,-0.962422463931352
0.289265333128065,-0.00632466417768269,-0.210258140251527,-0.396003539490244,-0.675642751061503,-0.611009490565784,-1.03072635724816,-0.725114059470706,-1.32244086332361,-0.697161700868345,-1.13208810825252,-0.977127620702952,-0.39702183769486,-0.60162082629373,-0.614153472459275,-1.0031366349189
0.110663283169759,-0.00155850556845945,-0.220114788046058,-0.433855814751577,-0.626333842096079,-0.625201139465152,-1.00097630410063,-0.75107982065309,-1.40013216071038,-0.692177721598966,-0.925048371126238,-0.874734352875915,-0.396327370983987,-0.572597222833256,-0.594428968545291,-0.94996272928908
0.113529237768125,-0.00199730832619113,-0.234933152041971,-0.429953193968324,-0.793605886929826,-0.573745491532055,-1.02600189310697,-0.780735727194314,-1.1998217146489,-0.679247148890394,-1.03012065636368,-0.866508506428488,-0.414531643643102,-0.542663122619227,-0.649331342532549,-1.05470127495661
0.200238403265072,-0.00158878388392331,-0.189801413827441,-0.392721851696746,-0.65270696531183,-0.633210502178261,-0.921339288862574,-0.803876205226544,-1.2442037857776,-0.630406968760852,-0.725913758082965,-0.871385523687491,-0.375395071672035,-0.607675776839662,-0.613296131497377,-0.98423212166498
0.195892011808618,-0.00288569436255748,-0.236414282743873,-0.401550201663282,-0.734870419410905,-0.625324425563338,-1.10979766351939,-0.834284425961062,-1.62075418006981,-0.852398605434766,-1.07597420371016,-0.89505062253038,-0.37615824946705,-0.595783153967789,-0.545585524904562,-0.957506117487017
0.151086387033954,0.000835893108658134,-0.201789436981128,-0.400716783582362,-0.786994223207485,-0.645392689037524,-0.915106338388158,-0.761770941757758,-1.38209052394939,-0.658185059380011,-0.698340244488003,-0.892425499838628,-0.405905884366324,-0.570493566034866,-0.607127937591809,-0.941270634071068
0.320111598877672,-0.00458794384392749,-0.1956075090128,-0.400711406629624,-0.770330674803696,-0.605226064026528,-1.03106757120217,-0.781104510082564,-1.07456333364624,-0.649851012297904,-0.862988247888204,-0.889586339060099,-0.400895692382508,-0.603005606754745,-0.584017098585394,-0.967378537434073
0.151949800228963,-0.00556460664297904,-0.192103971814622,-0.410884409794722,-0.662322624327263,-0.640688156041181,-1.0621659210414,-0.746161130864594,-1.44845773563339,-0.723447882027004,-1.00651167045967,-0.945799784466387,-0.376574094234571,-0.58528584218001,-0.591715945472008,-0.992657921897004
0.249523076018911,-0.00467052381551393,-0.203343106754142,-0.407908236362348,-0.733145816121377,-0.646968265651311,-0.988800286068404,-0.79736993431925,-1.54122781101184,-0.635482627232656,-0.815420134980535,-0.914381326520045,-0.3825094100753,-0.59376339990989,-0.598417008760275,-0.966957399938647
0.19135773156338,-0.000499717968971074,-0.203347591025356,-0.410244523416496,-0.712635257967534,-0.689702818509954,-0.940604227951943,-0.853170078959797,-1.02595730192262,-0.644913541313777,-0.831824883058759,-1.02979114130883,-0.398669311722323,-0.641554263360346,-0.515309001459325,-1.00509210790608
0.245513214338613,-0.0047437472487807,-0.129763541554513,-0.407505060245209,-0.742477263225007,-0.610873156518223,-1.01635978082467,-0.703095242834544,-1.02071115387404,-0.69400960038056,-0.854141266177769,-0.904259986049818,-0.413537877833045,-0.583976738851948,-0.582206278828621,-1.04631488419202
0.22548670027748,-0.00412743868618044,-0.18490109542207,-0.444216188010007,-0.722832349166264,-0.591718916363543,-0.998248896726174,-0.779653209929513,-1.72829360212848,-0.762660681626499,-0.776873744703321,-0.884548097397213,-0.391830549506765,-0.624680086041353,-0.59024473700858,-1.01739443803404
0.312907588479341,-0.00799799862621221,-0.163565923580549,-0.40712117772207,-0.633198294170144,-0.625812582322605,-1.02791245008662,-0.794717773515338,-1.39329926844012,-0.680888240622401,-0.673892501457733,-0.772500050803399,-0.396315525451133,-0.605649490590798,-0.556934535582578,-1.00438115562391
0.221465999682614,-0.0074596450303918,-0.162900435158573,-0.400140818643582,-0.741994769629682,-0.637235168557633,-1.13274402957349,-0.767396521996888,-1.45007889266424,-0.676896384863674,-1.01014732826501,-0.838003047593343,-0.417625221145911,-0.630306912236611,-0.590295060085235,-1.09237919602739
0.162644550016573,-0.00364629208570687,-0.210273242641497,-0.399761807017594,-0.742127225147552,-0.641083575286207,-1.06607343558758,-0.70268555336371,-1.39696268655746,-0.789327076766601,-0.86370478451418,-0.812931754879458,-0.416799235551344,-0.630515170309803,-0.579125185458753,-1.04238379207008
0.197936789845321,-0.00363559197116948,-0.239008022766793,-0.410280431481751,-0.669370308035725,-0.639757365495553,-1.00753936324102,-0.730025693424585,-1.24335062127229,-0.633237787819343,-1.01690361690602,-0.810232399627074,-0.426321219706903,-0.58685055822499,-0.566171031642777,-0.888119997858457
0.232097728027751,-0.00515736139224029,-0.115512340989998,-0.434262541192232,-0.655141085033164,-0.653269698203434,-1.08491352420308,-0.75250040711292,-1.08070174954298,-0.720764827194078,-0.800281429116452,-0.904593209952083,-0.405593944580687,-0.58862005027012,-0.613772497401808,-0.959925799774452
0.291877974418031,-0.00658127225244597,-0.137034193817925,-0.393134390496154,-0.7127490942647,-0.647956546398894,-0.989945086478755,-0.762840887817086,-1.08981449955063,-0.574076965326486,-0.743006952531004,-0.871915921129203,-0.421369485344729,-0.556645572693,-0.607267010957883,-0.956055124712299
0.156636339041491,-0.00471676313085251,-0.201229911638978,-0.412993816321141,-0.742342874484598,-0.647134639882168,-1.00281641026131,-0.816125922542558,-1.42857826341103,-0.740553392144127,-0.601196021676491,-0.795268560260036,-0.446551191287661,-0.669721447218154,-0.584713557503619,-1.00858231273706
0.16435723205593,-0.00169858546562735,-0.219960549649872,-0.420915052878661,-0.680945543191387,-0.578698497380728,-0.956997218529702,-0.738583499419722,-1.17488532464623,-0.678466586479984,-0.841973521223616,-0.936088904256226,-0.410062097253689,-0.588956715153427,-0.57761412742,-0.896888538609226
0.303256883031607,-0.00931937087312845,-0.258730391780636,-0.402469513773863,-0.719422486429777,-0.682735964488336,-1.0240057040547,-0.866105081914898,-1.37319298279198,-0.689456326208021,-1.12634230869355,-0.841780834972227,-0.389598674657212,-0.637276349263018,-0.585289419260532,-0.971479532847954
0.176601674655036,-0.000283021109073777,-0.197858722506166,-0.398634693253145,-0.713078498472861,-0.647896399131561,-1.02386508368647,-0.738451291328453,-1.15153988141654,-0.702694959935478,-0.634580318352473,-0.874529511489904,-0.406075760637094,-0.604557724396881,-0.564611873564119,-1.05290159460945
0.292691224342511,-0.00435031952166886,-0.174920684600647,-0.376929823833455,-0.673191082466142,-0.570869884243287,-0.95690106820906,-0.818944514779318,-1.68727655888177,-0.725495359776291,-0.743569164624166,-0.923387398101154,-0.387442460387001,-0.617858346773154,-0.594728388332138,-1.04807441666748
0.272176769520569,-0.00541222912968288,-0.17660773204954,-0.443730196020091,-0.730788079812613,-0.615610130832151,-1.26309170230117,-0.783009801752201,-1.44071477114013,-0.716914434039354,-1.01113512015071,-0.900710236649246,-0.409126956032783,-0.554387541767164,-0.628424226138438,-1.00682197608
0.161320982912882,-0.00235569873806441,-0.172122095539826,-0.390811978426558,-0.75660338587348,-0.631661905367219,-1.14134457170305,-0.746978214881869,-1.35338456645096,-0.607045557173191,-0.747119615840061,-0.804427717452784,-0.42155384576391,-0.543699524381445,-0.574931644594883,-0.969154755228465
0.166395258425479,-0.00348473710032281,-0.238022597421035,-0.393162673126552,-0.77297424969631,-0.587299750969813,-0.86921441423062,-0.79199274014124,-1.62728363583776,-0.653773235319839,-0.769529537683964,-0.92362273565104,-0.417676880492271,-0.618234658163875,-0.620422026119635,-1.02144594392524
0.181385763883057,-0.00303764458619913,-0.16718173175441,-0.390727053906103,-0.709836703138043,-0.586384839419405,-1.10187697299584,-0.692386760066805,-1.25919026085793,-0.524651648633349,-0.901474925136756,-0.902601191188876,-0.420490018674994,-0.565884234721828,-0.632087444856364,-1.02192167930558
0.214558367415132,-0.000564274554057016,-0.246456260658993,-0.385474539734356,-0.695723336208237,-0.651752654721794,-1.05144206897648,-0.738661277579738,-1.34756262908632,-0.676911625981126,-0.435064695280519,-0.804546101882441,-0.426024076231808,-0.552212685696578,-0.57855951499119,-0.947741401160287
0.288667800254185,-0.00581462233072055,-0.141405210843687,-0.39200347602078,-0.708686884636136,-0.663860521536956,-1.12826032464729,-0.788039714450231,-1.4101685924803,-0.612104359417517,-0.940640399549442,-0.910768469688358,-0.439192506333505,-0.586989462238586,-0.612280827487923,-0.952038390132993
0.277310158545247,-0.00423858083731991,-0.190221111552771,-0.389153765209348,-0.781425984487717,-0.656998063568505,-1.06256305878387,-0.74939726697966,-1.32495931220042,-0.637427608975271,-0.896387457686758,-0.73677179761267,-0.418709120558309,-0.589354421057874,-0.581071815214207,-0.898869369173808
0.0729641241124224,0.00142237649139104,-0.185354819478843,-0.376756411516045,-0.722287788449303,-0.622354763235069,-1.00624382106216,-0.781581011634397,-1.40157438066787,-0.610460775532966,-0.823656749233163,-0.811120217924669,-0.396564723769566,-0.562573054591949,-0.564009527414384,-1.02401329338418
0.164609419483263,-0.00252981643383522,-0.15576585137507,-0.404500295350894,-0.719460566314912,-0.649824584784718,-1.1775604219517,-0.792801238075974,-1.88930799685182,-0.774456515249622,-1.08843599511062,-0.878776134931964,-0.387481861851548,-0.581240801503753,-0.543543611098397,-1.00927978487128
0.20506713905134,-0.00434660181375789,-0.201329092590392,-0.422156978734957,-0.715620502010151,-0.658904724463313,-1.0092887861436,-0.751961174315065,-1.25777702655145,-0.657780809605689,-0.706561486018733,-0.808046486772131,-0.403402886980666,-0.576225378147668,-0.640134279445129,-1.03318635692598
0.329037337952864,-0.00529319803467803,-0.172126086380808,-0.424522001138925,-0.71138190680176,-0.717005998134821,-1.07002727101507,-0.807566787925964,-1.39292771258145,-0.598643966871491,-0.821516635874289,-0.931743113042541,-0.441585466408574,-0.594824900622551,-0.590522649275607,-1.03797867487705
0.153693324459243,-0.000688769939905479,-0.212276264211588,-0.41698710043522,-0.767558276770898,-0.642824168661083,-1.08125760944404,-0.77057552397666,-1.22065220527763,-0.714222785459508,-0.802653258258231,-0.86301587729373,-0.389506672305365,-0.591840241095641,-0.603068952374524,-1.04715620717989
0.258922852749041,-0.00833134800723873,-0.201191092841413,-0.425044986856194,-0.756176871383258,-0.626977492085725,-0.962010756882875,-0.677308029195907,-1.41676010686642,-0.679093929579212,-0.979242025301826,-0.781119657127891,-0.407145333394953,-0.602495225446911,-0.618654784432101,-1.02167524837654
0.209331690584405,-0.00367696741704841,-0.228977429831706,-0.412540911891493,-0.713701117225633,-0.659449184430494,-1.13924983894165,-0.76418725966364,-1.16612290694255,-0.722644110699285,-0.742604120068357,-0.925520257280833,-0.386098945103097,-0.542592513495861,-0.59003383850217,-1.00702365643012
0.210629962136061,-0.00214373712914303,-0.256665696062156,-0.434261225342553,-0.790966464595742,-0.659360524170428,-1.07941336789168,-0.675637398647871,-1.51698498204857,-0.745190577092087,-0.844304441377135,-0.880888366509733,-0.4450499023854,-0.538474216015447,-0.610155253312421,-1.01155268738859
0.117573179044222,0.00305968015429447,-0.22126716262054,-0.403853615714131,-0.807269707239955,-0.649984221394237,-1.01909338434482,-0.766500111510643,-1.40259619556652,-0.633585965352075,-0.931575972777951,-0.876262150770406,-0.379251030222685,-0.584572910897837,-0.560313824964543,-0.935652344264027
0.171385538002756,-0.00241454421691093,-0.220526112299037,-0.384043750026448,-0.748294174278232,-0.66038721278689,-0.959450561691527,-0.758441849205523,-1.09985772150472,-0.606626171351315,-0.894375463810008,-0.874423623042098,-0.41085420598788,-0.671268491417491,-0.60384849817152,-0.922919028184542
0.217428237958628,-0.000498079157927596,-0.233244824554068,-0.390133819207518,-0.765952630799367,-0.653478852834434,-1.02817833908002,-0.713359955024167,-1.42396209015727,-0.717765655492394,-0.771151807735317,-0.837767892447618,-0.425638312722861,-0.609582711118658,-0.576222373859176,-1.00121892840273
0.125324485310136,0.00273165393564297,-0.215585133812436,-0.373869693596679,-0.723467352644499,-0.650258165932712,-0.933764488290137,-0.787397503234006,-1.28631959609773,-0.733327388131339,-0.677075778738235,-0.916028899740888,-0.406562620184255,-0.57378181766747,-0.60700928741623,-1.05411746045638
0.389973758274842,-0.0100663841506948,-0.237004325624441,-0.392462870016399,-0.72121713708552,-0.624825175493679,-1.03489890617575,-0.692786733366056,-1.57823411060702,-0.632464958042915,-0.945919811593042,-0.849196992010768,-0.417831567624947,-0.634031531257529,-0.662926442869689,-0.965954975597632
0.214118332259287,-0.00127457420980869,-0.243469203405939,-0.387312907348981,-0.720158837039696,-0.686015929293382,-1.03696299579478,-0.690344884891579,-1.52643982219044,-0.587211941995111,-0.947260356015016,-0.742144332566641,-0.432973892764298,-0.569241682107658,-0.589658845794602,-0.953673979308437
0.220778884960018,-0.00693792197950362,-0.204010559761613,-0.431288814900901,-0.651031242066953,-0.559500734430618,-1.06087875735665,-0.829386484949681,-1.50354017829701,-0.751188724312463,-1.03509162186339,-0.927507621265226,-0.387929820605965,-0.575478261162605,-0.569625286375585,-1.01158848186025
0.350959373494438,-0.00844468864911117,-0.283583107698235,-0.366503408633492,-0.692928182112191,-0.661509862264038,-1.0755390590452,-0.726166692970483,-1.15909851797675,-0.704893429757591,-0.801264807312796,-0.935885481614367,-0.410481524839901,-0.594983394503575,-0.621830753516282,-0.984579051584986
0.167356309332535,-0.00246147811980437,-0.195766029012045,-0.38706785703627,-0.783063540709815,-0.583491098753609,-0.959923809909569,-0.835340514499188,-1.17559337588765,-0.714565363437404,-0.858753009264317,-0.881273794612436,-0.384723738686062,-0.605571437124875,-0.572109087062107,-0.960472131472812
0.212206594734957,-0.00427415357450977,-0.23221400583401,-0.377680082876284,-0.657053041448505,-0.680085002156666,-1.07241798233815,-0.774690399413529,-1.40533159638164,-0.61931013857013,-0.963659809594181,-0.735441377211718,-0.412589815859916,-0.554949578701408,-0.648212999961435,-0.988356782680593
0.253481844691804,-0.00901962113151917,-0.199252540574845,-0.42668480756639,-0.736768999823337,-0.64721993318653,-0.980348151417448,-0.848412685589325,-1.92305072131544,-0.717764588913968,-0.906361252883165,-0.93695443932906,-0.421424042414348,-0.579517295780279,-0.551513400354378,-1.0303882032016
0.212439040076431,-0.00329490500346026,-0.216857186484465,-0.398802930167699,-0.664946939977519,-0.657543569638106,-1.10441824733324,-0.776254674353742,-1.30504859964684,-0.716772376586247,-0.606583018218585,-0.804794190500819,-0.39200740295481,-0.644540319195503,-0.65751467229894,-1.025943237442
0.275269527574446,-0.0100244799902104,-0.153228335400083,-0.400618329283857,-0.715385924464673,-0.670974931042051,-1.03208267419003,-0.773355719154191,-1.48611758338548,-0.671567095658924,-0.988787948318482,-0.864794123635182,-0.401067631085515,-0.609319446118065,-0.576360336265646,-0.9451465713917
0.214216157861716,-0.00205523825444513,-0.232489724628268,-0.379324255372544,-0.752355723397815,-0.637055899410863,-1.16551587527401,-0.75734180917575,-1.45608863008065,-0.696508218070355,-0.696071553026661,-0.841379482656452,-0.402862499822322,-0.578433304732243,-0.582751489512177,-1.03484286813657
0.195360625477334,-0.00491315945166862,-0.137871944372176,-0.438360451759545,-0.777294332637672,-0.627502021835362,-0.955363711880402,-0.756374797022202,-1.0869054453238,-0.54021921721366,-0.788630437352857,-0.848372971215096,-0.408457951259313,-0.611466325941644,-0.607868414549758,-0.970999407507999
0.223415263889035,-0.000334775865612189,-0.230064142142611,-0.43314791866495,-0.769680091101919,-0.63353919597136,-1.02527379903685,-0.77780896156362,-1.51524544047215,-0.710782022971351,-0.953676813047486,-0.840312975345583,-0.374327885886987,-0.561799572885653,-0.592033517047555,-1.04541425493579
0.150043550578942,-0.00264601388076704,-0.221586770641193,-0.381168070552853,-0.733197748723641,-0.581011892483492,-1.13512985244944,-0.75718720584135,-1.23965668377866,-0.739089962640322,-0.766147788359656,-0.953294439301879,-0.43617283284333,-0.60984230873807,-0.601328780225314,-1.10343553064664
0.227994842581549,-0.00395561890676071,-0.169139098070422,-0.406166822695504,-0.698617362400627,-0.601260165787005,-0.943409388205527,-0.780959821969418,-1.47454367818676,-0.808357163790977,-1.05383947645925,-0.856639226576013,-0.358490235854827,-0.623230129669631,-0.553798707276319,-1.05306910055549
0.226470876510139,-0.00659771110308778,-0.12874336010714,-0.400991351990544,-0.717607541129711,-0.623252959968382,-1.08026876664451,-0.874459039389591,-1.13560217063132,-0.670993610802902,-0.88396299223445,-0.872148324584098,-0.389796249369512,-0.550551603493866,-0.624673045104084,-1.01406684192226
0.183185262217011,-0.00196271263743916,-0.214482809306953,-0.372833118466391,-0.726450613473118,-0.63324373790878,-1.0647477018025,-0.81221041250233,-1.34480228304061,-0.642440851235223,-0.961895563307653,-0.934063443251715,-0.383037129246124,-0.579924760256715,-0.609437013587018,-0.931528720177207
0.163707915062336,-0.00168922963435559,-0.157672426615122,-0.384365727648947,-0.73971354333314,-0.609076693306525,-1.09934421483543,-0.741085756321505,-1.39812027941843,-0.656448314408497,-0.901815774165062,-0.988027589991769,-0.4028235030764,-0.603912270585548,-0.590572369599815,-1.00031741227722
0.327387796348825,-0.00620953209972959,-0.228426779293543,-0.411386684311989,-0.717708251919582,-0.647769791766923,-1.00154303364928,-0.852172825633378,-1.588398664649,-0.698361530590621,-0.671081336811152,-0.934208914444106,-0.441416626835931,-0.581731054206517,-0.637784070562081,-1.03975561823663
0.17737269006063,-0.0041284366055718,-0.214574458245917,-0.416041170489905,-0.740793642225716,-0.634352703525904,-1.12361596278206,-0.7194332126569,-1.15724059979487,-0.763917081262247,-0.941818916805815,-0.841625713027306,-0.457515427381606,-0.601156061662728,-0.581961380527686,-1.04117157501775
0.308794330800183,-0.00552079962695457,-0.176635255120772,-0.420515274250661,-0.70132609586533,-0.675444480719121,-0.915706050292643,-0.755503077949609,-1.19853680345964,-0.7062557894298,-0.935607692894041,-0.861385459540689,-0.419961046866369,-0.578022898399921,-0.55944117790665,-0.969941316369263
0.349791270471336,-0.00709767074244026,-0.164269536859864,-0.385771275437231,-0.689886114499363,-0.673086179788325,-0.983744889285562,-0.797697019479278,-1.39056494793845,-0.720007160174196,-0.924701797195977,-0.701682984960306,-0.397586770535585,-0.562388036415248,-0.601657663162677,-0.981492797317312
0.210106866079618,-0.00144241307906274,-0.214256278962648,-0.406337206109108,-0.749109959299139,-0.621579128244731,-0.987067923018543,-0.855437393002745,-1.29221118637877,-0.752053144441532,-1.04127810590494,-0.800066212120891,-0.412137511751599,-0.569033606764803,-0.629192838903871,-1.03713177812795
0.37419816176866,-0.00726696803327103,-0.168007541294608,-0.387870682004244,-0.676287427066506,-0.649078992929241,-1.09123784372763,-0.891356827093917,-1.52966857356736,-0.649381239015732,-0.728071219505597,-0.800006465869982,-0.396372575297079,-0.607643413348532,-0.64841355210802,-0.951661899886594
0.131822364940101,-0.00161187625848902,-0.322229756269112,-0.408717884578228,-0.764297091810952,-0.702256537636915,-0.941869496802766,-0.701079530974381,-1.37381960891006,-0.695810849709339,-0.910898162407943,-0.858507289998297,-0.442022658372898,-0.574132409941949,-0.557515897414694,-1.03388425312047
0.248843259526089,-0.00516290441263181,-0.177267173747834,-0.425109536664201,-0.660689218841621,-0.647343998800392,-0.875061938285701,-0.751993114965449,-1.66007878283052,-0.719779795926842,-1.03289567862594,-0.853118175019432,-0.412828542462098,-0.636425090382412,-0.575313988181955,-0.955387661738318
0.292066541225301,-0.0044584731565779,-0.269783553267939,-0.412727649477411,-0.684047971935585,-0.625746956536734,-0.940166667181116,-0.756750380791228,-1.45336210492937,-0.709397838977471,-1.00036551273377,-0.832306558399316,-0.43261803188816,-0.54043366095441,-0.615821977503493,-0.950369350572673
0.180650587168987,-0.00637936317115123,-0.169824903921776,-0.384875586877343,-0.818483274221197,-0.628310549179347,-0.973988649613059,-0.744471493870469,-1.43861154120825,-0.651328342337718,-0.883750901260324,-0.881007920741345,-0.397617395236464,-0.54871162713497,-0.631797483143914,-0.974893743439244
0.251378738186643,-0.00497908559217183,-0.172715042602908,-0.412987341950011,-0.742242463362414,-0.643658541996223,-1.02416765604163,-0.709014784485208,-1.92230159262352,-0.640666937466714,-0.938104939065411,-0.927801893336103,-0.383317593427675,-0.596294199697055,-0.658210652523307,-0.978033856690467
0.127529227178019,0.00157187952852159,-0.160290344726422,-0.434438053712188,-0.754752209379062,-0.64314235160792,-1.10571204105535,-0.773810673238592,-1.45341059501311,-0.777894444362265,-1.06668691551596,-1.02797446245301,-0.417707761001262,-0.564419121148912,-0.546060633161642,-1.13745672213013
0.237192693828984,-0.00361496896519551,-0.148672211096516,-0.408161028021355,-0.733868346850526,-0.628607470569777,-0.999747673893859,-0.774215003357714,-1.0864298984241,-0.703941838304119,-0.775595479864216,-0.847571848370372,-0.369033568836286,-0.503761917081493,-0.619801886962077,-1.09426927112276
0.140951225919601,-0.00319781246466936,-0.17863808044935,-0.393468204157156,-0.727628721481729,-0.594832559543096,-0.92665197231527,-0.743081953732104,-1.3061370054975,-0.779309207470594,-1.05184229968917,-0.812407261551368,-0.403384931835938,-0.595979376266393,-0.607501235247351,-1.04586463473574
0.203121207791775,-0.000895490210848927,-0.208771656912459,-0.438994332754897,-0.683187713919854,-0.61625354782467,-1.02144622549082,-0.725907852939865,-1.09585292578716,-0.699290034748966,-0.947416249315172,-0.93621107729857,-0.429634326516911,-0.617083698081873,-0.561440206210302,-1.0526326717772
0.18023173996449,0.000800662042656401,-0.223079933858575,-0.422572880771473,-0.75225487616924,-0.653686997872785,-1.08852806883715,-0.683071658908852,-1.67507569143766,-0.753846815851585,-0.730133524553198,-0.779586873421843,-0.422106434332862,-0.622160513387464,-0.55698748788281,-1.05915177526796
0.201561499277964,-0.00202368316239072,-0.196657833917804,-0.423887645631008,-0.682200698985397,-0.601809004107733,-1.08962463234979,-0.777062404637459,-1.63135012441803,-0.708081308493406,-1.19381693261265,-0.870338715404353,-0.399510784352199,-0.608381899861853,-0.56322901319909,-0.964117563432291
0.206829110039288,-0.00223613997207541,-0.186353965779027,-0.439694341085772,-0.728644102878861,-0.635167152080259,-0.977216003146365,-0.788217708902607,-1.47934697783695,-0.681048902046322,-0.724327560486515,-0.891446399191993,-0.388436361443693,-0.573249827420145,-0.627021039450462,-0.939543694147517
0.279769064416721,-0.00329759532093377,-0.201477190323612,-0.369272244356548,-0.799765316119415,-0.6493560327207,-1.01542781249849,-0.76148309041939,-1.03060449156027,-0.647548854921711,-0.799750977077966,-0.782114449615759,-0.41182486389272,-0.555606833183075,-0.602457603119103,-1.00995596420265
0.180324970356617,-0.00207903076783452,-0.223398633105308,-0.39420714612405,-0.686911594647241,-0.649752312963863,-0.996338988394701,-0.745837360066027,-1.32377283865847,-0.723990733811577,-1.00850950612951,-0.883499520251002,-0.416396495974407,-0.567052206237422,-0.604005611438324,-0.938721229766888
0.178890502744674,-0.00459349761908219,-0.114718745142577,-0.401267825033306,-0.717702414552365,-0.638540793923837,-0.967355703845428,-0.811683603242808,-1.35898694948786,-0.660945122887563,-1.01646863070615,-0.846201696144622,-0.403497300803227,-0.562362166250603,-0.576774972689351,-0.929285947282173
0.239754688284847,-0.000180964614914596,-0.210301320434944,-0.412074053952777,-0.76901440601977,-0.688342164437651,-0.933299477014052,-0.780863406195788,-1.28483810169739,-0.65834770134341,-0.795848517390224,-0.762585564851612,-0.405402072003487,-0.56994726858065,-0.689453017375101,-0.942936787966828
0.233713490722273,-0.00427285160033608,-0.180393458664699,-0.408746144173024,-0.741433092198478,-0.659516334829657,-1.10392289696602,-0.845058593664044,-1.08780149310425,-0.634303917231434,-0.960125996779823,-0.90815266183768,-0.433964780952103,-0.619489133709665,-0.575146003511263,-0.969070626330375
0.260427310322431,-0.0029260224435104,-0.229266715876373,-0.399893579241856,-0.705517229432895,-0.604090634225669,-0.927992872122141,-0.769227691558104,-1.17667854477763,-0.6566258540643,-1.01767125353169,-0.940757826906732,-0.402641440795824,-0.593367796756587,-0.597370009002895,-1.04262446548809
0.145548641988058,-0.00350630251357778,-0.221860578958489,-0.37241119956001,-0.787639435915723,-0.666785261087148,-1.09005398519348,-0.840703545724838,-1.2737776513509,-0.668403868845282,-0.852116042796944,-0.844110683626614,-0.40934103168499,-0.604521128910722,-0.560167891028928,-1.04991159492007
0.191289495757135,-0.00321234526298911,-0.215188765216125,-0.39312252687725,-0.716843912717454,-0.667585544147868,-1.01454970034712,-0.771484219143821,-1.21636027880958,-0.717530990811192,-1.02074775447178,-1.00693743876803,-0.376712949188746,-0.54501568339954,-0.612175743764738,-0.899237989854924
0.330753587172762,-0.00371315770101763,-0.205929243236318,-0.36958735384487,-0.670461832098146,-0.63635119442817,-0.895241108944737,-0.742062529005212,-1.47779036259907,-0.609177332673642,-0.743883733955076,-0.765378597862505,-0.378815516000084,-0.607985714847334,-0.612781604761027,-0.96784142392242
0.130212210857485,-0.00135246986570698,-0.193264492522177,-0.383602916999614,-0.693525957630399,-0.618031997886585,-0.989899816982697,-0.81131389934297,-1.43923183630332,-0.678334841749647,-0.766054211168121,-0.821098312018824,-0.384841977681348,-0.596968278920814,-0.623583149843461,-1.05600373030399
0.184390638104759,-0.00584543672454053,-0.191299598105749,-0.399705023613658,-0.692223704858401,-0.581948579384226,-0.931504758292988,-0.741919732195563,-1.24494270595794,-0.68539450964629,-0.925368372838744,-0.850236784537674,-0.375064347313824,-0.646777296062224,-0.644048399846656,-0.938185091620278
0.117918661953879,0.00198087454045374,-0.139629936198864,-0.416535000724227,-0.683057315373187,-0.63981501929978,-1.08535184286111,-0.765893758629197,-1.65677063584435,-0.582876338484156,-0.678232278445402,-0.856103612197121,-0.377449220034807,-0.581816712099073,-0.565720218573587,-1.00574492059
0.219595241035734,-0.0016515052578196,-0.191196629824687,-0.416290325568568,-0.841845424524986,-0.677820077134979,-1.00443200760868,-0.659273798734311,-1.78148216747635,-0.638184270842347,-0.892017892630471,-0.915427143447948,-0.406472991253692,-0.6183108620768,-0.60129823917389,-1.05586576989858
0.165332021959699,0.000279469180137899,-0.181152590083587,-0.411125790280433,-0.726948464280234,-0.640593015658767,-1.11363126149064,-0.813255302390127,-1.38949947096675,-0.631326506283812,-0.87283140014338,-0.836558261470616,-0.412797115271286,-0.592049882752032,-0.658220436018845,-0.994159251676489
0.176809230391698,-0.000217037323170753,-0.166194006127348,-0.392601414891114,-0.731333833419592,-0.698368241548219,-1.06757431985947,-0.729081105891348,-1.72246237824329,-0.592996884400172,-0.831577346490346,-0.794601745953646,-0.407401599223075,-0.637189104545898,-0.574834025547289,-1.04050154202343
0.166083018397762,-0.00141294036138184,-0.24856534781795,-0.411323672944744,-0.71214615706669,-0.608002869616522,-1.10475580196457,-0.80745175007321,-1.58795486052814,-0.661271052430933,-0.717128219396586,-0.866456487071553,-0.391958401961742,-0.563201478815227,-0.60540654119548,-0.952400759144787
0.212537234960635,0.00100242109680473,-0.13434252955241,-0.36816976296,-0.686909221469063,-0.635890523450658,-0.966092597712313,-0.769797152793194,-1.13690682880586,-0.591891586905635,-1.18500147852098,-0.776702084622702,-0.402036878009287,-0.542569867798147,-0.603180910289881,-1.00415792714351
0.110274762979616,-0.00415443112908544,-0.170969460071766,-0.402291297576404,-0.740379934389872,-0.699359721201585,-1.04561483428236,-0.729089346749698,-1.32254743456527,-0.682843307740621,-0.920748476432046,-0.856539566052341,-0.388452558755602,-0.598663450581705,-0.66936755247607,-0.943365656635413
0.330970379437686,-0.00626260900441061,-0.128207718701858,-0.389231091243538,-0.716977872426739,-0.671176168539819,-0.918432975116294,-0.762657397143591,-1.31054227972022,-0.582491653448661,-0.899339571415236,-0.904483852261379,-0.421514313411707,-0.628039553057962,-0.640949887638134,-0.971234539378078
0.121089578532982,-0.00186874846327478,-0.192610400546862,-0.40123877808379,-0.790192150669835,-0.617286730779352,-0.938302796670166,-0.81920649141449,-1.56184971166088,-0.647259735913081,-0.723639940455672,-0.924852003835617,-0.379024446263491,-0.577030962308993,-0.624796902131566,-0.977285158773146
0.245369447497588,-0.00309441566537022,-0.210765499214737,-0.405683894653524,-0.571073794780404,-0.597106960269589,-0.962690948365107,-0.799157477758689,-1.19016931638334,-0.667200091694425,-0.784245044525643,-0.864272198163743,-0.402027322802215,-0.609273973474976,-0.635789890241999,-0.91093170049585
0.0941192800354386,-0.00156212829545738,-0.125227472426577,-0.401853312801888,-0.716008427196615,-0.62111359929497,-0.969612723141558,-0.763522300907523,-1.55667369426729,-0.715967798658977,-0.701807503113386,-0.842277539447378,-0.4019420988904,-0.613046657098186,-0.552712044670059,-0.980581487685478
0.216250220523399,-0.00604932815457138,-0.134664521118157,-0.420509083769987,-0.636366736489685,-0.590949997713557,-1.12823147443845,-0.828006254211642,-1.63930857298738,-0.71343248833952,-0.705792324774147,-0.873004249181417,-0.409007930921541,-0.605930545073537,-0.592966089786559,-0.913264420978579
0.344109382382166,-0.0087851214328342,-0.192209074768789,-0.394988991808582,-0.654536578521816,-0.637982018385554,-1.12614355766532,-0.752602721658358,-1.4580224229116,-0.666643647801492,-0.840903502328134,-0.917545384536248,-0.412977722993542,-0.582054409776534,-0.632186040793531,-1.03524874213651
0.23408762357387,-0.00316564684913557,-0.238840832677203,-0.414916529995605,-0.753391855909241,-0.660361049697518,-1.27206886583074,-0.807254152427572,-1.05352287584124,-0.638430959205199,-0.763313724216179,-1.01392551319643,-0.434471879102942,-0.574582382418026,-0.610492425802641,-1.0231925516084
0.215567186335965,-0.00171073580935451,-0.217036074564661,-0.397911647223087,-0.701323602818792,-0.635692920740613,-1.07214239245481,-0.78510843749292,-1.12161134743003,-0.801150901574923,-0.901625363239805,-0.945120700328711,-0.381572599717331,-0.572131745464026,-0.519685326659828,-1.00387322022818
0.22771717200772,-0.00355070178241799,-0.117877830884688,-0.399287151489124,-0.700721703162778,-0.610959345851252,-1.08756408194785,-0.830048321290274,-1.12964708864343,-0.645904334017917,-1.05962917710898,-0.813416929545634,-0.458781782608994,-0.589954672861257,-0.607940935903903,-0.954469335596501
0.249212423098644,-0.00638100457220866,-0.267155664478805,-0.384726077368595,-0.700941687147939,-0.627035111250791,-1.01444084537212,-0.749856796548627,-1.67719176449467,-0.666899911442892,-0.996138844724024,-0.907489791911715,-0.412158410561079,-0.587915955789574,-0.596684543703685,-0.987721752482117
0.181043389250132,-0.00189081257306839,-0.173262894163893,-0.401415256800972,-0.639101885720537,-0.648714498368716,-1.02500905868046,-0.810251735061419,-1.24729737523643,-0.641531325454346,-0.999220628398338,-0.938803628821935,-0.379215229814337,-0.573224820921563,-0.629789896716971,-0.975715868424657
0.123218549704305,-0.000828226985727134,-0.172677460730406,-0.395307839325598,-0.73168290480727,-0.6105665879969,-1.02882275633072,-0.694271982359098,-1.12423567163547,-0.688965428352585,-0.814786254618657,-0.869159140217619,-0.37150862257244,-0.566224389000283,-0.584421136360457,-0.99291027792079
0.251596031429053,-0.00255132720295569,-0.135751540859502,-0.410507569885665,-0.696343355431999,-0.6357686119663,-1.08176373775833,-0.731432842487222,-1.15659650950023,-0.734439869481449,-0.873238116679768,-0.895310061290242,-0.425015672180904,-0.608632591372452,-0.644080584564277,-1.02144992840588
0.243993168939265,-0.00268652812143922,-0.245948941639578,-0.37427544812946,-0.648192811857312,-0.594872967159456,-0.933411799985543,-0.678079089204622,-1.44536276772469,-0.729980029258651,-1.03409148922167,-1.00236198095264,-0.422106973301307,-0.575366931422287,-0.602459985160952,-0.964305506806812
0.303699587223445,-0.00782537486132751,-0.191615464146914,-0.44340225875895,-0.688380054924758,-0.663131430225073,-1.07458658392607,-0.703542847578971,-1.1967532284194,-0.635474124892264,-0.942338143715711,-0.920916023917794,-0.441539524214292,-0.613084012067646,-0.600345648384286,-0.910484105401681
0.339001550670216,-0.00460310640890006,-0.130769689076924,-0.424527920446254,-0.694249641967767,-0.639224848973893,-1.03661618901494,-0.738882864646873,-1.57718934142809,-0.655203957271506,-0.825074808378212,-0.952235239461246,-0.458051801157361,-0.628211464083106,-0.571310529561493,-1.04448487169357
0.115718988946632,5.86125216958536e-05,-0.133351398167863,-0.456061857292046,-0.712438957508217,-0.611833921199212,-1.06696906532317,-0.820196067771431,-1.43323998778054,-0.520638873471344,-0.865837069452926,-0.810665535237822,-0.411929627780305,-0.614946381869854,-0.581342866710934,-0.970368611910328
0.0938408222711891,0.00136927038847095,-0.221056785750492,-0.398749656927877,-0.734958230144522,-0.597860840591738,-0.897418633602679,-0.768726606662008,-1.19684729656278,-0.48374447163911,-0.988041186732997,-0.911591978204112,-0.42165997673209,-0.544076137086898,-0.571851706647513,-1.00669417481573
0.135465919806457,0.00193843773200485,-0.209770262981811,-0.453153587090736,-0.692177835806902,-0.690103026899306,-1.16838025878626,-0.768496737202197,-1.17479886636204,-0.780046557348711,-1.14437120490785,-0.849918091509992,-0.424234301092278,-0.552182344803494,-0.586179067812956,-1.0014873763867
0.28284948820212,-0.00470517868121294,-0.159443051661398,-0.388072823817096,-0.697669646914242,-0.61119342024027,-1.09047061363577,-0.860321436050333,-1.03953857564244,-0.677199682676388,-0.787455985883817,-0.953051760911171,-0.395866138751122,-0.575363637559165,-0.573621111318754,-1.07262107734857
0.259379508105829,-0.00898121999447313,-0.191717286829429,-0.405854691028945,-0.679118934503555,-0.6857371216478,-1.0319055326333,-0.705700841222813,-1.7560458436625,-0.705192220137414,-1.01713625783218,-0.946166425523366,-0.436897525135137,-0.650049498951065,-0.661473382515357,-0.996151948771806
0.20314110777775,-0.0058351907857989,-0.183812769037693,-0.40735995151316,-0.765768390967116,-0.651802770163546,-0.839476631365184,-0.674033670709769,-1.20638209529658,-0.663389475826931,-0.782499141612087,-0.862833383353177,-0.413944045926492,-0.579265760384564,-0.54373330216819,-1.01861063316051
0.183541226760662,-0.0058212168986113,-0.218481555765259,-0.397398943092981,-0.7514705054458,-0.678643044082681,-1.02035084978514,-0.757062106582978,-1.34670113328462,-0.628826427475184,-0.85687811458852,-0.869279762128828,-0.421650982390049,-0.611718837216702,-0.565171065336934,-0.980785069700193
0.291734210367054,-0.00690695388033001,-0.20294366599438,-0.436598960653818,-0.698817443287418,-0.604784574544053,-1.02498823056563,-0.77705467325057,-1.44780674200475,-0.647464143429656,-0.802890168681376,-0.721445915502636,-0.397378177918909,-0.592927700909676,-0.578966312990557,-0.930614464375896
0.269067463181408,-0.0012567250061709,-0.264298221713458,-0.383158964440849,-0.757753614623105,-0.631122600837872,-1.00763647103745,-0.778340588804121,-1.25107068100254,-0.684236831495557,-0.985890540824301,-0.903389798642502,-0.429629011149068,-0.595435480016618,-0.62051649825705,-1.04363029460352
0.322226663509142,-0.0085272555583094,-0.16147914305887,-0.410223376268053,-0.704341537094481,-0.637929744780285,-1.027476461235,-0.722652376853797,-1.25983555258012,-0.695777336588906,-1.1248111868757,-0.889705304963685,-0.426797547527724,-0.594067477475793,-0.66236847140946,-1.00458236282956
0.259241827270588,-0.00855482784543291,-0.217931252484677,-0.418794863280037,-0.687461801715334,-0.674680242924047,-1.04755514488185,-0.779479649979174,-1.71103951108666,-0.653925841394881,-0.736172243815095,-0.753156585249015,-0.432197875678031,-0.631940501538091,-0.598431311596662,-1.04678162056487
0.162069335726078,-0.00250684786899333,-0.188669865791807,-0.402653505327199,-0.730775555274504,-0.607599618315841,-1.0142801329489,-0.897741995627048,-1.41297345168809,-0.751416998966025,-0.923273501333561,-0.836984996857895,-0.403202819657857,-0.59465545473857,-0.648250483018515,-1.08216150999296
0.221043177710318,-0.00523437603661374,-0.170046342187053,-0.405798327495681,-0.713918402266043,-0.619204488019609,-1.05870468670901,-0.774192766713342,-1.41034041552351,-0.678635025494146,-0.787752517758062,-0.983658331203031,-0.414495594275653,-0.572710812923154,-0.626284172369657,-0.8961639450648
0.219133790668581,-0.00832605834718952,-0.161807439890362,-0.401719064065531,-0.692081448216688,-0.567027822276242,-1.06209340341657,-0.72750294903215,-1.55282208715892,-0.595680571765409,-0.799307621785908,-0.901774846863443,-0.370156906260223,-0.61924052822542,-0.603593881710409,-1.03453238754289
0.255312373945074,-0.00484505958611081,-0.137139215509148,-0.380088065073636,-0.764517454342854,-0.612631926866089,-1.14271052906715,-0.771852881623971,-1.10166479822867,-0.648513626757482,-0.94321618227855,-0.929043804389405,-0.395277514841305,-0.621241156420021,-0.612284732584138,-0.968459598665134
0.225964866330599,-0.00138668417162072,-0.176410352856917,-0.403098084835097,-0.740605875931003,-0.643086307979743,-1.00371075088442,-0.758829128810608,-1.14497964321043,-0.697667699586319,-0.936020840512679,-0.825963061804856,-0.395682620263966,-0.604777178014711,-0.618430675007299,-1.03354851801222
0.267832215957287,-0.00572231363122103,-0.161302075208498,-0.401140811437387,-0.71983532150796,-0.599737662554364,-0.968401561983133,-0.757157765242142,-1.6337573203514,-0.631942416464511,-0.751512232101629,-0.694540136902355,-0.409866134581915,-0.554079468758097,-0.581838659987395,-0.967267189548631
0.203299960128722,-0.000238867653573249,-0.14682597310488,-0.403572049212419,-0.679189960209444,-0.635242897312875,-1.03059733667693,-0.76847829165503,-1.20120091884311,-0.766940860486647,-0.785951012455123,-0.779803612219529,-0.384671553354724,-0.586279162674389,-0.557227642375546,-1.00116830896605
0.192256957676711,-0.00197819448380407,-0.227572559617468,-0.407548886260381,-0.701016957521826,-0.684946806163985,-1.0082962678857,-0.780067934754166,-1.33399725325825,-0.582271848475812,-0.783520855817453,-0.882163679014068,-0.409444345439407,-0.601367696923824,-0.592752240240853,-1.00227469959546
0.278139999248657,-0.00244742390368891,-0.205140057109004,-0.393346639579855,-0.692596662934464,-0.654305802685106,-1.06761379965351,-0.736994494938401,-1.14173029501087,-0.708585610009038,-0.934185063878738,-0.830297018353476,-0.391130570540229,-0.554078399692821,-0.619300603532977,-0.999249810851172
0.251536911998476,-0.00229637853401059,-0.272095753857633,-0.39788893294403,-0.71448768404251,-0.654774621277414,-0.955619279030164,-0.812672943787305,-1.18904790721428,-0.652292349416551,-0.665825602355937,-0.892465899199081,-0.407811324755203,-0.598809141117904,-0.589397852197924,-1.03153171141515
0.266126966050702,-0.00784954597216617,-0.20234713870537,-0.392253311770021,-0.727111139393257,-0.572348251708089,-1.0726776663371,-0.727209580878657,-1.30654661037705,-0.721156181389469,-1.27997631765376,-0.815295841316454,-0.419799759286323,-0.669610376888519,-0.607832124282887,-1.00434284175254
0.231407231994199,-0.00238940562302189,-0.182978034457758,-0.417017183725021,-0.702559017597707,-0.599403770102079,-1.03047465411687,-0.710422478872298,-1.55591834622164,-0.606006054082582,-0.872761538528248,-0.857907287036036,-0.405138092406714,-0.584985606588065,-0.562090979615048,-1.00434493017297
0.236119810508674,-0.00764781469116929,-0.0892400125768209,-0.407701638148271,-0.69365896850812,-0.656514489805864,-0.973744257709816,-0.871813998020153,-1.31490970195153,-0.696719196140084,-0.805863861706823,-1.1073435961977,-0.402522160236356,-0.617075435897428,-0.600666375054765,-1.0179441423235
0.163976507184961,-0.00238584522445895,-0.20127610033372,-0.437298185701909,-0.670486372296119,-0.607105693934949,-1.08612204815809,-0.786710148069387,-1.72391572316003,-0.654809789844226,-1.11082542662885,-0.716836623254662,-0.380793619348765,-0.568066832063757,-0.619107533783017,-1.00166094770928
0.244694432728836,-0.00662867606806691,-0.15120665436003,-0.390695676479711,-0.670935940261457,-0.664058515098445,-1.05410406444898,-0.800537270306873,-1.16457748268094,-0.727663151090552,-0.638724021153193,-0.952930475344171,-0.38893800182225,-0.626437172189252,-0.571703902883164,-0.908745739266464
0.153134016876719,-0.00219038175641559,-0.187545005555066,-0.411025295342894,-0.733682440219384,-0.634761486640786,-0.961768396160132,-0.687092388800394,-1.35843055726542,-0.710120855565306,-1.03301247099524,-0.817017152311165,-0.42063216229618,-0.600959922547845,-0.569382889537455,-0.972012840232816
0.217777183510726,-0.0043578154208702,-0.249355928874581,-0.404827284116217,-0.643175023083407,-0.672056248335874,-1.03587067981757,-0.781094041396519,-1.4457898310547,-0.768023905462844,-0.860398332042562,-0.918392589446137,-0.399129106151151,-0.577955306083594,-0.586056420080581,-1.03835553738096
0.24314485024255,-0.00687088066815028,-0.191124874357478,-0.394955165923893,-0.682223811783296,-0.604937868486301,-0.987321113145802,-0.770696725360848,-1.57464906365543,-0.723985151566861,-1.03453417050743,-0.933418617202471,-0.422808453490278,-0.604432356774425,-0.567548144054722,-1.06481319523274
0.0436576799970677,0.000515596532235163,-0.325425656141374,-0.40800652517891,-0.709870301745058,-0.61631476891958,-0.891511732123263,-0.829471115294301,-1.65746940896048,-0.665144634812433,-0.99841437930757,-0.757498713479547,-0.421984666534224,-0.536771486429449,-0.573503717977073,-0.973105812063756
0.202191180610793,-0.00278097190729791,-0.142113471080839,-0.410309221638463,-0.716064868896182,-0.60558534398651,-0.952534385012846,-0.725601376395882,-1.26871129073785,-0.813977859313549,-1.07122386328698,-0.772406890680613,-0.43266959402971,-0.563208117412954,-0.638192869470149,-1.03413944971747
0.266971720823412,-0.00828366214327693,-0.268217705001809,-0.409678636054318,-0.68236841241503,-0.686577869055291,-1.0347335515917,-0.811572550307069,-1.17292201246776,-0.70350562815566,-0.855113101387974,-0.859172494624318,-0.392772012028003,-0.592045031144667,-0.597837113456501,-0.917378052791796
0.225947523919064,-0.00479025890252095,-0.0781474887602977,-0.403798741343315,-0.653604140187225,-0.619034391833563,-0.998083925559793,-0.800303339518157,-1.46789712769085,-0.649105950611811,-0.901426165658198,-0.778925429443304,-0.36724151294649,-0.620144529048522,-0.548836251135384,-0.929579180402685
0.236982742502965,-0.00650864342063695,-0.165749359043969,-0.406422683259527,-0.724887570210645,-0.673394109338215,-1.03769488352641,-0.808043146633017,-1.65609604316199,-0.567595481254647,-1.16675794183245,-0.780920820203623,-0.39541300533663,-0.579246482906479,-0.596741071507235,-0.952458423923695
0.150353046090034,0.00192282115874007,-0.238436151229015,-0.40185217819419,-0.675518086006766,-0.609774411937468,-0.953926123869015,-0.74459211765326,-1.41301923632353,-0.559617786886304,-0.69049685685914,-0.829105664208141,-0.402492160509397,-0.583662125713217,-0.589502331237588,-1.06978113154158
0.132767088792582,-0.00378763906590918,-0.162038539757299,-0.365499811772994,-0.708727428600925,-0.676109832159583,-1.16281485703557,-0.708610955426901,-1.3982180195331,-0.70963016703704,-0.84304354441412,-0.773247995389813,-0.402669512968947,-0.59601239702869,-0.586710301529572,-0.996199579649898
0.256984698666445,-0.00421652387369571,-0.141692267620523,-0.373305414714937,-0.669227112650724,-0.670239694867785,-1.00555839468512,-0.695924318175674,-1.50713926384328,-0.673879829573367,-1.14330219826894,-0.868051352260197,-0.400720498030881,-0.530103068664551,-0.53929610199806,-1.00308629838651
0.217646669206125,-0.00300804574833748,-0.198977178398586,-0.410200917668189,-0.754192510408738,-0.608534812887376,-1.00010340501185,-0.784528007809617,-1.43654557788726,-0.741897859151866,-0.594955640848134,-0.888623110697115,-0.381263399807038,-0.545193875193598,-0.59708642617543,-1.02396438980776
0.277795314336622,-0.00344511850352907,-0.208311414292681,-0.412799150285484,-0.706745594042682,-0.651549255896906,-1.06413062618612,-0.751032740782771,-1.17559913933018,-0.772612793383359,-0.778844324617249,-0.902520824063491,-0.414283093791675,-0.610091070830371,-0.614067722328628,-1.00978930275608
0.186156721132591,-0.00425236994455164,-0.192062488840012,-0.369454784883129,-0.745767675508154,-0.674928111033573,-0.985506035397631,-0.809937879255225,-1.80450747865568,-0.540620715805855,-0.857196830537311,-1.03285125112843,-0.390230784331738,-0.588897587093211,-0.578296206426717,-0.967990181689282
0.297318878119732,-0.00482416399726664,-0.163657750463037,-0.421807264645777,-0.668864154386385,-0.647969857198385,-0.939440818342765,-0.710031971675211,-1.45475365196465,-0.700986345018085,-0.671581794391572,-0.807943841143934,-0.41287838361376,-0.613075393156919,-0.618635660069816,-0.983386411768875
0.243727309385084,-0.00335394235313674,-0.142365304650515,-0.412873726031439,-0.76695625958472,-0.625943233856975,-1.07942874247511,-0.783528300001484,-1.21666447212158,-0.741831972927446,-0.844700934421066,-0.78132332864483,-0.36528100299284,-0.577682975043134,-0.632960057179326,-1.0227473245776
0.272946792299155,-0.00568705925822591,-0.232823769249491,-0.407542073355353,-0.798337824511809,-0.677731299729288,-1.10856553711705,-0.804539572593865,-1.46502438690595,-0.614418519309077,-0.934552191613385,-0.87027986544273,-0.366821808370656,-0.630649843876423,-0.630768319357086,-1.03325767610669
0.222019664235984,-0.00203647732284477,-0.164043557681929,-0.372450672369777,-0.73859464708007,-0.607845804163463,-1.02353434779051,-0.730188176676342,-1.60448928551753,-0.616578633724584,-1.06253828550456,-0.857169181581138,-0.428462296129928,-0.563452676738027,-0.603837352424655,-0.910296672091452
0.266537191881736,-0.00527145300740779,-0.160045105906522,-0.426687603044283,-0.733035295590068,-0.668102915182604,-1.0275638554329,-0.823433776553664,-1.43006655490264,-0.729222555943308,-0.955394262294407,-0.922700931020475,-0.420474143826609,-0.59633171599495,-0.589218992032564,-1.01308917809679
0.138268540034021,-0.00348557471135537,-0.172945558721374,-0.388928351919153,-0.723143059935518,-0.65204897775206,-1.10406488628269,-0.776101787077834,-1.4238402025736,-0.842412073194442,-0.9600084098909,-0.821367655296618,-0.361760425292291,-0.584544111952086,-0.542019804748622,-0.890086291953587
0.245120584516576,-0.00834666817983664,-0.0974360765543881,-0.437409812461613,-0.730937567263202,-0.640501255299614,-1.05613920394536,-0.884223872371915,-1.063348225261,-0.707658249619233,-0.905272588369026,-0.933666623522802,-0.403061402049728,-0.651127508787695,-0.645431747486167,-1.03444346283479
0.179443069006124,-0.00372352969854269,-0.220095010980688,-0.399082495663643,-0.75020358575881,-0.615727180586488,-1.15913998131468,-0.706502686954415,-1.0198771764868,-0.692824993813445,-0.670455271387675,-0.926933100214107,-0.397503971041774,-0.541805454799605,-0.556626907831563,-0.966576219447888
0.25388855846653,-0.000824501922065247,-0.215007469123615,-0.380225916830643,-0.657434888861739,-0.678823544358191,-1.02772518983765,-0.868762966349583,-1.46512442954096,-0.703592056848438,-0.898709677919059,-0.862156002828872,-0.414860465338043,-0.560217212602801,-0.626566121948075,-1.02692402566839
0.227733114839588,-0.0035729692939411,-0.149632759231453,-0.397601195688994,-0.654240889688962,-0.663219734991073,-1.02392631106594,-0.81614606527938,-1.26254109338626,-0.654188777368119,-0.917953190257564,-0.797045534703145,-0.410791806293162,-0.591869644556674,-0.529439920568134,-1.00102061869324
0.348810220100788,-0.00295662401254088,-0.224089030204747,-0.376977238895163,-0.649530690104814,-0.666923619153744,-0.945237489239179,-0.858131859635787,-1.11488206757958,-0.585995193904767,-0.728281280317343,-0.86908413707665,-0.387316673663765,-0.570105533183672,-0.575750214018684,-0.957710859245746
0.179403077224552,-0.000630736713511159,-0.213572067252334,-0.379115038929487,-0.734064910064156,-0.679820849675084,-0.990294703545108,-0.757534921034672,-1.35904319946536,-0.684502236828296,-0.76685662310464,-0.81693761663033,-0.374992405283763,-0.593596932275182,-0.565320162777745,-1.0278435422623
0.212713740139386,-0.00268754281652048,-0.18449935527307,-0.387597211090568,-0.779565478834237,-0.594679384368043,-1.10313946009545,-0.715628282646611,-1.35171975335562,-0.717302285942306,-0.934360082142145,-0.901440075676058,-0.427426750005629,-0.606424866571469,-0.564958109470133,-0.946584574007729
0.270734419800191,-0.00519604189559655,-0.183171517326587,-0.414280336379327,-0.614499325572207,-0.656995310734215,-0.835050452523215,-0.82071412679067,-1.3495625441648,-0.616174456486042,-0.764003699778215,-0.840814929121624,-0.403932520341821,-0.611226728031252,-0.620675727575213,-0.974276947406422
0.25383452746832,-0.00321394159535003,-0.224232750954121,-0.411408237108202,-0.734313520070816,-0.634943163769503,-0.95903321145362,-0.822676095284302,-1.13893565025488,-0.620479048043745,-0.598447295275429,-0.888767244621893,-0.421151258747414,-0.594353999305878,-0.611032544650545,-1.00249858397107
0.274231315039775,-0.00379553187552284,-0.220158093106858,-0.38324092640109,-0.625421749985638,-0.646937819930003,-1.27710784052344,-0.793011757743453,-1.55037115022411,-0.67612245620441,-1.04225230992885,-0.80393829054179,-0.418923065908933,-0.580454993004701,-0.608281519118529,-0.966181211484074
0.215470895622572,-0.000945730004762967,-0.177562149084841,-0.38945059099806,-0.733789658765157,-0.5957846416079,-0.951656529135449,-0.762451815119026,-1.44425268495627,-0.670768434101322,-1.02681639977581,-0.768938925009609,-0.391662233695369,-0.594084153447867,-0.629196448054617,-0.900088703390962
0.288726663553549,-0.00650865878482807,-0.203327833650004,-0.403443332336284,-0.780981274495842,-0.740426656820564,-0.92860744079054,-0.826783203016851,-1.55851690690551,-0.630398835148807,-0.828485730368807,-0.863998051009942,-0.441275973901352,-0.598819355255166,-0.632303556695092,-1.03936144420644
0.191864978793007,-0.00437901756783079,-0.272559652765698,-0.398935747343679,-0.744756210707561,-0.662092225203584,-0.966604357653018,-0.793956378362018,-1.44507903474292,-0.690953093910997,-0.969547353298488,-0.857285009021564,-0.404076359034554,-0.589860779442816,-0.58226206602902,-0.980066683113028
0.249286608870838,-0.00192861273789722,-0.298968903749641,-0.430445929849708,-0.78710873709394,-0.630111090469123,-1.00206081697631,-0.749671992546283,-1.48255887505383,-0.694812457820506,-0.853654026912689,-0.884938596376427,-0.396902786934506,-0.60318903820783,-0.60704645238544,-0.963565774517678
0.280968750531864,-0.00337114258826452,-0.126288414775817,-0.385928913801934,-0.71341406358616,-0.596460718630659,-1.03144539199641,-0.781263183997422,-1.30317189763875,-0.663007610598704,-0.722374112293287,-0.840196655746191,-0.380856927219989,-0.635693224143747,-0.546374723144605,-1.0234516020955
0.207365127987303,-0.000718444598658437,-0.258251409611072,-0.408400419057292,-0.730637941173369,-0.638430038196787,-1.09522888113254,-0.845866550375983,-1.2483719478587,-0.594086861601168,-0.9271413560401,-0.817874735202106,-0.418102515611335,-0.610228278980482,-0.649872941389095,-0.999811283426009
0.184883308074823,-0.00587632571552516,-0.213089216772015,-0.382984411082155,-0.720482120671299,-0.614256435002561,-1.02755761727518,-0.768248076106607,-1.50655889242781,-0.844045044705682,-0.520370732949606,-0.823454469008868,-0.375431616292679,-0.572948142879336,-0.582711447414381,-1.00961494865823
0.228810735897865,-0.00714682005806785,-0.0859436405108332,-0.382832066195622,-0.616879733747066,-0.639776260611003,-0.950403833098471,-0.824958579218394,-1.6211131132583,-0.576841949823924,-1.06425616027585,-0.970038458367548,-0.416796159839453,-0.59065177782177,-0.577291686016385,-1.01276265932774
0.330680195331747,-0.00612999621192078,-0.119312074027265,-0.411107368929193,-0.692074670831615,-0.616459262733205,-1.09413804168458,-0.774687362478543,-1.31394983733252,-0.636469193746677,-0.957098485750148,-0.76557735315781,-0.392863016790591,-0.614572734154449,-0.547490252651366,-0.916455151425871
0.168066579601103,-0.0025262508798851,-0.220977786911865,-0.433372345285936,-0.643503311845773,-0.621973201321775,-1.00911592893097,-0.721923136663797,-1.25883618166776,-0.549873374171966,-0.782806885215339,-0.91341043830052,-0.409842527989225,-0.561714841122402,-0.611236848157579,-0.967061392084133
0.171920332522234,-0.0019295589885847,-0.196493262273602,-0.421613596090959,-0.76995058716191,-0.648541660536577,-1.00213843002699,-0.903044123909395,-1.36134954457454,-0.709762129564938,-0.904361998780349,-0.823487631766538,-0.403352229644414,-0.623469200190102,-0.657769606351176,-0.991114264915098
0.212864237699747,-0.00659186299344556,-0.206942043261133,-0.404621355005619,-0.743533186335672,-0.625003672401503,-0.969780111565745,-0.716077571435123,-1.62486781220279,-0.62227115624804,-0.719210084048875,-1.07813186590687,-0.402514350340348,-0.580386358298205,-0.637385081761318,-0.9628578892116
0.261742207532052,-0.00163942901056026,-0.206964415915606,-0.415721467616273,-0.698697814366168,-0.667331719506974,-1.1363846296444,-0.757589673004995,-1.24628449648091,-0.638358529020222,-0.96596142346127,-0.787762323960921,-0.421793753466761,-0.580748568139921,-0.603953007603404,-0.977237776707781
0.232011399081358,-0.00495939866612392,-0.124584337956751,-0.39608479583532,-0.721316445177614,-0.67361572891994,-1.04131041873741,-0.729558639842954,-1.24328070288015,-0.649105448457045,-0.88967086855365,-0.87047900986919,-0.441974466916876,-0.614120444559217,-0.627521689673693,-0.926400743774195
0.262433204332327,-0.00653468522444494,-0.190979857711378,-0.391242976203008,-0.613618136509843,-0.679028699431238,-0.91250962020339,-0.768026916446638,-1.23605522977997,-0.64679578480725,-0.785527169289636,-0.958949194684028,-0.393804246244846,-0.608562667942209,-0.613183763748114,-0.94243371756904
0.240684375886324,-0.00692770861482023,-0.251401909085918,-0.39683924547297,-0.761531108944153,-0.623622977457824,-0.959746688579808,-0.822693491408737,-1.4897045928513,-0.630525605219646,-0.854448258898072,-0.896257541329642,-0.439003823119894,-0.583446537531221,-0.584818640162434,-1.00148538375042
0.342614548706939,-0.0072611795302256,-0.180985742682475,-0.388535016548298,-0.721994614651364,-0.709711735590543,-0.937109562529054,-0.760697284789305,-1.61444155355683,-0.756795480590178,-0.945473300569928,-0.902205184337649,-0.432072043971004,-0.633228214760995,-0.60742159313838,-0.976982052109822
0.264068967182401,-0.000695344768584628,-0.195436250088455,-0.376411032788417,-0.655035440107739,-0.651258753366175,-1.01281929848219,-0.790291289495545,-1.35941758795835,-0.719718564316455,-0.859912343422434,-0.993007399616899,-0.386735554631593,-0.594540963977047,-0.615754036828201,-0.962516879519714
0.174646250883005,-0.000868882196520395,-0.213211159941571,-0.403028623695671,-0.712614527917609,-0.604505483475349,-0.985962161860808,-0.676134930414422,-1.12814978489693,-0.656313971477687,-0.975586783033544,-0.960227611120371,-0.385208821035125,-0.623639283689757,-0.587026208945182,-1.03607406078126
0.126414505814806,-0.000185239374597511,-0.256199354841664,-0.425611771742669,-0.775846640126723,-0.69218327605689,-0.98311501607737,-0.711253615954981,-1.20988321729154,-0.777337703005542,-0.865932847495837,-0.897562830868494,-0.39240132709925,-0.57738458507777,-0.601533738331281,-1.04960048133549
0.166625819904022,-0.000165258776959123,-0.167600290276115,-0.391578614197262,-0.65696245468639,-0.641698210350203,-0.981629551634546,-0.78106703495218,-1.42067524913946,-0.637053581929527,-0.760093204273702,-0.833067748596444,-0.388385273444624,-0.59701082823942,-0.632693034994382,-1.02227914565391
0.32363013325196,-0.0084059321514058,-0.190084152164785,-0.416951070611277,-0.656688564954495,-0.616070009401991,-0.978540317385709,-0.812831163832764,-1.15503869839483,-0.643120308237428,-0.853359431898361,-0.914856014651566,-0.439006304389665,-0.605896715661158,-0.582387117264536,-1.03127925677648
0.17351724528433,-0.00211066072030908,-0.246658272257025,-0.394075659915842,-0.791107578094672,-0.655990700333962,-1.11706922232358,-0.758695849390601,-1.06002782515873,-0.757691148557849,-0.81866344215441,-0.835917279396284,-0.399400621859085,-0.619092683481447,-0.565608934241891,-0.971135496941926
0.246456155319325,-0.00478706915670395,-0.247881844544152,-0.407454593996273,-0.661173849720391,-0.672873424433253,-1.04617937333195,-0.746465287258461,-1.18038707039515,-0.790487450095401,-0.771020045252456,-0.916375514204905,-0.440063462429084,-0.573354383784685,-0.623938309595697,-1.0683242282427
0.345849470273388,-0.008705320942351,-0.219609301249986,-0.40575227114063,-0.67154571152096,-0.627950793862414,-0.858468019230652,-0.795151139738783,-1.35724870462783,-0.743234533055998,-0.777551758346262,-0.754058624689379,-0.426520572793198,-0.639244266194732,-0.589172486056798,-1.0105237100389
0.238445673022349,-0.0026729134812335,-0.2819827469962,-0.407725089016817,-0.713010404618336,-0.627958245088299,-1.07099187884743,-0.823560354481019,-1.58407584814511,-0.690377555092182,-1.04590045038165,-0.772524780034342,-0.418405444490089,-0.581373454722395,-0.556413929367982,-1.08124561777277
0.217428977613134,0.00065812398008308,-0.25061108005144,-0.400577473465568,-0.717281321161917,-0.598532465873341,-1.04384815369882,-0.713554592395596,-1.09530079509341,-0.707123895725385,-0.752193114233216,-0.782752843815835,-0.406626389509835,-0.627659983891443,-0.605370114924308,-0.965799807173008
0.229155361585906,-0.0022299633778818,-0.15587619909661,-0.404972443186173,-0.680410388610276,-0.641043436338354,-0.920710444035705,-0.716133122917481,-1.35345976402962,-0.60701175456462,-0.906108440650659,-0.898178143069695,-0.395881383430224,-0.588319653044763,-0.54334142413857,-0.985090297400154
0.317654238547536,-0.00809775378560471,-0.248234801071823,-0.404142851532222,-0.690092065635095,-0.603391532987062,-0.945848461218725,-0.728638093977177,-1.36335200299495,-0.568244954332562,-0.792834047961105,-0.906934982764856,-0.393455947065715,-0.629174149384775,-0.595308747143223,-1.01427048176187
0.277545665413068,-0.00658748673878726,-0.186134082026223,-0.397422695931993,-0.706962184857135,-0.681561213364267,-1.09971416264632,-0.724879053411497,-1.32588557738007,-0.67626597897778,-0.986738039935647,-0.754442619786861,-0.455021741198482,-0.626774350933755,-0.63461763094606,-0.917180133083371
0.171240271713473,-0.00226607809443185,-0.22973917257174,-0.394335382157427,-0.732050833904099,-0.593592430275464,-0.977707684695895,-0.801810190786671,-1.22267175193481,-0.691134126370427,-0.861202741210575,-0.895394812830839,-0.406461862747601,-0.582338257368587,-0.593849494058029,-0.957908083113427
0.242479964355293,-0.00442191824303689,-0.170444314591307,-0.411878279366331,-0.804761399042187,-0.67168176375162,-0.996854014052548,-0.786890600315375,-1.37514088527254,-0.705307366182506,-0.829545371164581,-0.924189315063635,-0.427347410106033,-0.630497833233264,-0.59810861129466,-1.03176529811448
0.225140870311201,-0.00285059956463376,-0.168786468253673,-0.391986758409434,-0.689252834633675,-0.655723901827972,-1.07391350151121,-0.739579982614005,-1.31309950916029,-0.583885837743829,-0.834235735499019,-0.776518157938643,-0.396223040771813,-0.641351096700565,-0.683337429740252,-0.969530245719508
0.249332193887891,-0.00617804082934577,-0.174315348926221,-0.385557865663377,-0.610436241151612,-0.619471019901481,-1.00036786363032,-0.721185571166786,-1.13459248912562,-0.610021940394468,-0.88831719698728,-0.728055155280582,-0.40659887628805,-0.587028056874787,-0.605041836398475,-0.955172478107463
0.272107419649968,-0.00910635664276855,-0.162674580480424,-0.382954670512195,-0.659979166773724,-0.621147834520209,-1.12893216626098,-0.801288985329576,-1.52016297052075,-0.782632958854766,-0.987655068952867,-0.79216261839701,-0.37276997313593,-0.578097142653623,-0.59685294154394,-0.990304323323019
0.212975767072355,-0.00348603926633632,-0.2654149161293,-0.430391331730482,-0.752403821248205,-0.628600941088798,-0.918902164379023,-0.822097085811384,-1.31052738313409,-0.693034633002024,-1.05334086748356,-0.869417775077142,-0.396281435346088,-0.602025372077604,-0.631989811159951,-1.04353646400368
0.424951341119274,-0.00906313642538035,-0.217200892047061,-0.38516292916731,-0.683144645576053,-0.625907418313415,-1.04521324599408,-0.724432387919169,-1.56647500446352,-0.629825469222167,-0.901878865053022,-0.94917196455252,-0.385550888369632,-0.604280429614947,-0.592924823334101,-1.06162085532929
0.219952625639111,-0.00420997002923188,-0.197352140796007,-0.41840282778199,-0.66314055217299,-0.615862519314454,-0.9616334402753,-0.798990927718987,-1.20415697762786,-0.641926072053358,-0.897265802909793,-0.819836621141813,-0.419724711675413,-0.587742649746529,-0.619929312305904,-1.01012950794476
0.216699521498082,-0.00470372372649479,-0.244092688419505,-0.420958680950211,-0.693852971537256,-0.657592363101561,-0.930419619563015,-0.865548317224838,-1.43538379515506,-0.669432704930078,-0.904481311337764,-0.885788948635606,-0.419228156857129,-0.583881731617136,-0.60019493706941,-0.962932605346619
0.24066190515956,-0.0041021095256437,-0.121052620556272,-0.393075528319025,-0.732813864318655,-0.630142397863296,-1.02522391693035,-0.787946531697418,-1.55420419063137,-0.689312859152085,-0.927670390971176,-0.994200260280408,-0.372731427258712,-0.55896341709782,-0.623633887098606,-1.02045077661362
0.185631242741273,-0.00231048124807533,-0.150043987947353,-0.416629434576358,-0.711502120360353,-0.678215469203636,-1.06841932177987,-0.823107768399056,-1.35109004571761,-0.680042608371472,-1.04732441711503,-0.836511984218728,-0.398535843166189,-0.554575759357987,-0.602870546074945,-1.01445109509009
0.246627610556946,-0.00452977033188594,-0.196167975296225,-0.386150383806615,-0.681999149681246,-0.608093673584254,-0.99938858641075,-0.826611668381606,-1.32850922112514,-0.583792854770356,-0.675245395178064,-0.791212040474636,-0.429073007852498,-0.573178489250988,-0.542560979604428,-0.952476292400964
0.0966998600832176,0.00224094935017662,-0.212665071450916,-0.414098709925476,-0.783575527006514,-0.623549130740064,-1.00877967846235,-0.740327442678101,-1.35846184357043,-0.687662587739504,-0.766684698800343,-0.808073579502642,-0.425496223537251,-0.561980478851402,-0.551236812448214,-0.978400323603014
0.340097679654164,-0.00907975810724384,-0.219465886028041,-0.4286842629398,-0.682238184240167,-0.653576005101854,-1.12712794464076,-0.770546526152817,-1.46674911164572,-0.829393569717449,-0.949586118437968,-0.982581430423602,-0.392771477383105,-0.604808996648499,-0.6365851167657,-0.913609940458883
0.199126900323371,-0.00209288677687993,-0.193603056775111,-0.419769550175058,-0.75292684418974,-0.637760965888034,-1.09788872460968,-0.817634628753916,-1.41422003878348,-0.686572019082832,-1.14254303300328,-0.88032196117426,-0.406921352588788,-0.549582699476269,-0.60596114929769,-0.820708513092337
0.32904403807697,-0.00353904780329901,-0.241669794595317,-0.41821047779498,-0.655598753343168,-0.595925396099734,-1.05083617387406,-0.717785171973754,-1.34392603676846,-0.703118230528483,-0.742564854934454,-0.896029930874171,-0.389840232565376,-0.571773783208859,-0.612746756204293,-1.02857386068408
0.229395080748852,-0.00415571135580092,-0.148519056509562,-0.41008155789771,-0.716974248699758,-0.672164907723923,-1.08146142963419,-0.759403009819817,-1.40084453904061,-0.748222856453715,-0.772112201140106,-0.779117332268075,-0.397178123403118,-0.604865096264638,-0.570632669121091,-0.977522375166452
0.13985410262737,-0.000600767435452398,-0.23498031340359,-0.448795164748616,-0.756509763364251,-0.630998351095337,-1.09832499278839,-0.784812269290699,-1.53631589987483,-0.729592965316218,-0.724712017110755,-0.901881295134994,-0.430917148591591,-0.56790871540105,-0.603220555537546,-1.10422180361339
0.308858974746067,-0.00628085537427454,-0.199711229480211,-0.426135669995584,-0.722849064350461,-0.631645959250006,-1.02741815684249,-0.81231426277835,-1.1369384262371,-0.698739030848396,-0.937836380612953,-0.813951097100114,-0.381426111876364,-0.613726277726477,-0.621007286798822,-1.00663602452242
0.181597274455423,-0.00315997614131145,-0.280815379249756,-0.419322272592626,-0.653643235189611,-0.663813335349222,-0.939569287515558,-0.781976494360663,-1.54417081550514,-0.624360756116757,-0.948254090270186,-0.909737635239649,-0.4082588515032,-0.639603102443478,-0.642749817317623,-0.908217356560184
0.194011743077325,-0.00401782248761962,-0.214815978714546,-0.407265307493295,-0.726595191616191,-0.609585173735207,-1.02860854482147,-0.81125171537936,-1.30094698731517,-0.687913237066864,-1.00793968565827,-1.0524803516028,-0.391607013247252,-0.57656452038383,-0.607584753362632,-1.02129806998099
0.18689262664255,-0.00239584072521862,-0.194449145069361,-0.383180170578071,-0.670687491284699,-0.58989354804954,-0.993361661915827,-0.786372326331449,-1.22141968463989,-0.689867364885264,-0.838622305023751,-0.908725630759408,-0.398559949882408,-0.542521095004088,-0.588018360808796,-1.01563899774572
0.129050074370444,-0.00382902273245754,-0.19093756789872,-0.40776022958496,-0.705022478972846,-0.61807034898891,-0.97917430623126,-0.730202870407446,-1.56125145499666,-0.597949062228696,-0.910516533077565,-0.908020644578828,-0.407344367929912,-0.615470823562895,-0.602864538685606,-1.05044165152973
0.253069500781108,-0.00509469695962914,-0.19714733183324,-0.432610695433976,-0.680813832399039,-0.63605183685373,-1.0101716634999,-0.740239609779936,-1.02722906575031,-0.732327815675328,-1.1307697005576,-0.999926971224762,-0.377546639490349,-0.613019925110831,-0.54825405654223,-1.05810964664238
0.175792630870771,-0.000912119561539397,-0.227445207455017,-0.389251246005617,-0.681521483380804,-0.58205355936904,-1.06485437207942,-0.797393922868566,-1.31622373349073,-0.69681133086876,-0.676668050003935,-0.92314255538157,-0.377339272108652,-0.577017641195972,-0.59162796514547,-0.966253635805474
0.291073572996322,-0.003942658110906,-0.129245662634571,-0.364350847255582,-0.670473317591453,-0.623878542487669,-1.04199268777765,-0.796154457705968,-1.32584964943737,-0.625498214226081,-0.95169823915132,-0.870184582596787,-0.393741787026426,-0.599170924283311,-0.635145305991673,-0.922427361993957
0.245556692451409,-0.00388107931584005,-0.203489778749663,-0.392381502041039,-0.685883579256101,-0.649174042608171,-1.18444801438147,-0.83261665901184,-1.30611742442129,-0.722214391169194,-0.956026612327268,-0.92515079330511,-0.40820779226824,-0.574248477116294,-0.626751638917849,-0.903275207852483
0.185918944496379,-0.00045759529987885,-0.157137195681624,-0.415266080225753,-0.720567627070371,-0.584711625075663,-1.05405755537011,-0.791307653779485,-1.53939994080596,-0.723960442861134,-0.822805117862712,-0.941651508027146,-0.399117251977362,-0.602489697666009,-0.605785947933572,-0.964790749408234
0.343419904860803,-0.00555674872196677,-0.235473796503748,-0.450347112790934,-0.712048842805309,-0.663393569583478,-0.934442584679134,-0.79302047175381,-1.67540305316374,-0.680774440266349,-0.919572565476284,-0.913865630378982,-0.444724395730449,-0.600719242178357,-0.610548454681099,-0.962621389983422
0.177747844369197,-0.00394125241886986,-0.111261297030768,-0.388175714224603,-0.697241393463705,-0.630990477319849,-0.963441979904511,-0.682365527144421,-1.2173225737767,-0.65006653786169,-0.999195978770227,-0.944887950165017,-0.427903111062024,-0.605090120035534,-0.616052702956997,-1.06688618734835
0.195182119694678,-0.000883355308121522,-0.144421900121245,-0.385634420602122,-0.597047453588455,-0.613287236824721,-1.07628272007374,-0.700913156255695,-1.5231054589605,-0.660983259772273,-0.554124661168784,-0.838404915716554,-0.41372774971319,-0.58888381213644,-0.611501759904851,-0.9198581932705
0.315769674146146,-0.00709530454611718,-0.208919735402651,-0.412389876447371,-0.685574998286746,-0.632287563524488,-1.03993433408875,-0.799171050387357,-1.18605829835649,-0.675762415759065,-0.924375347992725,-0.937497537892002,-0.397767892199028,-0.589675692162199,-0.630594819197413,-0.967548418999141
0.211556253648723,-0.00600703502182042,-0.156594787309865,-0.415902166571627,-0.785150439578528,-0.655135152591714,-1.12880967677277,-0.777002099610565,-1.48718542828934,-0.674333779178723,-0.813538059496496,-0.92272303156381,-0.414803584503959,-0.60166724733755,-0.547602281129531,-1.00406681954737
0.152413513504715,8.7562966901533e-05,-0.176487789418571,-0.41957352049227,-0.752891470850682,-0.635124772366556,-1.08115296630406,-0.809721178474679,-1.40274846195905,-0.594518601869213,-0.801051186921331,-0.858088871635578,-0.38995993226668,-0.593019203377996,-0.642338304097976,-1.00687049163259
0.291437246058559,-0.0081292319899075,-0.136118646555179,-0.394091637861028,-0.717252077176858,-0.669619640091973,-0.960032669601291,-0.755123340550231,-1.36579174085288,-0.731332818174194,-0.707477144642829,-0.907997999350903,-0.420687639987279,-0.603775329107158,-0.604694670006976,-0.966412351545173
0.181146134671974,-0.00116417683510267,-0.23705764438084,-0.384010273849702,-0.667424804676023,-0.622267178105002,-0.992737141696819,-0.809885525188017,-1.57954095460057,-0.617893808431653,-1.09022705276611,-0.854382624747082,-0.386841330909091,-0.59269675991578,-0.541499310911023,-1.0330692067629
0.23715946416841,-0.0039435470054387,-0.162468767603853,-0.412249675496649,-0.711983695602183,-0.653544260527973,-0.929401926174506,-0.726809664170548,-1.22668523261648,-0.589161372797299,-0.801044978720754,-0.869755333391116,-0.408155942751775,-0.551863275779622,-0.608813330688873,-0.999199834048829
0.246901828570197,-0.004242422297163,-0.185365285672573,-0.375837080075013,-0.714431578374675,-0.607733045005685,-1.09563115516632,-0.787331159580028,-1.13921412695975,-0.696838931435894,-0.878135363438445,-1.00239111515839,-0.399915041706107,-0.57663043555965,-0.581441310000428,-0.937780694467303
0.240197780600968,-0.00392198057738154,-0.144307463783166,-0.371964395007881,-0.724301399893816,-0.646471208401259,-0.993503674910579,-0.763549774637849,-1.15658576313804,-0.71815569777152,-0.803701019621304,-0.810056808144322,-0.410016584526141,-0.556278949506541,-0.609950725756187,-0.978474805031853
0.161011993225142,-0.00171064476656154,-0.212588468304582,-0.425235791389385,-0.67821238459196,-0.666336373822166,-0.978233115160135,-0.775210360447934,-1.2999363203491,-0.654162283754553,-1.05561951206523,-0.878470336537746,-0.410507890534055,-0.566755842582808,-0.598473217660642,-0.952343074140684
0.245890924784746,-0.00354835177500561,-0.271201224516934,-0.389288106639023,-0.709715142988158,-0.625023688119052,-1.11867380358625,-0.735448759023411,-1.19985136321455,-0.741085229537638,-0.778264248228058,-0.99226582146569,-0.392652974972384,-0.610858333765629,-0.61002638411281,-0.898546572725774
0.171056865062565,0.00146797167949865,-0.187815747618773,-0.408710642668871,-0.68265548371464,-0.586676665233655,-1.1274340290755,-0.775243843048969,-1.15580613240519,-0.707616872955278,-0.628715968304883,-0.856765527325693,-0.429400100645169,-0.547099535153602,-0.576713212129338,-1.0662736639072
0.221721759531698,-0.00315295765929452,-0.192494922417849,-0.385994925389373,-0.673986359508074,-0.644280874314529,-0.983756675162846,-0.749361435799963,-1.31773560172845,-0.666918501623322,-0.985327509795004,-0.789793782496764,-0.384381908067663,-0.546343498505706,-0.614986942505752,-0.946119555406182
0.257673360186552,-0.0052503661313501,-0.152875230190719,-0.400211733169998,-0.679359785889086,-0.704010080635179,-1.05710845160901,-0.796012649256704,-1.4064817570999,-0.550325244573299,-0.719711785195953,-0.96727070145042,-0.449856576979797,-0.62654298544329,-0.568642083305599,-0.994162123323251
0.327833446097345,-0.0051285332302864,-0.151135417610668,-0.429683779107227,-0.672872679721569,-0.661756700697987,-0.949894896434075,-0.71154557897683,-1.40387530360263,-0.64013353503109,-0.807909162350454,-0.832413601783151,-0.422618138520166,-0.605200140161748,-0.60251704583251,-1.03645624075942
0.289417872789917,-0.00545819854356488,-0.219730825170853,-0.415248199008126,-0.737334583904864,-0.630151196607474,-1.19374241867115,-0.782043084538675,-1.28570335423677,-0.747444863548764,-0.919269363555913,-0.874071698402202,-0.367682628605591,-0.621471876185214,-0.576807185929222,-1.05093713990855
0.0763346150904972,0.00390620371498405,-0.26458192904897,-0.408951523614435,-0.817567395617415,-0.634679842993277,-1.03065670258662,-0.770419707622955,-1.58322374582378,-0.636591031723163,-0.777705557945645,-0.958514796908748,-0.427596513805408,-0.575538233775306,-0.542276567638847,-1.02916688924573
0.196711186134128,-0.00247910052009298,-0.231572567467156,-0.387776438616421,-0.706845810811426,-0.615722230171206,-0.919814233797251,-0.735276710708723,-1.71241426362398,-0.634403606210236,-0.989593291179899,-0.823378817922738,-0.401017316429306,-0.684905391574806,-0.577240846319585,-1.04695119093443
0.107884587365009,-0.00145306088102466,-0.232238491403692,-0.429814493490798,-0.702044978192555,-0.626777398598574,-1.01582255198928,-0.804140368859129,-1.37994726510825,-0.679704893112804,-1.06509649379298,-0.853461906310647,-0.436269606783808,-0.638498541119649,-0.604136012528995,-0.994932680923487
0.230447855459659,-0.00600447874675389,-0.196215858892298,-0.391045390858464,-0.844872109696701,-0.65431444418298,-1.02434387736113,-0.719908335262551,-1.44883620070338,-0.76594272271694,-0.694073422614869,-0.823652289085907,-0.398974677970138,-0.590709127674827,-0.518319075324489,-1.01988662399629
0.292570530268747,-0.00630032474901695,-0.21882890538048,-0.404279619421818,-0.651422263432779,-0.593880821454976,-1.0923876253166,-0.72988271079013,-1.19420810509255,-0.654622512814448,-0.841153688634854,-0.77712919793226,-0.38367327560183,-0.529508260707656,-0.611245058768327,-1.03931782635999
0.268844058649365,-0.00511061057204937,-0.249484426014094,-0.400594097951465,-0.721526459272452,-0.668932165362796,-1.02881201270248,-0.786888754432123,-1.4061690500504,-0.736152347147026,-0.800080984176287,-0.901464175973069,-0.3906800915476,-0.557788366348196,-0.585571883657419,-0.956287139909124
0.350298906386568,-0.00934952427658834,-0.121274246537766,-0.420344919715791,-0.642679002347615,-0.634537418009253,-1.05913665713668,-0.728313593992542,-1.49233900847634,-0.658989553175156,-0.689038703206633,-0.904124455905723,-0.395949681697171,-0.56605780175652,-0.567589617892002,-1.02282550699162
0.305135829249877,-0.0028263975289817,-0.202019202087057,-0.390777345319974,-0.776382640871896,-0.627244570957031,-1.06027797190199,-0.745078269214439,-1.41793309888101,-0.739434624073872,-1.1497870725369,-0.943038990267142,-0.413714619924153,-0.60034976865974,-0.567476417901903,-1.01540101203659
0.323552857161981,-0.0020658985156153,-0.258803588194746,-0.367140959059423,-0.704494494326402,-0.653797445380527,-0.954737426949257,-0.849523639330531,-1.60382318955278,-0.613619181086855,-0.925692738218881,-0.907729362910051,-0.4599183508788,-0.592442114829069,-0.608844943435075,-1.07478996931782
0.254833732817975,-0.00209523881318218,-0.221102916735819,-0.411633849069614,-0.637819202689168,-0.62253177057312,-1.11476996353738,-0.74820395080163,-1.57319207391589,-0.637740230016338,-0.936164767566246,-0.994549655675393,-0.372688553414833,-0.594556833845548,-0.528014019877015,-0.981442103530135
0.114990097961554,-0.000396378077158479,-0.255042981875949,-0.350781881948371,-0.670709840161341,-0.584234576047718,-1.05887362383988,-0.79504332582629,-1.40444807821137,-0.639122327609166,-0.403240288318795,-0.877522562319681,-0.387439299560882,-0.574041401527854,-0.504504730652691,-0.974760321778335
0.226902086196098,-0.00403159939087357,-0.152999885459121,-0.42091301647265,-0.72011011443194,-0.674767469744978,-1.0514856419614,-0.726400227982121,-1.21501179296762,-0.646174080009954,-0.786109779940517,-0.837834548236382,-0.411401812826572,-0.623156566537473,-0.631985899166767,-1.06118550723775
0.272505353814425,-0.00458460892383563,-0.223228352423491,-0.408816272483248,-0.73086005066561,-0.65010808949234,-1.0029742044194,-0.785677345472267,-1.52930574641722,-0.69971723171935,-0.919973027406889,-0.90589973145278,-0.424904671844645,-0.56930032971975,-0.559028454166819,-1.00318084244751
0.174427820570834,-0.00351554875308555,-0.139885831540878,-0.40061510591581,-0.744541826715367,-0.614583335165141,-1.09620395574909,-0.791168281977073,-1.3169370919521,-0.712933172237492,-0.82105765398709,-0.907175538866899,-0.399139093766775,-0.568032283439586,-0.586968847456317,-1.00483392793939
0.289075192545083,-0.00393547980740996,-0.241925695699528,-0.396602997595567,-0.727401447113008,-0.650227277165796,-1.05368120878626,-0.80914952863093,-1.7114191783745,-0.59441315040821,-0.718749466375647,-0.95679231034872,-0.409048989818602,-0.619382905880631,-0.643493902953018,-0.961627832603931
0.200288603135746,-0.00360067983687156,-0.193619663378473,-0.405151548917925,-0.761258555232887,-0.593323212338427,-1.03885604233426,-0.758294517167018,-1.0546559761895,-0.636558443733567,-0.942814224609351,-0.862438774770555,-0.390132194958649,-0.648175121446369,-0.601189830248205,-0.99375390010642
0.329967863409008,-0.00997974638974073,-0.149540612807305,-0.415943775488232,-0.68876850551537,-0.593871584044933,-1.01537651572061,-0.763898953653275,-1.43508023044306,-0.651580266989525,-0.626692185879231,-0.904553792935317,-0.443831713208895,-0.644869965998389,-0.601073922449001,-1.02208815999753
0.260907022811634,-0.00645050016463172,-0.156935268570834,-0.390059570760929,-0.721029559026084,-0.622235793128169,-1.03120838168697,-0.804366769165887,-1.56981408359799,-0.73907051637572,-0.813047646425765,-0.860094947714485,-0.415911929066821,-0.6041677909956,-0.632014306917097,-1.04339568840258
0.318667223094492,-0.0083869971647049,-0.188125276708848,-0.403978929454522,-0.732712796404395,-0.617194967006135,-1.01269900990533,-0.770787771782914,-0.991952288968641,-0.690026511731836,-0.947011976117222,-0.882019913961215,-0.367477988530083,-0.5281620173639,-0.578183788818494,-0.942789756902927
0.309563182642317,-0.00659186861814797,-0.149819670367829,-0.400738643350662,-0.698464304129879,-0.66886260508717,-1.12499456037138,-0.77948007008352,-1.45146012350449,-0.690070717935576,-0.705735279691642,-0.962687641076144,-0.432172625373514,-0.560038097302966,-0.661891538939611,-0.976400795248759
0.262792186133846,-0.0100950489136866,-0.179280146324113,-0.416149687252352,-0.745523507579502,-0.613662491367188,-0.965697043225318,-0.776699991904668,-1.41547316369539,-0.669023334039007,-0.584038939373446,-0.929506176423915,-0.408422522079381,-0.600388047991978,-0.656229013071247,-0.874036534759966
0.334564909505874,-0.00799025374272332,-0.263133301027749,-0.429696287871786,-0.663718698686533,-0.641921070093414,-1.09197124374622,-0.820683109899984,-1.2109594822883,-0.594117258997805,-0.79988271319253,-0.817554547570382,-0.387327966562062,-0.600971939611687,-0.572348668592438,-0.924970358050314
0.309549240461346,-0.00549867131457103,-0.15241290885164,-0.401773011504386,-0.67728123241949,-0.620889893634289,-1.08095448582133,-0.873538968045666,-1.4420674243253,-0.699902049354306,-0.805924578186997,-0.846134439902106,-0.406024538904874,-0.627137287496214,-0.590817185923508,-1.00263960783364
0.160748462082298,-0.00691432181900267,-0.201006253009663,-0.422879651987949,-0.763844992142942,-0.583806016949072,-0.90890647358858,-0.804727072172489,-1.290565763794,-0.660079773759794,-1.02594378942699,-0.912986018632037,-0.412266686857394,-0.56410361535042,-0.624662074050771,-0.964517243084476
0.182286511208397,-0.00155622325683011,-0.223853740828229,-0.411038859665271,-0.62744333359825,-0.65032012232256,-0.986619138158637,-0.811332756067731,-1.48580979541394,-0.75986160728041,-0.951122818940683,-0.90078830131706,-0.411950326073283,-0.590291298379328,-0.563711375910938,-0.954007391924226
0.200080647329295,-0.00921933819576378,-0.195719240691432,-0.410296310628948,-0.708955977905988,-0.638204042129047,-1.02275306847415,-0.742173296284892,-1.34622743110277,-0.71531268737712,-0.875755279799168,-0.902604934196717,-0.437186139923208,-0.565216419462656,-0.637326093324143,-0.958688081885437
0.323006313594629,-0.00481929132156913,-0.220567678910814,-0.386880687639439,-0.63502982154943,-0.631753579377834,-0.929117935431007,-0.671031749605441,-1.33897227169206,-0.534403512533266,-0.791621009811525,-0.857107502864215,-0.401903882097543,-0.561674137355734,-0.611629041693462,-1.03689757122267
0.281458795951947,-0.0054884583334443,-0.200862746140188,-0.452199473832378,-0.744588962550477,-0.630505532081126,-1.06721241389909,-0.799606886664838,-1.4321027036124,-0.6214023153988,-0.929828180774024,-0.739534015542541,-0.40876492032301,-0.61644693984161,-0.540207749993227,-1.02258430176363
0.31234618942477,-0.00314856962752187,-0.352585816413596,-0.366723234609452,-0.732320185954171,-0.662901814400292,-1.01533503709975,-0.838229018393019,-1.40045861552697,-0.487113100277508,-0.828636685867662,-0.861603254518495,-0.404872287590651,-0.625874941105627,-0.597993955337962,-1.05528561801586
0.263664901905862,-0.0045802884168088,-0.146180211459319,-0.407478343175141,-0.707816581810171,-0.606598992873314,-1.0123220755772,-0.745918644662863,-1.27701955211442,-0.634910544990529,-0.90872896958101,-0.707248246665504,-0.402891537383009,-0.616015157949577,-0.587707033949589,-1.00734249224468
0.129394476910289,-0.00319196013918804,-0.296963498389815,-0.43002894024925,-0.718898447544317,-0.666662391866385,-0.962245943086451,-0.770692657221993,-1.45892864815228,-0.599924567276048,-0.633077815520758,-0.825350773031296,-0.380040649092857,-0.58529658636867,-0.589276965244914,-0.985540607640171
0.116849053945423,-0.00209868805404032,-0.150509721618114,-0.462873613988984,-0.661603961518397,-0.613355783273022,-0.979869774749205,-0.808376632350561,-1.41174362816145,-0.675026994379003,-0.724517679869598,-0.901377546168673,-0.380223056969627,-0.586672954274469,-0.560791935747451,-0.933438213254717
0.0190923220695389,0.00411053074900914,-0.156759595500974,-0.401496360696145,-0.807659866472086,-0.682900601962613,-1.12029653489291,-0.781003289070622,-1.35448415530692,-0.806203389082391,-0.910027027682015,-0.917534582333267,-0.389034360023138,-0.568806925325938,-0.574755116224268,-0.9792009792306
0.307547011157948,-0.00115847998255384,-0.129259258699251,-0.404103818225077,-0.662836735017852,-0.679961022840096,-1.00421794897785,-0.788344716089828,-1.43432998078868,-0.542627289239247,-0.761098059962807,-0.926779045189211,-0.366484267062672,-0.566831224984184,-0.614343887954789,-1.06262260509003
0.294618536909606,-0.00552453522322397,-0.222896630420805,-0.452277450065234,-0.649671711436447,-0.666409894677976,-1.0397470552433,-0.814745178887112,-1.61427307532141,-0.771434186182449,-0.878803640693636,-0.851761717948683,-0.391552210441416,-0.581218219971082,-0.573140168098355,-1.0309401947935
0.230679553624574,-0.000431698285205356,-0.19747069603079,-0.364237342336013,-0.732117844986138,-0.656657871953542,-1.1190568767076,-0.689810263954503,-1.25091765307182,-0.582683526867243,-0.771170539487612,-0.845116911569306,-0.39384454938173,-0.588973511479463,-0.61528613056547,-1.02731481905139
0.120738481131664,-0.000952641553201661,-0.142216851483615,-0.406824519464783,-0.722214616066801,-0.661145184969447,-1.00075456924357,-0.792607013737504,-1.53953302193454,-0.685345561457087,-0.936481417290594,-0.703110183843189,-0.414904592117421,-0.575855020670385,-0.53602473045371,-1.00136343540511
0.110689058384799,-0.00182370807360156,-0.207339163753347,-0.396736118257078,-0.760512381394897,-0.676901926574751,-1.16673869833297,-0.824543579349738,-1.14589851091288,-0.724326607084462,-0.750726988832698,-0.836075890060088,-0.408762117784403,-0.595855432633899,-0.575153176848373,-1.15236746353486
0.298121212458828,-0.00716240523256595,-0.267732039127822,-0.41409830812199,-0.679846002726699,-0.683069921348368,-1.0049582572791,-0.788217689893523,-1.49601456381323,-0.635886645823894,-1.03471555599924,-0.865188439817752,-0.383902617874539,-0.605021147328617,-0.644700169921718,-1.02561503271465
0.18990400741706,-0.0074470393732143,-0.195442529798415,-0.405120966365097,-0.686787893026684,-0.616564572427992,-1.12853070028379,-0.750947336476256,-1.4551875743439,-0.789942429196495,-0.949126262530847,-1.00550754779979,-0.390416961880773,-0.61513138119855,-0.582599030360313,-1.06292903233664
0.341429996401091,-0.0071332343361592,-0.142737355423459,-0.380407128517279,-0.692143872695609,-0.646794456634481,-1.11342691152422,-0.730901842948803,-1.3599752430046,-0.672961084818038,-0.814924758070656,-0.792764264996441,-0.431772785254641,-0.645844669309456,-0.577275825137937,-0.944913790820497
0.255343144289802,-0.00709866989624847,-0.162744673370834,-0.400753337811174,-0.781056665112236,-0.64380256341643,-1.07640976201199,-0.8164588713307,-1.43110542964298,-0.809392220159416,-0.915512324176093,-0.763521513232947,-0.42179236280062,-0.620543333683977,-0.60296460724195,-1.01447756424845
0.227524369228565,-0.00156811960728709,-0.198942077344991,-0.382990832263267,-0.791299456599179,-0.584599878095513,-0.890249652732826,-0.681871103205066,-1.52767969144558,-0.683599179468385,-0.814037215337712,-0.941625082435606,-0.4007716537656,-0.560257232764613,-0.52972848650723,-0.996997215056729
0.299092010962997,-0.00532602312296365,-0.226764394353825,-0.401104202110563,-0.697875325680163,-0.611537212595638,-0.933264746539928,-0.734830934421023,-1.47578154099949,-0.620053444401756,-0.7687275271459,-0.878066714450367,-0.410108200459145,-0.604120014010535,-0.620080318279011,-0.918354594930345
0.215874439780689,-0.00639824193559869,-0.155652651983297,-0.383849069811994,-0.750904326059951,-0.676640848528989,-1.0351446760558,-0.882509297430196,-1.42756376563217,-0.619946433323053,-0.710493510736472,-0.842557688765139,-0.388210601149356,-0.554023067176167,-0.60331092566631,-0.988615599761895
0.258426477575256,-0.00193609110895921,-0.176684207043335,-0.407177819260798,-0.777062690472961,-0.60299214239394,-0.875477044908112,-0.774141950783027,-1.39936644006611,-0.542730578062725,-0.617767463716372,-0.928899311771349,-0.419581361533033,-0.58424606283597,-0.595035052615872,-1.03848514985346
0.211144251987462,-0.00344007526581131,-0.255506625719426,-0.412542244609752,-0.713824362858982,-0.662194879135888,-1.1232002707996,-0.818275177146154,-1.24205449059594,-0.779891956656882,-0.8237602782758,-0.911067249085194,-0.402694258110497,-0.607286366890865,-0.579822745157775,-0.975580218059097
0.257080806578418,-0.00361869969637382,-0.26416392274658,-0.388832926811693,-0.691727021478057,-0.588683279040223,-1.15235695650347,-0.653920044762563,-1.36969832074478,-0.671420411864408,-0.847789636417409,-0.833633081873486,-0.389096806502773,-0.57720499070795,-0.625806764285662,-1.02811412788747
0.152323349469112,-0.00312427999035838,-0.151364866352996,-0.388025796797984,-0.67223582698203,-0.592282656888289,-1.10558371425625,-0.768545228622634,-1.13301084243773,-0.701114661028509,-0.723824030622584,-0.834356336475366,-0.440265606347871,-0.536131980613132,-0.599718045797981,-1.08487347479204
0.245304056806614,-0.00307859027118489,-0.126920645400961,-0.403061205637915,-0.699114492620399,-0.63554890826749,-1.03128408333847,-0.705179497198377,-1.28838494914457,-0.759678996788858,-0.832827319131682,-0.880808111176266,-0.453019816179053,-0.588768338408697,-0.593595609363404,-1.03021562706571
0.26660496865092,-0.00448620538010027,-0.193417610285306,-0.400933041893801,-0.683289052720562,-0.626353985064889,-0.984965090031436,-0.760791027177148,-1.35898630655582,-0.55617640751099,-1.09693509285258,-0.841017353640709,-0.382445532055796,-0.581941913254572,-0.637514903966648,-0.874667683577706
0.187638932483006,-0.00232130389581836,-0.236383636728719,-0.418926036511514,-0.757837316716111,-0.592088249613675,-1.13179144161286,-0.761665567021163,-1.56839968271778,-0.661953632058818,-0.804832879863572,-0.829018040994045,-0.399648764401099,-0.588786908724515,-0.681145036869705,-1.00989460797846
0.123909006253542,-0.00158090259607532,-0.218872508704685,-0.411793967428058,-0.657279270728357,-0.652320624010619,-1.07503910035882,-0.750175367386929,-1.12826988357791,-0.782564725969166,-0.83891018000856,-0.97438193269282,-0.416968019785377,-0.641451259750453,-0.580101437303609,-0.992075908846197
0.203553871318896,-0.00122949314754642,-0.185990322519788,-0.439443675429319,-0.73424131791974,-0.629705265768777,-1.10085648454445,-0.801247898309952,-1.01164498146771,-0.673509659853286,-0.78081818607932,-0.898219329351754,-0.392961076163664,-0.600175896628074,-0.62023070225217,-0.97185746184148
0.247936788840585,-0.00546877473345471,-0.178612224348105,-0.405258687866387,-0.734658057582515,-0.644272489827037,-0.973526981582111,-0.825413626213681,-1.18151916048389,-0.670870394411216,-0.638338532640922,-0.942699567354919,-0.387247745644607,-0.611559743751394,-0.629887562900714,-1.01362077242079
0.294651714798428,-0.00297451510307704,-0.155768568836608,-0.401057716058194,-0.701475663678538,-0.641326582994603,-0.988723569664634,-0.68575156202366,-1.98156726214624,-0.645943759254503,-0.98366200750339,-0.817272884378313,-0.415900300225677,-0.524397269457471,-0.612771892443393,-0.953661155547427
0.23515304080407,-0.00342254526606417,-0.199868937290242,-0.413522010701737,-0.717033693627575,-0.6521032470016,-1.20352303363926,-0.733471631585839,-1.43879904203685,-0.673095202891763,-0.782678679954864,-0.879927844714013,-0.405961664073803,-0.520915766174652,-0.673862939816026,-0.917135764461961
0.125391146214359,-0.00171510483856401,-0.101390482634122,-0.399308755711731,-0.764091666602791,-0.651321454989883,-1.01819790412869,-0.784236611889982,-1.13643642998736,-0.58780274390055,-0.639953905328794,-0.859545167625085,-0.446475442760469,-0.575936849624559,-0.611023903254189,-1.04071909375193
0.151606354507946,-0.00371703922866745,-0.19718514063327,-0.369920071622048,-0.672592059988898,-0.663224221218306,-1.06172388625055,-0.760480508661817,-1.45595965239329,-0.576716356060174,-1.09712338768605,-0.803394480984956,-0.375496885286443,-0.632142667596401,-0.59992129731946,-1.00680371126863
0.23938991445244,0.000133931342714412,-0.230011209375446,-0.395129976066775,-0.696881108902718,-0.664243919720905,-1.0296589273397,-0.752024300235085,-1.35552007678415,-0.641200709867268,-0.863218315720875,-0.847882195236196,-0.383016428832864,-0.628163243428223,-0.66721359019084,-1.10163768835865
0.214083432148585,-0.00486769492273499,-0.0967233317722562,-0.37069205666531,-0.760851033359934,-0.664987371197348,-1.09517975739785,-0.708513842227734,-1.29844025845419,-0.667469035151744,-0.741781846417616,-0.887192537485337,-0.402462742118483,-0.588320632673935,-0.602650320443535,-1.01963806161314
0.223857247531149,-0.00667330569896892,-0.202291840409712,-0.411780038665949,-0.819497054403354,-0.573946068666126,-1.10826896242847,-0.767499680329221,-1.67463540200668,-0.588006858619348,-0.916074339023664,-0.756039572885961,-0.421394708391495,-0.616604068815715,-0.598894942752555,-1.03812338496408
0.219866115628602,-0.00237851893863854,-0.253711772953763,-0.383341182978162,-0.723426344006098,-0.680105167658279,-0.950908581258483,-0.786783011863258,-1.52331130799848,-0.727132861637122,-0.751841491440334,-0.760816424884609,-0.388474860900528,-0.613890652897757,-0.663369107549843,-1.0087210974172
0.273763184202284,-0.012139423089909,-0.168575185865347,-0.419221792761231,-0.67267239186253,-0.675731146590905,-1.04000244254576,-0.698221185673854,-1.31167703997446,-0.637937664519602,-0.933152877578568,-0.905710209455218,-0.441568489307363,-0.598490323695603,-0.547742978582967,-1.00509708388722
0.283803798301181,-0.00490772850808852,-0.169343436402889,-0.357071866673591,-0.711235754198721,-0.659903755109453,-0.923179539476938,-0.768849930504741,-1.23468063926186,-0.729818017630488,-0.679668971971991,-0.867483903611039,-0.408498300142594,-0.611662881037765,-0.616367056487297,-1.01337322129991
0.244510647359032,-0.00268232361728955,-0.193713786178618,-0.380183878390689,-0.7271897276658,-0.664079631200819,-0.908350978362219,-0.693807153093382,-1.33381046369385,-0.573695044829328,-0.974676382472996,-0.843100930547319,-0.381749794401466,-0.572855849689059,-0.61313953628865,-0.951032109842741
0.230103211086432,-0.00339857357501362,-0.144405909146912,-0.397304721641242,-0.713425382745634,-0.654825738474825,-1.09123803415269,-0.855511623709727,-1.33350529712891,-0.737986288010153,-0.791677419730372,-0.887288341557511,-0.376242190526458,-0.555557912695403,-0.59913806508053,-1.0249880433699
0.263951609589478,-0.00960190736205505,-0.13716805416141,-0.422573953473894,-0.680559971779093,-0.614124139554581,-1.04303292590711,-0.82909540651531,-1.6164663476439,-0.70009179591601,-0.85318780166284,-0.934324594209497,-0.417948728790123,-0.614695979511807,-0.549659164436706,-0.997324656670385
0.209118572412098,0.000210986271007838,-0.169655535366347,-0.419249268761697,-0.742235752503995,-0.656684177558758,-1.00643722875922,-0.725674992692343,-1.51984127904691,-0.700531387969304,-0.749405103296693,-0.842791870656212,-0.391297760471285,-0.565307669807921,-0.605949474767032,-1.0866371614157
0.0934108999297297,0.00168727567957637,-0.169954058136906,-0.398758243353206,-0.739967242405601,-0.582976383872771,-1.07694248590282,-0.743361065718546,-1.49575606165208,-0.676639310100588,-0.86382433472432,-0.912662269087824,-0.395744294842462,-0.565560726733328,-0.581507650284885,-0.959961578183374
0.305097885474569,-0.0058309466254701,-0.219798821701662,-0.40042020350428,-0.724814116634236,-0.662375357601232,-1.0394429335048,-0.72222017692173,-1.14176289020122,-0.661385133035969,-0.985226311471755,-0.932690636162402,-0.415133763884044,-0.548187676113517,-0.589242968038367,-0.951087119604519
0.211655146498753,-0.00397165485423645,-0.219765037300959,-0.446967110128593,-0.750104303025575,-0.599769260573097,-1.02820660787187,-0.834086923875112,-1.5650999307203,-0.813338392360088,-0.999341407007884,-0.94838484526066,-0.408779349292909,-0.646707663312533,-0.582294861515416,-1.05332933156067
0.257877170141787,-0.00532359207024374,-0.130485368287212,-0.364934316050612,-0.671448310918306,-0.667111142237247,-0.968431064926541,-0.744683161122307,-1.54650295729696,-0.63039116486782,-0.992384624610227,-0.80916941092562,-0.411775351500817,-0.6202171039779,-0.59385289424362,-0.961319028633449
0.251766177486538,-0.00382471315398303,-0.243869894531323,-0.387435841165198,-0.713140621616748,-0.672610348625217,-0.854603936017222,-0.819407472124432,-1.4148509665891,-0.670974092383426,-0.837009342598908,-0.84451661337665,-0.40204653067147,-0.602200490628335,-0.642230561731296,-0.947124258028891
0.30289823536813,-0.00814969883946804,-0.199801936143703,-0.435660101343064,-0.801896627537263,-0.648863660952535,-1.07589270586125,-0.826344377274925,-1.50995564547792,-0.739315967892449,-0.986282595162505,-0.882786845832197,-0.44785344585367,-0.617415425321299,-0.609192406190363,-0.976654149631001
0.262482996777817,-0.00234108898507605,-0.181169828962905,-0.39187366475934,-0.693842671918384,-0.613714983963936,-1.00943393800082,-0.593134417552929,-1.25542029560733,-0.652770316257779,-1.00921351158321,-0.896716555867596,-0.415840778741201,-0.592189541995769,-0.598312364327822,-0.995007841637953
0.0772058277667357,0.00146918552694455,-0.254597407724427,-0.405420301938772,-0.681782753840555,-0.617158203997801,-0.969875874774066,-0.830369440824849,-1.32586612268113,-0.725816028001705,-1.01699669653845,-0.894019100749903,-0.408775204941803,-0.573744945375201,-0.55040488721775,-1.04026482260601
0.0693010055403399,0.00227748770480357,-0.145000932250701,-0.403433975408151,-0.790108992983005,-0.654713511840973,-0.968325956190636,-0.773673315770552,-1.55922598821184,-0.634379906298255,-0.847531341659119,-0.845709759902779,-0.372038446173363,-0.621920159652576,-0.56397167148572,-1.06776456661559
0.193417950875448,-0.00351047751800275,-0.151463183981294,-0.40596013927048,-0.697791529780623,-0.609466207374627,-0.924637442261561,-0.750187245059606,-1.48279695076935,-0.734211148226795,-0.959174498188899,-0.773936359454677,-0.410672863743093,-0.605942600282581,-0.59995387752794,-1.09158179506538
0.24414139118004,-0.00768460155827061,-0.197989777280888,-0.384803239409105,-0.666219233966784,-0.659183035483708,-1.04257414435627,-0.786543170661402,-1.6111226189465,-0.760044879489989,-0.778582071593911,-0.789285848495389,-0.397730850508025,-0.611282650786554,-0.59145733484985,-0.988144359599123
0.159500615395707,-0.00276934557814753,-0.146532245395513,-0.396001770119592,-0.671953299947972,-0.605506169020542,-0.925816546249217,-0.790410268420698,-1.31615594467161,-0.653599608075568,-0.558662918232927,-0.984115379656472,-0.40548138270635,-0.63148256218685,-0.579956014749723,-0.965135306482559
0.184817070670123,-0.000216719957325577,-0.135296715964543,-0.453429509833833,-0.803870597842817,-0.594534236700852,-1.01043779304145,-0.742918684730531,-1.27740685943627,-0.67633101890615,-0.938109406505926,-0.905790543189186,-0.387061048189271,-0.615886310161761,-0.630916007184718,-1.02661541372368
0.259193038624947,-0.0026057078829905,-0.271543872109176,-0.364592780786064,-0.752430071616625,-0.642194876327898,-1.08291478013771,-0.726813336736016,-1.41426746989369,-0.560933861108441,-0.783150671798003,-0.930214046383626,-0.394470398779246,-0.637725505455752,-0.543829859434447,-0.957787472842125
0.155416079930429,-0.00561296021607379,-0.18487695827527,-0.40736754434315,-0.803520897656145,-0.602041070098689,-0.808167068419533,-0.793032529591856,-1.18001547281575,-0.693873162289539,-0.741210919576787,-1.02709037246257,-0.410767304226989,-0.601717141969033,-0.588914048350276,-0.974258254335646
0.227560216705102,-0.000363667210581964,-0.149083175318885,-0.414838874560465,-0.790524393587467,-0.683348408899581,-1.05828200369792,-0.810976293202979,-1.40007746361275,-0.735698321062921,-0.994104649995922,-0.855546482756078,-0.421873981431121,-0.643927564898534,-0.569969192934223,-0.935455408532212
0.199260041540314,-0.00256528919230925,-0.229673238228901,-0.353777400219699,-0.626994567537101,-0.602563889740688,-0.9457526279053,-0.740307798154462,-1.57040270406098,-0.683021661161322,-0.82876593913737,-0.927320790308372,-0.391072784628816,-0.572848759717402,-0.590529855393071,-0.92285071245435
0.16089499842157,-0.00172351669223721,-0.245840944605238,-0.372341321350393,-0.693560345562706,-0.660038216412633,-1.09810966652612,-0.770749147776686,-1.27855165009862,-0.64351063145558,-0.693186369228406,-0.96623084057715,-0.397081667484758,-0.640620286911604,-0.580572608208138,-0.962728296146039
0.242373773596488,-0.00463050152709353,-0.197467475806997,-0.406665005285695,-0.69581513937125,-0.639819326205278,-1.09932283037473,-0.759333813200853,-1.67656668660654,-0.585032313439266,-0.91887216425649,-0.938599260036026,-0.399165977761939,-0.609544524414352,-0.564339157183465,-1.03757796936801
0.211522745624571,-0.0044461972172675,-0.23229742667017,-0.414268523014756,-0.72262746823748,-0.653897156055613,-0.985451783501346,-0.853099939077618,-1.45170373860795,-0.809254613316503,-0.94330335388665,-0.883772610470098,-0.432516279389485,-0.62205602179795,-0.632503500463775,-0.993608791594782
0.133373556837077,-0.00230274937434118,-0.149282719162255,-0.431870882345093,-0.705518552316713,-0.650402977980118,-1.07636584435593,-0.740193032423928,-1.25498363926726,-0.71234755426798,-0.797723958959782,-1.00316548542609,-0.411448931836867,-0.587710889816651,-0.591767680413109,-0.938086698950128
0.167527525871267,-0.0015571581908578,-0.177980946735694,-0.399816874094291,-0.689744478159117,-0.613248594786747,-0.917628249498254,-0.662501604857818,-1.28554655769279,-0.621801913988811,-0.988909573661563,-0.917066118197371,-0.426907852483648,-0.576803265270435,-0.617041483717339,-1.03502271103371
0.25418692474459,-0.00555380874256077,-0.136299428302704,-0.381068502206646,-0.629259047698794,-0.635847466908521,-1.08573666993346,-0.769675666431177,-1.44981106141457,-0.669189013483599,-0.82569150517869,-0.934187761447612,-0.42127211096376,-0.594280189981987,-0.604502150237792,-1.00347187782892
0.0813365610571734,0.00243109819084456,-0.250171695702471,-0.391859736779647,-0.720465981016392,-0.601280221235357,-1.12088553205248,-0.710369067806834,-1.06724523987357,-0.505251240879979,-1.14618088352997,-0.780062345466673,-0.405488536117387,-0.620221092234167,-0.603154610988861,-0.966554335995793
0.215669245414145,-0.00185021174996705,-0.205305003614362,-0.407166304192028,-0.76324243097026,-0.703189233307443,-0.911973466473346,-0.799369465917557,-1.48626726775103,-0.681767097691431,-0.792393917569832,-0.918530778023634,-0.424083010669723,-0.654940017413734,-0.602217186622476,-0.957976696607124
0.231933546699693,-0.00259339113351245,-0.264687806267246,-0.400170461246957,-0.686235946603135,-0.625049510317567,-1.16989930563985,-0.833079208751064,-1.53993357195639,-0.628339466488818,-0.908997168656675,-0.845713238366547,-0.439522868469278,-0.582651213324115,-0.616392380912792,-1.00553745303457
0.24403303631684,-0.00616803999009658,-0.244704128044465,-0.430666117207914,-0.72808599009997,-0.686386631778359,-1.01682874256283,-0.842219229320207,-1.32591004266434,-0.722592208794322,-0.686902065731987,-0.883794487563171,-0.370704403104283,-0.583985674866721,-0.610875235378741,-0.943391643036632
0.222696027437061,-0.007062681373033,-0.204912773655533,-0.429009975604844,-0.746531104076607,-0.625231764418297,-1.2489530539151,-0.750917208152091,-1.09843989586052,-0.549622998416465,-0.899674129193897,-0.949914082100571,-0.388972768784769,-0.611540714763618,-0.599308326364977,-0.967364281816318
0.305846484929206,-0.0043645515663718,-0.184945748889767,-0.407305319904588,-0.692805017914025,-0.647175645252043,-0.945242370701627,-0.773774941965993,-1.2197364791622,-0.70972043314947,-0.79987756574946,-0.846186810502022,-0.400989984222583,-0.524325636189494,-0.594710325517127,-0.919261047838818
0.166552865147752,-0.000186504645424308,-0.192767408425572,-0.386953381815774,-0.704356724062235,-0.66457886741407,-1.06659411951314,-0.762365135224972,-1.39524052541298,-0.734844675381567,-0.858738381533554,-0.813827248090873,-0.405104368604329,-0.568454347587985,-0.611201746454533,-0.891877845154933
0.272097030787745,-0.00312606409308853,-0.14643894155795,-0.389322160277065,-0.686852390196384,-0.65675778860709,-1.02845485808644,-0.77529041191611,-1.31382141601218,-0.686830974670108,-0.958900575467244,-0.790438127000465,-0.370595485566144,-0.575316523338656,-0.613588346370949,-0.955796532659275
0.219638414181196,-0.00244662122313219,-0.219259930578026,-0.411142792872292,-0.701949836585787,-0.594347912129648,-1.0737739940573,-0.738956107095782,-1.22001828940209,-0.670372580313337,-0.80726922940332,-0.88109259739873,-0.395129068524599,-0.618402480529969,-0.602845895050459,-0.947141491499381
0.264822720424394,-0.00300313049504419,-0.214832964736892,-0.422059688341939,-0.638427359315307,-0.647037695289572,-0.987310253121565,-0.727805821626665,-1.02828466444963,-0.649861218155936,-0.857798027867863,-0.80718121608832,-0.396938643596885,-0.587947019868151,-0.542780966668475,-1.03927621792531
0.28639524904652,-0.0074615586447162,-0.182562953233659,-0.416183690721203,-0.63387310619594,-0.670687839453759,-0.880262946137319,-0.805150837447508,-1.32093269714911,-0.768795322768688,-0.677509762032966,-0.857782155869901,-0.396471887479351,-0.630949419660431,-0.580739432146555,-1.05051373155066
0.0264571880692041,0.00206912856091183,-0.222818881172857,-0.368681514166177,-0.689730289326923,-0.664612095499315,-0.969250354204816,-0.756512985011661,-1.62169082910485,-0.563344249810315,-0.753514770997283,-0.86205577539148,-0.394384479542046,-0.649366597960518,-0.569977008897529,-1.03339794303984
0.268310949312814,-0.00619944939762234,-0.271088860929287,-0.374392352288053,-0.709091717257793,-0.642702135240195,-0.901590101837953,-0.723176687159654,-1.60617937772962,-0.733707945554592,-0.590253632772043,-0.827830877234252,-0.402935568941058,-0.630319198906152,-0.648046248041282,-0.99430375000243
0.278878415280235,-0.00402995152564578,-0.191703013721525,-0.384338950264675,-0.726268485338556,-0.663204615513017,-1.03853330523069,-0.848604656731606,-1.49232497977258,-0.646396466695897,-0.844090372239519,-0.802678209577155,-0.461214730722558,-0.586916476818465,-0.564905839753341,-0.959634703869827
0.223396199550446,-0.0048660936429552,-0.219607062349629,-0.415821136403304,-0.69066241244345,-0.653219397286951,-1.00652867438653,-0.732398358732665,-1.25030286855135,-0.762580938945468,-0.811809523824249,-0.844070734718359,-0.386757122850272,-0.683377066231981,-0.623489172392267,-1.02385770972188
0.170162012470947,-0.000613131700233108,-0.147772354374915,-0.418062209634405,-0.772666276770486,-0.675112427180387,-0.983126632304663,-0.755229985534132,-1.39605069110141,-0.725780467312797,-0.979393594205159,-0.84685384694245,-0.411992496723174,-0.582202439153368,-0.602048892049688,-1.06313649902637
0.260240232178997,-0.00512306646157936,-0.150738158454926,-0.40241699721646,-0.707560891590387,-0.585874028876015,-1.11547230257166,-0.803587824952297,-1.50950980390308,-0.688224081380363,-0.679697376408058,-0.921163503558895,-0.368953872324448,-0.606530775462945,-0.565632519206843,-0.907398792938885
0.135521566705488,0.000164841029888505,-0.130535152319982,-0.392517597543796,-0.673012322587339,-0.632754845113453,-0.903318051287864,-0.725235119514036,-1.48703485228822,-0.637194060202221,-0.773401763198411,-0.83361254871011,-0.381049801088518,-0.588489916550766,-0.63138621897698,-0.910881853426499
0.197932603335107,-0.00249791482935602,-0.183005134244347,-0.428195575854602,-0.645679033465179,-0.611837472675815,-1.14288857097725,-0.828427420392014,-1.03927679560308,-0.701501967971295,-0.730420632417525,-0.945400309846375,-0.399180250073555,-0.621572026244486,-0.587216554289285,-0.984045781746312
0.136248046752184,0.00253981382698144,-0.164505339942222,-0.376886954430491,-0.637131830006798,-0.666026320950118,-1.09096845272175,-0.685205067661697,-1.25698141822176,-0.715066045263318,-0.929765489795853,-0.749019158216564,-0.385917997338268,-0.582045902341585,-0.604004707204265,-0.976397768210759
0.239977935840385,-0.00286666724144058,-0.196555250379676,-0.379855904613524,-0.734197094721806,-0.612513252167581,-1.09728142420664,-0.759994790980615,-1.44518956590191,-0.666917622532914,-0.993622898420908,-1.03875061550551,-0.419024742743192,-0.606109092025566,-0.549972886415372,-0.993975801713914
0.140213065224738,-0.00276844862715847,-0.25797721130811,-0.427312239664006,-0.797684820796169,-0.660430438982748,-1.03830993639142,-0.769813849113216,-1.42244479050134,-0.732417826296263,-0.772658390365116,-0.938240916251162,-0.401031140220395,-0.628084465829604,-0.613622601801727,-1.03188654647194
0.150910515598409,-0.00162748675227844,-0.206203790063964,-0.424375732953533,-0.743022831245448,-0.641402304945954,-1.15471036271272,-0.805855524339572,-1.45222661024195,-0.710836701596526,-0.976333384876278,-0.997490936417392,-0.370955385588925,-0.591589916760898,-0.642564135345057,-0.995913819812546
0.300902173986116,-0.00729020825487315,-0.173577598384034,-0.41209224162106,-0.608485935571968,-0.627918123167964,-1.00055644755463,-0.815336371730196,-1.06493474706685,-0.681939185630914,-0.766842883174502,-0.971851174339544,-0.419622744096826,-0.5888340979722,-0.583255305930522,-0.905081856260214
0.216301448247566,-0.00446709891985988,-0.182504832053992,-0.421168456258094,-0.740077014987139,-0.687412385798293,-1.06112960014975,-0.769781681528415,-1.3564434277866,-0.670114138267069,-1.03715579393911,-0.900503321099392,-0.412959852228073,-0.593654274429399,-0.578215671125636,-1.08656561926011
0.181701712823875,-0.000224064501753329,-0.223944079207404,-0.389871591843881,-0.762248758793753,-0.670828092762145,-0.995016226174525,-0.841699973263794,-1.5156596192839,-0.778398373476657,-0.983533419555118,-0.91279190325423,-0.393811387322756,-0.62204281177474,-0.597782562595139,-0.970494227878283
0.251371438710837,-0.00334977888840697,-0.255894752979051,-0.37140128561458,-0.724599416447657,-0.646514490727374,-1.14823178677834,-0.82176555020034,-1.01151339476126,-0.738198594129122,-0.830231584453356,-0.89320786465473,-0.428866837044413,-0.607537317404459,-0.63059235655857,-0.98854620594942
0.27058675696736,-0.00234681185187733,-0.162045244438694,-0.383229326334497,-0.719866275109931,-0.633619783129731,-1.01678520181345,-0.825586321074765,-1.30057751021792,-0.730400723930243,-0.949353811838197,-0.801018265868075,-0.3840417445437,-0.570141978111668,-0.627367656826316,-0.996374410863893
0.264861870760751,-0.00352608402114872,-0.18724162002977,-0.366915865380304,-0.767071180939544,-0.618242838877888,-0.953307778220072,-0.819766518313914,-1.55051664307459,-0.854165468033696,-0.766129243037259,-0.762240260725139,-0.407351259406939,-0.599424158618577,-0.658026417296956,-1.01893288046538
0.285447332423283,-0.00332230121959709,-0.149928306797565,-0.376186138438788,-0.719783834074186,-0.672058779169188,-1.05414305870318,-0.704514873093468,-1.59661377288014,-0.665550818024654,-0.846707225731505,-0.84911884915998,-0.428458342118624,-0.574151534054502,-0.599272996331843,-1.0156310962851
0.0773144238000892,0.00138988411597492,-0.243087273553862,-0.410894081256403,-0.653154500740813,-0.622523007061842,-0.993731874897835,-0.697939433002283,-1.28022987084171,-0.619254894699281,-0.974703056215736,-0.880555978446715,-0.377019149153079,-0.589010521892607,-0.56263853151116,-0.930538654337082
0.263563919149986,-0.0025797258345696,-0.238368824487249,-0.40242607960509,-0.68203327594225,-0.649636985529766,-0.977097695437892,-0.712991639248641,-1.3631122552739,-0.624396064549814,-0.967141830851593,-0.752642424484218,-0.420411546365446,-0.570775368021107,-0.603364854176291,-0.916986665297309
0.326535739705594,-0.00729942034420246,-0.237391412263421,-0.400446719791295,-0.784272112258533,-0.678445432310592,-1.07005581488823,-0.791061060293435,-1.35586508077107,-0.640476517025394,-0.803135191461132,-0.75253155589802,-0.382930494515199,-0.604183676860116,-0.609318032827534,-1.03280689701818
0.169021346272714,0.00159378193832031,-0.188262523399724,-0.381725043292495,-0.687647566111083,-0.649267431038256,-0.985790081276497,-0.811718882020439,-1.4213409029231,-0.631829266741191,-0.95552491388863,-0.829891192650649,-0.446658317019064,-0.614479933368487,-0.555798204644421,-0.947839876847482
0.148168311724231,0.000885210087386653,-0.177254427976936,-0.40591278567003,-0.68684709057285,-0.67736346088427,-0.98435344671654,-0.78717939931416,-1.60300500675823,-0.765620846190455,-0.822341369161409,-0.760156084634765,-0.399531162349848,-0.654866658623807,-0.632647877831289,-1.03408301782684
0.132702583343298,-0.00265377382741799,-0.191482120844436,-0.393259886169366,-0.755666321399155,-0.644367330981972,-0.854102103494424,-0.710969682958039,-1.51967999073015,-0.641555027847954,-0.932886576646943,-0.748179643233807,-0.387134184615327,-0.634379579951971,-0.591607974040464,-1.10691593141451
0.289342953873469,-0.00127196766980718,-0.192713461104071,-0.400370452517456,-0.70967279396929,-0.7006494075806,-1.16125071246114,-0.741787857569614,-1.39766090978553,-0.705431277952501,-0.824091852117057,-0.861895621797062,-0.398405746105648,-0.548870585359755,-0.599601413726618,-1.01554803061355
0.232227970898155,-0.00518353707073702,-0.191886334608737,-0.402106865703094,-0.73852404473861,-0.686326104109294,-0.988604974246168,-0.734517073510183,-1.44943551597519,-0.731314432059971,-0.9522492849318,-0.846840272939347,-0.372979770668066,-0.65286855398521,-0.60061744303612,-0.955067800701855
0.122876054082919,0.00170056473605164,-0.268007700491982,-0.404900016056164,-0.749956435501782,-0.57652154198645,-1.06668191992006,-0.685562465401494,-1.51995159351043,-0.796105108185188,-0.820913614516387,-0.888459589030362,-0.413286396254053,-0.614217469913888,-0.592799858663384,-0.89133199605104
0.267254612490361,-0.00523358331549675,-0.150132589065703,-0.41128181378775,-0.660737122153186,-0.600488851971976,-1.02188206250017,-0.697641459713736,-1.44931343691063,-0.675810364689305,-0.911689017126661,-0.889358575142302,-0.393314989877681,-0.566689488537784,-0.561644835083698,-0.960986912795553
0.138577671051457,-0.00226913086036021,-0.129983642017963,-0.430282805655265,-0.723869668740737,-0.580710169910414,-1.08111874679843,-0.811142458381248,-1.31059303971689,-0.575835755184098,-0.870317353116762,-0.850107246372599,-0.412860347461572,-0.599200547915791,-0.610267088600324,-1.03552122170359
0.141245655744528,-0.00410905507690294,-0.245494108686234,-0.425801536409704,-0.75175307440822,-0.64704995540738,-1.08490872968218,-0.793010057702133,-1.29703995285236,-0.69122246308755,-0.735860768128652,-0.785717961726111,-0.429608589310286,-0.618503530440836,-0.599029492309795,-0.97104513051903
0.348678146703785,-0.00843520745919825,-0.159246634073838,-0.403087223309488,-0.659077533517362,-0.676362480386135,-1.0573384902479,-0.771166805892354,-1.19173187149051,-0.608705180416006,-1.09609203727333,-0.883185722679528,-0.391028008869353,-0.569738567656073,-0.596507515193157,-1.0382640150734
0.356538228365582,-0.00777802511163662,-0.212537983193008,-0.41599077424444,-0.744089073344664,-0.631977832906171,-1.01267809794741,-0.767091952799243,-1.39282675637158,-0.692586110050628,-0.930474800778218,-0.994035728177783,-0.401277098102045,-0.599461761562555,-0.580617623901026,-0.953300129565045
0.221637869244743,-0.00577160345096797,-0.157716179403724,-0.411918854484245,-0.796878281881015,-0.617384386679496,-0.905781514223279,-0.728572420254689,-1.27258473905483,-0.72781580723618,-0.74150147607866,-0.859078254286755,-0.403636164924319,-0.599905747154461,-0.5712789452412,-0.830003596147701
0.230632763407487,-0.00325339490332645,-0.202290024461928,-0.420617131767093,-0.710343417978612,-0.626490340385121,-0.942478269603838,-0.798556127352119,-1.41905634033592,-0.615296966834828,-0.91634025512822,-0.949583983860173,-0.412052468369195,-0.584054602128996,-0.59060348434563,-0.962086621366248
0.208549191715418,-0.00317933095980404,-0.157035818663619,-0.42995772828936,-0.739267900922158,-0.616620151959869,-1.07702312185211,-0.744518981744638,-1.57619720043696,-0.583814120868389,-0.708249273899293,-0.875560156472868,-0.391763977225132,-0.595885873358924,-0.596522172760211,-0.999737800754607
0.231164880797266,-0.00397423958768455,-0.294179243359067,-0.415873433207897,-0.728422523797882,-0.582722693996357,-1.08475194552822,-0.762981315530618,-1.42557290109507,-0.737482858306136,-1.10263238862961,-0.905509226795159,-0.381048918520543,-0.626872281782728,-0.601857675248511,-1.02616243900953
0.333747782571446,-0.00881147891904676,-0.176747127814691,-0.409527315147226,-0.618190710601303,-0.627255093998105,-1.02166802709582,-0.74102963819177,-1.29328144756167,-0.613902921491485,-0.983595421700876,-0.800568557557974,-0.386498240377978,-0.652791923183326,-0.577745496321947,-1.00418469394835
0.323153145455023,-0.00496898075261499,-0.181473166867485,-0.358938463271652,-0.67311403308998,-0.665431934881665,-1.15878386274376,-0.766649272269867,-1.60418403095386,-0.75123221606273,-0.943795483185634,-0.907956799484756,-0.398023185959264,-0.615447921769902,-0.628620764225079,-0.955069052466549
0.198781088342568,-0.00487827796220815,-0.197772669554337,-0.427741849878825,-0.748005007689428,-0.64851380392053,-0.918966746953724,-0.854768761244886,-1.41189189781105,-0.669806011236031,-0.879121623824998,-0.833237532161815,-0.425255988852024,-0.609882261014955,-0.586694104234614,-0.992470289699955
0.245614783493467,-0.00169557345136959,-0.237021053513865,-0.42372615752171,-0.710473803197436,-0.639731768976941,-1.14730130309125,-0.688086456586094,-1.48841265260005,-0.667506236954946,-0.696200500537873,-0.851733811638832,-0.38598405026022,-0.621444967265037,-0.524150942992032,-0.982695120463353
0.313829612633051,-0.00886902500428909,-0.245223599322821,-0.402651927208153,-0.674020773688498,-0.643404196191458,-1.01981701708065,-0.7721414407631,-1.38545394828715,-0.619521739706083,-1.0364636698986,-0.839931006146637,-0.427393758310017,-0.546931939107575,-0.580815244039556,-0.938539279489747
0.306394597591916,-0.00540214805931612,-0.116714691503445,-0.41827402581334,-0.712383813005619,-0.607676637693882,-0.975476368710586,-0.791208154344127,-1.34725393473407,-0.615455648994961,-0.695329199939954,-0.855915688063301,-0.41213611381437,-0.55840567550595,-0.630733973346488,-0.973686750703282
0.216377099001727,-0.00213039985279114,-0.191970083824487,-0.397949358042646,-0.770523097302974,-0.643353366195492,-0.906715764098251,-0.77979350120204,-1.54513356731666,-0.683582496317223,-0.880696336660783,-0.839645559938625,-0.427062359575875,-0.539968686132686,-0.565553227931548,-1.02859160432023
0.24569658119978,-0.00615298324229724,-0.218541660138844,-0.426072228184418,-0.729324019248888,-0.671483986390282,-1.04342527858453,-0.807332448887942,-1.26598789998915,-0.61524678314959,-0.937194792306638,-0.877738009857726,-0.427352660539028,-0.622800955897416,-0.591089386559461,-0.925287607552509
0.21018590376246,-0.000798650462537897,-0.147912946033928,-0.359848589209868,-0.728508649756211,-0.637400466568004,-1.12241070599306,-0.747474376464099,-1.09616844587629,-0.712870543151444,-0.876086882046669,-0.817644596456747,-0.444696241208817,-0.573431016870321,-0.572311047731974,-1.03494605637512
0.235925825972166,-0.00499551824048288,-0.142374334144384,-0.38953716029235,-0.675493921536126,-0.58786780952201,-0.981608666228518,-0.699693792870548,-1.29805572851904,-0.583285215079132,-1.06091396605195,-0.865499997057053,-0.451930773536659,-0.65762819971741,-0.579042575731429,-1.0636447647458
0.351067149692625,-0.00865842155529508,-0.084163999597651,-0.369848410093333,-0.730101372734173,-0.682736211497979,-1.0483248715032,-0.839283846944111,-1.50171932384774,-0.630907208797497,-1.02755126307257,-0.801354193434662,-0.410229758447295,-0.636229578816239,-0.567016318974712,-1.00890474792219
0.392676850886952,-0.00597654096538464,-0.208854950810194,-0.395638144315891,-0.724275004624967,-0.628249474426945,-1.05321041895961,-0.810891542022014,-1.2742844048508,-0.69001018036324,-0.931914881781427,-0.786864645367199,-0.403380799906798,-0.514832107906433,-0.638728440131755,-0.992412488843097
0.246478987644068,-0.00358739478811396,-0.224850813067201,-0.405973278925505,-0.682424716196306,-0.579418328147622,-1.03201897270233,-0.735177394117591,-1.60807929833516,-0.673881275695094,-0.996081954119258,-0.859245277062936,-0.414008158075927,-0.611337544793057,-0.611023023982311,-1.00699123755074
0.273603798826186,-0.00130303527374875,-0.213639935682957,-0.40328637639635,-0.676089248462086,-0.65433141959895,-1.17009727010409,-0.764610401748972,-1.24535840012646,-0.794194102423993,-0.890283432640468,-0.827380773563234,-0.411283014462471,-0.578144015428934,-0.616434221578327,-0.9500035902106
0.334263036468871,-0.00572466244655269,-0.187583911132027,-0.380644373704516,-0.728367681716896,-0.685083365309502,-1.16278094704409,-0.79748787202922,-1.32673973590382,-0.647682562064788,-0.988837732523622,-0.869873196116303,-0.411828976722741,-0.599627375061755,-0.557817702207638,-1.04936063371245
0.274178461193539,-0.00436174311327814,-0.183961113126418,-0.395014510918356,-0.718608541431859,-0.656061409908487,-0.973347475206737,-0.731304951883597,-1.58478431755651,-0.592814683522058,-0.826214122846575,-0.862542875633167,-0.395598493810808,-0.606915953178365,-0.657846564381922,-0.933583491611516
0.0922152286376338,-3.55624042358408e-05,-0.189394850138347,-0.399771636787887,-0.801651623072788,-0.664168614260732,-1.1132795079765,-0.838486498533051,-1.42595380456453,-0.709290111254072,-0.727179333439226,-0.853541486408052,-0.39267847303519,-0.564178474165372,-0.62538503466213,-1.00293259413261
0.199069389523589,-0.00381805061465347,-0.209182096914995,-0.412991678257355,-0.704417174151402,-0.645334485041012,-0.898390159273941,-0.799858106211903,-1.12119049287967,-0.665467419959079,-0.818345997025723,-0.954263326612862,-0.407999865411636,-0.658951992738361,-0.635173631123699,-0.988111398348576
0.212073058751761,-0.00528452487092776,-0.226130840269669,-0.419261007904585,-0.68855357712734,-0.662583683317538,-1.04065277998371,-0.744872958065547,-1.44196377072741,-0.653323051505327,-0.821947144902591,-0.826071332052742,-0.428273088193701,-0.646857989432796,-0.557229920709774,-0.947658993909017
0.312103591238065,-0.00723307688851713,-0.243637186689025,-0.380673737514491,-0.569741321890801,-0.638887534632436,-1.07598166722132,-0.85573703826789,-1.56086237129874,-0.684749778096625,-1.12052742320228,-0.792218317022018,-0.36938408587572,-0.572964576541375,-0.569597183062594,-1.02099773147673
0.120488137542684,0.000959260930952683,-0.231191324155307,-0.431183246572136,-0.773888709585554,-0.704751622918259,-0.965144460213327,-0.80765734711564,-1.71053012135208,-0.677807136764196,-0.624790101483627,-0.853115366121899,-0.407871928498328,-0.516693892535064,-0.59113212821997,-1.13961578569976
0.265665604547152,-0.00861745533693295,-0.154015255153173,-0.404393793525683,-0.656736103215033,-0.622093499107851,-1.02332805482313,-0.748257509009905,-1.30632357173845,-0.706831637189665,-0.909965665932482,-0.854832779399031,-0.418480254018776,-0.628383550308119,-0.562013687015673,-0.785998906115002
0.285396779902952,-0.00546507544343293,-0.17087642003992,-0.399803971342676,-0.733462188876912,-0.666146244220697,-1.07876006718168,-0.752523287595384,-1.26374296533685,-0.691164348363057,-0.753245975759923,-0.917146582698036,-0.413478836320247,-0.596880319303384,-0.575333255701295,-0.951930667832332
0.227829961375456,-0.000975385227987844,-0.19295675559776,-0.43052661400619,-0.695744455540634,-0.601754640451668,-0.993311140103189,-0.691081674775085,-1.3354993167698,-0.670506843872896,-0.788744117065225,-0.888365019502134,-0.423266751151438,-0.586421860021614,-0.564979070453707,-1.08942056467397
0.187684570598771,-0.00426554861279473,-0.269577918772095,-0.395299573991989,-0.682434560427917,-0.667912128659489,-1.06986931080315,-0.812968221990614,-1.47817646002569,-0.568728729867751,-0.849464806184427,-0.94584389681651,-0.406263882850823,-0.591930577543605,-0.564270420019432,-1.00972686884715
0.102672560226389,-0.000119954703230706,-0.126367972514799,-0.380540608992412,-0.679515453894567,-0.640652668863854,-1.09246121621088,-0.783908297470202,-1.55757592312361,-0.716968479044928,-0.669149106948725,-0.915532255062124,-0.403500172275588,-0.633652877843006,-0.588117575181675,-0.989475427965655
0.228292649639292,-0.00265746018397463,-0.113295197975275,-0.388208472926233,-0.704449123367663,-0.67369105425563,-0.902254351556951,-0.727583880479373,-1.2914870533796,-0.681255721565916,-0.703762300028109,-0.820703651229457,-0.395490139016417,-0.611379615530047,-0.620192516613947,-1.01664158659275
0.2469931265631,-0.00111955837814813,-0.224341793363273,-0.394958175441928,-0.769549377534261,-0.670922913818442,-1.05843669391466,-0.779772046960897,-1.27860670907374,-0.4929346500164,-0.493843960679387,-0.769269770917355,-0.40370129868181,-0.590427870811922,-0.580793649814348,-0.91944406322737
0.290740954693332,-0.0118031609711709,-0.271407611615393,-0.385585018596933,-0.720843737393795,-0.643576881472644,-1.0821220421832,-0.76658101011566,-1.5801619703968,-0.618097723690938,-0.993888060727295,-0.890247236652335,-0.409902301907377,-0.573314795194077,-0.625163240775048,-0.921631209677086
0.216407781710567,-0.00677973163516882,-0.211486971273634,-0.417972352670655,-0.665107382127796,-0.613991979241681,-1.04620709801615,-0.746888045120263,-1.23673315854208,-0.608693914983931,-0.673472851951037,-0.927708680483685,-0.386283346815232,-0.574576764985536,-0.639751386573415,-1.00835508842711
0.320559283169908,-0.00439656066885102,-0.223638489902894,-0.398340249794714,-0.801472667561996,-0.674471851875484,-1.08451347591829,-0.811754405929302,-1.20787544986877,-0.755947782588726,-0.996993863075185,-0.802209094821844,-0.404749522656177,-0.592389823006594,-0.60157287362444,-0.907749560851629
0.217897027033133,-0.00216520758804102,-0.131029873087261,-0.377623950809168,-0.719752808700389,-0.675105041068941,-0.94483009969931,-0.817734849621494,-1.51619617602785,-0.636916523006563,-1.21087387560327,-0.893362048119401,-0.384934394525943,-0.641898913404967,-0.574210168692584,-0.97945138647599
0.107102929669343,0.00165021930597507,-0.198866614170335,-0.431327887660902,-0.672053415557582,-0.643176426782956,-1.02423154876243,-0.800508149615796,-1.23905762148426,-0.713409513087336,-0.682923502634229,-0.878233281386843,-0.405154071664958,-0.589172344705639,-0.567434348505871,-0.970487714159703
0.160793877955882,-0.00146026567799624,-0.202227228895201,-0.422542727678903,-0.671262701426221,-0.61465964528259,-0.907866790907682,-0.731208090600592,-1.40101496569913,-0.788275356815185,-0.911094056867355,-0.897930123513606,-0.425636541551791,-0.623705404903448,-0.542946598837112,-0.933684736558591
0.402754268404872,-0.0054291772007674,-0.164943704174522,-0.441972795579747,-0.6843447081265,-0.626036457843495,-1.17266813005417,-0.73844225044155,-1.2734972586641,-0.70283987042575,-1.17831364568971,-0.808231616859962,-0.42264995349787,-0.608168074072783,-0.578769162752756,-1.02358525220274
0.176025681637198,-0.00613743805149697,-0.194359368379141,-0.374900271953433,-0.690751042747138,-0.55754079001793,-1.08443131968345,-0.796126029259196,-1.3649434857993,-0.652199718887257,-1.0866796451915,-0.809130509629512,-0.417435452382001,-0.622392729325708,-0.598854947102602,-0.928918960637059
0.224024149278442,-0.00673235389227752,-0.227753852035887,-0.403180800715448,-0.754017060873008,-0.681053360096469,-0.980354553637569,-0.749936495412511,-1.43969498021269,-0.675388203147903,-0.746276920474937,-0.805823514223539,-0.419698046856061,-0.602064760555959,-0.533270450873643,-0.966250945162662
0.230567511161768,-0.00200122282375511,-0.168231596861816,-0.422597965117646,-0.691627103589206,-0.639461323261434,-0.954996494932436,-0.816608192506111,-1.27547121201221,-0.806748819220603,-1.19768023443732,-0.706033235311775,-0.446351952453607,-0.600850890234942,-0.626853436128085,-0.931541171084751
0.142120695558889,-0.000707139104012538,-0.233284474790615,-0.373753858858808,-0.721859193801986,-0.587920510384133,-1.05141255203583,-0.741186895564051,-1.38467471724475,-0.76863231374958,-0.886423307015512,-0.826244663633926,-0.415005548449808,-0.55793439652164,-0.554850710494968,-0.993371767739935
0.286070039037188,-0.00756069815612818,-0.235312507773994,-0.402229576532328,-0.751388253044469,-0.667861604736415,-1.04200960890808,-0.790892747355907,-1.46500401359638,-0.578848695025677,-0.77768964061466,-0.886090206490899,-0.420099727826671,-0.601904014422567,-0.610850592356549,-1.01563619685138
0.150435639575815,-0.00667018420037476,-0.229779687044325,-0.400228958157102,-0.682219193548334,-0.651392343567628,-1.08306527977752,-0.793182616961541,-1.34045487334737,-0.71187608812951,-0.77531641651055,-0.948850298498667,-0.428664951689718,-0.623478272576712,-0.583102429794288,-1.005400534775
0.297945437437738,-0.00240937848384009,-0.194417155058933,-0.382441302292849,-0.720848615543598,-0.680376308914846,-1.04552162226378,-0.797187177453807,-0.892389407222662,-0.777538397598522,-0.973289357951732,-0.825848644056651,-0.383096191369696,-0.582105033979465,-0.563663674429681,-1.02868538919713
0.133385008528644,-0.00137942939342488,-0.304334714043889,-0.407714252854912,-0.690086221360792,-0.673178411843331,-0.985930934372639,-0.70637699048792,-1.29374523505608,-0.67869831179199,-0.95227179357627,-0.859274034366175,-0.366364259069197,-0.612483766819286,-0.587298109998284,-0.947786884323581
0.374599666085496,-0.0102042484600166,-0.206289810473987,-0.406752157581229,-0.703836686169879,-0.638084119793176,-1.09514659790619,-0.795984908175904,-1.27144861340943,-0.688595177664599,-0.824714848300481,-0.848054841634633,-0.383082050055969,-0.656522384123899,-0.585864837866775,-0.99000029094151
0.25715653907079,-0.00443553888098354,-0.230752395424762,-0.397674338680899,-0.699702655258146,-0.68900414959904,-0.993692063080382,-0.757925483624469,-1.18787159446666,-0.700290929582862,-0.91511099214546,-0.772550134583437,-0.385768439949606,-0.585109550976724,-0.582658252371067,-1.00332767613185
0.272106483864071,-0.00696022115058115,-0.211937109480848,-0.39733716253912,-0.750994184053316,-0.650069999237301,-1.09011857720931,-0.754907124705756,-1.48088283208043,-0.725666450014009,-0.825153655161793,-0.870231845616225,-0.417014886673215,-0.619354713690176,-0.560691529098614,-0.94837317148865
0.169165705052151,-0.00621373963360291,-0.129071533650824,-0.434016306001795,-0.770859749907404,-0.619660678136551,-1.08366104240011,-0.699169689847407,-1.46554727208368,-0.548337049257706,-0.982309418085421,-1.0227328167399,-0.40658935522115,-0.585386955945424,-0.607368726684867,-0.919670612367681
0.269036186814325,-0.00604503761314143,-0.262313195986486,-0.39048705119701,-0.703067536539707,-0.65824673830476,-1.09255415476544,-0.731778705671536,-1.25162814687873,-0.585278131437608,-0.651016408229378,-0.792208379750295,-0.401206828990941,-0.578978027297975,-0.553662063928044,-1.01830384784078
0.255026744669387,-0.00140021267383594,-0.229570793287248,-0.4005630845977,-0.707976534808755,-0.605203872819573,-0.970411102494248,-0.810000446644081,-1.32448394037753,-0.6298685971965,-0.73519950400213,-0.842561309773944,-0.443740196942292,-0.565711162265145,-0.624042425576473,-0.981398925561567
0.223053888467185,-0.00278416311307757,-0.239456188703307,-0.407337884304055,-0.694379647042556,-0.678285530953834,-1.08229102988296,-0.791728474199898,-1.27248655000773,-0.727656970868019,-1.00964859202486,-0.948495172387983,-0.417246131273858,-0.576064824345527,-0.576394271689331,-0.98619446615924
0.322366494283976,-0.00559893665242881,-0.185230830055034,-0.390781890547533,-0.563753242874706,-0.639389133305556,-0.793570263573613,-0.76037694723091,-1.48541003878612,-0.706639333137861,-0.986004205523474,-0.88458792915534,-0.388878798389806,-0.61597913028893,-0.634832763467135,-0.945920706077676
0.20600358125918,-0.000911849262695938,-0.201597206986769,-0.380000274652701,-0.710906738262849,-0.593579724977113,-1.09397166118406,-0.757373441180926,-1.54061505911402,-0.706757281497646,-0.965096225433729,-0.808220633981205,-0.390337143387337,-0.578010928598725,-0.628676593007999,-0.950948509821399
0.179584086868192,-0.00284767156048979,-0.266990752919298,-0.376876775637098,-0.661668488402538,-0.62380523621921,-0.903561037651938,-0.751238187384846,-1.3885548742553,-0.681163322293703,-0.758481400979853,-0.877731811589321,-0.379791075987591,-0.536989314718839,-0.629641075681599,-1.05391431939173
0.332521504703758,-0.00391668110775971,-0.294902711206896,-0.378200639317723,-0.581746962029753,-0.614671724765634,-1.01586074955369,-0.644619811822016,-1.32220283388817,-0.714305048398901,-1.04163285512333,-0.861669221220348,-0.436984336458486,-0.606041413089892,-0.588919903250196,-0.969631488838955
0.222379994017048,-0.00586307669280159,-0.241837667208837,-0.401286194877892,-0.671058709372377,-0.615082877793588,-0.976788221887798,-0.798816301518533,-1.3467919264956,-0.739587668171467,-0.903586212037616,-0.837283246001388,-0.366564381389345,-0.631969983838008,-0.589220775778636,-0.986186418257933
0.171328353028693,-0.000190730771418826,-0.212572237778497,-0.399712139297174,-0.774794446462807,-0.598504834290091,-0.980898593822565,-0.664907384139959,-1.33606671365688,-0.739183750862413,-0.835435779070558,-0.790210209519879,-0.395799415511025,-0.553267649699777,-0.59600682681954,-1.14219572001065
0.158428410352482,-0.00124435999614441,-0.17230528434128,-0.434050219169425,-0.732784259183999,-0.671478409600579,-1.15949104594363,-0.764450712179925,-1.60134988966184,-0.727834783196749,-0.798356693608627,-0.950331501951678,-0.385989768707924,-0.621760347562428,-0.641776094117649,-1.01250032333708
0.181012220342843,-0.000871575921486519,-0.214802807431362,-0.393708159402315,-0.7678549164528,-0.586774949508663,-0.991067813849936,-0.724220994225444,-1.37018292295692,-0.586465821157522,-0.748778819395613,-0.713044264660806,-0.392662606866993,-0.557626354394743,-0.610706387682498,-1.01491298159271
0.163568162564771,-0.00447094239082638,-0.233469911159388,-0.396051035937166,-0.75073710895585,-0.673854329124382,-1.05760231932485,-0.731849639750455,-1.36931130568586,-0.658825059217897,-1.04403573525525,-0.978266289205253,-0.399774484287763,-0.606886633793452,-0.580378643537209,-1.02034653713636
0.227380979653691,-0.00338895802182282,-0.162828959393244,-0.426897937465996,-0.724395411268443,-0.677294868579654,-1.09745248940917,-0.765524197777367,-1.41639661512946,-0.68134393888588,-0.987077327569381,-0.848253091999579,-0.39381104054941,-0.660467080813022,-0.641620498608761,-1.01946936305393
0.247923705184627,-0.00648436791036262,-0.205783007436749,-0.401012156307809,-0.607820609444785,-0.633334109804241,-0.941688107643911,-0.67910683109427,-1.18980757363296,-0.639612989919068,-0.639407348760307,-0.995953308963057,-0.381210158443606,-0.610449228690032,-0.572601409728884,-0.949019979541125
0.315535996304259,-0.00406215022609155,-0.186461579156826,-0.422839743072658,-0.805364890084029,-0.632696298834425,-0.919790968260315,-0.831582111569787,-1.57123074718235,-0.528081018899642,-0.921643557616545,-0.823168925908057,-0.399670196240904,-0.604232967383142,-0.660869120170371,-0.913948008265482
0.210327808479646,-0.00282844502929295,-0.241023214425847,-0.416105509874349,-0.746340171269183,-0.598913674684882,-1.15305672695701,-0.780012971847209,-1.18286380627813,-0.701421165834529,-0.817403888511906,-0.910541441361245,-0.411961814622961,-0.551809172550274,-0.629606181002476,-0.954018838900184
0.202879229465035,-0.00576739564450841,-0.204873611642181,-0.403603452653671,-0.71924105880463,-0.607893470127026,-1.01158068370145,-0.784773532512953,-1.22713584628469,-0.68323690116458,-0.83158251846604,-0.754716913198177,-0.41494538455695,-0.551318530726603,-0.627645776104305,-0.976214704713925
0.222260736535083,0.000645523342759866,-0.216218158705866,-0.394133837403316,-0.779610554652295,-0.660011048252215,-1.03019866369411,-0.685220831053986,-1.39194577220466,-0.66714379623763,-0.751547437126891,-0.847146719798995,-0.394755420189172,-0.60245489492133,-0.602864807895827,-0.965807923140257
0.304730052087657,-0.00473780455730473,-0.214068311183756,-0.402400584495134,-0.661895145448586,-0.645737965222843,-1.09471555031812,-0.724322215915742,-1.44227795677273,-0.666868640422515,-0.776763403085425,-0.789586067571241,-0.397263244697446,-0.576680086142227,-0.62260211901639,-0.923669961891393
0.0987696688622749,-0.00103387595662807,-0.176737938301057,-0.41015872045948,-0.81105371331361,-0.626268103687461,-0.96565734989362,-0.822489710029286,-1.48534264454549,-0.782247185388022,-0.859363553696385,-0.860152915873647,-0.421341383215135,-0.619613743773888,-0.611048382804252,-0.992812058275421
0.280188798483213,-0.00439024787643129,-0.19237986518206,-0.402650762202992,-0.6550194387815,-0.589279699050029,-0.816091078236068,-0.756938383942797,-1.22716974114264,-0.681495438539906,-1.11695962994448,-0.837453684653944,-0.391081140832797,-0.565763636987378,-0.577612674192469,-0.995593227354904
0.263924859526661,-0.00562019768845408,-0.191957355627105,-0.369978245092468,-0.637752574106328,-0.635458717285732,-1.04536440496675,-0.780983831316287,-1.15870227154045,-0.627195668294153,-0.783631018400982,-0.874797177665948,-0.395378681492873,-0.610677313554303,-0.601031320823855,-0.969885126753699
0.260299237272153,-0.000841756844376116,-0.200649557516527,-0.420904119904331,-0.727273389952279,-0.624743012586258,-1.06652498962239,-0.830748870092984,-1.81593948326201,-0.792623897326714,-0.696020420457072,-0.9415737065379,-0.406775942814743,-0.545567620063286,-0.612821140969815,-0.986579831651698
0.205283287702392,-0.00325857971151174,-0.135820559979781,-0.380249225924737,-0.62059432572732,-0.623558926974761,-0.966221231393271,-0.672142245849757,-1.46267139273812,-0.691891223517904,-0.835203137504774,-0.864533676983257,-0.385226451186683,-0.612118191037339,-0.622043376497396,-0.949353358674147
0.192677455672193,-0.00425048624900255,-0.195516569233694,-0.374617918920012,-0.729106693013496,-0.59722303692246,-1.15682258999261,-0.775005154343689,-1.26637917641804,-0.650515277762398,-0.781698967238377,-0.874540750761669,-0.448089238164068,-0.603477963766991,-0.626369731854618,-1.02770920583184
0.159111099689008,0.00137654896262991,-0.082260662251678,-0.394764149800376,-0.774784825169134,-0.608604223056137,-1.12087124201875,-0.784649095422753,-1.55031013418697,-0.57635561275963,-0.869211270565993,-0.810199587837457,-0.399576475269963,-0.566667164195717,-0.612062087359773,-0.957583318555648
0.174811967906849,-0.00544169986675293,-0.140662943895179,-0.396870144673399,-0.660128083353923,-0.634619810954542,-1.16692969509151,-0.800558721257045,-0.932567746071619,-0.603898944511874,-0.864880555879116,-0.88897557210202,-0.41846383922095,-0.601456477753643,-0.568860945451369,-0.955976434155117
0.205774581395569,-0.00227953073472599,-0.134648708418341,-0.387543995191247,-0.660248784911896,-0.577152465261568,-1.0383718138218,-0.82161109248046,-1.21409053599839,-0.589244110241394,-0.882337022728634,-0.871764763422829,-0.400615146022237,-0.566168241462597,-0.572829300265163,-0.96057721573946
0.330496542091485,-0.0091484417066721,-0.217997384200165,-0.39202141470629,-0.61389390383675,-0.657257749772521,-1.09748718468324,-0.801051735554115,-1.26177808489391,-0.732895262117664,-0.828288548423773,-0.905224212496155,-0.379569512882648,-0.637119146525633,-0.59144828259166,-0.923846743006351
0.260549868754862,-0.00309475548166083,-0.232329163145947,-0.428180775440343,-0.713265090341772,-0.614680570152632,-0.996825040431628,-0.75255992917498,-1.70129530351118,-0.605402584959698,-0.903497288755684,-1.05749737055214,-0.378213504789707,-0.595542698862073,-0.562450374167212,-1.06132359089913
0.166909401334204,-0.00119721630548935,-0.203077090699928,-0.36823754791967,-0.634256812819795,-0.579229566235072,-1.06318125155002,-0.742433866288545,-1.44623645075245,-0.707108305999531,-0.913742173222166,-0.864783569197449,-0.379866577368334,-0.628825023977848,-0.548245402501187,-1.02885182953629
0.129268106364916,0.00313551241074458,-0.182443118509932,-0.400435970097513,-0.786734569075669,-0.632299241969896,-0.967564606321113,-0.831022685515356,-1.37975413020088,-0.660541890897832,-1.10566212526933,-0.756466166891219,-0.40373698999229,-0.602817663128936,-0.55960623611925,-1.00818019687227
0.211978752278377,-0.00509171864642923,-0.200702275576845,-0.42580390016559,-0.714053197133889,-0.644033244212894,-0.854704320997943,-0.812519009699403,-1.40904366204643,-0.659632484122043,-0.883791528571722,-0.880285375396391,-0.38208690519919,-0.571151178883064,-0.58326904824482,-1.01811974268804
0.306024325991854,-0.00698044174789844,-0.211365992398903,-0.405361709798345,-0.700961926852712,-0.657655348712185,-0.865124458289096,-0.771055303538717,-1.27798184076643,-0.690344667846836,-0.978711517454279,-0.896462355360824,-0.384787567795299,-0.641044385357283,-0.637639834944796,-0.990145522170819
0.170222578239985,-0.00160659444822782,-0.136410911233916,-0.423969430704523,-0.705859540463963,-0.571359239994805,-1.00984582001382,-0.744924537968634,-1.51268940665882,-0.663392652753376,-0.750529318807814,-0.890564509353353,-0.400481716608859,-0.585152080213993,-0.500617806897693,-0.935256596777123
0.224301801583811,-0.0069756646060198,-0.0933260873922023,-0.391642337507856,-0.716853105218837,-0.630640851001089,-1.04653628752718,-0.839946129299209,-1.06751084660909,-0.714453386540562,-0.893320737745253,-0.843020894439604,-0.402769877227816,-0.616884792230307,-0.599573891637435,-0.959581173495355
0.162098582334657,-0.00175560658491039,-0.216055385457587,-0.415298881962125,-0.741019906942726,-0.692998353401313,-1.08412727859638,-0.820091459551316,-1.33845985507436,-0.668920245287456,-1.04442050076357,-0.806933868833853,-0.417505891560571,-0.555460268412344,-0.575737152224291,-0.999300642104612
0.307731048511817,-0.00820713091838216,-0.202632951807769,-0.384076083092352,-0.712227968387012,-0.619292307866963,-1.17782752042974,-0.758589080699851,-1.16479343219756,-0.583950060952312,-0.719202823983857,-0.836614920776344,-0.432453497027557,-0.631717748461228,-0.570283477874477,-1.00055077467734
0.176846788742221,-0.00226124395377339,-0.157225782749197,-0.395802598203754,-0.713032165750347,-0.594663969867135,-1.08289699824,-0.765982288654191,-1.54572687150882,-0.588201570438683,-0.737621102818708,-0.8305463383612,-0.390786573927563,-0.517743296928872,-0.610589934147217,-0.971429695454253
0.252153245067683,-0.0071166365808746,-0.212535612586312,-0.407865305683744,-0.670464070543577,-0.632086584396981,-0.976626840923295,-0.741836776807289,-1.29790109253261,-0.706377763196735,-1.14986061744703,-0.815147146466035,-0.366680236113304,-0.588248044456873,-0.588067733148097,-0.927329419538492
0.12430121435832,-0.0025306919921107,-0.187242838298741,-0.432575023619416,-0.727268706269823,-0.666729109814076,-1.0829154847676,-0.68155733763506,-1.29822826101318,-0.704638929402106,-0.83129056056215,-0.965174005214658,-0.407043802221245,-0.61554806494283,-0.60550091184271,-1.06850826086496
0.298853487609014,-0.00451257846105137,-0.201105974703872,-0.394428127742335,-0.559050965428502,-0.621584019237281,-1.05820721450069,-0.711272614031325,-1.57759219937517,-0.67494404959913,-0.687921785925985,-0.931042557169912,-0.41338693123049,-0.595512688310298,-0.623074042311131,-1.00236344822864
0.103259832311343,0.00138775999164835,-0.214636363363562,-0.416701561951894,-0.729492268198388,-0.643897877715155,-0.957187644782572,-0.689441303552127,-1.14304610693365,-0.625956921056151,-0.831644335371077,-0.838390687022668,-0.381709925892624,-0.609769436127804,-0.58219600133157,-0.916036871684632
0.264973777489769,-0.00551600902012099,-0.278955788334324,-0.435048309367074,-0.69157184556476,-0.67030362026226,-1.15818622989005,-0.792582564715162,-1.46119598504843,-0.58308159489111,-0.870078074786336,-0.956067854800402,-0.404630045028034,-0.632278597204677,-0.569418717039259,-1.00301518454781
0.23692313744954,-0.00427289480432473,-0.111534543221535,-0.383054861569847,-0.673019627923991,-0.591444364246129,-1.07157222780344,-0.760253362806419,-1.46499247214663,-0.661136032503327,-0.74181560386376,-0.799062400132087,-0.43462005458588,-0.570840367628166,-0.578602266102833,-0.911168655519218
0.15282366221465,-0.00187757576137439,-0.210978205590584,-0.420076697229589,-0.806099258402868,-0.653989672259077,-0.976977828220189,-0.726666366089701,-1.09679140076504,-0.689775508074905,-1.07875537254957,-0.849900476577102,-0.429781780713505,-0.61581525262619,-0.581301755232617,-0.875742441242225
0.0973263893469287,0.00172352605533985,-0.18340518027195,-0.427675783423594,-0.696017580496228,-0.603431748333752,-1.08831834310447,-0.851388681229361,-1.27036049518815,-0.733725889855319,-0.689244393151294,-0.867952723313271,-0.393480895940835,-0.604622085960097,-0.591567625681659,-1.00779171637505
0.130710962487635,-0.000647500913267446,-0.206300620255668,-0.390551291614677,-0.677418232814552,-0.630155741968532,-1.0729868685592,-0.649014715127294,-1.44893756144498,-0.538521692051794,-0.95774502239337,-0.789177537858072,-0.392968054157064,-0.550787946904838,-0.603544770379023,-0.911321323666208
