"IDYEARS","REGIONGROUP","LABEL_REGIONGROUP","CAT","HEALTHCARE_RATIO","PRODUCTIVITY_RATIO","DISUTILITY_RATIO","PRODUCTIVITY_DISUTILITY_RATIO","REGION_4LETTER","REGION_4LETTER_LABEL","ISO3","COUNTRY"
2025,"CAS","Central Asia","MORB",NA,NA,NA,NA,"KAZA","Kazakhstan","KAZ","Kazakhstan"
2025,"CAS","Central Asia","MORB",NA,NA,NA,NA,"KYRG","Kyrgyzstan","KGZ","Kyrgyzstan"
2025,"CAS","Central Asia","MORB",NA,NA,NA,NA,"TAJI","Tajikistan","TJK","Tajikistan"
2025,"CAS","Central Asia","MORB",NA,NA,NA,NA,"TKME","Turkmenistan","TKM","Turkmenistan"
2025,"CAS","Central Asia","MORB",NA,NA,NA,NA,"UZBE","Uzbekistan","UZB","Uzbekistan"
2025,"CAS","Central Asia","MORT",NA,NA,NA,NA,"KAZA","Kazakhstan","KAZ","Kazakhstan"
2025,"CAS","Central Asia","MORT",NA,NA,NA,NA,"KYRG","Kyrgyzstan","KGZ","Kyrgyzstan"
2025,"CAS","Central Asia","MORT",NA,NA,NA,NA,"TAJI","Tajikistan","TJK","Tajikistan"
2025,"CAS","Central Asia","MORT",NA,NA,NA,NA,"TKME","Turkmenistan","TKM","Turkmenistan"
2025,"CAS","Central Asia","MORT",NA,NA,NA,NA,"UZBE","Uzbekistan","UZB","Uzbekistan"
2025,"CHI","Centrally Planned Asia","MORB",NA,NA,NA,NA,"CHIN","China","CHN","China"
2025,"CHI","Centrally Planned Asia","MORB",NA,NA,NA,NA,"KORN","North Korea","PRK","North Korea"
2025,"CHI","Centrally Planned Asia","MORB",NA,NA,NA,NA,"MONG","Mongolia","MNG","Mongolia"
2025,"CHI","Centrally Planned Asia","MORT",NA,NA,NA,NA,"CHIN","China","CHN","China"
2025,"CHI","Centrally Planned Asia","MORT",NA,NA,NA,NA,"KORN","North Korea","PRK","North Korea"
2025,"CHI","Centrally Planned Asia","MORT",NA,NA,NA,NA,"MONG","Mongolia","MNG","Mongolia"
2025,"EAS","South East Asia","MORB",NA,NA,NA,NA,"CAMB","Cambodia","KHM","Cambodia"
2025,"EAS","South East Asia","MORB",NA,NA,NA,NA,"INDO","Indonesia","IDN","Indonesia"
2025,"EAS","South East Asia","MORB",NA,NA,NA,NA,"LAOS","Laos","LAO","Laos"
2025,"EAS","South East Asia","MORB",NA,NA,NA,NA,"MALA","Malaysia","MYS","Malaysia"
2025,"EAS","South East Asia","MORB",NA,NA,NA,NA,"MYAN","Myanmar","MMR","Myanmar"
2025,"EAS","South East Asia","MORB",NA,NA,NA,NA,"PHIL","Philippines","PHL","Philippines"
2025,"EAS","South East Asia","MORB",NA,NA,NA,NA,"THAI","Thailand","THA","Thailand"
2025,"EAS","South East Asia","MORB",NA,NA,NA,NA,"VIET","Vietnam","VNM","Vietnam"
2025,"EAS","South East Asia","MORT",NA,NA,NA,NA,"CAMB","Cambodia","KHM","Cambodia"
2025,"EAS","South East Asia","MORT",NA,NA,NA,NA,"INDO","Indonesia","IDN","Indonesia"
2025,"EAS","South East Asia","MORT",NA,NA,NA,NA,"LAOS","Laos","LAO","Laos"
2025,"EAS","South East Asia","MORT",NA,NA,NA,NA,"MALA","Malaysia","MYS","Malaysia"
2025,"EAS","South East Asia","MORT",NA,NA,NA,NA,"MYAN","Myanmar","MMR","Myanmar"
2025,"EAS","South East Asia","MORT",NA,NA,NA,NA,"PHIL","Philippines","PHL","Philippines"
2025,"EAS","South East Asia","MORT",NA,NA,NA,NA,"THAI","Thailand","THA","Thailand"
2025,"EAS","South East Asia","MORT",NA,NA,NA,NA,"VIET","Vietnam","VNM","Vietnam"
2025,"EUR","EU, EFTA, UK","MORB",NA,NA,NA,NA,"AUST","Austria","AUT","Austria"
2025,"EUR","EU, EFTA, UK","MORB",NA,NA,NA,NA,"BELG","Belgium","BEL","Belgium"
2025,"EUR","EU, EFTA, UK","MORB",NA,NA,NA,NA,"BULG","Bulgaria","BGR","Bulgaria"
2025,"EUR","EU, EFTA, UK","MORB",NA,NA,NA,NA,"CROA","Croatia","HRV","Croatia"
2025,"EUR","EU, EFTA, UK","MORB",NA,NA,NA,NA,"CYPR","Cyprus","CYP","Cyprus"
2025,"EUR","EU, EFTA, UK","MORB",NA,NA,NA,NA,"CZRE","Czech Republic","CZE","Czech Republic"
2025,"EUR","EU, EFTA, UK","MORB",NA,NA,NA,NA,"DENM","Denmark","DNK","Denmark"
2025,"EUR","EU, EFTA, UK","MORB",NA,NA,NA,NA,"ESTO","Estonia","EST","Estonia"
2025,"EUR","EU, EFTA, UK","MORB",NA,NA,NA,NA,"FINL","Finland","FIN","Finland"
2025,"EUR","EU, EFTA, UK","MORB",NA,NA,NA,NA,"FRAN","France","FRA","France"
2025,"EUR","EU, EFTA, UK","MORB",NA,NA,NA,NA,"GERM","Germany","DEU","Germany"
2025,"EUR","EU, EFTA, UK","MORB",NA,NA,NA,NA,"GREE","Greece","GRC","Greece"
2025,"EUR","EU, EFTA, UK","MORB",NA,NA,NA,NA,"HUNG","Hungary","HUN","Hungary"
2025,"EUR","EU, EFTA, UK","MORB",NA,NA,NA,NA,"ICEL","Iceland","ISL","Iceland"
2025,"EUR","EU, EFTA, UK","MORB",NA,NA,NA,NA,"IREL","Ireland","IRL","Ireland"
2025,"EUR","EU, EFTA, UK","MORB",NA,NA,NA,NA,"ITAL","Italy","ITA","Italy"
2025,"EUR","EU, EFTA, UK","MORB",NA,NA,NA,NA,"LATV","Latvia","LVA","Latvia"
2025,"EUR","EU, EFTA, UK","MORB",NA,NA,NA,NA,"LITH","Lithuania","LTU","Lithuania"
2025,"EUR","EU, EFTA, UK","MORB",NA,NA,NA,NA,"LUXE","Luxembourg","LUX","Luxembourg"
2025,"EUR","EU, EFTA, UK","MORB",NA,NA,NA,NA,"MALT","Malta","MLT","Malta"
2025,"EUR","EU, EFTA, UK","MORB",NA,NA,NA,NA,"NETH","Netherlands","NLD","Netherlands"
2025,"EUR","EU, EFTA, UK","MORB",NA,NA,NA,NA,"NORW","Norway","NOR","Norway"
2025,"EUR","EU, EFTA, UK","MORB",NA,NA,NA,NA,"POLA","Poland","POL","Poland"
2025,"EUR","EU, EFTA, UK","MORB",NA,NA,NA,NA,"PORT","Portugal","PRT","Portugal"
2025,"EUR","EU, EFTA, UK","MORB",NA,NA,NA,NA,"ROMA","Romania","ROU","Romania"
2025,"EUR","EU, EFTA, UK","MORB",NA,NA,NA,NA,"SKRE","Slovakia","SVK","Slovakia"
2025,"EUR","EU, EFTA, UK","MORB",NA,NA,NA,NA,"SLOV","Slovenia","SVN","Slovenia"
2025,"EUR","EU, EFTA, UK","MORB",NA,NA,NA,NA,"SPAI","Spain","ESP","Spain"
2025,"EUR","EU, EFTA, UK","MORB",NA,NA,NA,NA,"SWED","Sweden","SWE","Sweden"
2025,"EUR","EU, EFTA, UK","MORB",NA,NA,NA,NA,"SWIT","Switzerland","CHE","Switzerland"
2025,"EUR","EU, EFTA, UK","MORB",NA,NA,NA,NA,"UNKI","United Kingdom","GBR","United Kingdom"
2025,"EUR","EU, EFTA, UK","MORT",NA,NA,NA,NA,"AUST","Austria","AUT","Austria"
2025,"EUR","EU, EFTA, UK","MORT",NA,NA,NA,NA,"BELG","Belgium","BEL","Belgium"
2025,"EUR","EU, EFTA, UK","MORT",NA,NA,NA,NA,"BULG","Bulgaria","BGR","Bulgaria"
2025,"EUR","EU, EFTA, UK","MORT",NA,NA,NA,NA,"CROA","Croatia","HRV","Croatia"
2025,"EUR","EU, EFTA, UK","MORT",NA,NA,NA,NA,"CYPR","Cyprus","CYP","Cyprus"
2025,"EUR","EU, EFTA, UK","MORT",NA,NA,NA,NA,"CZRE","Czech Republic","CZE","Czech Republic"
2025,"EUR","EU, EFTA, UK","MORT",NA,NA,NA,NA,"DENM","Denmark","DNK","Denmark"
2025,"EUR","EU, EFTA, UK","MORT",NA,NA,NA,NA,"ESTO","Estonia","EST","Estonia"
2025,"EUR","EU, EFTA, UK","MORT",NA,NA,NA,NA,"FINL","Finland","FIN","Finland"
2025,"EUR","EU, EFTA, UK","MORT",NA,NA,NA,NA,"FRAN","France","FRA","France"
2025,"EUR","EU, EFTA, UK","MORT",NA,NA,NA,NA,"GERM","Germany","DEU","Germany"
2025,"EUR","EU, EFTA, UK","MORT",NA,NA,NA,NA,"GREE","Greece","GRC","Greece"
2025,"EUR","EU, EFTA, UK","MORT",NA,NA,NA,NA,"HUNG","Hungary","HUN","Hungary"
2025,"EUR","EU, EFTA, UK","MORT",NA,NA,NA,NA,"ICEL","Iceland","ISL","Iceland"
2025,"EUR","EU, EFTA, UK","MORT",NA,NA,NA,NA,"IREL","Ireland","IRL","Ireland"
2025,"EUR","EU, EFTA, UK","MORT",NA,NA,NA,NA,"ITAL","Italy","ITA","Italy"
2025,"EUR","EU, EFTA, UK","MORT",NA,NA,NA,NA,"LATV","Latvia","LVA","Latvia"
2025,"EUR","EU, EFTA, UK","MORT",NA,NA,NA,NA,"LITH","Lithuania","LTU","Lithuania"
2025,"EUR","EU, EFTA, UK","MORT",NA,NA,NA,NA,"LUXE","Luxembourg","LUX","Luxembourg"
2025,"EUR","EU, EFTA, UK","MORT",NA,NA,NA,NA,"MALT","Malta","MLT","Malta"
2025,"EUR","EU, EFTA, UK","MORT",NA,NA,NA,NA,"NETH","Netherlands","NLD","Netherlands"
2025,"EUR","EU, EFTA, UK","MORT",NA,NA,NA,NA,"NORW","Norway","NOR","Norway"
2025,"EUR","EU, EFTA, UK","MORT",NA,NA,NA,NA,"POLA","Poland","POL","Poland"
2025,"EUR","EU, EFTA, UK","MORT",NA,NA,NA,NA,"PORT","Portugal","PRT","Portugal"
2025,"EUR","EU, EFTA, UK","MORT",NA,NA,NA,NA,"ROMA","Romania","ROU","Romania"
2025,"EUR","EU, EFTA, UK","MORT",NA,NA,NA,NA,"SKRE","Slovakia","SVK","Slovakia"
2025,"EUR","EU, EFTA, UK","MORT",NA,NA,NA,NA,"SLOV","Slovenia","SVN","Slovenia"
2025,"EUR","EU, EFTA, UK","MORT",NA,NA,NA,NA,"SPAI","Spain","ESP","Spain"
2025,"EUR","EU, EFTA, UK","MORT",NA,NA,NA,NA,"SWED","Sweden","SWE","Sweden"
2025,"EUR","EU, EFTA, UK","MORT",NA,NA,NA,NA,"SWIT","Switzerland","CHE","Switzerland"
2025,"EUR","EU, EFTA, UK","MORT",NA,NA,NA,NA,"UNKI","United Kingdom","GBR","United Kingdom"
2025,"LAC","Latin America & Caribbean","MORB",NA,NA,NA,NA,"ARGE","Argentina","ARG","Argentina"
2025,"LAC","Latin America & Caribbean","MORB",NA,NA,NA,NA,"BOLV","Bolivia (Plurinational State of)","BOL","Bolivia (Plurinational State of)"
2025,"LAC","Latin America & Caribbean","MORB",NA,NA,NA,NA,"BRAZ","Brazil","BRA","Brazil"
2025,"LAC","Latin America & Caribbean","MORB",NA,NA,NA,NA,"CARB","Caribbean","ABW","Aruba"
2025,"LAC","Latin America & Caribbean","MORB",NA,NA,NA,NA,"CARB","Caribbean","BHS","Bahamas"
2025,"LAC","Latin America & Caribbean","MORB",NA,NA,NA,NA,"CARB","Caribbean","BRB","Barbados"
2025,"LAC","Latin America & Caribbean","MORB",NA,NA,NA,NA,"CARB","Caribbean","CUB","Cuba"
2025,"LAC","Latin America & Caribbean","MORB",NA,NA,NA,NA,"CARB","Caribbean","DOM","Dominican Republic"
2025,"LAC","Latin America & Caribbean","MORB",NA,NA,NA,NA,"CARB","Caribbean","GLP","Guadeloupe"
2025,"LAC","Latin America & Caribbean","MORB",NA,NA,NA,NA,"CARB","Caribbean","GRD","Grenada"
2025,"LAC","Latin America & Caribbean","MORB",NA,NA,NA,NA,"CARB","Caribbean","GUF","French Guiana"
2025,"LAC","Latin America & Caribbean","MORB",NA,NA,NA,NA,"CARB","Caribbean","GUY","Guyana"
2025,"LAC","Latin America & Caribbean","MORB",NA,NA,NA,NA,"CARB","Caribbean","HTI","Haiti"
2025,"LAC","Latin America & Caribbean","MORB",NA,NA,NA,NA,"CARB","Caribbean","JAM","Jamaica"
2025,"LAC","Latin America & Caribbean","MORB",NA,NA,NA,NA,"CARB","Caribbean","LCA","Saint Lucia"
2025,"LAC","Latin America & Caribbean","MORB",NA,NA,NA,NA,"CARB","Caribbean","MTQ","Martinique"
2025,"LAC","Latin America & Caribbean","MORB",NA,NA,NA,NA,"CARB","Caribbean","PRI","Puerto Rico"
2025,"LAC","Latin America & Caribbean","MORB",NA,NA,NA,NA,"CARB","Caribbean","SUR","Suriname"
2025,"LAC","Latin America & Caribbean","MORB",NA,NA,NA,NA,"CARB","Caribbean","TTO","Trinidad and Tobago"
2025,"LAC","Latin America & Caribbean","MORB",NA,NA,NA,NA,"CARB","Caribbean","VCT","Saint Vincent and the Grenadines"
2025,"LAC","Latin America & Caribbean","MORB",NA,NA,NA,NA,"CARB","Caribbean","VIR","United States Virgin Islands"
2025,"LAC","Latin America & Caribbean","MORB",NA,NA,NA,NA,"CEAM","Central America","BLZ","Belize"
2025,"LAC","Latin America & Caribbean","MORB",NA,NA,NA,NA,"CEAM","Central America","CRI","Costa Rica"
2025,"LAC","Latin America & Caribbean","MORB",NA,NA,NA,NA,"CEAM","Central America","GTM","Guatemala"
2025,"LAC","Latin America & Caribbean","MORB",NA,NA,NA,NA,"CEAM","Central America","HND","Honduras"
2025,"LAC","Latin America & Caribbean","MORB",NA,NA,NA,NA,"CEAM","Central America","NIC","Nicaragua"
2025,"LAC","Latin America & Caribbean","MORB",NA,NA,NA,NA,"CEAM","Central America","PAN","Panama"
2025,"LAC","Latin America & Caribbean","MORB",NA,NA,NA,NA,"CEAM","Central America","SLV","El Salvador"
2025,"LAC","Latin America & Caribbean","MORB",NA,NA,NA,NA,"CHIL","Chile","CHL","Chile"
2025,"LAC","Latin America & Caribbean","MORB",NA,NA,NA,NA,"COLO","Colombia","COL","Colombia"
2025,"LAC","Latin America & Caribbean","MORB",NA,NA,NA,NA,"ECUA","Ecuador","ECU","Ecuador"
2025,"LAC","Latin America & Caribbean","MORB",NA,NA,NA,NA,"MEXI","Mexico","MEX","Mexico"
2025,"LAC","Latin America & Caribbean","MORB",NA,NA,NA,NA,"PARA","Paraguay","PRY","Paraguay"
2025,"LAC","Latin America & Caribbean","MORB",NA,NA,NA,NA,"PERU","Peru","PER","Peru"
2025,"LAC","Latin America & Caribbean","MORB",NA,NA,NA,NA,"URUG","Uruguay","URY","Uruguay"
2025,"LAC","Latin America & Caribbean","MORB",NA,NA,NA,NA,"VENE","Venezuela (Bolivarian Republic of)","VEN","Venezuela (Bolivarian Republic of)"
2025,"LAC","Latin America & Caribbean","MORT",NA,NA,NA,NA,"ARGE","Argentina","ARG","Argentina"
2025,"LAC","Latin America & Caribbean","MORT",NA,NA,NA,NA,"BOLV","Bolivia (Plurinational State of)","BOL","Bolivia (Plurinational State of)"
2025,"LAC","Latin America & Caribbean","MORT",NA,NA,NA,NA,"BRAZ","Brazil","BRA","Brazil"
2025,"LAC","Latin America & Caribbean","MORT",NA,NA,NA,NA,"CARB","Caribbean","ABW","Aruba"
2025,"LAC","Latin America & Caribbean","MORT",NA,NA,NA,NA,"CARB","Caribbean","BHS","Bahamas"
2025,"LAC","Latin America & Caribbean","MORT",NA,NA,NA,NA,"CARB","Caribbean","BRB","Barbados"
2025,"LAC","Latin America & Caribbean","MORT",NA,NA,NA,NA,"CARB","Caribbean","CUB","Cuba"
2025,"LAC","Latin America & Caribbean","MORT",NA,NA,NA,NA,"CARB","Caribbean","DOM","Dominican Republic"
2025,"LAC","Latin America & Caribbean","MORT",NA,NA,NA,NA,"CARB","Caribbean","GLP","Guadeloupe"
2025,"LAC","Latin America & Caribbean","MORT",NA,NA,NA,NA,"CARB","Caribbean","GRD","Grenada"
2025,"LAC","Latin America & Caribbean","MORT",NA,NA,NA,NA,"CARB","Caribbean","GUF","French Guiana"
2025,"LAC","Latin America & Caribbean","MORT",NA,NA,NA,NA,"CARB","Caribbean","GUY","Guyana"
2025,"LAC","Latin America & Caribbean","MORT",NA,NA,NA,NA,"CARB","Caribbean","HTI","Haiti"
2025,"LAC","Latin America & Caribbean","MORT",NA,NA,NA,NA,"CARB","Caribbean","JAM","Jamaica"
2025,"LAC","Latin America & Caribbean","MORT",NA,NA,NA,NA,"CARB","Caribbean","LCA","Saint Lucia"
2025,"LAC","Latin America & Caribbean","MORT",NA,NA,NA,NA,"CARB","Caribbean","MTQ","Martinique"
2025,"LAC","Latin America & Caribbean","MORT",NA,NA,NA,NA,"CARB","Caribbean","PRI","Puerto Rico"
2025,"LAC","Latin America & Caribbean","MORT",NA,NA,NA,NA,"CARB","Caribbean","SUR","Suriname"
2025,"LAC","Latin America & Caribbean","MORT",NA,NA,NA,NA,"CARB","Caribbean","TTO","Trinidad and Tobago"
2025,"LAC","Latin America & Caribbean","MORT",NA,NA,NA,NA,"CARB","Caribbean","VCT","Saint Vincent and the Grenadines"
2025,"LAC","Latin America & Caribbean","MORT",NA,NA,NA,NA,"CARB","Caribbean","VIR","United States Virgin Islands"
2025,"LAC","Latin America & Caribbean","MORT",NA,NA,NA,NA,"CEAM","Central America","BLZ","Belize"
2025,"LAC","Latin America & Caribbean","MORT",NA,NA,NA,NA,"CEAM","Central America","CRI","Costa Rica"
2025,"LAC","Latin America & Caribbean","MORT",NA,NA,NA,NA,"CEAM","Central America","GTM","Guatemala"
2025,"LAC","Latin America & Caribbean","MORT",NA,NA,NA,NA,"CEAM","Central America","HND","Honduras"
2025,"LAC","Latin America & Caribbean","MORT",NA,NA,NA,NA,"CEAM","Central America","NIC","Nicaragua"
2025,"LAC","Latin America & Caribbean","MORT",NA,NA,NA,NA,"CEAM","Central America","PAN","Panama"
2025,"LAC","Latin America & Caribbean","MORT",NA,NA,NA,NA,"CEAM","Central America","SLV","El Salvador"
2025,"LAC","Latin America & Caribbean","MORT",NA,NA,NA,NA,"CHIL","Chile","CHL","Chile"
2025,"LAC","Latin America & Caribbean","MORT",NA,NA,NA,NA,"COLO","Colombia","COL","Colombia"
2025,"LAC","Latin America & Caribbean","MORT",NA,NA,NA,NA,"ECUA","Ecuador","ECU","Ecuador"
2025,"LAC","Latin America & Caribbean","MORT",NA,NA,NA,NA,"MEXI","Mexico","MEX","Mexico"
2025,"LAC","Latin America & Caribbean","MORT",NA,NA,NA,NA,"PARA","Paraguay","PRY","Paraguay"
2025,"LAC","Latin America & Caribbean","MORT",NA,NA,NA,NA,"PERU","Peru","PER","Peru"
2025,"LAC","Latin America & Caribbean","MORT",NA,NA,NA,NA,"URUG","Uruguay","URY","Uruguay"
2025,"LAC","Latin America & Caribbean","MORT",NA,NA,NA,NA,"VENE","Venezuela (Bolivarian Republic of)","VEN","Venezuela (Bolivarian Republic of)"
2025,"MEA","Middle East","MORB",NA,NA,NA,NA,"ISRA","Israel","ISR","Israel"
2025,"MEA","Middle East","MORB",NA,NA,NA,NA,"MIDE","Middle East","ARE","United Arab Emirates"
2025,"MEA","Middle East","MORB",NA,NA,NA,NA,"MIDE","Middle East","BHR","Bahrain"
2025,"MEA","Middle East","MORB",NA,NA,NA,NA,"MIDE","Middle East","IRQ","Iraq"
2025,"MEA","Middle East","MORB",NA,NA,NA,NA,"MIDE","Middle East","JOR","Jordan"
2025,"MEA","Middle East","MORB",NA,NA,NA,NA,"MIDE","Middle East","KWT","Kuwait"
2025,"MEA","Middle East","MORB",NA,NA,NA,NA,"MIDE","Middle East","LBN","Lebanon"
2025,"MEA","Middle East","MORB",NA,NA,NA,NA,"MIDE","Middle East","OMN","Oman"
2025,"MEA","Middle East","MORB",NA,NA,NA,NA,"MIDE","Middle East","PSE","Occupied Palestinian Territory"
2025,"MEA","Middle East","MORB",NA,NA,NA,NA,"MIDE","Middle East","QAT","Qatar"
2025,"MEA","Middle East","MORB",NA,NA,NA,NA,"MIDE","Middle East","SYR","Syrian Arab Republic"
2025,"MEA","Middle East","MORB",NA,NA,NA,NA,"MIDE","Middle East","YEM","Yemen"
2025,"MEA","Middle East","MORB",NA,NA,NA,NA,"SAAR","Saudi Arabia","SAU","Saudi Arabia"
2025,"MEA","Middle East","MORT",NA,NA,NA,NA,"ISRA","Israel","ISR","Israel"
2025,"MEA","Middle East","MORT",NA,NA,NA,NA,"MIDE","Middle East","ARE","United Arab Emirates"
2025,"MEA","Middle East","MORT",NA,NA,NA,NA,"MIDE","Middle East","BHR","Bahrain"
2025,"MEA","Middle East","MORT",NA,NA,NA,NA,"MIDE","Middle East","IRQ","Iraq"
2025,"MEA","Middle East","MORT",NA,NA,NA,NA,"MIDE","Middle East","JOR","Jordan"
2025,"MEA","Middle East","MORT",NA,NA,NA,NA,"MIDE","Middle East","KWT","Kuwait"
2025,"MEA","Middle East","MORT",NA,NA,NA,NA,"MIDE","Middle East","LBN","Lebanon"
2025,"MEA","Middle East","MORT",NA,NA,NA,NA,"MIDE","Middle East","OMN","Oman"
2025,"MEA","Middle East","MORT",NA,NA,NA,NA,"MIDE","Middle East","PSE","Occupied Palestinian Territory"
2025,"MEA","Middle East","MORT",NA,NA,NA,NA,"MIDE","Middle East","QAT","Qatar"
2025,"MEA","Middle East","MORT",NA,NA,NA,NA,"MIDE","Middle East","SYR","Syrian Arab Republic"
2025,"MEA","Middle East","MORT",NA,NA,NA,NA,"MIDE","Middle East","YEM","Yemen"
2025,"MEA","Middle East","MORT",NA,NA,NA,NA,"SAAR","Saudi Arabia","SAU","Saudi Arabia"
2025,"NAF","North Africa","MORB",NA,NA,NA,NA,"EGYP","Egypt","EGY","Egypt"
2025,"NAF","North Africa","MORB",NA,NA,NA,NA,"IRAN","Iran","IRN","Iran"
2025,"NAF","North Africa","MORB",NA,NA,NA,NA,"NAFR","Northern Africa (excl Egypt)","DZA","Algeria"
2025,"NAF","North Africa","MORB",NA,NA,NA,NA,"NAFR","Northern Africa (excl Egypt)","ESH","Western Sahara"
2025,"NAF","North Africa","MORB",NA,NA,NA,NA,"NAFR","Northern Africa (excl Egypt)","LBY","Libyan Arab Jamahiriya"
2025,"NAF","North Africa","MORB",NA,NA,NA,NA,"NAFR","Northern Africa (excl Egypt)","MAR","Morocco"
2025,"NAF","North Africa","MORB",NA,NA,NA,NA,"NAFR","Northern Africa (excl Egypt)","TUN","Tunisia"
2025,"NAF","North Africa","MORT",NA,NA,NA,NA,"EGYP","Egypt","EGY","Egypt"
2025,"NAF","North Africa","MORT",NA,NA,NA,NA,"IRAN","Iran","IRN","Iran"
2025,"NAF","North Africa","MORT",NA,NA,NA,NA,"NAFR","Northern Africa (excl Egypt)","DZA","Algeria"
2025,"NAF","North Africa","MORT",NA,NA,NA,NA,"NAFR","Northern Africa (excl Egypt)","ESH","Western Sahara"
2025,"NAF","North Africa","MORT",NA,NA,NA,NA,"NAFR","Northern Africa (excl Egypt)","LBY","Libyan Arab Jamahiriya"
2025,"NAF","North Africa","MORT",NA,NA,NA,NA,"NAFR","Northern Africa (excl Egypt)","MAR","Morocco"
2025,"NAF","North Africa","MORT",NA,NA,NA,NA,"NAFR","Northern Africa (excl Egypt)","TUN","Tunisia"
2025,"NAM","North America","MORB",NA,NA,NA,NA,"CANA","Canada","CAN","Canada"
2025,"NAM","North America","MORB",NA,NA,NA,NA,"USAM","United States of America","USA","United States of America"
2025,"NAM","North America","MORT",NA,NA,NA,NA,"CANA","Canada","CAN","Canada"
2025,"NAM","North America","MORT",NA,NA,NA,NA,"USAM","United States of America","USA","United States of America"
2025,"OCE","Oceania","MORB",NA,NA,NA,NA,"AUTR","Australia","AUS","Australia"
2025,"OCE","Oceania","MORB",NA,NA,NA,NA,"BRUN","Brunei Darussalam","BRN","Brunei Darussalam"
2025,"OCE","Oceania","MORB",NA,NA,NA,NA,"JAPA","Japan","JPN","Japan"
2025,"OCE","Oceania","MORB",NA,NA,NA,NA,"KORS","Republic of Korea","KOR","Republic of Korea"
2025,"OCE","Oceania","MORB",NA,NA,NA,NA,"NZEL","New Zealand","NZL","New Zealand"
2025,"OCE","Oceania","MORB",NA,NA,NA,NA,"SING","Singapore","SGP","Singapore"
2025,"OCE","Oceania","MORB",NA,NA,NA,NA,"TAIW","Taiwan","TWN","Taiwan"
2025,"OCE","Oceania","MORT",NA,NA,NA,NA,"AUTR","Australia","AUS","Australia"
2025,"OCE","Oceania","MORT",NA,NA,NA,NA,"BRUN","Brunei Darussalam","BRN","Brunei Darussalam"
2025,"OCE","Oceania","MORT",NA,NA,NA,NA,"JAPA","Japan","JPN","Japan"
2025,"OCE","Oceania","MORT",NA,NA,NA,NA,"KORS","Republic of Korea","KOR","Republic of Korea"
2025,"OCE","Oceania","MORT",NA,NA,NA,NA,"NZEL","New Zealand","NZL","New Zealand"
2025,"OCE","Oceania","MORT",NA,NA,NA,NA,"SING","Singapore","SGP","Singapore"
2025,"OCE","Oceania","MORT",NA,NA,NA,NA,"TAIW","Taiwan","TWN","Taiwan"
2025,"RUS","Russian Federation","MORB",NA,NA,NA,NA,"RUSS","Russian Federation","RUS","Russian Federation"
2025,"RUS","Russian Federation","MORT",NA,NA,NA,NA,"RUSS","Russian Federation","RUS","Russian Federation"
2025,"SAF","Southern Africa","MORB",NA,NA,NA,NA,"RSAF","Remaining Southern Africa","AGO","Angola"
2025,"SAF","Southern Africa","MORB",NA,NA,NA,NA,"RSAF","Remaining Southern Africa","BWA","Botswana"
2025,"SAF","Southern Africa","MORB",NA,NA,NA,NA,"RSAF","Remaining Southern Africa","LSO","Lesotho"
2025,"SAF","Southern Africa","MORB",NA,NA,NA,NA,"RSAF","Remaining Southern Africa","MOZ","Mozambique"
2025,"SAF","Southern Africa","MORB",NA,NA,NA,NA,"RSAF","Remaining Southern Africa","MWI","Malawi"
2025,"SAF","Southern Africa","MORB",NA,NA,NA,NA,"RSAF","Remaining Southern Africa","NAM","Namibia"
2025,"SAF","Southern Africa","MORB",NA,NA,NA,NA,"RSAF","Remaining Southern Africa","SWZ","Swaziland"
2025,"SAF","Southern Africa","MORB",NA,NA,NA,NA,"RSAF","Remaining Southern Africa","ZMB","Zambia"
2025,"SAF","Southern Africa","MORB",NA,NA,NA,NA,"RSAF","Remaining Southern Africa","ZWE","Zimbabwe"
2025,"SAF","Southern Africa","MORB",NA,NA,NA,NA,"SAFR","South Africa","ZAF","South Africa"
2025,"SAF","Southern Africa","MORT",NA,NA,NA,NA,"RSAF","Remaining Southern Africa","AGO","Angola"
2025,"SAF","Southern Africa","MORT",NA,NA,NA,NA,"RSAF","Remaining Southern Africa","BWA","Botswana"
2025,"SAF","Southern Africa","MORT",NA,NA,NA,NA,"RSAF","Remaining Southern Africa","LSO","Lesotho"
2025,"SAF","Southern Africa","MORT",NA,NA,NA,NA,"RSAF","Remaining Southern Africa","MOZ","Mozambique"
2025,"SAF","Southern Africa","MORT",NA,NA,NA,NA,"RSAF","Remaining Southern Africa","MWI","Malawi"
2025,"SAF","Southern Africa","MORT",NA,NA,NA,NA,"RSAF","Remaining Southern Africa","NAM","Namibia"
2025,"SAF","Southern Africa","MORT",NA,NA,NA,NA,"RSAF","Remaining Southern Africa","SWZ","Swaziland"
2025,"SAF","Southern Africa","MORT",NA,NA,NA,NA,"RSAF","Remaining Southern Africa","ZMB","Zambia"
2025,"SAF","Southern Africa","MORT",NA,NA,NA,NA,"RSAF","Remaining Southern Africa","ZWE","Zimbabwe"
2025,"SAF","Southern Africa","MORT",NA,NA,NA,NA,"SAFR","South Africa","ZAF","South Africa"
2025,"SAS","South Asia","MORB",NA,NA,NA,NA,"AFGH","Afghanistan","AFG","Afghanistan"
2025,"SAS","South Asia","MORB",NA,NA,NA,NA,"BANG","Bangladesh","BGD","Bangladesh"
2025,"SAS","South Asia","MORB",NA,NA,NA,NA,"BHUT","Bhutan","BTN","Bhutan"
2025,"SAS","South Asia","MORB",NA,NA,NA,NA,"INDI","India","IND","India"
2025,"SAS","South Asia","MORB",NA,NA,NA,NA,"NEPA","Nepal","NPL","Nepal"
2025,"SAS","South Asia","MORB",NA,NA,NA,NA,"PAKI","Pakistan","PAK","Pakistan"
2025,"SAS","South Asia","MORB",NA,NA,NA,NA,"SRIL","Sri Lanka","LKA","Sri Lanka"
2025,"SAS","South Asia","MORT",NA,NA,NA,NA,"AFGH","Afghanistan","AFG","Afghanistan"
2025,"SAS","South Asia","MORT",NA,NA,NA,NA,"BANG","Bangladesh","BGD","Bangladesh"
2025,"SAS","South Asia","MORT",NA,NA,NA,NA,"BHUT","Bhutan","BTN","Bhutan"
2025,"SAS","South Asia","MORT",NA,NA,NA,NA,"INDI","India","IND","India"
2025,"SAS","South Asia","MORT",NA,NA,NA,NA,"NEPA","Nepal","NPL","Nepal"
2025,"SAS","South Asia","MORT",NA,NA,NA,NA,"PAKI","Pakistan","PAK","Pakistan"
2025,"SAS","South Asia","MORT",NA,NA,NA,NA,"SRIL","Sri Lanka","LKA","Sri Lanka"
2025,"SSA","Sub-Saharan Africa","MORB",NA,NA,NA,NA,"EAFR","Eastern Africa (excl Kenya, Tanzania)","BDI","Burundi"
2025,"SSA","Sub-Saharan Africa","MORB",NA,NA,NA,NA,"EAFR","Eastern Africa (excl Kenya, Tanzania)","COM","Comoros"
2025,"SSA","Sub-Saharan Africa","MORB",NA,NA,NA,NA,"EAFR","Eastern Africa (excl Kenya, Tanzania)","DJI","Djibouti"
2025,"SSA","Sub-Saharan Africa","MORB",NA,NA,NA,NA,"EAFR","Eastern Africa (excl Kenya, Tanzania)","ERI","Eritrea"
2025,"SSA","Sub-Saharan Africa","MORB",NA,NA,NA,NA,"EAFR","Eastern Africa (excl Kenya, Tanzania)","ETH","Ethiopia"
2025,"SSA","Sub-Saharan Africa","MORB",NA,NA,NA,NA,"EAFR","Eastern Africa (excl Kenya, Tanzania)","MDG","Madagascar"
2025,"SSA","Sub-Saharan Africa","MORB",NA,NA,NA,NA,"EAFR","Eastern Africa (excl Kenya, Tanzania)","MUS","Mauritius"
2025,"SSA","Sub-Saharan Africa","MORB",NA,NA,NA,NA,"EAFR","Eastern Africa (excl Kenya, Tanzania)","RWA","Rwanda"
2025,"SSA","Sub-Saharan Africa","MORB",NA,NA,NA,NA,"EAFR","Eastern Africa (excl Kenya, Tanzania)","SDN","Sudan"
2025,"SSA","Sub-Saharan Africa","MORB",NA,NA,NA,NA,"EAFR","Eastern Africa (excl Kenya, Tanzania)","SOM","Somalia"
2025,"SSA","Sub-Saharan Africa","MORB",NA,NA,NA,NA,"EAFR","Eastern Africa (excl Kenya, Tanzania)","UGA","Uganda"
2025,"SSA","Sub-Saharan Africa","MORB",NA,NA,NA,NA,"KENY","Kenya","KEN","Kenya"
2025,"SSA","Sub-Saharan Africa","MORB",NA,NA,NA,NA,"NIGE","Nigeria","NGA","Nigeria"
2025,"SSA","Sub-Saharan Africa","MORB",NA,NA,NA,NA,"TANZ","United Republic of Tanzania","TZA","United Republic of Tanzania"
2025,"SSA","Sub-Saharan Africa","MORB",NA,NA,NA,NA,"WAFR","Western Africa (excl Nigeria)","BEN","Benin"
2025,"SSA","Sub-Saharan Africa","MORB",NA,NA,NA,NA,"WAFR","Western Africa (excl Nigeria)","BFA","Burkina Faso"
2025,"SSA","Sub-Saharan Africa","MORB",NA,NA,NA,NA,"WAFR","Western Africa (excl Nigeria)","CAF","Central African Republic"
2025,"SSA","Sub-Saharan Africa","MORB",NA,NA,NA,NA,"WAFR","Western Africa (excl Nigeria)","CIV","Cote d'Ivoire"
2025,"SSA","Sub-Saharan Africa","MORB",NA,NA,NA,NA,"WAFR","Western Africa (excl Nigeria)","CMR","Cameroon"
2025,"SSA","Sub-Saharan Africa","MORB",NA,NA,NA,NA,"WAFR","Western Africa (excl Nigeria)","COD","Democratic Republic of the Congo"
2025,"SSA","Sub-Saharan Africa","MORB",NA,NA,NA,NA,"WAFR","Western Africa (excl Nigeria)","COG","Congo"
2025,"SSA","Sub-Saharan Africa","MORB",NA,NA,NA,NA,"WAFR","Western Africa (excl Nigeria)","CPV","Cape Verde"
2025,"SSA","Sub-Saharan Africa","MORB",NA,NA,NA,NA,"WAFR","Western Africa (excl Nigeria)","GAB","Gabon"
2025,"SSA","Sub-Saharan Africa","MORB",NA,NA,NA,NA,"WAFR","Western Africa (excl Nigeria)","GHA","Ghana"
2025,"SSA","Sub-Saharan Africa","MORB",NA,NA,NA,NA,"WAFR","Western Africa (excl Nigeria)","GIN","Guinea"
2025,"SSA","Sub-Saharan Africa","MORB",NA,NA,NA,NA,"WAFR","Western Africa (excl Nigeria)","GMB","Gambia"
2025,"SSA","Sub-Saharan Africa","MORB",NA,NA,NA,NA,"WAFR","Western Africa (excl Nigeria)","GNB","Guinea-Bissau"
2025,"SSA","Sub-Saharan Africa","MORB",NA,NA,NA,NA,"WAFR","Western Africa (excl Nigeria)","GNQ","Equatorial Guinea"
2025,"SSA","Sub-Saharan Africa","MORB",NA,NA,NA,NA,"WAFR","Western Africa (excl Nigeria)","LBR","Liberia"
2025,"SSA","Sub-Saharan Africa","MORB",NA,NA,NA,NA,"WAFR","Western Africa (excl Nigeria)","MLI","Mali"
2025,"SSA","Sub-Saharan Africa","MORB",NA,NA,NA,NA,"WAFR","Western Africa (excl Nigeria)","MRT","Mauritania"
2025,"SSA","Sub-Saharan Africa","MORB",NA,NA,NA,NA,"WAFR","Western Africa (excl Nigeria)","NER","Niger"
2025,"SSA","Sub-Saharan Africa","MORB",NA,NA,NA,NA,"WAFR","Western Africa (excl Nigeria)","SEN","Senegal"
2025,"SSA","Sub-Saharan Africa","MORB",NA,NA,NA,NA,"WAFR","Western Africa (excl Nigeria)","SLE","Sierra Leone"
2025,"SSA","Sub-Saharan Africa","MORB",NA,NA,NA,NA,"WAFR","Western Africa (excl Nigeria)","TCD","Chad"
2025,"SSA","Sub-Saharan Africa","MORB",NA,NA,NA,NA,"WAFR","Western Africa (excl Nigeria)","TGO","Togo"
2025,"SSA","Sub-Saharan Africa","MORT",NA,NA,NA,NA,"EAFR","Eastern Africa (excl Kenya, Tanzania)","BDI","Burundi"
2025,"SSA","Sub-Saharan Africa","MORT",NA,NA,NA,NA,"EAFR","Eastern Africa (excl Kenya, Tanzania)","COM","Comoros"
2025,"SSA","Sub-Saharan Africa","MORT",NA,NA,NA,NA,"EAFR","Eastern Africa (excl Kenya, Tanzania)","DJI","Djibouti"
2025,"SSA","Sub-Saharan Africa","MORT",NA,NA,NA,NA,"EAFR","Eastern Africa (excl Kenya, Tanzania)","ERI","Eritrea"
2025,"SSA","Sub-Saharan Africa","MORT",NA,NA,NA,NA,"EAFR","Eastern Africa (excl Kenya, Tanzania)","ETH","Ethiopia"
2025,"SSA","Sub-Saharan Africa","MORT",NA,NA,NA,NA,"EAFR","Eastern Africa (excl Kenya, Tanzania)","MDG","Madagascar"
2025,"SSA","Sub-Saharan Africa","MORT",NA,NA,NA,NA,"EAFR","Eastern Africa (excl Kenya, Tanzania)","MUS","Mauritius"
2025,"SSA","Sub-Saharan Africa","MORT",NA,NA,NA,NA,"EAFR","Eastern Africa (excl Kenya, Tanzania)","RWA","Rwanda"
2025,"SSA","Sub-Saharan Africa","MORT",NA,NA,NA,NA,"EAFR","Eastern Africa (excl Kenya, Tanzania)","SDN","Sudan"
2025,"SSA","Sub-Saharan Africa","MORT",NA,NA,NA,NA,"EAFR","Eastern Africa (excl Kenya, Tanzania)","SOM","Somalia"
2025,"SSA","Sub-Saharan Africa","MORT",NA,NA,NA,NA,"EAFR","Eastern Africa (excl Kenya, Tanzania)","UGA","Uganda"
2025,"SSA","Sub-Saharan Africa","MORT",NA,NA,NA,NA,"KENY","Kenya","KEN","Kenya"
2025,"SSA","Sub-Saharan Africa","MORT",NA,NA,NA,NA,"NIGE","Nigeria","NGA","Nigeria"
2025,"SSA","Sub-Saharan Africa","MORT",NA,NA,NA,NA,"TANZ","United Republic of Tanzania","TZA","United Republic of Tanzania"
2025,"SSA","Sub-Saharan Africa","MORT",NA,NA,NA,NA,"WAFR","Western Africa (excl Nigeria)","BEN","Benin"
2025,"SSA","Sub-Saharan Africa","MORT",NA,NA,NA,NA,"WAFR","Western Africa (excl Nigeria)","BFA","Burkina Faso"
2025,"SSA","Sub-Saharan Africa","MORT",NA,NA,NA,NA,"WAFR","Western Africa (excl Nigeria)","CAF","Central African Republic"
2025,"SSA","Sub-Saharan Africa","MORT",NA,NA,NA,NA,"WAFR","Western Africa (excl Nigeria)","CIV","Cote d'Ivoire"
2025,"SSA","Sub-Saharan Africa","MORT",NA,NA,NA,NA,"WAFR","Western Africa (excl Nigeria)","CMR","Cameroon"
2025,"SSA","Sub-Saharan Africa","MORT",NA,NA,NA,NA,"WAFR","Western Africa (excl Nigeria)","COD","Democratic Republic of the Congo"
2025,"SSA","Sub-Saharan Africa","MORT",NA,NA,NA,NA,"WAFR","Western Africa (excl Nigeria)","COG","Congo"
2025,"SSA","Sub-Saharan Africa","MORT",NA,NA,NA,NA,"WAFR","Western Africa (excl Nigeria)","CPV","Cape Verde"
2025,"SSA","Sub-Saharan Africa","MORT",NA,NA,NA,NA,"WAFR","Western Africa (excl Nigeria)","GAB","Gabon"
2025,"SSA","Sub-Saharan Africa","MORT",NA,NA,NA,NA,"WAFR","Western Africa (excl Nigeria)","GHA","Ghana"
2025,"SSA","Sub-Saharan Africa","MORT",NA,NA,NA,NA,"WAFR","Western Africa (excl Nigeria)","GIN","Guinea"
2025,"SSA","Sub-Saharan Africa","MORT",NA,NA,NA,NA,"WAFR","Western Africa (excl Nigeria)","GMB","Gambia"
2025,"SSA","Sub-Saharan Africa","MORT",NA,NA,NA,NA,"WAFR","Western Africa (excl Nigeria)","GNB","Guinea-Bissau"
2025,"SSA","Sub-Saharan Africa","MORT",NA,NA,NA,NA,"WAFR","Western Africa (excl Nigeria)","GNQ","Equatorial Guinea"
2025,"SSA","Sub-Saharan Africa","MORT",NA,NA,NA,NA,"WAFR","Western Africa (excl Nigeria)","LBR","Liberia"
2025,"SSA","Sub-Saharan Africa","MORT",NA,NA,NA,NA,"WAFR","Western Africa (excl Nigeria)","MLI","Mali"
2025,"SSA","Sub-Saharan Africa","MORT",NA,NA,NA,NA,"WAFR","Western Africa (excl Nigeria)","MRT","Mauritania"
2025,"SSA","Sub-Saharan Africa","MORT",NA,NA,NA,NA,"WAFR","Western Africa (excl Nigeria)","NER","Niger"
2025,"SSA","Sub-Saharan Africa","MORT",NA,NA,NA,NA,"WAFR","Western Africa (excl Nigeria)","SEN","Senegal"
2025,"SSA","Sub-Saharan Africa","MORT",NA,NA,NA,NA,"WAFR","Western Africa (excl Nigeria)","SLE","Sierra Leone"
2025,"SSA","Sub-Saharan Africa","MORT",NA,NA,NA,NA,"WAFR","Western Africa (excl Nigeria)","TCD","Chad"
2025,"SSA","Sub-Saharan Africa","MORT",NA,NA,NA,NA,"WAFR","Western Africa (excl Nigeria)","TGO","Togo"
2025,"WAS","Western Asia","MORB",NA,NA,NA,NA,"ARME","Armenia","ARM","Armenia"
2025,"WAS","Western Asia","MORB",NA,NA,NA,NA,"AZER","Azerbaijan","AZE","Azerbaijan"
2025,"WAS","Western Asia","MORB",NA,NA,NA,NA,"BELA","Belarus","BLR","Belarus"
2025,"WAS","Western Asia","MORB",NA,NA,NA,NA,"GEOR","Georgia","GEO","Georgia"
2025,"WAS","Western Asia","MORB",NA,NA,NA,NA,"MOLD","Republic of Moldova","MDA","Republic of Moldova"
2025,"WAS","Western Asia","MORB",NA,NA,NA,NA,"TURK","Turkey","TUR","Turkey"
2025,"WAS","Western Asia","MORB",NA,NA,NA,NA,"UKRA","Ukraine","UKR","Ukraine"
2025,"WAS","Western Asia","MORT",NA,NA,NA,NA,"ARME","Armenia","ARM","Armenia"
2025,"WAS","Western Asia","MORT",NA,NA,NA,NA,"AZER","Azerbaijan","AZE","Azerbaijan"
2025,"WAS","Western Asia","MORT",NA,NA,NA,NA,"BELA","Belarus","BLR","Belarus"
2025,"WAS","Western Asia","MORT",NA,NA,NA,NA,"GEOR","Georgia","GEO","Georgia"
2025,"WAS","Western Asia","MORT",NA,NA,NA,NA,"MOLD","Republic of Moldova","MDA","Republic of Moldova"
2025,"WAS","Western Asia","MORT",NA,NA,NA,NA,"TURK","Turkey","TUR","Turkey"
2025,"WAS","Western Asia","MORT",NA,NA,NA,NA,"UKRA","Ukraine","UKR","Ukraine"
2025,"WBK","West Balkan","MORB",NA,NA,NA,NA,"ALBA","Albania","ALB","Albania"
2025,"WBK","West Balkan","MORB",NA,NA,NA,NA,"BOHE","Bosnia and Herzegovina","BIH","Bosnia and Herzegovina"
2025,"WBK","West Balkan","MORB",NA,NA,NA,NA,"KOSO","Kosovo","XKX","Kosovo"
2025,"WBK","West Balkan","MORB",NA,NA,NA,NA,"MACE","TFYR Macedonia","MKD","TFYR Macedonia"
2025,"WBK","West Balkan","MORB",NA,NA,NA,NA,"MONT","Montenegro","MNE","Montenegro"
2025,"WBK","West Balkan","MORB",NA,NA,NA,NA,"SERB","Serbia","SRB","Serbia"
2025,"WBK","West Balkan","MORT",NA,NA,NA,NA,"ALBA","Albania","ALB","Albania"
2025,"WBK","West Balkan","MORT",NA,NA,NA,NA,"BOHE","Bosnia and Herzegovina","BIH","Bosnia and Herzegovina"
2025,"WBK","West Balkan","MORT",NA,NA,NA,NA,"KOSO","Kosovo","XKX","Kosovo"
2025,"WBK","West Balkan","MORT",NA,NA,NA,NA,"MACE","TFYR Macedonia","MKD","TFYR Macedonia"
2025,"WBK","West Balkan","MORT",NA,NA,NA,NA,"MONT","Montenegro","MNE","Montenegro"
2025,"WBK","West Balkan","MORT",NA,NA,NA,NA,"SERB","Serbia","SRB","Serbia"
2030,"CAS","Central Asia","MORB",1,1,1,0.439328277356446,"KAZA","Kazakhstan","KAZ","Kazakhstan"
2030,"CAS","Central Asia","MORB",1,1,1,0.439328277356446,"KYRG","Kyrgyzstan","KGZ","Kyrgyzstan"
2030,"CAS","Central Asia","MORB",1,1,1,0.439328277356446,"TAJI","Tajikistan","TJK","Tajikistan"
2030,"CAS","Central Asia","MORB",1,1,1,0.439328277356446,"TKME","Turkmenistan","TKM","Turkmenistan"
2030,"CAS","Central Asia","MORB",1,1,1,0.439328277356446,"UZBE","Uzbekistan","UZB","Uzbekistan"
2030,"CAS","Central Asia","MORT",NA,Inf,1.46829833933822,0.202095498405599,"KAZA","Kazakhstan","KAZ","Kazakhstan"
2030,"CAS","Central Asia","MORT",NA,Inf,1.46829833933822,0.202095498405599,"KYRG","Kyrgyzstan","KGZ","Kyrgyzstan"
2030,"CAS","Central Asia","MORT",NA,Inf,1.46829833933822,0.202095498405599,"TAJI","Tajikistan","TJK","Tajikistan"
2030,"CAS","Central Asia","MORT",NA,Inf,1.46829833933822,0.202095498405599,"TKME","Turkmenistan","TKM","Turkmenistan"
2030,"CAS","Central Asia","MORT",NA,Inf,1.46829833933822,0.202095498405599,"UZBE","Uzbekistan","UZB","Uzbekistan"
2030,"CHI","Centrally Planned Asia","MORB",1,1,1,0.490935637324144,"CHIN","China","CHN","China"
2030,"CHI","Centrally Planned Asia","MORB",1,1,1,0.490935637324144,"KORN","North Korea","PRK","North Korea"
2030,"CHI","Centrally Planned Asia","MORB",1,1,1,0.490935637324144,"MONG","Mongolia","MNG","Mongolia"
2030,"CHI","Centrally Planned Asia","MORT",NA,Inf,1.03298677345207,0.00109279521867451,"CHIN","China","CHN","China"
2030,"CHI","Centrally Planned Asia","MORT",NA,Inf,1.03298677345207,0.00109279521867451,"KORN","North Korea","PRK","North Korea"
2030,"CHI","Centrally Planned Asia","MORT",NA,Inf,1.03298677345207,0.00109279521867451,"MONG","Mongolia","MNG","Mongolia"
2030,"EAS","South East Asia","MORB",1,1,1,0.490747445237091,"CAMB","Cambodia","KHM","Cambodia"
2030,"EAS","South East Asia","MORB",1,1,1,0.490747445237091,"INDO","Indonesia","IDN","Indonesia"
2030,"EAS","South East Asia","MORB",1,1,1,0.490747445237091,"LAOS","Laos","LAO","Laos"
2030,"EAS","South East Asia","MORB",1,1,1,0.490747445237091,"MALA","Malaysia","MYS","Malaysia"
2030,"EAS","South East Asia","MORB",1,1,1,0.490747445237091,"MYAN","Myanmar","MMR","Myanmar"
2030,"EAS","South East Asia","MORB",1,1,1,0.490747445237091,"PHIL","Philippines","PHL","Philippines"
2030,"EAS","South East Asia","MORB",1,1,1,0.490747445237091,"THAI","Thailand","THA","Thailand"
2030,"EAS","South East Asia","MORB",1,1,1,0.490747445237091,"VIET","Vietnam","VNM","Vietnam"
2030,"EAS","South East Asia","MORT",NA,Inf,1.50361154937719,0.121165171823992,"CAMB","Cambodia","KHM","Cambodia"
2030,"EAS","South East Asia","MORT",NA,Inf,1.50361154937719,0.121165171823992,"INDO","Indonesia","IDN","Indonesia"
2030,"EAS","South East Asia","MORT",NA,Inf,1.50361154937719,0.121165171823992,"LAOS","Laos","LAO","Laos"
2030,"EAS","South East Asia","MORT",NA,Inf,1.50361154937719,0.121165171823992,"MALA","Malaysia","MYS","Malaysia"
2030,"EAS","South East Asia","MORT",NA,Inf,1.50361154937719,0.121165171823992,"MYAN","Myanmar","MMR","Myanmar"
2030,"EAS","South East Asia","MORT",NA,Inf,1.50361154937719,0.121165171823992,"PHIL","Philippines","PHL","Philippines"
2030,"EAS","South East Asia","MORT",NA,Inf,1.50361154937719,0.121165171823992,"THAI","Thailand","THA","Thailand"
2030,"EAS","South East Asia","MORT",NA,Inf,1.50361154937719,0.121165171823992,"VIET","Vietnam","VNM","Vietnam"
2030,"EUR","EU, EFTA, UK","MORB",1,1,1,0.533076766212974,"AUST","Austria","AUT","Austria"
2030,"EUR","EU, EFTA, UK","MORB",1,1,1,0.533076766212974,"BELG","Belgium","BEL","Belgium"
2030,"EUR","EU, EFTA, UK","MORB",1,1,1,0.533076766212974,"BULG","Bulgaria","BGR","Bulgaria"
2030,"EUR","EU, EFTA, UK","MORB",1,1,1,0.533076766212974,"CROA","Croatia","HRV","Croatia"
2030,"EUR","EU, EFTA, UK","MORB",1,1,1,0.533076766212974,"CYPR","Cyprus","CYP","Cyprus"
2030,"EUR","EU, EFTA, UK","MORB",1,1,1,0.533076766212974,"CZRE","Czech Republic","CZE","Czech Republic"
2030,"EUR","EU, EFTA, UK","MORB",1,1,1,0.533076766212974,"DENM","Denmark","DNK","Denmark"
2030,"EUR","EU, EFTA, UK","MORB",1,1,1,0.533076766212974,"ESTO","Estonia","EST","Estonia"
2030,"EUR","EU, EFTA, UK","MORB",1,1,1,0.533076766212974,"FINL","Finland","FIN","Finland"
2030,"EUR","EU, EFTA, UK","MORB",1,1,1,0.533076766212974,"FRAN","France","FRA","France"
2030,"EUR","EU, EFTA, UK","MORB",1,1,1,0.533076766212974,"GERM","Germany","DEU","Germany"
2030,"EUR","EU, EFTA, UK","MORB",1,1,1,0.533076766212974,"GREE","Greece","GRC","Greece"
2030,"EUR","EU, EFTA, UK","MORB",1,1,1,0.533076766212974,"HUNG","Hungary","HUN","Hungary"
2030,"EUR","EU, EFTA, UK","MORB",1,1,1,0.533076766212974,"ICEL","Iceland","ISL","Iceland"
2030,"EUR","EU, EFTA, UK","MORB",1,1,1,0.533076766212974,"IREL","Ireland","IRL","Ireland"
2030,"EUR","EU, EFTA, UK","MORB",1,1,1,0.533076766212974,"ITAL","Italy","ITA","Italy"
2030,"EUR","EU, EFTA, UK","MORB",1,1,1,0.533076766212974,"LATV","Latvia","LVA","Latvia"
2030,"EUR","EU, EFTA, UK","MORB",1,1,1,0.533076766212974,"LITH","Lithuania","LTU","Lithuania"
2030,"EUR","EU, EFTA, UK","MORB",1,1,1,0.533076766212974,"LUXE","Luxembourg","LUX","Luxembourg"
2030,"EUR","EU, EFTA, UK","MORB",1,1,1,0.533076766212974,"MALT","Malta","MLT","Malta"
2030,"EUR","EU, EFTA, UK","MORB",1,1,1,0.533076766212974,"NETH","Netherlands","NLD","Netherlands"
2030,"EUR","EU, EFTA, UK","MORB",1,1,1,0.533076766212974,"NORW","Norway","NOR","Norway"
2030,"EUR","EU, EFTA, UK","MORB",1,1,1,0.533076766212974,"POLA","Poland","POL","Poland"
2030,"EUR","EU, EFTA, UK","MORB",1,1,1,0.533076766212974,"PORT","Portugal","PRT","Portugal"
2030,"EUR","EU, EFTA, UK","MORB",1,1,1,0.533076766212974,"ROMA","Romania","ROU","Romania"
2030,"EUR","EU, EFTA, UK","MORB",1,1,1,0.533076766212974,"SKRE","Slovakia","SVK","Slovakia"
2030,"EUR","EU, EFTA, UK","MORB",1,1,1,0.533076766212974,"SLOV","Slovenia","SVN","Slovenia"
2030,"EUR","EU, EFTA, UK","MORB",1,1,1,0.533076766212974,"SPAI","Spain","ESP","Spain"
2030,"EUR","EU, EFTA, UK","MORB",1,1,1,0.533076766212974,"SWED","Sweden","SWE","Sweden"
2030,"EUR","EU, EFTA, UK","MORB",1,1,1,0.533076766212974,"SWIT","Switzerland","CHE","Switzerland"
2030,"EUR","EU, EFTA, UK","MORB",1,1,1,0.533076766212974,"UNKI","United Kingdom","GBR","United Kingdom"
2030,"EUR","EU, EFTA, UK","MORT",NA,Inf,1.01586551444775,0.0444899456269826,"AUST","Austria","AUT","Austria"
2030,"EUR","EU, EFTA, UK","MORT",NA,Inf,1.01586551444775,0.0444899456269826,"BELG","Belgium","BEL","Belgium"
2030,"EUR","EU, EFTA, UK","MORT",NA,Inf,1.01586551444775,0.0444899456269826,"BULG","Bulgaria","BGR","Bulgaria"
2030,"EUR","EU, EFTA, UK","MORT",NA,Inf,1.01586551444775,0.0444899456269826,"CROA","Croatia","HRV","Croatia"
2030,"EUR","EU, EFTA, UK","MORT",NA,Inf,1.01586551444775,0.0444899456269826,"CYPR","Cyprus","CYP","Cyprus"
2030,"EUR","EU, EFTA, UK","MORT",NA,Inf,1.01586551444775,0.0444899456269826,"CZRE","Czech Republic","CZE","Czech Republic"
2030,"EUR","EU, EFTA, UK","MORT",NA,Inf,1.01586551444775,0.0444899456269826,"DENM","Denmark","DNK","Denmark"
2030,"EUR","EU, EFTA, UK","MORT",NA,Inf,1.01586551444775,0.0444899456269826,"ESTO","Estonia","EST","Estonia"
2030,"EUR","EU, EFTA, UK","MORT",NA,Inf,1.01586551444775,0.0444899456269826,"FINL","Finland","FIN","Finland"
2030,"EUR","EU, EFTA, UK","MORT",NA,Inf,1.01586551444775,0.0444899456269826,"FRAN","France","FRA","France"
2030,"EUR","EU, EFTA, UK","MORT",NA,Inf,1.01586551444775,0.0444899456269826,"GERM","Germany","DEU","Germany"
2030,"EUR","EU, EFTA, UK","MORT",NA,Inf,1.01586551444775,0.0444899456269826,"GREE","Greece","GRC","Greece"
2030,"EUR","EU, EFTA, UK","MORT",NA,Inf,1.01586551444775,0.0444899456269826,"HUNG","Hungary","HUN","Hungary"
2030,"EUR","EU, EFTA, UK","MORT",NA,Inf,1.01586551444775,0.0444899456269826,"ICEL","Iceland","ISL","Iceland"
2030,"EUR","EU, EFTA, UK","MORT",NA,Inf,1.01586551444775,0.0444899456269826,"IREL","Ireland","IRL","Ireland"
2030,"EUR","EU, EFTA, UK","MORT",NA,Inf,1.01586551444775,0.0444899456269826,"ITAL","Italy","ITA","Italy"
2030,"EUR","EU, EFTA, UK","MORT",NA,Inf,1.01586551444775,0.0444899456269826,"LATV","Latvia","LVA","Latvia"
2030,"EUR","EU, EFTA, UK","MORT",NA,Inf,1.01586551444775,0.0444899456269826,"LITH","Lithuania","LTU","Lithuania"
2030,"EUR","EU, EFTA, UK","MORT",NA,Inf,1.01586551444775,0.0444899456269826,"LUXE","Luxembourg","LUX","Luxembourg"
2030,"EUR","EU, EFTA, UK","MORT",NA,Inf,1.01586551444775,0.0444899456269826,"MALT","Malta","MLT","Malta"
2030,"EUR","EU, EFTA, UK","MORT",NA,Inf,1.01586551444775,0.0444899456269826,"NETH","Netherlands","NLD","Netherlands"
2030,"EUR","EU, EFTA, UK","MORT",NA,Inf,1.01586551444775,0.0444899456269826,"NORW","Norway","NOR","Norway"
2030,"EUR","EU, EFTA, UK","MORT",NA,Inf,1.01586551444775,0.0444899456269826,"POLA","Poland","POL","Poland"
2030,"EUR","EU, EFTA, UK","MORT",NA,Inf,1.01586551444775,0.0444899456269826,"PORT","Portugal","PRT","Portugal"
2030,"EUR","EU, EFTA, UK","MORT",NA,Inf,1.01586551444775,0.0444899456269826,"ROMA","Romania","ROU","Romania"
2030,"EUR","EU, EFTA, UK","MORT",NA,Inf,1.01586551444775,0.0444899456269826,"SKRE","Slovakia","SVK","Slovakia"
2030,"EUR","EU, EFTA, UK","MORT",NA,Inf,1.01586551444775,0.0444899456269826,"SLOV","Slovenia","SVN","Slovenia"
2030,"EUR","EU, EFTA, UK","MORT",NA,Inf,1.01586551444775,0.0444899456269826,"SPAI","Spain","ESP","Spain"
2030,"EUR","EU, EFTA, UK","MORT",NA,Inf,1.01586551444775,0.0444899456269826,"SWED","Sweden","SWE","Sweden"
2030,"EUR","EU, EFTA, UK","MORT",NA,Inf,1.01586551444775,0.0444899456269826,"SWIT","Switzerland","CHE","Switzerland"
2030,"EUR","EU, EFTA, UK","MORT",NA,Inf,1.01586551444775,0.0444899456269826,"UNKI","United Kingdom","GBR","United Kingdom"
2030,"LAC","Latin America & Caribbean","MORB",1,1,1,0.632729986585297,"ARGE","Argentina","ARG","Argentina"
2030,"LAC","Latin America & Caribbean","MORB",1,1,1,0.632729986585297,"BOLV","Bolivia (Plurinational State of)","BOL","Bolivia (Plurinational State of)"
2030,"LAC","Latin America & Caribbean","MORB",1,1,1,0.632729986585297,"BRAZ","Brazil","BRA","Brazil"
2030,"LAC","Latin America & Caribbean","MORB",1,1,1,0.632729986585297,"CARB","Caribbean","ABW","Aruba"
2030,"LAC","Latin America & Caribbean","MORB",1,1,1,0.632729986585297,"CARB","Caribbean","BHS","Bahamas"
2030,"LAC","Latin America & Caribbean","MORB",1,1,1,0.632729986585297,"CARB","Caribbean","BRB","Barbados"
2030,"LAC","Latin America & Caribbean","MORB",1,1,1,0.632729986585297,"CARB","Caribbean","CUB","Cuba"
2030,"LAC","Latin America & Caribbean","MORB",1,1,1,0.632729986585297,"CARB","Caribbean","DOM","Dominican Republic"
2030,"LAC","Latin America & Caribbean","MORB",1,1,1,0.632729986585297,"CARB","Caribbean","GLP","Guadeloupe"
2030,"LAC","Latin America & Caribbean","MORB",1,1,1,0.632729986585297,"CARB","Caribbean","GRD","Grenada"
2030,"LAC","Latin America & Caribbean","MORB",1,1,1,0.632729986585297,"CARB","Caribbean","GUF","French Guiana"
2030,"LAC","Latin America & Caribbean","MORB",1,1,1,0.632729986585297,"CARB","Caribbean","GUY","Guyana"
2030,"LAC","Latin America & Caribbean","MORB",1,1,1,0.632729986585297,"CARB","Caribbean","HTI","Haiti"
2030,"LAC","Latin America & Caribbean","MORB",1,1,1,0.632729986585297,"CARB","Caribbean","JAM","Jamaica"
2030,"LAC","Latin America & Caribbean","MORB",1,1,1,0.632729986585297,"CARB","Caribbean","LCA","Saint Lucia"
2030,"LAC","Latin America & Caribbean","MORB",1,1,1,0.632729986585297,"CARB","Caribbean","MTQ","Martinique"
2030,"LAC","Latin America & Caribbean","MORB",1,1,1,0.632729986585297,"CARB","Caribbean","PRI","Puerto Rico"
2030,"LAC","Latin America & Caribbean","MORB",1,1,1,0.632729986585297,"CARB","Caribbean","SUR","Suriname"
2030,"LAC","Latin America & Caribbean","MORB",1,1,1,0.632729986585297,"CARB","Caribbean","TTO","Trinidad and Tobago"
2030,"LAC","Latin America & Caribbean","MORB",1,1,1,0.632729986585297,"CARB","Caribbean","VCT","Saint Vincent and the Grenadines"
2030,"LAC","Latin America & Caribbean","MORB",1,1,1,0.632729986585297,"CARB","Caribbean","VIR","United States Virgin Islands"
2030,"LAC","Latin America & Caribbean","MORB",1,1,1,0.632729986585297,"CEAM","Central America","BLZ","Belize"
2030,"LAC","Latin America & Caribbean","MORB",1,1,1,0.632729986585297,"CEAM","Central America","CRI","Costa Rica"
2030,"LAC","Latin America & Caribbean","MORB",1,1,1,0.632729986585297,"CEAM","Central America","GTM","Guatemala"
2030,"LAC","Latin America & Caribbean","MORB",1,1,1,0.632729986585297,"CEAM","Central America","HND","Honduras"
2030,"LAC","Latin America & Caribbean","MORB",1,1,1,0.632729986585297,"CEAM","Central America","NIC","Nicaragua"
2030,"LAC","Latin America & Caribbean","MORB",1,1,1,0.632729986585297,"CEAM","Central America","PAN","Panama"
2030,"LAC","Latin America & Caribbean","MORB",1,1,1,0.632729986585297,"CEAM","Central America","SLV","El Salvador"
2030,"LAC","Latin America & Caribbean","MORB",1,1,1,0.632729986585297,"CHIL","Chile","CHL","Chile"
2030,"LAC","Latin America & Caribbean","MORB",1,1,1,0.632729986585297,"COLO","Colombia","COL","Colombia"
2030,"LAC","Latin America & Caribbean","MORB",1,1,1,0.632729986585297,"ECUA","Ecuador","ECU","Ecuador"
2030,"LAC","Latin America & Caribbean","MORB",1,1,1,0.632729986585297,"MEXI","Mexico","MEX","Mexico"
2030,"LAC","Latin America & Caribbean","MORB",1,1,1,0.632729986585297,"PARA","Paraguay","PRY","Paraguay"
2030,"LAC","Latin America & Caribbean","MORB",1,1,1,0.632729986585297,"PERU","Peru","PER","Peru"
2030,"LAC","Latin America & Caribbean","MORB",1,1,1,0.632729986585297,"URUG","Uruguay","URY","Uruguay"
2030,"LAC","Latin America & Caribbean","MORB",1,1,1,0.632729986585297,"VENE","Venezuela (Bolivarian Republic of)","VEN","Venezuela (Bolivarian Republic of)"
2030,"LAC","Latin America & Caribbean","MORT",NA,Inf,2.67924586083727,0.24273158291828,"ARGE","Argentina","ARG","Argentina"
2030,"LAC","Latin America & Caribbean","MORT",NA,Inf,2.67924586083727,0.24273158291828,"BOLV","Bolivia (Plurinational State of)","BOL","Bolivia (Plurinational State of)"
2030,"LAC","Latin America & Caribbean","MORT",NA,Inf,2.67924586083727,0.24273158291828,"BRAZ","Brazil","BRA","Brazil"
2030,"LAC","Latin America & Caribbean","MORT",NA,Inf,2.67924586083727,0.24273158291828,"CARB","Caribbean","ABW","Aruba"
2030,"LAC","Latin America & Caribbean","MORT",NA,Inf,2.67924586083727,0.24273158291828,"CARB","Caribbean","BHS","Bahamas"
2030,"LAC","Latin America & Caribbean","MORT",NA,Inf,2.67924586083727,0.24273158291828,"CARB","Caribbean","BRB","Barbados"
2030,"LAC","Latin America & Caribbean","MORT",NA,Inf,2.67924586083727,0.24273158291828,"CARB","Caribbean","CUB","Cuba"
2030,"LAC","Latin America & Caribbean","MORT",NA,Inf,2.67924586083727,0.24273158291828,"CARB","Caribbean","DOM","Dominican Republic"
2030,"LAC","Latin America & Caribbean","MORT",NA,Inf,2.67924586083727,0.24273158291828,"CARB","Caribbean","GLP","Guadeloupe"
2030,"LAC","Latin America & Caribbean","MORT",NA,Inf,2.67924586083727,0.24273158291828,"CARB","Caribbean","GRD","Grenada"
2030,"LAC","Latin America & Caribbean","MORT",NA,Inf,2.67924586083727,0.24273158291828,"CARB","Caribbean","GUF","French Guiana"
2030,"LAC","Latin America & Caribbean","MORT",NA,Inf,2.67924586083727,0.24273158291828,"CARB","Caribbean","GUY","Guyana"
2030,"LAC","Latin America & Caribbean","MORT",NA,Inf,2.67924586083727,0.24273158291828,"CARB","Caribbean","HTI","Haiti"
2030,"LAC","Latin America & Caribbean","MORT",NA,Inf,2.67924586083727,0.24273158291828,"CARB","Caribbean","JAM","Jamaica"
2030,"LAC","Latin America & Caribbean","MORT",NA,Inf,2.67924586083727,0.24273158291828,"CARB","Caribbean","LCA","Saint Lucia"
2030,"LAC","Latin America & Caribbean","MORT",NA,Inf,2.67924586083727,0.24273158291828,"CARB","Caribbean","MTQ","Martinique"
2030,"LAC","Latin America & Caribbean","MORT",NA,Inf,2.67924586083727,0.24273158291828,"CARB","Caribbean","PRI","Puerto Rico"
2030,"LAC","Latin America & Caribbean","MORT",NA,Inf,2.67924586083727,0.24273158291828,"CARB","Caribbean","SUR","Suriname"
2030,"LAC","Latin America & Caribbean","MORT",NA,Inf,2.67924586083727,0.24273158291828,"CARB","Caribbean","TTO","Trinidad and Tobago"
2030,"LAC","Latin America & Caribbean","MORT",NA,Inf,2.67924586083727,0.24273158291828,"CARB","Caribbean","VCT","Saint Vincent and the Grenadines"
2030,"LAC","Latin America & Caribbean","MORT",NA,Inf,2.67924586083727,0.24273158291828,"CARB","Caribbean","VIR","United States Virgin Islands"
2030,"LAC","Latin America & Caribbean","MORT",NA,Inf,2.67924586083727,0.24273158291828,"CEAM","Central America","BLZ","Belize"
2030,"LAC","Latin America & Caribbean","MORT",NA,Inf,2.67924586083727,0.24273158291828,"CEAM","Central America","CRI","Costa Rica"
2030,"LAC","Latin America & Caribbean","MORT",NA,Inf,2.67924586083727,0.24273158291828,"CEAM","Central America","GTM","Guatemala"
2030,"LAC","Latin America & Caribbean","MORT",NA,Inf,2.67924586083727,0.24273158291828,"CEAM","Central America","HND","Honduras"
2030,"LAC","Latin America & Caribbean","MORT",NA,Inf,2.67924586083727,0.24273158291828,"CEAM","Central America","NIC","Nicaragua"
2030,"LAC","Latin America & Caribbean","MORT",NA,Inf,2.67924586083727,0.24273158291828,"CEAM","Central America","PAN","Panama"
2030,"LAC","Latin America & Caribbean","MORT",NA,Inf,2.67924586083727,0.24273158291828,"CEAM","Central America","SLV","El Salvador"
2030,"LAC","Latin America & Caribbean","MORT",NA,Inf,2.67924586083727,0.24273158291828,"CHIL","Chile","CHL","Chile"
2030,"LAC","Latin America & Caribbean","MORT",NA,Inf,2.67924586083727,0.24273158291828,"COLO","Colombia","COL","Colombia"
2030,"LAC","Latin America & Caribbean","MORT",NA,Inf,2.67924586083727,0.24273158291828,"ECUA","Ecuador","ECU","Ecuador"
2030,"LAC","Latin America & Caribbean","MORT",NA,Inf,2.67924586083727,0.24273158291828,"MEXI","Mexico","MEX","Mexico"
2030,"LAC","Latin America & Caribbean","MORT",NA,Inf,2.67924586083727,0.24273158291828,"PARA","Paraguay","PRY","Paraguay"
2030,"LAC","Latin America & Caribbean","MORT",NA,Inf,2.67924586083727,0.24273158291828,"PERU","Peru","PER","Peru"
2030,"LAC","Latin America & Caribbean","MORT",NA,Inf,2.67924586083727,0.24273158291828,"URUG","Uruguay","URY","Uruguay"
2030,"LAC","Latin America & Caribbean","MORT",NA,Inf,2.67924586083727,0.24273158291828,"VENE","Venezuela (Bolivarian Republic of)","VEN","Venezuela (Bolivarian Republic of)"
2030,"MEA","Middle East","MORB",1.61376061905963,1.59207104345068,1.52160049372557,0.645417609545361,"ISRA","Israel","ISR","Israel"
2030,"MEA","Middle East","MORB",1.61376061905963,1.59207104345068,1.52160049372557,0.645417609545361,"MIDE","Middle East","ARE","United Arab Emirates"
2030,"MEA","Middle East","MORB",1.61376061905963,1.59207104345068,1.52160049372557,0.645417609545361,"MIDE","Middle East","BHR","Bahrain"
2030,"MEA","Middle East","MORB",1.61376061905963,1.59207104345068,1.52160049372557,0.645417609545361,"MIDE","Middle East","IRQ","Iraq"
2030,"MEA","Middle East","MORB",1.61376061905963,1.59207104345068,1.52160049372557,0.645417609545361,"MIDE","Middle East","JOR","Jordan"
2030,"MEA","Middle East","MORB",1.61376061905963,1.59207104345068,1.52160049372557,0.645417609545361,"MIDE","Middle East","KWT","Kuwait"
2030,"MEA","Middle East","MORB",1.61376061905963,1.59207104345068,1.52160049372557,0.645417609545361,"MIDE","Middle East","LBN","Lebanon"
2030,"MEA","Middle East","MORB",1.61376061905963,1.59207104345068,1.52160049372557,0.645417609545361,"MIDE","Middle East","OMN","Oman"
2030,"MEA","Middle East","MORB",1.61376061905963,1.59207104345068,1.52160049372557,0.645417609545361,"MIDE","Middle East","PSE","Occupied Palestinian Territory"
2030,"MEA","Middle East","MORB",1.61376061905963,1.59207104345068,1.52160049372557,0.645417609545361,"MIDE","Middle East","QAT","Qatar"
2030,"MEA","Middle East","MORB",1.61376061905963,1.59207104345068,1.52160049372557,0.645417609545361,"MIDE","Middle East","SYR","Syrian Arab Republic"
2030,"MEA","Middle East","MORB",1.61376061905963,1.59207104345068,1.52160049372557,0.645417609545361,"MIDE","Middle East","YEM","Yemen"
2030,"MEA","Middle East","MORB",1.61376061905963,1.59207104345068,1.52160049372557,0.645417609545361,"SAAR","Saudi Arabia","SAU","Saudi Arabia"
2030,"MEA","Middle East","MORT",NA,Inf,1.57746733399857,0.0571291632946501,"ISRA","Israel","ISR","Israel"
2030,"MEA","Middle East","MORT",NA,Inf,1.57746733399857,0.0571291632946501,"MIDE","Middle East","ARE","United Arab Emirates"
2030,"MEA","Middle East","MORT",NA,Inf,1.57746733399857,0.0571291632946501,"MIDE","Middle East","BHR","Bahrain"
2030,"MEA","Middle East","MORT",NA,Inf,1.57746733399857,0.0571291632946501,"MIDE","Middle East","IRQ","Iraq"
2030,"MEA","Middle East","MORT",NA,Inf,1.57746733399857,0.0571291632946501,"MIDE","Middle East","JOR","Jordan"
2030,"MEA","Middle East","MORT",NA,Inf,1.57746733399857,0.0571291632946501,"MIDE","Middle East","KWT","Kuwait"
2030,"MEA","Middle East","MORT",NA,Inf,1.57746733399857,0.0571291632946501,"MIDE","Middle East","LBN","Lebanon"
2030,"MEA","Middle East","MORT",NA,Inf,1.57746733399857,0.0571291632946501,"MIDE","Middle East","OMN","Oman"
2030,"MEA","Middle East","MORT",NA,Inf,1.57746733399857,0.0571291632946501,"MIDE","Middle East","PSE","Occupied Palestinian Territory"
2030,"MEA","Middle East","MORT",NA,Inf,1.57746733399857,0.0571291632946501,"MIDE","Middle East","QAT","Qatar"
2030,"MEA","Middle East","MORT",NA,Inf,1.57746733399857,0.0571291632946501,"MIDE","Middle East","SYR","Syrian Arab Republic"
2030,"MEA","Middle East","MORT",NA,Inf,1.57746733399857,0.0571291632946501,"MIDE","Middle East","YEM","Yemen"
2030,"MEA","Middle East","MORT",NA,Inf,1.57746733399857,0.0571291632946501,"SAAR","Saudi Arabia","SAU","Saudi Arabia"
2030,"NAF","North Africa","MORB",0.638099489163319,0.678038011796764,0.675326130452181,0.314637855142057,"EGYP","Egypt","EGY","Egypt"
2030,"NAF","North Africa","MORB",0.638099489163319,0.678038011796764,0.675326130452181,0.314637855142057,"IRAN","Iran","IRN","Iran"
2030,"NAF","North Africa","MORB",0.638099489163319,0.678038011796764,0.675326130452181,0.314637855142057,"NAFR","Northern Africa (excl Egypt)","DZA","Algeria"
2030,"NAF","North Africa","MORB",0.638099489163319,0.678038011796764,0.675326130452181,0.314637855142057,"NAFR","Northern Africa (excl Egypt)","ESH","Western Sahara"
2030,"NAF","North Africa","MORB",0.638099489163319,0.678038011796764,0.675326130452181,0.314637855142057,"NAFR","Northern Africa (excl Egypt)","LBY","Libyan Arab Jamahiriya"
2030,"NAF","North Africa","MORB",0.638099489163319,0.678038011796764,0.675326130452181,0.314637855142057,"NAFR","Northern Africa (excl Egypt)","MAR","Morocco"
2030,"NAF","North Africa","MORB",0.638099489163319,0.678038011796764,0.675326130452181,0.314637855142057,"NAFR","Northern Africa (excl Egypt)","TUN","Tunisia"
2030,"NAF","North Africa","MORT",NA,Inf,0.880868853793204,0.0541427329229794,"EGYP","Egypt","EGY","Egypt"
2030,"NAF","North Africa","MORT",NA,Inf,0.880868853793204,0.0541427329229794,"IRAN","Iran","IRN","Iran"
2030,"NAF","North Africa","MORT",NA,Inf,0.880868853793204,0.0541427329229794,"NAFR","Northern Africa (excl Egypt)","DZA","Algeria"
2030,"NAF","North Africa","MORT",NA,Inf,0.880868853793204,0.0541427329229794,"NAFR","Northern Africa (excl Egypt)","ESH","Western Sahara"
2030,"NAF","North Africa","MORT",NA,Inf,0.880868853793204,0.0541427329229794,"NAFR","Northern Africa (excl Egypt)","LBY","Libyan Arab Jamahiriya"
2030,"NAF","North Africa","MORT",NA,Inf,0.880868853793204,0.0541427329229794,"NAFR","Northern Africa (excl Egypt)","MAR","Morocco"
2030,"NAF","North Africa","MORT",NA,Inf,0.880868853793204,0.0541427329229794,"NAFR","Northern Africa (excl Egypt)","TUN","Tunisia"
2030,"NAM","North America","MORB",1,1,1,0.631232321302532,"CANA","Canada","CAN","Canada"
2030,"NAM","North America","MORB",1,1,1,0.631232321302532,"USAM","United States of America","USA","United States of America"
2030,"NAM","North America","MORT",NA,Inf,1.00367518109035,0.0609805566145635,"CANA","Canada","CAN","Canada"
2030,"NAM","North America","MORT",NA,Inf,1.00367518109035,0.0609805566145635,"USAM","United States of America","USA","United States of America"
2030,"OCE","Oceania","MORB",1,1,1,0.510231155048339,"AUTR","Australia","AUS","Australia"
2030,"OCE","Oceania","MORB",1,1,1,0.510231155048339,"BRUN","Brunei Darussalam","BRN","Brunei Darussalam"
2030,"OCE","Oceania","MORB",1,1,1,0.510231155048339,"JAPA","Japan","JPN","Japan"
2030,"OCE","Oceania","MORB",1,1,1,0.510231155048339,"KORS","Republic of Korea","KOR","Republic of Korea"
2030,"OCE","Oceania","MORB",1,1,1,0.510231155048339,"NZEL","New Zealand","NZL","New Zealand"
2030,"OCE","Oceania","MORB",1,1,1,0.510231155048339,"SING","Singapore","SGP","Singapore"
2030,"OCE","Oceania","MORB",1,1,1,0.510231155048339,"TAIW","Taiwan","TWN","Taiwan"
2030,"OCE","Oceania","MORT",NA,Inf,1.01765391419792,0.0253462449951791,"AUTR","Australia","AUS","Australia"
2030,"OCE","Oceania","MORT",NA,Inf,1.01765391419792,0.0253462449951791,"BRUN","Brunei Darussalam","BRN","Brunei Darussalam"
2030,"OCE","Oceania","MORT",NA,Inf,1.01765391419792,0.0253462449951791,"JAPA","Japan","JPN","Japan"
2030,"OCE","Oceania","MORT",NA,Inf,1.01765391419792,0.0253462449951791,"KORS","Republic of Korea","KOR","Republic of Korea"
2030,"OCE","Oceania","MORT",NA,Inf,1.01765391419792,0.0253462449951791,"NZEL","New Zealand","NZL","New Zealand"
2030,"OCE","Oceania","MORT",NA,Inf,1.01765391419792,0.0253462449951791,"SING","Singapore","SGP","Singapore"
2030,"OCE","Oceania","MORT",NA,Inf,1.01765391419792,0.0253462449951791,"TAIW","Taiwan","TWN","Taiwan"
2030,"RUS","Russian Federation","MORB",1,1,1,0.401652077425718,"RUSS","Russian Federation","RUS","Russian Federation"
2030,"RUS","Russian Federation","MORT",NA,Inf,1.05248276667835,0.0689145928262647,"RUSS","Russian Federation","RUS","Russian Federation"
2030,"SAF","Southern Africa","MORB",1,1,1,0.618999799156457,"RSAF","Remaining Southern Africa","AGO","Angola"
2030,"SAF","Southern Africa","MORB",1,1,1,0.618999799156457,"RSAF","Remaining Southern Africa","BWA","Botswana"
2030,"SAF","Southern Africa","MORB",1,1,1,0.618999799156457,"RSAF","Remaining Southern Africa","LSO","Lesotho"
2030,"SAF","Southern Africa","MORB",1,1,1,0.618999799156457,"RSAF","Remaining Southern Africa","MOZ","Mozambique"
2030,"SAF","Southern Africa","MORB",1,1,1,0.618999799156457,"RSAF","Remaining Southern Africa","MWI","Malawi"
2030,"SAF","Southern Africa","MORB",1,1,1,0.618999799156457,"RSAF","Remaining Southern Africa","NAM","Namibia"
2030,"SAF","Southern Africa","MORB",1,1,1,0.618999799156457,"RSAF","Remaining Southern Africa","SWZ","Swaziland"
2030,"SAF","Southern Africa","MORB",1,1,1,0.618999799156457,"RSAF","Remaining Southern Africa","ZMB","Zambia"
2030,"SAF","Southern Africa","MORB",1,1,1,0.618999799156457,"RSAF","Remaining Southern Africa","ZWE","Zimbabwe"
2030,"SAF","Southern Africa","MORB",1,1,1,0.618999799156457,"SAFR","South Africa","ZAF","South Africa"
2030,"SAF","Southern Africa","MORT",NA,Inf,6.52833853724514,1.31273831278148,"RSAF","Remaining Southern Africa","AGO","Angola"
2030,"SAF","Southern Africa","MORT",NA,Inf,6.52833853724514,1.31273831278148,"RSAF","Remaining Southern Africa","BWA","Botswana"
2030,"SAF","Southern Africa","MORT",NA,Inf,6.52833853724514,1.31273831278148,"RSAF","Remaining Southern Africa","LSO","Lesotho"
2030,"SAF","Southern Africa","MORT",NA,Inf,6.52833853724514,1.31273831278148,"RSAF","Remaining Southern Africa","MOZ","Mozambique"
2030,"SAF","Southern Africa","MORT",NA,Inf,6.52833853724514,1.31273831278148,"RSAF","Remaining Southern Africa","MWI","Malawi"
2030,"SAF","Southern Africa","MORT",NA,Inf,6.52833853724514,1.31273831278148,"RSAF","Remaining Southern Africa","NAM","Namibia"
2030,"SAF","Southern Africa","MORT",NA,Inf,6.52833853724514,1.31273831278148,"RSAF","Remaining Southern Africa","SWZ","Swaziland"
2030,"SAF","Southern Africa","MORT",NA,Inf,6.52833853724514,1.31273831278148,"RSAF","Remaining Southern Africa","ZMB","Zambia"
2030,"SAF","Southern Africa","MORT",NA,Inf,6.52833853724514,1.31273831278148,"RSAF","Remaining Southern Africa","ZWE","Zimbabwe"
2030,"SAF","Southern Africa","MORT",NA,Inf,6.52833853724514,1.31273831278148,"SAFR","South Africa","ZAF","South Africa"
2030,"SAS","South Asia","MORB",1,1,1,0.501635728116694,"AFGH","Afghanistan","AFG","Afghanistan"
2030,"SAS","South Asia","MORB",1,1,1,0.501635728116694,"BANG","Bangladesh","BGD","Bangladesh"
2030,"SAS","South Asia","MORB",1,1,1,0.501635728116694,"BHUT","Bhutan","BTN","Bhutan"
2030,"SAS","South Asia","MORB",1,1,1,0.501635728116694,"INDI","India","IND","India"
2030,"SAS","South Asia","MORB",1,1,1,0.501635728116694,"NEPA","Nepal","NPL","Nepal"
2030,"SAS","South Asia","MORB",1,1,1,0.501635728116694,"PAKI","Pakistan","PAK","Pakistan"
2030,"SAS","South Asia","MORB",1,1,1,0.501635728116694,"SRIL","Sri Lanka","LKA","Sri Lanka"
2030,"SAS","South Asia","MORT",NA,Inf,NA,NA,"AFGH","Afghanistan","AFG","Afghanistan"
2030,"SAS","South Asia","MORT",NA,Inf,NA,NA,"BANG","Bangladesh","BGD","Bangladesh"
2030,"SAS","South Asia","MORT",NA,Inf,NA,NA,"BHUT","Bhutan","BTN","Bhutan"
2030,"SAS","South Asia","MORT",NA,Inf,NA,NA,"INDI","India","IND","India"
2030,"SAS","South Asia","MORT",NA,Inf,NA,NA,"NEPA","Nepal","NPL","Nepal"
2030,"SAS","South Asia","MORT",NA,Inf,NA,NA,"PAKI","Pakistan","PAK","Pakistan"
2030,"SAS","South Asia","MORT",NA,Inf,NA,NA,"SRIL","Sri Lanka","LKA","Sri Lanka"
2030,"SSA","Sub-Saharan Africa","MORB",1,1,1,0.959252227252811,"EAFR","Eastern Africa (excl Kenya, Tanzania)","BDI","Burundi"
2030,"SSA","Sub-Saharan Africa","MORB",1,1,1,0.959252227252811,"EAFR","Eastern Africa (excl Kenya, Tanzania)","COM","Comoros"
2030,"SSA","Sub-Saharan Africa","MORB",1,1,1,0.959252227252811,"EAFR","Eastern Africa (excl Kenya, Tanzania)","DJI","Djibouti"
2030,"SSA","Sub-Saharan Africa","MORB",1,1,1,0.959252227252811,"EAFR","Eastern Africa (excl Kenya, Tanzania)","ERI","Eritrea"
2030,"SSA","Sub-Saharan Africa","MORB",1,1,1,0.959252227252811,"EAFR","Eastern Africa (excl Kenya, Tanzania)","ETH","Ethiopia"
2030,"SSA","Sub-Saharan Africa","MORB",1,1,1,0.959252227252811,"EAFR","Eastern Africa (excl Kenya, Tanzania)","MDG","Madagascar"
2030,"SSA","Sub-Saharan Africa","MORB",1,1,1,0.959252227252811,"EAFR","Eastern Africa (excl Kenya, Tanzania)","MUS","Mauritius"
2030,"SSA","Sub-Saharan Africa","MORB",1,1,1,0.959252227252811,"EAFR","Eastern Africa (excl Kenya, Tanzania)","RWA","Rwanda"
2030,"SSA","Sub-Saharan Africa","MORB",1,1,1,0.959252227252811,"EAFR","Eastern Africa (excl Kenya, Tanzania)","SDN","Sudan"
2030,"SSA","Sub-Saharan Africa","MORB",1,1,1,0.959252227252811,"EAFR","Eastern Africa (excl Kenya, Tanzania)","SOM","Somalia"
2030,"SSA","Sub-Saharan Africa","MORB",1,1,1,0.959252227252811,"EAFR","Eastern Africa (excl Kenya, Tanzania)","UGA","Uganda"
2030,"SSA","Sub-Saharan Africa","MORB",1,1,1,0.959252227252811,"KENY","Kenya","KEN","Kenya"
2030,"SSA","Sub-Saharan Africa","MORB",1,1,1,0.959252227252811,"NIGE","Nigeria","NGA","Nigeria"
2030,"SSA","Sub-Saharan Africa","MORB",1,1,1,0.959252227252811,"TANZ","United Republic of Tanzania","TZA","United Republic of Tanzania"
2030,"SSA","Sub-Saharan Africa","MORB",1,1,1,0.959252227252811,"WAFR","Western Africa (excl Nigeria)","BEN","Benin"
2030,"SSA","Sub-Saharan Africa","MORB",1,1,1,0.959252227252811,"WAFR","Western Africa (excl Nigeria)","BFA","Burkina Faso"
2030,"SSA","Sub-Saharan Africa","MORB",1,1,1,0.959252227252811,"WAFR","Western Africa (excl Nigeria)","CAF","Central African Republic"
2030,"SSA","Sub-Saharan Africa","MORB",1,1,1,0.959252227252811,"WAFR","Western Africa (excl Nigeria)","CIV","Cote d'Ivoire"
2030,"SSA","Sub-Saharan Africa","MORB",1,1,1,0.959252227252811,"WAFR","Western Africa (excl Nigeria)","CMR","Cameroon"
2030,"SSA","Sub-Saharan Africa","MORB",1,1,1,0.959252227252811,"WAFR","Western Africa (excl Nigeria)","COD","Democratic Republic of the Congo"
2030,"SSA","Sub-Saharan Africa","MORB",1,1,1,0.959252227252811,"WAFR","Western Africa (excl Nigeria)","COG","Congo"
2030,"SSA","Sub-Saharan Africa","MORB",1,1,1,0.959252227252811,"WAFR","Western Africa (excl Nigeria)","CPV","Cape Verde"
2030,"SSA","Sub-Saharan Africa","MORB",1,1,1,0.959252227252811,"WAFR","Western Africa (excl Nigeria)","GAB","Gabon"
2030,"SSA","Sub-Saharan Africa","MORB",1,1,1,0.959252227252811,"WAFR","Western Africa (excl Nigeria)","GHA","Ghana"
2030,"SSA","Sub-Saharan Africa","MORB",1,1,1,0.959252227252811,"WAFR","Western Africa (excl Nigeria)","GIN","Guinea"
2030,"SSA","Sub-Saharan Africa","MORB",1,1,1,0.959252227252811,"WAFR","Western Africa (excl Nigeria)","GMB","Gambia"
2030,"SSA","Sub-Saharan Africa","MORB",1,1,1,0.959252227252811,"WAFR","Western Africa (excl Nigeria)","GNB","Guinea-Bissau"
2030,"SSA","Sub-Saharan Africa","MORB",1,1,1,0.959252227252811,"WAFR","Western Africa (excl Nigeria)","GNQ","Equatorial Guinea"
2030,"SSA","Sub-Saharan Africa","MORB",1,1,1,0.959252227252811,"WAFR","Western Africa (excl Nigeria)","LBR","Liberia"
2030,"SSA","Sub-Saharan Africa","MORB",1,1,1,0.959252227252811,"WAFR","Western Africa (excl Nigeria)","MLI","Mali"
2030,"SSA","Sub-Saharan Africa","MORB",1,1,1,0.959252227252811,"WAFR","Western Africa (excl Nigeria)","MRT","Mauritania"
2030,"SSA","Sub-Saharan Africa","MORB",1,1,1,0.959252227252811,"WAFR","Western Africa (excl Nigeria)","NER","Niger"
2030,"SSA","Sub-Saharan Africa","MORB",1,1,1,0.959252227252811,"WAFR","Western Africa (excl Nigeria)","SEN","Senegal"
2030,"SSA","Sub-Saharan Africa","MORB",1,1,1,0.959252227252811,"WAFR","Western Africa (excl Nigeria)","SLE","Sierra Leone"
2030,"SSA","Sub-Saharan Africa","MORB",1,1,1,0.959252227252811,"WAFR","Western Africa (excl Nigeria)","TCD","Chad"
2030,"SSA","Sub-Saharan Africa","MORB",1,1,1,0.959252227252811,"WAFR","Western Africa (excl Nigeria)","TGO","Togo"
2030,"SSA","Sub-Saharan Africa","MORT",NA,Inf,26.2151642876169,12.9654345748265,"EAFR","Eastern Africa (excl Kenya, Tanzania)","BDI","Burundi"
2030,"SSA","Sub-Saharan Africa","MORT",NA,Inf,26.2151642876169,12.9654345748265,"EAFR","Eastern Africa (excl Kenya, Tanzania)","COM","Comoros"
2030,"SSA","Sub-Saharan Africa","MORT",NA,Inf,26.2151642876169,12.9654345748265,"EAFR","Eastern Africa (excl Kenya, Tanzania)","DJI","Djibouti"
2030,"SSA","Sub-Saharan Africa","MORT",NA,Inf,26.2151642876169,12.9654345748265,"EAFR","Eastern Africa (excl Kenya, Tanzania)","ERI","Eritrea"
2030,"SSA","Sub-Saharan Africa","MORT",NA,Inf,26.2151642876169,12.9654345748265,"EAFR","Eastern Africa (excl Kenya, Tanzania)","ETH","Ethiopia"
2030,"SSA","Sub-Saharan Africa","MORT",NA,Inf,26.2151642876169,12.9654345748265,"EAFR","Eastern Africa (excl Kenya, Tanzania)","MDG","Madagascar"
2030,"SSA","Sub-Saharan Africa","MORT",NA,Inf,26.2151642876169,12.9654345748265,"EAFR","Eastern Africa (excl Kenya, Tanzania)","MUS","Mauritius"
2030,"SSA","Sub-Saharan Africa","MORT",NA,Inf,26.2151642876169,12.9654345748265,"EAFR","Eastern Africa (excl Kenya, Tanzania)","RWA","Rwanda"
2030,"SSA","Sub-Saharan Africa","MORT",NA,Inf,26.2151642876169,12.9654345748265,"EAFR","Eastern Africa (excl Kenya, Tanzania)","SDN","Sudan"
2030,"SSA","Sub-Saharan Africa","MORT",NA,Inf,26.2151642876169,12.9654345748265,"EAFR","Eastern Africa (excl Kenya, Tanzania)","SOM","Somalia"
2030,"SSA","Sub-Saharan Africa","MORT",NA,Inf,26.2151642876169,12.9654345748265,"EAFR","Eastern Africa (excl Kenya, Tanzania)","UGA","Uganda"
2030,"SSA","Sub-Saharan Africa","MORT",NA,Inf,26.2151642876169,12.9654345748265,"KENY","Kenya","KEN","Kenya"
2030,"SSA","Sub-Saharan Africa","MORT",NA,Inf,26.2151642876169,12.9654345748265,"NIGE","Nigeria","NGA","Nigeria"
2030,"SSA","Sub-Saharan Africa","MORT",NA,Inf,26.2151642876169,12.9654345748265,"TANZ","United Republic of Tanzania","TZA","United Republic of Tanzania"
2030,"SSA","Sub-Saharan Africa","MORT",NA,Inf,26.2151642876169,12.9654345748265,"WAFR","Western Africa (excl Nigeria)","BEN","Benin"
2030,"SSA","Sub-Saharan Africa","MORT",NA,Inf,26.2151642876169,12.9654345748265,"WAFR","Western Africa (excl Nigeria)","BFA","Burkina Faso"
2030,"SSA","Sub-Saharan Africa","MORT",NA,Inf,26.2151642876169,12.9654345748265,"WAFR","Western Africa (excl Nigeria)","CAF","Central African Republic"
2030,"SSA","Sub-Saharan Africa","MORT",NA,Inf,26.2151642876169,12.9654345748265,"WAFR","Western Africa (excl Nigeria)","CIV","Cote d'Ivoire"
2030,"SSA","Sub-Saharan Africa","MORT",NA,Inf,26.2151642876169,12.9654345748265,"WAFR","Western Africa (excl Nigeria)","CMR","Cameroon"
2030,"SSA","Sub-Saharan Africa","MORT",NA,Inf,26.2151642876169,12.9654345748265,"WAFR","Western Africa (excl Nigeria)","COD","Democratic Republic of the Congo"
2030,"SSA","Sub-Saharan Africa","MORT",NA,Inf,26.2151642876169,12.9654345748265,"WAFR","Western Africa (excl Nigeria)","COG","Congo"
2030,"SSA","Sub-Saharan Africa","MORT",NA,Inf,26.2151642876169,12.9654345748265,"WAFR","Western Africa (excl Nigeria)","CPV","Cape Verde"
2030,"SSA","Sub-Saharan Africa","MORT",NA,Inf,26.2151642876169,12.9654345748265,"WAFR","Western Africa (excl Nigeria)","GAB","Gabon"
2030,"SSA","Sub-Saharan Africa","MORT",NA,Inf,26.2151642876169,12.9654345748265,"WAFR","Western Africa (excl Nigeria)","GHA","Ghana"
2030,"SSA","Sub-Saharan Africa","MORT",NA,Inf,26.2151642876169,12.9654345748265,"WAFR","Western Africa (excl Nigeria)","GIN","Guinea"
2030,"SSA","Sub-Saharan Africa","MORT",NA,Inf,26.2151642876169,12.9654345748265,"WAFR","Western Africa (excl Nigeria)","GMB","Gambia"
2030,"SSA","Sub-Saharan Africa","MORT",NA,Inf,26.2151642876169,12.9654345748265,"WAFR","Western Africa (excl Nigeria)","GNB","Guinea-Bissau"
2030,"SSA","Sub-Saharan Africa","MORT",NA,Inf,26.2151642876169,12.9654345748265,"WAFR","Western Africa (excl Nigeria)","GNQ","Equatorial Guinea"
2030,"SSA","Sub-Saharan Africa","MORT",NA,Inf,26.2151642876169,12.9654345748265,"WAFR","Western Africa (excl Nigeria)","LBR","Liberia"
2030,"SSA","Sub-Saharan Africa","MORT",NA,Inf,26.2151642876169,12.9654345748265,"WAFR","Western Africa (excl Nigeria)","MLI","Mali"
2030,"SSA","Sub-Saharan Africa","MORT",NA,Inf,26.2151642876169,12.9654345748265,"WAFR","Western Africa (excl Nigeria)","MRT","Mauritania"
2030,"SSA","Sub-Saharan Africa","MORT",NA,Inf,26.2151642876169,12.9654345748265,"WAFR","Western Africa (excl Nigeria)","NER","Niger"
2030,"SSA","Sub-Saharan Africa","MORT",NA,Inf,26.2151642876169,12.9654345748265,"WAFR","Western Africa (excl Nigeria)","SEN","Senegal"
2030,"SSA","Sub-Saharan Africa","MORT",NA,Inf,26.2151642876169,12.9654345748265,"WAFR","Western Africa (excl Nigeria)","SLE","Sierra Leone"
2030,"SSA","Sub-Saharan Africa","MORT",NA,Inf,26.2151642876169,12.9654345748265,"WAFR","Western Africa (excl Nigeria)","TCD","Chad"
2030,"SSA","Sub-Saharan Africa","MORT",NA,Inf,26.2151642876169,12.9654345748265,"WAFR","Western Africa (excl Nigeria)","TGO","Togo"
2030,"WAS","Western Asia","MORB",1,1,1,0.499380821993203,"ARME","Armenia","ARM","Armenia"
2030,"WAS","Western Asia","MORB",1,1,1,0.499380821993203,"AZER","Azerbaijan","AZE","Azerbaijan"
2030,"WAS","Western Asia","MORB",1,1,1,0.499380821993203,"BELA","Belarus","BLR","Belarus"
2030,"WAS","Western Asia","MORB",1,1,1,0.499380821993203,"GEOR","Georgia","GEO","Georgia"
2030,"WAS","Western Asia","MORB",1,1,1,0.499380821993203,"MOLD","Republic of Moldova","MDA","Republic of Moldova"
2030,"WAS","Western Asia","MORB",1,1,1,0.499380821993203,"TURK","Turkey","TUR","Turkey"
2030,"WAS","Western Asia","MORB",1,1,1,0.499380821993203,"UKRA","Ukraine","UKR","Ukraine"
2030,"WAS","Western Asia","MORT",NA,Inf,1.02414311410156,0.0164194827040621,"ARME","Armenia","ARM","Armenia"
2030,"WAS","Western Asia","MORT",NA,Inf,1.02414311410156,0.0164194827040621,"AZER","Azerbaijan","AZE","Azerbaijan"
2030,"WAS","Western Asia","MORT",NA,Inf,1.02414311410156,0.0164194827040621,"BELA","Belarus","BLR","Belarus"
2030,"WAS","Western Asia","MORT",NA,Inf,1.02414311410156,0.0164194827040621,"GEOR","Georgia","GEO","Georgia"
2030,"WAS","Western Asia","MORT",NA,Inf,1.02414311410156,0.0164194827040621,"MOLD","Republic of Moldova","MDA","Republic of Moldova"
2030,"WAS","Western Asia","MORT",NA,Inf,1.02414311410156,0.0164194827040621,"TURK","Turkey","TUR","Turkey"
2030,"WAS","Western Asia","MORT",NA,Inf,1.02414311410156,0.0164194827040621,"UKRA","Ukraine","UKR","Ukraine"
2030,"WBK","West Balkan","MORB",1,1,1,0.472367236723672,"ALBA","Albania","ALB","Albania"
2030,"WBK","West Balkan","MORB",1,1,1,0.472367236723672,"BOHE","Bosnia and Herzegovina","BIH","Bosnia and Herzegovina"
2030,"WBK","West Balkan","MORB",1,1,1,0.472367236723672,"KOSO","Kosovo","XKX","Kosovo"
2030,"WBK","West Balkan","MORB",1,1,1,0.472367236723672,"MACE","TFYR Macedonia","MKD","TFYR Macedonia"
2030,"WBK","West Balkan","MORB",1,1,1,0.472367236723672,"MONT","Montenegro","MNE","Montenegro"
2030,"WBK","West Balkan","MORB",1,1,1,0.472367236723672,"SERB","Serbia","SRB","Serbia"
2030,"WBK","West Balkan","MORT",NA,Inf,1.02192506675567,0.0552194592790387,"ALBA","Albania","ALB","Albania"
2030,"WBK","West Balkan","MORT",NA,Inf,1.02192506675567,0.0552194592790387,"BOHE","Bosnia and Herzegovina","BIH","Bosnia and Herzegovina"
2030,"WBK","West Balkan","MORT",NA,Inf,1.02192506675567,0.0552194592790387,"KOSO","Kosovo","XKX","Kosovo"
2030,"WBK","West Balkan","MORT",NA,Inf,1.02192506675567,0.0552194592790387,"MACE","TFYR Macedonia","MKD","TFYR Macedonia"
2030,"WBK","West Balkan","MORT",NA,Inf,1.02192506675567,0.0552194592790387,"MONT","Montenegro","MNE","Montenegro"
2030,"WBK","West Balkan","MORT",NA,Inf,1.02192506675567,0.0552194592790387,"SERB","Serbia","SRB","Serbia"
2035,"CAS","Central Asia","MORB",1,1,1,0.460919227631221,"KAZA","Kazakhstan","KAZ","Kazakhstan"
2035,"CAS","Central Asia","MORB",1,1,1,0.460919227631221,"KYRG","Kyrgyzstan","KGZ","Kyrgyzstan"
2035,"CAS","Central Asia","MORB",1,1,1,0.460919227631221,"TAJI","Tajikistan","TJK","Tajikistan"
2035,"CAS","Central Asia","MORB",1,1,1,0.460919227631221,"TKME","Turkmenistan","TKM","Turkmenistan"
2035,"CAS","Central Asia","MORB",1,1,1,0.460919227631221,"UZBE","Uzbekistan","UZB","Uzbekistan"
2035,"CAS","Central Asia","MORT",NA,Inf,1.03800543098411,0.146373042153145,"KAZA","Kazakhstan","KAZ","Kazakhstan"
2035,"CAS","Central Asia","MORT",NA,Inf,1.03800543098411,0.146373042153145,"KYRG","Kyrgyzstan","KGZ","Kyrgyzstan"
2035,"CAS","Central Asia","MORT",NA,Inf,1.03800543098411,0.146373042153145,"TAJI","Tajikistan","TJK","Tajikistan"
2035,"CAS","Central Asia","MORT",NA,Inf,1.03800543098411,0.146373042153145,"TKME","Turkmenistan","TKM","Turkmenistan"
2035,"CAS","Central Asia","MORT",NA,Inf,1.03800543098411,0.146373042153145,"UZBE","Uzbekistan","UZB","Uzbekistan"
2035,"CHI","Centrally Planned Asia","MORB",1,1,1,0.505569738443901,"CHIN","China","CHN","China"
2035,"CHI","Centrally Planned Asia","MORB",1,1,1,0.505569738443901,"KORN","North Korea","PRK","North Korea"
2035,"CHI","Centrally Planned Asia","MORB",1,1,1,0.505569738443901,"MONG","Mongolia","MNG","Mongolia"
2035,"CHI","Centrally Planned Asia","MORT",NA,Inf,1.01294034094195,0.000544100603091102,"CHIN","China","CHN","China"
2035,"CHI","Centrally Planned Asia","MORT",NA,Inf,1.01294034094195,0.000544100603091102,"KORN","North Korea","PRK","North Korea"
2035,"CHI","Centrally Planned Asia","MORT",NA,Inf,1.01294034094195,0.000544100603091102,"MONG","Mongolia","MNG","Mongolia"
2035,"EAS","South East Asia","MORB",1,1,1,0.501615327601262,"CAMB","Cambodia","KHM","Cambodia"
2035,"EAS","South East Asia","MORB",1,1,1,0.501615327601262,"INDO","Indonesia","IDN","Indonesia"
2035,"EAS","South East Asia","MORB",1,1,1,0.501615327601262,"LAOS","Laos","LAO","Laos"
2035,"EAS","South East Asia","MORB",1,1,1,0.501615327601262,"MALA","Malaysia","MYS","Malaysia"
2035,"EAS","South East Asia","MORB",1,1,1,0.501615327601262,"MYAN","Myanmar","MMR","Myanmar"
2035,"EAS","South East Asia","MORB",1,1,1,0.501615327601262,"PHIL","Philippines","PHL","Philippines"
2035,"EAS","South East Asia","MORB",1,1,1,0.501615327601262,"THAI","Thailand","THA","Thailand"
2035,"EAS","South East Asia","MORB",1,1,1,0.501615327601262,"VIET","Vietnam","VNM","Vietnam"
2035,"EAS","South East Asia","MORT",NA,Inf,1.1506465941346,0.0702421215362669,"CAMB","Cambodia","KHM","Cambodia"
2035,"EAS","South East Asia","MORT",NA,Inf,1.1506465941346,0.0702421215362669,"INDO","Indonesia","IDN","Indonesia"
2035,"EAS","South East Asia","MORT",NA,Inf,1.1506465941346,0.0702421215362669,"LAOS","Laos","LAO","Laos"
2035,"EAS","South East Asia","MORT",NA,Inf,1.1506465941346,0.0702421215362669,"MALA","Malaysia","MYS","Malaysia"
2035,"EAS","South East Asia","MORT",NA,Inf,1.1506465941346,0.0702421215362669,"MYAN","Myanmar","MMR","Myanmar"
2035,"EAS","South East Asia","MORT",NA,Inf,1.1506465941346,0.0702421215362669,"PHIL","Philippines","PHL","Philippines"
2035,"EAS","South East Asia","MORT",NA,Inf,1.1506465941346,0.0702421215362669,"THAI","Thailand","THA","Thailand"
2035,"EAS","South East Asia","MORT",NA,Inf,1.1506465941346,0.0702421215362669,"VIET","Vietnam","VNM","Vietnam"
2035,"EUR","EU, EFTA, UK","MORB",1,1,1,0.531548814565777,"AUST","Austria","AUT","Austria"
2035,"EUR","EU, EFTA, UK","MORB",1,1,1,0.531548814565777,"BELG","Belgium","BEL","Belgium"
2035,"EUR","EU, EFTA, UK","MORB",1,1,1,0.531548814565777,"BULG","Bulgaria","BGR","Bulgaria"
2035,"EUR","EU, EFTA, UK","MORB",1,1,1,0.531548814565777,"CROA","Croatia","HRV","Croatia"
2035,"EUR","EU, EFTA, UK","MORB",1,1,1,0.531548814565777,"CYPR","Cyprus","CYP","Cyprus"
2035,"EUR","EU, EFTA, UK","MORB",1,1,1,0.531548814565777,"CZRE","Czech Republic","CZE","Czech Republic"
2035,"EUR","EU, EFTA, UK","MORB",1,1,1,0.531548814565777,"DENM","Denmark","DNK","Denmark"
2035,"EUR","EU, EFTA, UK","MORB",1,1,1,0.531548814565777,"ESTO","Estonia","EST","Estonia"
2035,"EUR","EU, EFTA, UK","MORB",1,1,1,0.531548814565777,"FINL","Finland","FIN","Finland"
2035,"EUR","EU, EFTA, UK","MORB",1,1,1,0.531548814565777,"FRAN","France","FRA","France"
2035,"EUR","EU, EFTA, UK","MORB",1,1,1,0.531548814565777,"GERM","Germany","DEU","Germany"
2035,"EUR","EU, EFTA, UK","MORB",1,1,1,0.531548814565777,"GREE","Greece","GRC","Greece"
2035,"EUR","EU, EFTA, UK","MORB",1,1,1,0.531548814565777,"HUNG","Hungary","HUN","Hungary"
2035,"EUR","EU, EFTA, UK","MORB",1,1,1,0.531548814565777,"ICEL","Iceland","ISL","Iceland"
2035,"EUR","EU, EFTA, UK","MORB",1,1,1,0.531548814565777,"IREL","Ireland","IRL","Ireland"
2035,"EUR","EU, EFTA, UK","MORB",1,1,1,0.531548814565777,"ITAL","Italy","ITA","Italy"
2035,"EUR","EU, EFTA, UK","MORB",1,1,1,0.531548814565777,"LATV","Latvia","LVA","Latvia"
2035,"EUR","EU, EFTA, UK","MORB",1,1,1,0.531548814565777,"LITH","Lithuania","LTU","Lithuania"
2035,"EUR","EU, EFTA, UK","MORB",1,1,1,0.531548814565777,"LUXE","Luxembourg","LUX","Luxembourg"
2035,"EUR","EU, EFTA, UK","MORB",1,1,1,0.531548814565777,"MALT","Malta","MLT","Malta"
2035,"EUR","EU, EFTA, UK","MORB",1,1,1,0.531548814565777,"NETH","Netherlands","NLD","Netherlands"
2035,"EUR","EU, EFTA, UK","MORB",1,1,1,0.531548814565777,"NORW","Norway","NOR","Norway"
2035,"EUR","EU, EFTA, UK","MORB",1,1,1,0.531548814565777,"POLA","Poland","POL","Poland"
2035,"EUR","EU, EFTA, UK","MORB",1,1,1,0.531548814565777,"PORT","Portugal","PRT","Portugal"
2035,"EUR","EU, EFTA, UK","MORB",1,1,1,0.531548814565777,"ROMA","Romania","ROU","Romania"
2035,"EUR","EU, EFTA, UK","MORB",1,1,1,0.531548814565777,"SKRE","Slovakia","SVK","Slovakia"
2035,"EUR","EU, EFTA, UK","MORB",1,1,1,0.531548814565777,"SLOV","Slovenia","SVN","Slovenia"
2035,"EUR","EU, EFTA, UK","MORB",1,1,1,0.531548814565777,"SPAI","Spain","ESP","Spain"
2035,"EUR","EU, EFTA, UK","MORB",1,1,1,0.531548814565777,"SWED","Sweden","SWE","Sweden"
2035,"EUR","EU, EFTA, UK","MORB",1,1,1,0.531548814565777,"SWIT","Switzerland","CHE","Switzerland"
2035,"EUR","EU, EFTA, UK","MORB",1,1,1,0.531548814565777,"UNKI","United Kingdom","GBR","United Kingdom"
2035,"EUR","EU, EFTA, UK","MORT",NA,Inf,1.01736604204033,0.0408942280304481,"AUST","Austria","AUT","Austria"
2035,"EUR","EU, EFTA, UK","MORT",NA,Inf,1.01736604204033,0.0408942280304481,"BELG","Belgium","BEL","Belgium"
2035,"EUR","EU, EFTA, UK","MORT",NA,Inf,1.01736604204033,0.0408942280304481,"BULG","Bulgaria","BGR","Bulgaria"
2035,"EUR","EU, EFTA, UK","MORT",NA,Inf,1.01736604204033,0.0408942280304481,"CROA","Croatia","HRV","Croatia"
2035,"EUR","EU, EFTA, UK","MORT",NA,Inf,1.01736604204033,0.0408942280304481,"CYPR","Cyprus","CYP","Cyprus"
2035,"EUR","EU, EFTA, UK","MORT",NA,Inf,1.01736604204033,0.0408942280304481,"CZRE","Czech Republic","CZE","Czech Republic"
2035,"EUR","EU, EFTA, UK","MORT",NA,Inf,1.01736604204033,0.0408942280304481,"DENM","Denmark","DNK","Denmark"
2035,"EUR","EU, EFTA, UK","MORT",NA,Inf,1.01736604204033,0.0408942280304481,"ESTO","Estonia","EST","Estonia"
2035,"EUR","EU, EFTA, UK","MORT",NA,Inf,1.01736604204033,0.0408942280304481,"FINL","Finland","FIN","Finland"
2035,"EUR","EU, EFTA, UK","MORT",NA,Inf,1.01736604204033,0.0408942280304481,"FRAN","France","FRA","France"
2035,"EUR","EU, EFTA, UK","MORT",NA,Inf,1.01736604204033,0.0408942280304481,"GERM","Germany","DEU","Germany"
2035,"EUR","EU, EFTA, UK","MORT",NA,Inf,1.01736604204033,0.0408942280304481,"GREE","Greece","GRC","Greece"
2035,"EUR","EU, EFTA, UK","MORT",NA,Inf,1.01736604204033,0.0408942280304481,"HUNG","Hungary","HUN","Hungary"
2035,"EUR","EU, EFTA, UK","MORT",NA,Inf,1.01736604204033,0.0408942280304481,"ICEL","Iceland","ISL","Iceland"
2035,"EUR","EU, EFTA, UK","MORT",NA,Inf,1.01736604204033,0.0408942280304481,"IREL","Ireland","IRL","Ireland"
2035,"EUR","EU, EFTA, UK","MORT",NA,Inf,1.01736604204033,0.0408942280304481,"ITAL","Italy","ITA","Italy"
2035,"EUR","EU, EFTA, UK","MORT",NA,Inf,1.01736604204033,0.0408942280304481,"LATV","Latvia","LVA","Latvia"
2035,"EUR","EU, EFTA, UK","MORT",NA,Inf,1.01736604204033,0.0408942280304481,"LITH","Lithuania","LTU","Lithuania"
2035,"EUR","EU, EFTA, UK","MORT",NA,Inf,1.01736604204033,0.0408942280304481,"LUXE","Luxembourg","LUX","Luxembourg"
2035,"EUR","EU, EFTA, UK","MORT",NA,Inf,1.01736604204033,0.0408942280304481,"MALT","Malta","MLT","Malta"
2035,"EUR","EU, EFTA, UK","MORT",NA,Inf,1.01736604204033,0.0408942280304481,"NETH","Netherlands","NLD","Netherlands"
2035,"EUR","EU, EFTA, UK","MORT",NA,Inf,1.01736604204033,0.0408942280304481,"NORW","Norway","NOR","Norway"
2035,"EUR","EU, EFTA, UK","MORT",NA,Inf,1.01736604204033,0.0408942280304481,"POLA","Poland","POL","Poland"
2035,"EUR","EU, EFTA, UK","MORT",NA,Inf,1.01736604204033,0.0408942280304481,"PORT","Portugal","PRT","Portugal"
2035,"EUR","EU, EFTA, UK","MORT",NA,Inf,1.01736604204033,0.0408942280304481,"ROMA","Romania","ROU","Romania"
2035,"EUR","EU, EFTA, UK","MORT",NA,Inf,1.01736604204033,0.0408942280304481,"SKRE","Slovakia","SVK","Slovakia"
2035,"EUR","EU, EFTA, UK","MORT",NA,Inf,1.01736604204033,0.0408942280304481,"SLOV","Slovenia","SVN","Slovenia"
2035,"EUR","EU, EFTA, UK","MORT",NA,Inf,1.01736604204033,0.0408942280304481,"SPAI","Spain","ESP","Spain"
2035,"EUR","EU, EFTA, UK","MORT",NA,Inf,1.01736604204033,0.0408942280304481,"SWED","Sweden","SWE","Sweden"
2035,"EUR","EU, EFTA, UK","MORT",NA,Inf,1.01736604204033,0.0408942280304481,"SWIT","Switzerland","CHE","Switzerland"
2035,"EUR","EU, EFTA, UK","MORT",NA,Inf,1.01736604204033,0.0408942280304481,"UNKI","United Kingdom","GBR","United Kingdom"
2035,"LAC","Latin America & Caribbean","MORB",1,1,1,0.623961846067465,"ARGE","Argentina","ARG","Argentina"
2035,"LAC","Latin America & Caribbean","MORB",1,1,1,0.623961846067465,"BOLV","Bolivia (Plurinational State of)","BOL","Bolivia (Plurinational State of)"
2035,"LAC","Latin America & Caribbean","MORB",1,1,1,0.623961846067465,"BRAZ","Brazil","BRA","Brazil"
2035,"LAC","Latin America & Caribbean","MORB",1,1,1,0.623961846067465,"CARB","Caribbean","ABW","Aruba"
2035,"LAC","Latin America & Caribbean","MORB",1,1,1,0.623961846067465,"CARB","Caribbean","BHS","Bahamas"
2035,"LAC","Latin America & Caribbean","MORB",1,1,1,0.623961846067465,"CARB","Caribbean","BRB","Barbados"
2035,"LAC","Latin America & Caribbean","MORB",1,1,1,0.623961846067465,"CARB","Caribbean","CUB","Cuba"
2035,"LAC","Latin America & Caribbean","MORB",1,1,1,0.623961846067465,"CARB","Caribbean","DOM","Dominican Republic"
2035,"LAC","Latin America & Caribbean","MORB",1,1,1,0.623961846067465,"CARB","Caribbean","GLP","Guadeloupe"
2035,"LAC","Latin America & Caribbean","MORB",1,1,1,0.623961846067465,"CARB","Caribbean","GRD","Grenada"
2035,"LAC","Latin America & Caribbean","MORB",1,1,1,0.623961846067465,"CARB","Caribbean","GUF","French Guiana"
2035,"LAC","Latin America & Caribbean","MORB",1,1,1,0.623961846067465,"CARB","Caribbean","GUY","Guyana"
2035,"LAC","Latin America & Caribbean","MORB",1,1,1,0.623961846067465,"CARB","Caribbean","HTI","Haiti"
2035,"LAC","Latin America & Caribbean","MORB",1,1,1,0.623961846067465,"CARB","Caribbean","JAM","Jamaica"
2035,"LAC","Latin America & Caribbean","MORB",1,1,1,0.623961846067465,"CARB","Caribbean","LCA","Saint Lucia"
2035,"LAC","Latin America & Caribbean","MORB",1,1,1,0.623961846067465,"CARB","Caribbean","MTQ","Martinique"
2035,"LAC","Latin America & Caribbean","MORB",1,1,1,0.623961846067465,"CARB","Caribbean","PRI","Puerto Rico"
2035,"LAC","Latin America & Caribbean","MORB",1,1,1,0.623961846067465,"CARB","Caribbean","SUR","Suriname"
2035,"LAC","Latin America & Caribbean","MORB",1,1,1,0.623961846067465,"CARB","Caribbean","TTO","Trinidad and Tobago"
2035,"LAC","Latin America & Caribbean","MORB",1,1,1,0.623961846067465,"CARB","Caribbean","VCT","Saint Vincent and the Grenadines"
2035,"LAC","Latin America & Caribbean","MORB",1,1,1,0.623961846067465,"CARB","Caribbean","VIR","United States Virgin Islands"
2035,"LAC","Latin America & Caribbean","MORB",1,1,1,0.623961846067465,"CEAM","Central America","BLZ","Belize"
2035,"LAC","Latin America & Caribbean","MORB",1,1,1,0.623961846067465,"CEAM","Central America","CRI","Costa Rica"
2035,"LAC","Latin America & Caribbean","MORB",1,1,1,0.623961846067465,"CEAM","Central America","GTM","Guatemala"
2035,"LAC","Latin America & Caribbean","MORB",1,1,1,0.623961846067465,"CEAM","Central America","HND","Honduras"
2035,"LAC","Latin America & Caribbean","MORB",1,1,1,0.623961846067465,"CEAM","Central America","NIC","Nicaragua"
2035,"LAC","Latin America & Caribbean","MORB",1,1,1,0.623961846067465,"CEAM","Central America","PAN","Panama"
2035,"LAC","Latin America & Caribbean","MORB",1,1,1,0.623961846067465,"CEAM","Central America","SLV","El Salvador"
2035,"LAC","Latin America & Caribbean","MORB",1,1,1,0.623961846067465,"CHIL","Chile","CHL","Chile"
2035,"LAC","Latin America & Caribbean","MORB",1,1,1,0.623961846067465,"COLO","Colombia","COL","Colombia"
2035,"LAC","Latin America & Caribbean","MORB",1,1,1,0.623961846067465,"ECUA","Ecuador","ECU","Ecuador"
2035,"LAC","Latin America & Caribbean","MORB",1,1,1,0.623961846067465,"MEXI","Mexico","MEX","Mexico"
2035,"LAC","Latin America & Caribbean","MORB",1,1,1,0.623961846067465,"PARA","Paraguay","PRY","Paraguay"
2035,"LAC","Latin America & Caribbean","MORB",1,1,1,0.623961846067465,"PERU","Peru","PER","Peru"
2035,"LAC","Latin America & Caribbean","MORB",1,1,1,0.623961846067465,"URUG","Uruguay","URY","Uruguay"
2035,"LAC","Latin America & Caribbean","MORB",1,1,1,0.623961846067465,"VENE","Venezuela (Bolivarian Republic of)","VEN","Venezuela (Bolivarian Republic of)"
2035,"LAC","Latin America & Caribbean","MORT",NA,Inf,1.63044791716049,0.12599416387351,"ARGE","Argentina","ARG","Argentina"
2035,"LAC","Latin America & Caribbean","MORT",NA,Inf,1.63044791716049,0.12599416387351,"BOLV","Bolivia (Plurinational State of)","BOL","Bolivia (Plurinational State of)"
2035,"LAC","Latin America & Caribbean","MORT",NA,Inf,1.63044791716049,0.12599416387351,"BRAZ","Brazil","BRA","Brazil"
2035,"LAC","Latin America & Caribbean","MORT",NA,Inf,1.63044791716049,0.12599416387351,"CARB","Caribbean","ABW","Aruba"
2035,"LAC","Latin America & Caribbean","MORT",NA,Inf,1.63044791716049,0.12599416387351,"CARB","Caribbean","BHS","Bahamas"
2035,"LAC","Latin America & Caribbean","MORT",NA,Inf,1.63044791716049,0.12599416387351,"CARB","Caribbean","BRB","Barbados"
2035,"LAC","Latin America & Caribbean","MORT",NA,Inf,1.63044791716049,0.12599416387351,"CARB","Caribbean","CUB","Cuba"
2035,"LAC","Latin America & Caribbean","MORT",NA,Inf,1.63044791716049,0.12599416387351,"CARB","Caribbean","DOM","Dominican Republic"
2035,"LAC","Latin America & Caribbean","MORT",NA,Inf,1.63044791716049,0.12599416387351,"CARB","Caribbean","GLP","Guadeloupe"
2035,"LAC","Latin America & Caribbean","MORT",NA,Inf,1.63044791716049,0.12599416387351,"CARB","Caribbean","GRD","Grenada"
2035,"LAC","Latin America & Caribbean","MORT",NA,Inf,1.63044791716049,0.12599416387351,"CARB","Caribbean","GUF","French Guiana"
2035,"LAC","Latin America & Caribbean","MORT",NA,Inf,1.63044791716049,0.12599416387351,"CARB","Caribbean","GUY","Guyana"
2035,"LAC","Latin America & Caribbean","MORT",NA,Inf,1.63044791716049,0.12599416387351,"CARB","Caribbean","HTI","Haiti"
2035,"LAC","Latin America & Caribbean","MORT",NA,Inf,1.63044791716049,0.12599416387351,"CARB","Caribbean","JAM","Jamaica"
2035,"LAC","Latin America & Caribbean","MORT",NA,Inf,1.63044791716049,0.12599416387351,"CARB","Caribbean","LCA","Saint Lucia"
2035,"LAC","Latin America & Caribbean","MORT",NA,Inf,1.63044791716049,0.12599416387351,"CARB","Caribbean","MTQ","Martinique"
2035,"LAC","Latin America & Caribbean","MORT",NA,Inf,1.63044791716049,0.12599416387351,"CARB","Caribbean","PRI","Puerto Rico"
2035,"LAC","Latin America & Caribbean","MORT",NA,Inf,1.63044791716049,0.12599416387351,"CARB","Caribbean","SUR","Suriname"
2035,"LAC","Latin America & Caribbean","MORT",NA,Inf,1.63044791716049,0.12599416387351,"CARB","Caribbean","TTO","Trinidad and Tobago"
2035,"LAC","Latin America & Caribbean","MORT",NA,Inf,1.63044791716049,0.12599416387351,"CARB","Caribbean","VCT","Saint Vincent and the Grenadines"
2035,"LAC","Latin America & Caribbean","MORT",NA,Inf,1.63044791716049,0.12599416387351,"CARB","Caribbean","VIR","United States Virgin Islands"
2035,"LAC","Latin America & Caribbean","MORT",NA,Inf,1.63044791716049,0.12599416387351,"CEAM","Central America","BLZ","Belize"
2035,"LAC","Latin America & Caribbean","MORT",NA,Inf,1.63044791716049,0.12599416387351,"CEAM","Central America","CRI","Costa Rica"
2035,"LAC","Latin America & Caribbean","MORT",NA,Inf,1.63044791716049,0.12599416387351,"CEAM","Central America","GTM","Guatemala"
2035,"LAC","Latin America & Caribbean","MORT",NA,Inf,1.63044791716049,0.12599416387351,"CEAM","Central America","HND","Honduras"
2035,"LAC","Latin America & Caribbean","MORT",NA,Inf,1.63044791716049,0.12599416387351,"CEAM","Central America","NIC","Nicaragua"
2035,"LAC","Latin America & Caribbean","MORT",NA,Inf,1.63044791716049,0.12599416387351,"CEAM","Central America","PAN","Panama"
2035,"LAC","Latin America & Caribbean","MORT",NA,Inf,1.63044791716049,0.12599416387351,"CEAM","Central America","SLV","El Salvador"
2035,"LAC","Latin America & Caribbean","MORT",NA,Inf,1.63044791716049,0.12599416387351,"CHIL","Chile","CHL","Chile"
2035,"LAC","Latin America & Caribbean","MORT",NA,Inf,1.63044791716049,0.12599416387351,"COLO","Colombia","COL","Colombia"
2035,"LAC","Latin America & Caribbean","MORT",NA,Inf,1.63044791716049,0.12599416387351,"ECUA","Ecuador","ECU","Ecuador"
2035,"LAC","Latin America & Caribbean","MORT",NA,Inf,1.63044791716049,0.12599416387351,"MEXI","Mexico","MEX","Mexico"
2035,"LAC","Latin America & Caribbean","MORT",NA,Inf,1.63044791716049,0.12599416387351,"PARA","Paraguay","PRY","Paraguay"
2035,"LAC","Latin America & Caribbean","MORT",NA,Inf,1.63044791716049,0.12599416387351,"PERU","Peru","PER","Peru"
2035,"LAC","Latin America & Caribbean","MORT",NA,Inf,1.63044791716049,0.12599416387351,"URUG","Uruguay","URY","Uruguay"
2035,"LAC","Latin America & Caribbean","MORT",NA,Inf,1.63044791716049,0.12599416387351,"VENE","Venezuela (Bolivarian Republic of)","VEN","Venezuela (Bolivarian Republic of)"
2035,"MEA","Middle East","MORB",1.71655897630812,1.68421355535519,1.58964173918368,0.671924628230738,"ISRA","Israel","ISR","Israel"
2035,"MEA","Middle East","MORB",1.71655897630812,1.68421355535519,1.58964173918368,0.671924628230738,"MIDE","Middle East","ARE","United Arab Emirates"
2035,"MEA","Middle East","MORB",1.71655897630812,1.68421355535519,1.58964173918368,0.671924628230738,"MIDE","Middle East","BHR","Bahrain"
2035,"MEA","Middle East","MORB",1.71655897630812,1.68421355535519,1.58964173918368,0.671924628230738,"MIDE","Middle East","IRQ","Iraq"
2035,"MEA","Middle East","MORB",1.71655897630812,1.68421355535519,1.58964173918368,0.671924628230738,"MIDE","Middle East","JOR","Jordan"
2035,"MEA","Middle East","MORB",1.71655897630812,1.68421355535519,1.58964173918368,0.671924628230738,"MIDE","Middle East","KWT","Kuwait"
2035,"MEA","Middle East","MORB",1.71655897630812,1.68421355535519,1.58964173918368,0.671924628230738,"MIDE","Middle East","LBN","Lebanon"
2035,"MEA","Middle East","MORB",1.71655897630812,1.68421355535519,1.58964173918368,0.671924628230738,"MIDE","Middle East","OMN","Oman"
2035,"MEA","Middle East","MORB",1.71655897630812,1.68421355535519,1.58964173918368,0.671924628230738,"MIDE","Middle East","PSE","Occupied Palestinian Territory"
2035,"MEA","Middle East","MORB",1.71655897630812,1.68421355535519,1.58964173918368,0.671924628230738,"MIDE","Middle East","QAT","Qatar"
2035,"MEA","Middle East","MORB",1.71655897630812,1.68421355535519,1.58964173918368,0.671924628230738,"MIDE","Middle East","SYR","Syrian Arab Republic"
2035,"MEA","Middle East","MORB",1.71655897630812,1.68421355535519,1.58964173918368,0.671924628230738,"MIDE","Middle East","YEM","Yemen"
2035,"MEA","Middle East","MORB",1.71655897630812,1.68421355535519,1.58964173918368,0.671924628230738,"SAAR","Saudi Arabia","SAU","Saudi Arabia"
2035,"MEA","Middle East","MORT",NA,Inf,1.6453431081778,0.0510467686601313,"ISRA","Israel","ISR","Israel"
2035,"MEA","Middle East","MORT",NA,Inf,1.6453431081778,0.0510467686601313,"MIDE","Middle East","ARE","United Arab Emirates"
2035,"MEA","Middle East","MORT",NA,Inf,1.6453431081778,0.0510467686601313,"MIDE","Middle East","BHR","Bahrain"
2035,"MEA","Middle East","MORT",NA,Inf,1.6453431081778,0.0510467686601313,"MIDE","Middle East","IRQ","Iraq"
2035,"MEA","Middle East","MORT",NA,Inf,1.6453431081778,0.0510467686601313,"MIDE","Middle East","JOR","Jordan"
2035,"MEA","Middle East","MORT",NA,Inf,1.6453431081778,0.0510467686601313,"MIDE","Middle East","KWT","Kuwait"
2035,"MEA","Middle East","MORT",NA,Inf,1.6453431081778,0.0510467686601313,"MIDE","Middle East","LBN","Lebanon"
2035,"MEA","Middle East","MORT",NA,Inf,1.6453431081778,0.0510467686601313,"MIDE","Middle East","OMN","Oman"
2035,"MEA","Middle East","MORT",NA,Inf,1.6453431081778,0.0510467686601313,"MIDE","Middle East","PSE","Occupied Palestinian Territory"
2035,"MEA","Middle East","MORT",NA,Inf,1.6453431081778,0.0510467686601313,"MIDE","Middle East","QAT","Qatar"
2035,"MEA","Middle East","MORT",NA,Inf,1.6453431081778,0.0510467686601313,"MIDE","Middle East","SYR","Syrian Arab Republic"
2035,"MEA","Middle East","MORT",NA,Inf,1.6453431081778,0.0510467686601313,"MIDE","Middle East","YEM","Yemen"
2035,"MEA","Middle East","MORT",NA,Inf,1.6453431081778,0.0510467686601313,"SAAR","Saudi Arabia","SAU","Saudi Arabia"
2035,"NAF","North Africa","MORB",0.611770843343721,0.656602029616221,0.654501587529374,0.305828116311192,"EGYP","Egypt","EGY","Egypt"
2035,"NAF","North Africa","MORB",0.611770843343721,0.656602029616221,0.654501587529374,0.305828116311192,"IRAN","Iran","IRN","Iran"
2035,"NAF","North Africa","MORB",0.611770843343721,0.656602029616221,0.654501587529374,0.305828116311192,"NAFR","Northern Africa (excl Egypt)","DZA","Algeria"
2035,"NAF","North Africa","MORB",0.611770843343721,0.656602029616221,0.654501587529374,0.305828116311192,"NAFR","Northern Africa (excl Egypt)","ESH","Western Sahara"
2035,"NAF","North Africa","MORB",0.611770843343721,0.656602029616221,0.654501587529374,0.305828116311192,"NAFR","Northern Africa (excl Egypt)","LBY","Libyan Arab Jamahiriya"
2035,"NAF","North Africa","MORB",0.611770843343721,0.656602029616221,0.654501587529374,0.305828116311192,"NAFR","Northern Africa (excl Egypt)","MAR","Morocco"
2035,"NAF","North Africa","MORB",0.611770843343721,0.656602029616221,0.654501587529374,0.305828116311192,"NAFR","Northern Africa (excl Egypt)","TUN","Tunisia"
2035,"NAF","North Africa","MORT",NA,Inf,0.737392965040461,0.0423183878614033,"EGYP","Egypt","EGY","Egypt"
2035,"NAF","North Africa","MORT",NA,Inf,0.737392965040461,0.0423183878614033,"IRAN","Iran","IRN","Iran"
2035,"NAF","North Africa","MORT",NA,Inf,0.737392965040461,0.0423183878614033,"NAFR","Northern Africa (excl Egypt)","DZA","Algeria"
2035,"NAF","North Africa","MORT",NA,Inf,0.737392965040461,0.0423183878614033,"NAFR","Northern Africa (excl Egypt)","ESH","Western Sahara"
2035,"NAF","North Africa","MORT",NA,Inf,0.737392965040461,0.0423183878614033,"NAFR","Northern Africa (excl Egypt)","LBY","Libyan Arab Jamahiriya"
2035,"NAF","North Africa","MORT",NA,Inf,0.737392965040461,0.0423183878614033,"NAFR","Northern Africa (excl Egypt)","MAR","Morocco"
2035,"NAF","North Africa","MORT",NA,Inf,0.737392965040461,0.0423183878614033,"NAFR","Northern Africa (excl Egypt)","TUN","Tunisia"
2035,"NAM","North America","MORB",1,1,1,0.635699148892181,"CANA","Canada","CAN","Canada"
2035,"NAM","North America","MORB",1,1,1,0.635699148892181,"USAM","United States of America","USA","United States of America"
2035,"NAM","North America","MORT",NA,Inf,1.0072389887125,0.0582071808390352,"CANA","Canada","CAN","Canada"
2035,"NAM","North America","MORT",NA,Inf,1.0072389887125,0.0582071808390352,"USAM","United States of America","USA","United States of America"
2035,"OCE","Oceania","MORB",1,1,1,0.517745866959674,"AUTR","Australia","AUS","Australia"
2035,"OCE","Oceania","MORB",1,1,1,0.517745866959674,"BRUN","Brunei Darussalam","BRN","Brunei Darussalam"
2035,"OCE","Oceania","MORB",1,1,1,0.517745866959674,"JAPA","Japan","JPN","Japan"
2035,"OCE","Oceania","MORB",1,1,1,0.517745866959674,"KORS","Republic of Korea","KOR","Republic of Korea"
2035,"OCE","Oceania","MORB",1,1,1,0.517745866959674,"NZEL","New Zealand","NZL","New Zealand"
2035,"OCE","Oceania","MORB",1,1,1,0.517745866959674,"SING","Singapore","SGP","Singapore"
2035,"OCE","Oceania","MORB",1,1,1,0.517745866959674,"TAIW","Taiwan","TWN","Taiwan"
2035,"OCE","Oceania","MORT",NA,Inf,1.01056254590348,0.0216677511124843,"AUTR","Australia","AUS","Australia"
2035,"OCE","Oceania","MORT",NA,Inf,1.01056254590348,0.0216677511124843,"BRUN","Brunei Darussalam","BRN","Brunei Darussalam"
2035,"OCE","Oceania","MORT",NA,Inf,1.01056254590348,0.0216677511124843,"JAPA","Japan","JPN","Japan"
2035,"OCE","Oceania","MORT",NA,Inf,1.01056254590348,0.0216677511124843,"KORS","Republic of Korea","KOR","Republic of Korea"
2035,"OCE","Oceania","MORT",NA,Inf,1.01056254590348,0.0216677511124843,"NZEL","New Zealand","NZL","New Zealand"
2035,"OCE","Oceania","MORT",NA,Inf,1.01056254590348,0.0216677511124843,"SING","Singapore","SGP","Singapore"
2035,"OCE","Oceania","MORT",NA,Inf,1.01056254590348,0.0216677511124843,"TAIW","Taiwan","TWN","Taiwan"
2035,"RUS","Russian Federation","MORB",1,1,1,0.405695133098806,"RUSS","Russian Federation","RUS","Russian Federation"
2035,"RUS","Russian Federation","MORT",NA,Inf,1.01739407739777,0.0619021776631476,"RUSS","Russian Federation","RUS","Russian Federation"
2035,"SAF","Southern Africa","MORB",1,1,1,0.63252400839999,"RSAF","Remaining Southern Africa","AGO","Angola"
2035,"SAF","Southern Africa","MORB",1,1,1,0.63252400839999,"RSAF","Remaining Southern Africa","BWA","Botswana"
2035,"SAF","Southern Africa","MORB",1,1,1,0.63252400839999,"RSAF","Remaining Southern Africa","LSO","Lesotho"
2035,"SAF","Southern Africa","MORB",1,1,1,0.63252400839999,"RSAF","Remaining Southern Africa","MOZ","Mozambique"
2035,"SAF","Southern Africa","MORB",1,1,1,0.63252400839999,"RSAF","Remaining Southern Africa","MWI","Malawi"
2035,"SAF","Southern Africa","MORB",1,1,1,0.63252400839999,"RSAF","Remaining Southern Africa","NAM","Namibia"
2035,"SAF","Southern Africa","MORB",1,1,1,0.63252400839999,"RSAF","Remaining Southern Africa","SWZ","Swaziland"
2035,"SAF","Southern Africa","MORB",1,1,1,0.63252400839999,"RSAF","Remaining Southern Africa","ZMB","Zambia"
2035,"SAF","Southern Africa","MORB",1,1,1,0.63252400839999,"RSAF","Remaining Southern Africa","ZWE","Zimbabwe"
2035,"SAF","Southern Africa","MORB",1,1,1,0.63252400839999,"SAFR","South Africa","ZAF","South Africa"
2035,"SAF","Southern Africa","MORT",NA,Inf,3.47525542453319,0.649213520402877,"RSAF","Remaining Southern Africa","AGO","Angola"
2035,"SAF","Southern Africa","MORT",NA,Inf,3.47525542453319,0.649213520402877,"RSAF","Remaining Southern Africa","BWA","Botswana"
2035,"SAF","Southern Africa","MORT",NA,Inf,3.47525542453319,0.649213520402877,"RSAF","Remaining Southern Africa","LSO","Lesotho"
2035,"SAF","Southern Africa","MORT",NA,Inf,3.47525542453319,0.649213520402877,"RSAF","Remaining Southern Africa","MOZ","Mozambique"
2035,"SAF","Southern Africa","MORT",NA,Inf,3.47525542453319,0.649213520402877,"RSAF","Remaining Southern Africa","MWI","Malawi"
2035,"SAF","Southern Africa","MORT",NA,Inf,3.47525542453319,0.649213520402877,"RSAF","Remaining Southern Africa","NAM","Namibia"
2035,"SAF","Southern Africa","MORT",NA,Inf,3.47525542453319,0.649213520402877,"RSAF","Remaining Southern Africa","SWZ","Swaziland"
2035,"SAF","Southern Africa","MORT",NA,Inf,3.47525542453319,0.649213520402877,"RSAF","Remaining Southern Africa","ZMB","Zambia"
2035,"SAF","Southern Africa","MORT",NA,Inf,3.47525542453319,0.649213520402877,"RSAF","Remaining Southern Africa","ZWE","Zimbabwe"
2035,"SAF","Southern Africa","MORT",NA,Inf,3.47525542453319,0.649213520402877,"SAFR","South Africa","ZAF","South Africa"
2035,"SAS","South Asia","MORB",1,1,1,0.504389994895355,"AFGH","Afghanistan","AFG","Afghanistan"
2035,"SAS","South Asia","MORB",1,1,1,0.504389994895355,"BANG","Bangladesh","BGD","Bangladesh"
2035,"SAS","South Asia","MORB",1,1,1,0.504389994895355,"BHUT","Bhutan","BTN","Bhutan"
2035,"SAS","South Asia","MORB",1,1,1,0.504389994895355,"INDI","India","IND","India"
2035,"SAS","South Asia","MORB",1,1,1,0.504389994895355,"NEPA","Nepal","NPL","Nepal"
2035,"SAS","South Asia","MORB",1,1,1,0.504389994895355,"PAKI","Pakistan","PAK","Pakistan"
2035,"SAS","South Asia","MORB",1,1,1,0.504389994895355,"SRIL","Sri Lanka","LKA","Sri Lanka"
2035,"SAS","South Asia","MORT",NA,Inf,NA,NA,"AFGH","Afghanistan","AFG","Afghanistan"
2035,"SAS","South Asia","MORT",NA,Inf,NA,NA,"BANG","Bangladesh","BGD","Bangladesh"
2035,"SAS","South Asia","MORT",NA,Inf,NA,NA,"BHUT","Bhutan","BTN","Bhutan"
2035,"SAS","South Asia","MORT",NA,Inf,NA,NA,"INDI","India","IND","India"
2035,"SAS","South Asia","MORT",NA,Inf,NA,NA,"NEPA","Nepal","NPL","Nepal"
2035,"SAS","South Asia","MORT",NA,Inf,NA,NA,"PAKI","Pakistan","PAK","Pakistan"
2035,"SAS","South Asia","MORT",NA,Inf,NA,NA,"SRIL","Sri Lanka","LKA","Sri Lanka"
2035,"SSA","Sub-Saharan Africa","MORB",1,1,1,0.943824416327292,"EAFR","Eastern Africa (excl Kenya, Tanzania)","BDI","Burundi"
2035,"SSA","Sub-Saharan Africa","MORB",1,1,1,0.943824416327292,"EAFR","Eastern Africa (excl Kenya, Tanzania)","COM","Comoros"
2035,"SSA","Sub-Saharan Africa","MORB",1,1,1,0.943824416327292,"EAFR","Eastern Africa (excl Kenya, Tanzania)","DJI","Djibouti"
2035,"SSA","Sub-Saharan Africa","MORB",1,1,1,0.943824416327292,"EAFR","Eastern Africa (excl Kenya, Tanzania)","ERI","Eritrea"
2035,"SSA","Sub-Saharan Africa","MORB",1,1,1,0.943824416327292,"EAFR","Eastern Africa (excl Kenya, Tanzania)","ETH","Ethiopia"
2035,"SSA","Sub-Saharan Africa","MORB",1,1,1,0.943824416327292,"EAFR","Eastern Africa (excl Kenya, Tanzania)","MDG","Madagascar"
2035,"SSA","Sub-Saharan Africa","MORB",1,1,1,0.943824416327292,"EAFR","Eastern Africa (excl Kenya, Tanzania)","MUS","Mauritius"
2035,"SSA","Sub-Saharan Africa","MORB",1,1,1,0.943824416327292,"EAFR","Eastern Africa (excl Kenya, Tanzania)","RWA","Rwanda"
2035,"SSA","Sub-Saharan Africa","MORB",1,1,1,0.943824416327292,"EAFR","Eastern Africa (excl Kenya, Tanzania)","SDN","Sudan"
2035,"SSA","Sub-Saharan Africa","MORB",1,1,1,0.943824416327292,"EAFR","Eastern Africa (excl Kenya, Tanzania)","SOM","Somalia"
2035,"SSA","Sub-Saharan Africa","MORB",1,1,1,0.943824416327292,"EAFR","Eastern Africa (excl Kenya, Tanzania)","UGA","Uganda"
2035,"SSA","Sub-Saharan Africa","MORB",1,1,1,0.943824416327292,"KENY","Kenya","KEN","Kenya"
2035,"SSA","Sub-Saharan Africa","MORB",1,1,1,0.943824416327292,"NIGE","Nigeria","NGA","Nigeria"
2035,"SSA","Sub-Saharan Africa","MORB",1,1,1,0.943824416327292,"TANZ","United Republic of Tanzania","TZA","United Republic of Tanzania"
2035,"SSA","Sub-Saharan Africa","MORB",1,1,1,0.943824416327292,"WAFR","Western Africa (excl Nigeria)","BEN","Benin"
2035,"SSA","Sub-Saharan Africa","MORB",1,1,1,0.943824416327292,"WAFR","Western Africa (excl Nigeria)","BFA","Burkina Faso"
2035,"SSA","Sub-Saharan Africa","MORB",1,1,1,0.943824416327292,"WAFR","Western Africa (excl Nigeria)","CAF","Central African Republic"
2035,"SSA","Sub-Saharan Africa","MORB",1,1,1,0.943824416327292,"WAFR","Western Africa (excl Nigeria)","CIV","Cote d'Ivoire"
2035,"SSA","Sub-Saharan Africa","MORB",1,1,1,0.943824416327292,"WAFR","Western Africa (excl Nigeria)","CMR","Cameroon"
2035,"SSA","Sub-Saharan Africa","MORB",1,1,1,0.943824416327292,"WAFR","Western Africa (excl Nigeria)","COD","Democratic Republic of the Congo"
2035,"SSA","Sub-Saharan Africa","MORB",1,1,1,0.943824416327292,"WAFR","Western Africa (excl Nigeria)","COG","Congo"
2035,"SSA","Sub-Saharan Africa","MORB",1,1,1,0.943824416327292,"WAFR","Western Africa (excl Nigeria)","CPV","Cape Verde"
2035,"SSA","Sub-Saharan Africa","MORB",1,1,1,0.943824416327292,"WAFR","Western Africa (excl Nigeria)","GAB","Gabon"
2035,"SSA","Sub-Saharan Africa","MORB",1,1,1,0.943824416327292,"WAFR","Western Africa (excl Nigeria)","GHA","Ghana"
2035,"SSA","Sub-Saharan Africa","MORB",1,1,1,0.943824416327292,"WAFR","Western Africa (excl Nigeria)","GIN","Guinea"
2035,"SSA","Sub-Saharan Africa","MORB",1,1,1,0.943824416327292,"WAFR","Western Africa (excl Nigeria)","GMB","Gambia"
2035,"SSA","Sub-Saharan Africa","MORB",1,1,1,0.943824416327292,"WAFR","Western Africa (excl Nigeria)","GNB","Guinea-Bissau"
2035,"SSA","Sub-Saharan Africa","MORB",1,1,1,0.943824416327292,"WAFR","Western Africa (excl Nigeria)","GNQ","Equatorial Guinea"
2035,"SSA","Sub-Saharan Africa","MORB",1,1,1,0.943824416327292,"WAFR","Western Africa (excl Nigeria)","LBR","Liberia"
2035,"SSA","Sub-Saharan Africa","MORB",1,1,1,0.943824416327292,"WAFR","Western Africa (excl Nigeria)","MLI","Mali"
2035,"SSA","Sub-Saharan Africa","MORB",1,1,1,0.943824416327292,"WAFR","Western Africa (excl Nigeria)","MRT","Mauritania"
2035,"SSA","Sub-Saharan Africa","MORB",1,1,1,0.943824416327292,"WAFR","Western Africa (excl Nigeria)","NER","Niger"
2035,"SSA","Sub-Saharan Africa","MORB",1,1,1,0.943824416327292,"WAFR","Western Africa (excl Nigeria)","SEN","Senegal"
2035,"SSA","Sub-Saharan Africa","MORB",1,1,1,0.943824416327292,"WAFR","Western Africa (excl Nigeria)","SLE","Sierra Leone"
2035,"SSA","Sub-Saharan Africa","MORB",1,1,1,0.943824416327292,"WAFR","Western Africa (excl Nigeria)","TCD","Chad"
2035,"SSA","Sub-Saharan Africa","MORB",1,1,1,0.943824416327292,"WAFR","Western Africa (excl Nigeria)","TGO","Togo"
2035,"SSA","Sub-Saharan Africa","MORT",NA,Inf,7.65138370489929,3.56996536534517,"EAFR","Eastern Africa (excl Kenya, Tanzania)","BDI","Burundi"
2035,"SSA","Sub-Saharan Africa","MORT",NA,Inf,7.65138370489929,3.56996536534517,"EAFR","Eastern Africa (excl Kenya, Tanzania)","COM","Comoros"
2035,"SSA","Sub-Saharan Africa","MORT",NA,Inf,7.65138370489929,3.56996536534517,"EAFR","Eastern Africa (excl Kenya, Tanzania)","DJI","Djibouti"
2035,"SSA","Sub-Saharan Africa","MORT",NA,Inf,7.65138370489929,3.56996536534517,"EAFR","Eastern Africa (excl Kenya, Tanzania)","ERI","Eritrea"
2035,"SSA","Sub-Saharan Africa","MORT",NA,Inf,7.65138370489929,3.56996536534517,"EAFR","Eastern Africa (excl Kenya, Tanzania)","ETH","Ethiopia"
2035,"SSA","Sub-Saharan Africa","MORT",NA,Inf,7.65138370489929,3.56996536534517,"EAFR","Eastern Africa (excl Kenya, Tanzania)","MDG","Madagascar"
2035,"SSA","Sub-Saharan Africa","MORT",NA,Inf,7.65138370489929,3.56996536534517,"EAFR","Eastern Africa (excl Kenya, Tanzania)","MUS","Mauritius"
2035,"SSA","Sub-Saharan Africa","MORT",NA,Inf,7.65138370489929,3.56996536534517,"EAFR","Eastern Africa (excl Kenya, Tanzania)","RWA","Rwanda"
2035,"SSA","Sub-Saharan Africa","MORT",NA,Inf,7.65138370489929,3.56996536534517,"EAFR","Eastern Africa (excl Kenya, Tanzania)","SDN","Sudan"
2035,"SSA","Sub-Saharan Africa","MORT",NA,Inf,7.65138370489929,3.56996536534517,"EAFR","Eastern Africa (excl Kenya, Tanzania)","SOM","Somalia"
2035,"SSA","Sub-Saharan Africa","MORT",NA,Inf,7.65138370489929,3.56996536534517,"EAFR","Eastern Africa (excl Kenya, Tanzania)","UGA","Uganda"
2035,"SSA","Sub-Saharan Africa","MORT",NA,Inf,7.65138370489929,3.56996536534517,"KENY","Kenya","KEN","Kenya"
2035,"SSA","Sub-Saharan Africa","MORT",NA,Inf,7.65138370489929,3.56996536534517,"NIGE","Nigeria","NGA","Nigeria"
2035,"SSA","Sub-Saharan Africa","MORT",NA,Inf,7.65138370489929,3.56996536534517,"TANZ","United Republic of Tanzania","TZA","United Republic of Tanzania"
2035,"SSA","Sub-Saharan Africa","MORT",NA,Inf,7.65138370489929,3.56996536534517,"WAFR","Western Africa (excl Nigeria)","BEN","Benin"
2035,"SSA","Sub-Saharan Africa","MORT",NA,Inf,7.65138370489929,3.56996536534517,"WAFR","Western Africa (excl Nigeria)","BFA","Burkina Faso"
2035,"SSA","Sub-Saharan Africa","MORT",NA,Inf,7.65138370489929,3.56996536534517,"WAFR","Western Africa (excl Nigeria)","CAF","Central African Republic"
2035,"SSA","Sub-Saharan Africa","MORT",NA,Inf,7.65138370489929,3.56996536534517,"WAFR","Western Africa (excl Nigeria)","CIV","Cote d'Ivoire"
2035,"SSA","Sub-Saharan Africa","MORT",NA,Inf,7.65138370489929,3.56996536534517,"WAFR","Western Africa (excl Nigeria)","CMR","Cameroon"
2035,"SSA","Sub-Saharan Africa","MORT",NA,Inf,7.65138370489929,3.56996536534517,"WAFR","Western Africa (excl Nigeria)","COD","Democratic Republic of the Congo"
2035,"SSA","Sub-Saharan Africa","MORT",NA,Inf,7.65138370489929,3.56996536534517,"WAFR","Western Africa (excl Nigeria)","COG","Congo"
2035,"SSA","Sub-Saharan Africa","MORT",NA,Inf,7.65138370489929,3.56996536534517,"WAFR","Western Africa (excl Nigeria)","CPV","Cape Verde"
2035,"SSA","Sub-Saharan Africa","MORT",NA,Inf,7.65138370489929,3.56996536534517,"WAFR","Western Africa (excl Nigeria)","GAB","Gabon"
2035,"SSA","Sub-Saharan Africa","MORT",NA,Inf,7.65138370489929,3.56996536534517,"WAFR","Western Africa (excl Nigeria)","GHA","Ghana"
2035,"SSA","Sub-Saharan Africa","MORT",NA,Inf,7.65138370489929,3.56996536534517,"WAFR","Western Africa (excl Nigeria)","GIN","Guinea"
2035,"SSA","Sub-Saharan Africa","MORT",NA,Inf,7.65138370489929,3.56996536534517,"WAFR","Western Africa (excl Nigeria)","GMB","Gambia"
2035,"SSA","Sub-Saharan Africa","MORT",NA,Inf,7.65138370489929,3.56996536534517,"WAFR","Western Africa (excl Nigeria)","GNB","Guinea-Bissau"
2035,"SSA","Sub-Saharan Africa","MORT",NA,Inf,7.65138370489929,3.56996536534517,"WAFR","Western Africa (excl Nigeria)","GNQ","Equatorial Guinea"
2035,"SSA","Sub-Saharan Africa","MORT",NA,Inf,7.65138370489929,3.56996536534517,"WAFR","Western Africa (excl Nigeria)","LBR","Liberia"
2035,"SSA","Sub-Saharan Africa","MORT",NA,Inf,7.65138370489929,3.56996536534517,"WAFR","Western Africa (excl Nigeria)","MLI","Mali"
2035,"SSA","Sub-Saharan Africa","MORT",NA,Inf,7.65138370489929,3.56996536534517,"WAFR","Western Africa (excl Nigeria)","MRT","Mauritania"
2035,"SSA","Sub-Saharan Africa","MORT",NA,Inf,7.65138370489929,3.56996536534517,"WAFR","Western Africa (excl Nigeria)","NER","Niger"
2035,"SSA","Sub-Saharan Africa","MORT",NA,Inf,7.65138370489929,3.56996536534517,"WAFR","Western Africa (excl Nigeria)","SEN","Senegal"
2035,"SSA","Sub-Saharan Africa","MORT",NA,Inf,7.65138370489929,3.56996536534517,"WAFR","Western Africa (excl Nigeria)","SLE","Sierra Leone"
2035,"SSA","Sub-Saharan Africa","MORT",NA,Inf,7.65138370489929,3.56996536534517,"WAFR","Western Africa (excl Nigeria)","TCD","Chad"
2035,"SSA","Sub-Saharan Africa","MORT",NA,Inf,7.65138370489929,3.56996536534517,"WAFR","Western Africa (excl Nigeria)","TGO","Togo"
2035,"WAS","Western Asia","MORB",1,1,1,0.525431013608407,"ARME","Armenia","ARM","Armenia"
2035,"WAS","Western Asia","MORB",1,1,1,0.525431013608407,"AZER","Azerbaijan","AZE","Azerbaijan"
2035,"WAS","Western Asia","MORB",1,1,1,0.525431013608407,"BELA","Belarus","BLR","Belarus"
2035,"WAS","Western Asia","MORB",1,1,1,0.525431013608407,"GEOR","Georgia","GEO","Georgia"
2035,"WAS","Western Asia","MORB",1,1,1,0.525431013608407,"MOLD","Republic of Moldova","MDA","Republic of Moldova"
2035,"WAS","Western Asia","MORB",1,1,1,0.525431013608407,"TURK","Turkey","TUR","Turkey"
2035,"WAS","Western Asia","MORB",1,1,1,0.525431013608407,"UKRA","Ukraine","UKR","Ukraine"
2035,"WAS","Western Asia","MORT",NA,Inf,1.05254337730119,0.033247578133655,"ARME","Armenia","ARM","Armenia"
2035,"WAS","Western Asia","MORT",NA,Inf,1.05254337730119,0.033247578133655,"AZER","Azerbaijan","AZE","Azerbaijan"
2035,"WAS","Western Asia","MORT",NA,Inf,1.05254337730119,0.033247578133655,"BELA","Belarus","BLR","Belarus"
2035,"WAS","Western Asia","MORT",NA,Inf,1.05254337730119,0.033247578133655,"GEOR","Georgia","GEO","Georgia"
2035,"WAS","Western Asia","MORT",NA,Inf,1.05254337730119,0.033247578133655,"MOLD","Republic of Moldova","MDA","Republic of Moldova"
2035,"WAS","Western Asia","MORT",NA,Inf,1.05254337730119,0.033247578133655,"TURK","Turkey","TUR","Turkey"
2035,"WAS","Western Asia","MORT",NA,Inf,1.05254337730119,0.033247578133655,"UKRA","Ukraine","UKR","Ukraine"
2035,"WBK","West Balkan","MORB",1,1,1,0.489365504915103,"ALBA","Albania","ALB","Albania"
2035,"WBK","West Balkan","MORB",1,1,1,0.489365504915103,"BOHE","Bosnia and Herzegovina","BIH","Bosnia and Herzegovina"
2035,"WBK","West Balkan","MORB",1,1,1,0.489365504915103,"KOSO","Kosovo","XKX","Kosovo"
2035,"WBK","West Balkan","MORB",1,1,1,0.489365504915103,"MACE","TFYR Macedonia","MKD","TFYR Macedonia"
2035,"WBK","West Balkan","MORB",1,1,1,0.489365504915103,"MONT","Montenegro","MNE","Montenegro"
2035,"WBK","West Balkan","MORB",1,1,1,0.489365504915103,"SERB","Serbia","SRB","Serbia"
2035,"WBK","West Balkan","MORT",NA,Inf,1.02287457110179,0.0483873427373237,"ALBA","Albania","ALB","Albania"
2035,"WBK","West Balkan","MORT",NA,Inf,1.02287457110179,0.0483873427373237,"BOHE","Bosnia and Herzegovina","BIH","Bosnia and Herzegovina"
2035,"WBK","West Balkan","MORT",NA,Inf,1.02287457110179,0.0483873427373237,"KOSO","Kosovo","XKX","Kosovo"
2035,"WBK","West Balkan","MORT",NA,Inf,1.02287457110179,0.0483873427373237,"MACE","TFYR Macedonia","MKD","TFYR Macedonia"
2035,"WBK","West Balkan","MORT",NA,Inf,1.02287457110179,0.0483873427373237,"MONT","Montenegro","MNE","Montenegro"
2035,"WBK","West Balkan","MORT",NA,Inf,1.02287457110179,0.0483873427373237,"SERB","Serbia","SRB","Serbia"
2040,"CAS","Central Asia","MORB",1,1,1,0.468798641573511,"KAZA","Kazakhstan","KAZ","Kazakhstan"
2040,"CAS","Central Asia","MORB",1,1,1,0.468798641573511,"KYRG","Kyrgyzstan","KGZ","Kyrgyzstan"
2040,"CAS","Central Asia","MORB",1,1,1,0.468798641573511,"TAJI","Tajikistan","TJK","Tajikistan"
2040,"CAS","Central Asia","MORB",1,1,1,0.468798641573511,"TKME","Turkmenistan","TKM","Turkmenistan"
2040,"CAS","Central Asia","MORB",1,1,1,0.468798641573511,"UZBE","Uzbekistan","UZB","Uzbekistan"
2040,"CAS","Central Asia","MORT",NA,Inf,1.04114701285445,0.141951878196336,"KAZA","Kazakhstan","KAZ","Kazakhstan"
2040,"CAS","Central Asia","MORT",NA,Inf,1.04114701285445,0.141951878196336,"KYRG","Kyrgyzstan","KGZ","Kyrgyzstan"
2040,"CAS","Central Asia","MORT",NA,Inf,1.04114701285445,0.141951878196336,"TAJI","Tajikistan","TJK","Tajikistan"
2040,"CAS","Central Asia","MORT",NA,Inf,1.04114701285445,0.141951878196336,"TKME","Turkmenistan","TKM","Turkmenistan"
2040,"CAS","Central Asia","MORT",NA,Inf,1.04114701285445,0.141951878196336,"UZBE","Uzbekistan","UZB","Uzbekistan"
2040,"CHI","Centrally Planned Asia","MORB",1,1,1,0.515970638274421,"CHIN","China","CHN","China"
2040,"CHI","Centrally Planned Asia","MORB",1,1,1,0.515970638274421,"KORN","North Korea","PRK","North Korea"
2040,"CHI","Centrally Planned Asia","MORB",1,1,1,0.515970638274421,"MONG","Mongolia","MNG","Mongolia"
2040,"CHI","Centrally Planned Asia","MORT",NA,Inf,1.00717363444413,0.000426876236382609,"CHIN","China","CHN","China"
2040,"CHI","Centrally Planned Asia","MORT",NA,Inf,1.00717363444413,0.000426876236382609,"KORN","North Korea","PRK","North Korea"
2040,"CHI","Centrally Planned Asia","MORT",NA,Inf,1.00717363444413,0.000426876236382609,"MONG","Mongolia","MNG","Mongolia"
2040,"EAS","South East Asia","MORB",1,1,1,0.501301808551049,"CAMB","Cambodia","KHM","Cambodia"
2040,"EAS","South East Asia","MORB",1,1,1,0.501301808551049,"INDO","Indonesia","IDN","Indonesia"
2040,"EAS","South East Asia","MORB",1,1,1,0.501301808551049,"LAOS","Laos","LAO","Laos"
2040,"EAS","South East Asia","MORB",1,1,1,0.501301808551049,"MALA","Malaysia","MYS","Malaysia"
2040,"EAS","South East Asia","MORB",1,1,1,0.501301808551049,"MYAN","Myanmar","MMR","Myanmar"
2040,"EAS","South East Asia","MORB",1,1,1,0.501301808551049,"PHIL","Philippines","PHL","Philippines"
2040,"EAS","South East Asia","MORB",1,1,1,0.501301808551049,"THAI","Thailand","THA","Thailand"
2040,"EAS","South East Asia","MORB",1,1,1,0.501301808551049,"VIET","Vietnam","VNM","Vietnam"
2040,"EAS","South East Asia","MORT",NA,Inf,1.09105677747143,0.0542844569201331,"CAMB","Cambodia","KHM","Cambodia"
2040,"EAS","South East Asia","MORT",NA,Inf,1.09105677747143,0.0542844569201331,"INDO","Indonesia","IDN","Indonesia"
2040,"EAS","South East Asia","MORT",NA,Inf,1.09105677747143,0.0542844569201331,"LAOS","Laos","LAO","Laos"
2040,"EAS","South East Asia","MORT",NA,Inf,1.09105677747143,0.0542844569201331,"MALA","Malaysia","MYS","Malaysia"
2040,"EAS","South East Asia","MORT",NA,Inf,1.09105677747143,0.0542844569201331,"MYAN","Myanmar","MMR","Myanmar"
2040,"EAS","South East Asia","MORT",NA,Inf,1.09105677747143,0.0542844569201331,"PHIL","Philippines","PHL","Philippines"
2040,"EAS","South East Asia","MORT",NA,Inf,1.09105677747143,0.0542844569201331,"THAI","Thailand","THA","Thailand"
2040,"EAS","South East Asia","MORT",NA,Inf,1.09105677747143,0.0542844569201331,"VIET","Vietnam","VNM","Vietnam"
2040,"EUR","EU, EFTA, UK","MORB",1,1,1,0.536070339135116,"AUST","Austria","AUT","Austria"
2040,"EUR","EU, EFTA, UK","MORB",1,1,1,0.536070339135116,"BELG","Belgium","BEL","Belgium"
2040,"EUR","EU, EFTA, UK","MORB",1,1,1,0.536070339135116,"BULG","Bulgaria","BGR","Bulgaria"
2040,"EUR","EU, EFTA, UK","MORB",1,1,1,0.536070339135116,"CROA","Croatia","HRV","Croatia"
2040,"EUR","EU, EFTA, UK","MORB",1,1,1,0.536070339135116,"CYPR","Cyprus","CYP","Cyprus"
2040,"EUR","EU, EFTA, UK","MORB",1,1,1,0.536070339135116,"CZRE","Czech Republic","CZE","Czech Republic"
2040,"EUR","EU, EFTA, UK","MORB",1,1,1,0.536070339135116,"DENM","Denmark","DNK","Denmark"
2040,"EUR","EU, EFTA, UK","MORB",1,1,1,0.536070339135116,"ESTO","Estonia","EST","Estonia"
2040,"EUR","EU, EFTA, UK","MORB",1,1,1,0.536070339135116,"FINL","Finland","FIN","Finland"
2040,"EUR","EU, EFTA, UK","MORB",1,1,1,0.536070339135116,"FRAN","France","FRA","France"
2040,"EUR","EU, EFTA, UK","MORB",1,1,1,0.536070339135116,"GERM","Germany","DEU","Germany"
2040,"EUR","EU, EFTA, UK","MORB",1,1,1,0.536070339135116,"GREE","Greece","GRC","Greece"
2040,"EUR","EU, EFTA, UK","MORB",1,1,1,0.536070339135116,"HUNG","Hungary","HUN","Hungary"
2040,"EUR","EU, EFTA, UK","MORB",1,1,1,0.536070339135116,"ICEL","Iceland","ISL","Iceland"
2040,"EUR","EU, EFTA, UK","MORB",1,1,1,0.536070339135116,"IREL","Ireland","IRL","Ireland"
2040,"EUR","EU, EFTA, UK","MORB",1,1,1,0.536070339135116,"ITAL","Italy","ITA","Italy"
2040,"EUR","EU, EFTA, UK","MORB",1,1,1,0.536070339135116,"LATV","Latvia","LVA","Latvia"
2040,"EUR","EU, EFTA, UK","MORB",1,1,1,0.536070339135116,"LITH","Lithuania","LTU","Lithuania"
2040,"EUR","EU, EFTA, UK","MORB",1,1,1,0.536070339135116,"LUXE","Luxembourg","LUX","Luxembourg"
2040,"EUR","EU, EFTA, UK","MORB",1,1,1,0.536070339135116,"MALT","Malta","MLT","Malta"
2040,"EUR","EU, EFTA, UK","MORB",1,1,1,0.536070339135116,"NETH","Netherlands","NLD","Netherlands"
2040,"EUR","EU, EFTA, UK","MORB",1,1,1,0.536070339135116,"NORW","Norway","NOR","Norway"
2040,"EUR","EU, EFTA, UK","MORB",1,1,1,0.536070339135116,"POLA","Poland","POL","Poland"
2040,"EUR","EU, EFTA, UK","MORB",1,1,1,0.536070339135116,"PORT","Portugal","PRT","Portugal"
2040,"EUR","EU, EFTA, UK","MORB",1,1,1,0.536070339135116,"ROMA","Romania","ROU","Romania"
2040,"EUR","EU, EFTA, UK","MORB",1,1,1,0.536070339135116,"SKRE","Slovakia","SVK","Slovakia"
2040,"EUR","EU, EFTA, UK","MORB",1,1,1,0.536070339135116,"SLOV","Slovenia","SVN","Slovenia"
2040,"EUR","EU, EFTA, UK","MORB",1,1,1,0.536070339135116,"SPAI","Spain","ESP","Spain"
2040,"EUR","EU, EFTA, UK","MORB",1,1,1,0.536070339135116,"SWED","Sweden","SWE","Sweden"
2040,"EUR","EU, EFTA, UK","MORB",1,1,1,0.536070339135116,"SWIT","Switzerland","CHE","Switzerland"
2040,"EUR","EU, EFTA, UK","MORB",1,1,1,0.536070339135116,"UNKI","United Kingdom","GBR","United Kingdom"
2040,"EUR","EU, EFTA, UK","MORT",NA,Inf,1.01751405983394,0.0354748807462,"AUST","Austria","AUT","Austria"
2040,"EUR","EU, EFTA, UK","MORT",NA,Inf,1.01751405983394,0.0354748807462,"BELG","Belgium","BEL","Belgium"
2040,"EUR","EU, EFTA, UK","MORT",NA,Inf,1.01751405983394,0.0354748807462,"BULG","Bulgaria","BGR","Bulgaria"
2040,"EUR","EU, EFTA, UK","MORT",NA,Inf,1.01751405983394,0.0354748807462,"CROA","Croatia","HRV","Croatia"
2040,"EUR","EU, EFTA, UK","MORT",NA,Inf,1.01751405983394,0.0354748807462,"CYPR","Cyprus","CYP","Cyprus"
2040,"EUR","EU, EFTA, UK","MORT",NA,Inf,1.01751405983394,0.0354748807462,"CZRE","Czech Republic","CZE","Czech Republic"
2040,"EUR","EU, EFTA, UK","MORT",NA,Inf,1.01751405983394,0.0354748807462,"DENM","Denmark","DNK","Denmark"
2040,"EUR","EU, EFTA, UK","MORT",NA,Inf,1.01751405983394,0.0354748807462,"ESTO","Estonia","EST","Estonia"
2040,"EUR","EU, EFTA, UK","MORT",NA,Inf,1.01751405983394,0.0354748807462,"FINL","Finland","FIN","Finland"
2040,"EUR","EU, EFTA, UK","MORT",NA,Inf,1.01751405983394,0.0354748807462,"FRAN","France","FRA","France"
2040,"EUR","EU, EFTA, UK","MORT",NA,Inf,1.01751405983394,0.0354748807462,"GERM","Germany","DEU","Germany"
2040,"EUR","EU, EFTA, UK","MORT",NA,Inf,1.01751405983394,0.0354748807462,"GREE","Greece","GRC","Greece"
2040,"EUR","EU, EFTA, UK","MORT",NA,Inf,1.01751405983394,0.0354748807462,"HUNG","Hungary","HUN","Hungary"
2040,"EUR","EU, EFTA, UK","MORT",NA,Inf,1.01751405983394,0.0354748807462,"ICEL","Iceland","ISL","Iceland"
2040,"EUR","EU, EFTA, UK","MORT",NA,Inf,1.01751405983394,0.0354748807462,"IREL","Ireland","IRL","Ireland"
2040,"EUR","EU, EFTA, UK","MORT",NA,Inf,1.01751405983394,0.0354748807462,"ITAL","Italy","ITA","Italy"
2040,"EUR","EU, EFTA, UK","MORT",NA,Inf,1.01751405983394,0.0354748807462,"LATV","Latvia","LVA","Latvia"
2040,"EUR","EU, EFTA, UK","MORT",NA,Inf,1.01751405983394,0.0354748807462,"LITH","Lithuania","LTU","Lithuania"
2040,"EUR","EU, EFTA, UK","MORT",NA,Inf,1.01751405983394,0.0354748807462,"LUXE","Luxembourg","LUX","Luxembourg"
2040,"EUR","EU, EFTA, UK","MORT",NA,Inf,1.01751405983394,0.0354748807462,"MALT","Malta","MLT","Malta"
2040,"EUR","EU, EFTA, UK","MORT",NA,Inf,1.01751405983394,0.0354748807462,"NETH","Netherlands","NLD","Netherlands"
2040,"EUR","EU, EFTA, UK","MORT",NA,Inf,1.01751405983394,0.0354748807462,"NORW","Norway","NOR","Norway"
2040,"EUR","EU, EFTA, UK","MORT",NA,Inf,1.01751405983394,0.0354748807462,"POLA","Poland","POL","Poland"
2040,"EUR","EU, EFTA, UK","MORT",NA,Inf,1.01751405983394,0.0354748807462,"PORT","Portugal","PRT","Portugal"
2040,"EUR","EU, EFTA, UK","MORT",NA,Inf,1.01751405983394,0.0354748807462,"ROMA","Romania","ROU","Romania"
2040,"EUR","EU, EFTA, UK","MORT",NA,Inf,1.01751405983394,0.0354748807462,"SKRE","Slovakia","SVK","Slovakia"
2040,"EUR","EU, EFTA, UK","MORT",NA,Inf,1.01751405983394,0.0354748807462,"SLOV","Slovenia","SVN","Slovenia"
2040,"EUR","EU, EFTA, UK","MORT",NA,Inf,1.01751405983394,0.0354748807462,"SPAI","Spain","ESP","Spain"
2040,"EUR","EU, EFTA, UK","MORT",NA,Inf,1.01751405983394,0.0354748807462,"SWED","Sweden","SWE","Sweden"
2040,"EUR","EU, EFTA, UK","MORT",NA,Inf,1.01751405983394,0.0354748807462,"SWIT","Switzerland","CHE","Switzerland"
2040,"EUR","EU, EFTA, UK","MORT",NA,Inf,1.01751405983394,0.0354748807462,"UNKI","United Kingdom","GBR","United Kingdom"
2040,"LAC","Latin America & Caribbean","MORB",1,1,1,0.615986044369039,"ARGE","Argentina","ARG","Argentina"
2040,"LAC","Latin America & Caribbean","MORB",1,1,1,0.615986044369039,"BOLV","Bolivia (Plurinational State of)","BOL","Bolivia (Plurinational State of)"
2040,"LAC","Latin America & Caribbean","MORB",1,1,1,0.615986044369039,"BRAZ","Brazil","BRA","Brazil"
2040,"LAC","Latin America & Caribbean","MORB",1,1,1,0.615986044369039,"CARB","Caribbean","ABW","Aruba"
2040,"LAC","Latin America & Caribbean","MORB",1,1,1,0.615986044369039,"CARB","Caribbean","BHS","Bahamas"
2040,"LAC","Latin America & Caribbean","MORB",1,1,1,0.615986044369039,"CARB","Caribbean","BRB","Barbados"
2040,"LAC","Latin America & Caribbean","MORB",1,1,1,0.615986044369039,"CARB","Caribbean","CUB","Cuba"
2040,"LAC","Latin America & Caribbean","MORB",1,1,1,0.615986044369039,"CARB","Caribbean","DOM","Dominican Republic"
2040,"LAC","Latin America & Caribbean","MORB",1,1,1,0.615986044369039,"CARB","Caribbean","GLP","Guadeloupe"
2040,"LAC","Latin America & Caribbean","MORB",1,1,1,0.615986044369039,"CARB","Caribbean","GRD","Grenada"
2040,"LAC","Latin America & Caribbean","MORB",1,1,1,0.615986044369039,"CARB","Caribbean","GUF","French Guiana"
2040,"LAC","Latin America & Caribbean","MORB",1,1,1,0.615986044369039,"CARB","Caribbean","GUY","Guyana"
2040,"LAC","Latin America & Caribbean","MORB",1,1,1,0.615986044369039,"CARB","Caribbean","HTI","Haiti"
2040,"LAC","Latin America & Caribbean","MORB",1,1,1,0.615986044369039,"CARB","Caribbean","JAM","Jamaica"
2040,"LAC","Latin America & Caribbean","MORB",1,1,1,0.615986044369039,"CARB","Caribbean","LCA","Saint Lucia"
2040,"LAC","Latin America & Caribbean","MORB",1,1,1,0.615986044369039,"CARB","Caribbean","MTQ","Martinique"
2040,"LAC","Latin America & Caribbean","MORB",1,1,1,0.615986044369039,"CARB","Caribbean","PRI","Puerto Rico"
2040,"LAC","Latin America & Caribbean","MORB",1,1,1,0.615986044369039,"CARB","Caribbean","SUR","Suriname"
2040,"LAC","Latin America & Caribbean","MORB",1,1,1,0.615986044369039,"CARB","Caribbean","TTO","Trinidad and Tobago"
2040,"LAC","Latin America & Caribbean","MORB",1,1,1,0.615986044369039,"CARB","Caribbean","VCT","Saint Vincent and the Grenadines"
2040,"LAC","Latin America & Caribbean","MORB",1,1,1,0.615986044369039,"CARB","Caribbean","VIR","United States Virgin Islands"
2040,"LAC","Latin America & Caribbean","MORB",1,1,1,0.615986044369039,"CEAM","Central America","BLZ","Belize"
2040,"LAC","Latin America & Caribbean","MORB",1,1,1,0.615986044369039,"CEAM","Central America","CRI","Costa Rica"
2040,"LAC","Latin America & Caribbean","MORB",1,1,1,0.615986044369039,"CEAM","Central America","GTM","Guatemala"
2040,"LAC","Latin America & Caribbean","MORB",1,1,1,0.615986044369039,"CEAM","Central America","HND","Honduras"
2040,"LAC","Latin America & Caribbean","MORB",1,1,1,0.615986044369039,"CEAM","Central America","NIC","Nicaragua"
2040,"LAC","Latin America & Caribbean","MORB",1,1,1,0.615986044369039,"CEAM","Central America","PAN","Panama"
2040,"LAC","Latin America & Caribbean","MORB",1,1,1,0.615986044369039,"CEAM","Central America","SLV","El Salvador"
2040,"LAC","Latin America & Caribbean","MORB",1,1,1,0.615986044369039,"CHIL","Chile","CHL","Chile"
2040,"LAC","Latin America & Caribbean","MORB",1,1,1,0.615986044369039,"COLO","Colombia","COL","Colombia"
2040,"LAC","Latin America & Caribbean","MORB",1,1,1,0.615986044369039,"ECUA","Ecuador","ECU","Ecuador"
2040,"LAC","Latin America & Caribbean","MORB",1,1,1,0.615986044369039,"MEXI","Mexico","MEX","Mexico"
2040,"LAC","Latin America & Caribbean","MORB",1,1,1,0.615986044369039,"PARA","Paraguay","PRY","Paraguay"
2040,"LAC","Latin America & Caribbean","MORB",1,1,1,0.615986044369039,"PERU","Peru","PER","Peru"
2040,"LAC","Latin America & Caribbean","MORB",1,1,1,0.615986044369039,"URUG","Uruguay","URY","Uruguay"
2040,"LAC","Latin America & Caribbean","MORB",1,1,1,0.615986044369039,"VENE","Venezuela (Bolivarian Republic of)","VEN","Venezuela (Bolivarian Republic of)"
2040,"LAC","Latin America & Caribbean","MORT",NA,Inf,1.48002438213107,0.0989649361734175,"ARGE","Argentina","ARG","Argentina"
2040,"LAC","Latin America & Caribbean","MORT",NA,Inf,1.48002438213107,0.0989649361734175,"BOLV","Bolivia (Plurinational State of)","BOL","Bolivia (Plurinational State of)"
2040,"LAC","Latin America & Caribbean","MORT",NA,Inf,1.48002438213107,0.0989649361734175,"BRAZ","Brazil","BRA","Brazil"
2040,"LAC","Latin America & Caribbean","MORT",NA,Inf,1.48002438213107,0.0989649361734175,"CARB","Caribbean","ABW","Aruba"
2040,"LAC","Latin America & Caribbean","MORT",NA,Inf,1.48002438213107,0.0989649361734175,"CARB","Caribbean","BHS","Bahamas"
2040,"LAC","Latin America & Caribbean","MORT",NA,Inf,1.48002438213107,0.0989649361734175,"CARB","Caribbean","BRB","Barbados"
2040,"LAC","Latin America & Caribbean","MORT",NA,Inf,1.48002438213107,0.0989649361734175,"CARB","Caribbean","CUB","Cuba"
2040,"LAC","Latin America & Caribbean","MORT",NA,Inf,1.48002438213107,0.0989649361734175,"CARB","Caribbean","DOM","Dominican Republic"
2040,"LAC","Latin America & Caribbean","MORT",NA,Inf,1.48002438213107,0.0989649361734175,"CARB","Caribbean","GLP","Guadeloupe"
2040,"LAC","Latin America & Caribbean","MORT",NA,Inf,1.48002438213107,0.0989649361734175,"CARB","Caribbean","GRD","Grenada"
2040,"LAC","Latin America & Caribbean","MORT",NA,Inf,1.48002438213107,0.0989649361734175,"CARB","Caribbean","GUF","French Guiana"
2040,"LAC","Latin America & Caribbean","MORT",NA,Inf,1.48002438213107,0.0989649361734175,"CARB","Caribbean","GUY","Guyana"
2040,"LAC","Latin America & Caribbean","MORT",NA,Inf,1.48002438213107,0.0989649361734175,"CARB","Caribbean","HTI","Haiti"
2040,"LAC","Latin America & Caribbean","MORT",NA,Inf,1.48002438213107,0.0989649361734175,"CARB","Caribbean","JAM","Jamaica"
2040,"LAC","Latin America & Caribbean","MORT",NA,Inf,1.48002438213107,0.0989649361734175,"CARB","Caribbean","LCA","Saint Lucia"
2040,"LAC","Latin America & Caribbean","MORT",NA,Inf,1.48002438213107,0.0989649361734175,"CARB","Caribbean","MTQ","Martinique"
2040,"LAC","Latin America & Caribbean","MORT",NA,Inf,1.48002438213107,0.0989649361734175,"CARB","Caribbean","PRI","Puerto Rico"
2040,"LAC","Latin America & Caribbean","MORT",NA,Inf,1.48002438213107,0.0989649361734175,"CARB","Caribbean","SUR","Suriname"
2040,"LAC","Latin America & Caribbean","MORT",NA,Inf,1.48002438213107,0.0989649361734175,"CARB","Caribbean","TTO","Trinidad and Tobago"
2040,"LAC","Latin America & Caribbean","MORT",NA,Inf,1.48002438213107,0.0989649361734175,"CARB","Caribbean","VCT","Saint Vincent and the Grenadines"
2040,"LAC","Latin America & Caribbean","MORT",NA,Inf,1.48002438213107,0.0989649361734175,"CARB","Caribbean","VIR","United States Virgin Islands"
2040,"LAC","Latin America & Caribbean","MORT",NA,Inf,1.48002438213107,0.0989649361734175,"CEAM","Central America","BLZ","Belize"
2040,"LAC","Latin America & Caribbean","MORT",NA,Inf,1.48002438213107,0.0989649361734175,"CEAM","Central America","CRI","Costa Rica"
2040,"LAC","Latin America & Caribbean","MORT",NA,Inf,1.48002438213107,0.0989649361734175,"CEAM","Central America","GTM","Guatemala"
2040,"LAC","Latin America & Caribbean","MORT",NA,Inf,1.48002438213107,0.0989649361734175,"CEAM","Central America","HND","Honduras"
2040,"LAC","Latin America & Caribbean","MORT",NA,Inf,1.48002438213107,0.0989649361734175,"CEAM","Central America","NIC","Nicaragua"
2040,"LAC","Latin America & Caribbean","MORT",NA,Inf,1.48002438213107,0.0989649361734175,"CEAM","Central America","PAN","Panama"
2040,"LAC","Latin America & Caribbean","MORT",NA,Inf,1.48002438213107,0.0989649361734175,"CEAM","Central America","SLV","El Salvador"
2040,"LAC","Latin America & Caribbean","MORT",NA,Inf,1.48002438213107,0.0989649361734175,"CHIL","Chile","CHL","Chile"
2040,"LAC","Latin America & Caribbean","MORT",NA,Inf,1.48002438213107,0.0989649361734175,"COLO","Colombia","COL","Colombia"
2040,"LAC","Latin America & Caribbean","MORT",NA,Inf,1.48002438213107,0.0989649361734175,"ECUA","Ecuador","ECU","Ecuador"
2040,"LAC","Latin America & Caribbean","MORT",NA,Inf,1.48002438213107,0.0989649361734175,"MEXI","Mexico","MEX","Mexico"
2040,"LAC","Latin America & Caribbean","MORT",NA,Inf,1.48002438213107,0.0989649361734175,"PARA","Paraguay","PRY","Paraguay"
2040,"LAC","Latin America & Caribbean","MORT",NA,Inf,1.48002438213107,0.0989649361734175,"PERU","Peru","PER","Peru"
2040,"LAC","Latin America & Caribbean","MORT",NA,Inf,1.48002438213107,0.0989649361734175,"URUG","Uruguay","URY","Uruguay"
2040,"LAC","Latin America & Caribbean","MORT",NA,Inf,1.48002438213107,0.0989649361734175,"VENE","Venezuela (Bolivarian Republic of)","VEN","Venezuela (Bolivarian Republic of)"
2040,"MEA","Middle East","MORB",1.68389794770874,1.65298497504737,1.55406246508881,0.659006155008325,"ISRA","Israel","ISR","Israel"
2040,"MEA","Middle East","MORB",1.68389794770874,1.65298497504737,1.55406246508881,0.659006155008325,"MIDE","Middle East","ARE","United Arab Emirates"
2040,"MEA","Middle East","MORB",1.68389794770874,1.65298497504737,1.55406246508881,0.659006155008325,"MIDE","Middle East","BHR","Bahrain"
2040,"MEA","Middle East","MORB",1.68389794770874,1.65298497504737,1.55406246508881,0.659006155008325,"MIDE","Middle East","IRQ","Iraq"
2040,"MEA","Middle East","MORB",1.68389794770874,1.65298497504737,1.55406246508881,0.659006155008325,"MIDE","Middle East","JOR","Jordan"
2040,"MEA","Middle East","MORB",1.68389794770874,1.65298497504737,1.55406246508881,0.659006155008325,"MIDE","Middle East","KWT","Kuwait"
2040,"MEA","Middle East","MORB",1.68389794770874,1.65298497504737,1.55406246508881,0.659006155008325,"MIDE","Middle East","LBN","Lebanon"
2040,"MEA","Middle East","MORB",1.68389794770874,1.65298497504737,1.55406246508881,0.659006155008325,"MIDE","Middle East","OMN","Oman"
2040,"MEA","Middle East","MORB",1.68389794770874,1.65298497504737,1.55406246508881,0.659006155008325,"MIDE","Middle East","PSE","Occupied Palestinian Territory"
2040,"MEA","Middle East","MORB",1.68389794770874,1.65298497504737,1.55406246508881,0.659006155008325,"MIDE","Middle East","QAT","Qatar"
2040,"MEA","Middle East","MORB",1.68389794770874,1.65298497504737,1.55406246508881,0.659006155008325,"MIDE","Middle East","SYR","Syrian Arab Republic"
2040,"MEA","Middle East","MORB",1.68389794770874,1.65298497504737,1.55406246508881,0.659006155008325,"MIDE","Middle East","YEM","Yemen"
2040,"MEA","Middle East","MORB",1.68389794770874,1.65298497504737,1.55406246508881,0.659006155008325,"SAAR","Saudi Arabia","SAU","Saudi Arabia"
2040,"MEA","Middle East","MORT",NA,Inf,1.60184738764922,0.041918485420543,"ISRA","Israel","ISR","Israel"
2040,"MEA","Middle East","MORT",NA,Inf,1.60184738764922,0.041918485420543,"MIDE","Middle East","ARE","United Arab Emirates"
2040,"MEA","Middle East","MORT",NA,Inf,1.60184738764922,0.041918485420543,"MIDE","Middle East","BHR","Bahrain"
2040,"MEA","Middle East","MORT",NA,Inf,1.60184738764922,0.041918485420543,"MIDE","Middle East","IRQ","Iraq"
2040,"MEA","Middle East","MORT",NA,Inf,1.60184738764922,0.041918485420543,"MIDE","Middle East","JOR","Jordan"
2040,"MEA","Middle East","MORT",NA,Inf,1.60184738764922,0.041918485420543,"MIDE","Middle East","KWT","Kuwait"
2040,"MEA","Middle East","MORT",NA,Inf,1.60184738764922,0.041918485420543,"MIDE","Middle East","LBN","Lebanon"
2040,"MEA","Middle East","MORT",NA,Inf,1.60184738764922,0.041918485420543,"MIDE","Middle East","OMN","Oman"
2040,"MEA","Middle East","MORT",NA,Inf,1.60184738764922,0.041918485420543,"MIDE","Middle East","PSE","Occupied Palestinian Territory"
2040,"MEA","Middle East","MORT",NA,Inf,1.60184738764922,0.041918485420543,"MIDE","Middle East","QAT","Qatar"
2040,"MEA","Middle East","MORT",NA,Inf,1.60184738764922,0.041918485420543,"MIDE","Middle East","SYR","Syrian Arab Republic"
2040,"MEA","Middle East","MORT",NA,Inf,1.60184738764922,0.041918485420543,"MIDE","Middle East","YEM","Yemen"
2040,"MEA","Middle East","MORT",NA,Inf,1.60184738764922,0.041918485420543,"SAAR","Saudi Arabia","SAU","Saudi Arabia"
2040,"NAF","North Africa","MORB",0.624992773870315,0.668545109726361,0.670411356854207,0.312351465017737,"EGYP","Egypt","EGY","Egypt"
2040,"NAF","North Africa","MORB",0.624992773870315,0.668545109726361,0.670411356854207,0.312351465017737,"IRAN","Iran","IRN","Iran"
2040,"NAF","North Africa","MORB",0.624992773870315,0.668545109726361,0.670411356854207,0.312351465017737,"NAFR","Northern Africa (excl Egypt)","DZA","Algeria"
2040,"NAF","North Africa","MORB",0.624992773870315,0.668545109726361,0.670411356854207,0.312351465017737,"NAFR","Northern Africa (excl Egypt)","ESH","Western Sahara"
2040,"NAF","North Africa","MORB",0.624992773870315,0.668545109726361,0.670411356854207,0.312351465017737,"NAFR","Northern Africa (excl Egypt)","LBY","Libyan Arab Jamahiriya"
2040,"NAF","North Africa","MORB",0.624992773870315,0.668545109726361,0.670411356854207,0.312351465017737,"NAFR","Northern Africa (excl Egypt)","MAR","Morocco"
2040,"NAF","North Africa","MORB",0.624992773870315,0.668545109726361,0.670411356854207,0.312351465017737,"NAFR","Northern Africa (excl Egypt)","TUN","Tunisia"
2040,"NAF","North Africa","MORT",NA,Inf,0.751546458470781,0.0392506530090549,"EGYP","Egypt","EGY","Egypt"
2040,"NAF","North Africa","MORT",NA,Inf,0.751546458470781,0.0392506530090549,"IRAN","Iran","IRN","Iran"
2040,"NAF","North Africa","MORT",NA,Inf,0.751546458470781,0.0392506530090549,"NAFR","Northern Africa (excl Egypt)","DZA","Algeria"
2040,"NAF","North Africa","MORT",NA,Inf,0.751546458470781,0.0392506530090549,"NAFR","Northern Africa (excl Egypt)","ESH","Western Sahara"
2040,"NAF","North Africa","MORT",NA,Inf,0.751546458470781,0.0392506530090549,"NAFR","Northern Africa (excl Egypt)","LBY","Libyan Arab Jamahiriya"
2040,"NAF","North Africa","MORT",NA,Inf,0.751546458470781,0.0392506530090549,"NAFR","Northern Africa (excl Egypt)","MAR","Morocco"
2040,"NAF","North Africa","MORT",NA,Inf,0.751546458470781,0.0392506530090549,"NAFR","Northern Africa (excl Egypt)","TUN","Tunisia"
2040,"NAM","North America","MORB",1,1,1,0.642071688770799,"CANA","Canada","CAN","Canada"
2040,"NAM","North America","MORB",1,1,1,0.642071688770799,"USAM","United States of America","USA","United States of America"
2040,"NAM","North America","MORT",NA,Inf,1.00939287884821,0.0544489984102701,"CANA","Canada","CAN","Canada"
2040,"NAM","North America","MORT",NA,Inf,1.00939287884821,0.0544489984102701,"USAM","United States of America","USA","United States of America"
2040,"OCE","Oceania","MORB",1,1,1,0.52718209199576,"AUTR","Australia","AUS","Australia"
2040,"OCE","Oceania","MORB",1,1,1,0.52718209199576,"BRUN","Brunei Darussalam","BRN","Brunei Darussalam"
2040,"OCE","Oceania","MORB",1,1,1,0.52718209199576,"JAPA","Japan","JPN","Japan"
2040,"OCE","Oceania","MORB",1,1,1,0.52718209199576,"KORS","Republic of Korea","KOR","Republic of Korea"
2040,"OCE","Oceania","MORB",1,1,1,0.52718209199576,"NZEL","New Zealand","NZL","New Zealand"
2040,"OCE","Oceania","MORB",1,1,1,0.52718209199576,"SING","Singapore","SGP","Singapore"
2040,"OCE","Oceania","MORB",1,1,1,0.52718209199576,"TAIW","Taiwan","TWN","Taiwan"
2040,"OCE","Oceania","MORT",NA,Inf,1.00945765911993,0.0180622857699093,"AUTR","Australia","AUS","Australia"
2040,"OCE","Oceania","MORT",NA,Inf,1.00945765911993,0.0180622857699093,"BRUN","Brunei Darussalam","BRN","Brunei Darussalam"
2040,"OCE","Oceania","MORT",NA,Inf,1.00945765911993,0.0180622857699093,"JAPA","Japan","JPN","Japan"
2040,"OCE","Oceania","MORT",NA,Inf,1.00945765911993,0.0180622857699093,"KORS","Republic of Korea","KOR","Republic of Korea"
2040,"OCE","Oceania","MORT",NA,Inf,1.00945765911993,0.0180622857699093,"NZEL","New Zealand","NZL","New Zealand"
2040,"OCE","Oceania","MORT",NA,Inf,1.00945765911993,0.0180622857699093,"SING","Singapore","SGP","Singapore"
2040,"OCE","Oceania","MORT",NA,Inf,1.00945765911993,0.0180622857699093,"TAIW","Taiwan","TWN","Taiwan"
2040,"RUS","Russian Federation","MORB",1,1,1,0.407823321790091,"RUSS","Russian Federation","RUS","Russian Federation"
2040,"RUS","Russian Federation","MORT",NA,Inf,1.01241927471436,0.056422345662286,"RUSS","Russian Federation","RUS","Russian Federation"
2040,"SAF","Southern Africa","MORB",1,1,1,0.595097049746223,"RSAF","Remaining Southern Africa","AGO","Angola"
2040,"SAF","Southern Africa","MORB",1,1,1,0.595097049746223,"RSAF","Remaining Southern Africa","BWA","Botswana"
2040,"SAF","Southern Africa","MORB",1,1,1,0.595097049746223,"RSAF","Remaining Southern Africa","LSO","Lesotho"
2040,"SAF","Southern Africa","MORB",1,1,1,0.595097049746223,"RSAF","Remaining Southern Africa","MOZ","Mozambique"
2040,"SAF","Southern Africa","MORB",1,1,1,0.595097049746223,"RSAF","Remaining Southern Africa","MWI","Malawi"
2040,"SAF","Southern Africa","MORB",1,1,1,0.595097049746223,"RSAF","Remaining Southern Africa","NAM","Namibia"
2040,"SAF","Southern Africa","MORB",1,1,1,0.595097049746223,"RSAF","Remaining Southern Africa","SWZ","Swaziland"
2040,"SAF","Southern Africa","MORB",1,1,1,0.595097049746223,"RSAF","Remaining Southern Africa","ZMB","Zambia"
2040,"SAF","Southern Africa","MORB",1,1,1,0.595097049746223,"RSAF","Remaining Southern Africa","ZWE","Zimbabwe"
2040,"SAF","Southern Africa","MORB",1,1,1,0.595097049746223,"SAFR","South Africa","ZAF","South Africa"
2040,"SAF","Southern Africa","MORT",NA,Inf,2.86809755363475,0.494684336427736,"RSAF","Remaining Southern Africa","AGO","Angola"
2040,"SAF","Southern Africa","MORT",NA,Inf,2.86809755363475,0.494684336427736,"RSAF","Remaining Southern Africa","BWA","Botswana"
2040,"SAF","Southern Africa","MORT",NA,Inf,2.86809755363475,0.494684336427736,"RSAF","Remaining Southern Africa","LSO","Lesotho"
2040,"SAF","Southern Africa","MORT",NA,Inf,2.86809755363475,0.494684336427736,"RSAF","Remaining Southern Africa","MOZ","Mozambique"
2040,"SAF","Southern Africa","MORT",NA,Inf,2.86809755363475,0.494684336427736,"RSAF","Remaining Southern Africa","MWI","Malawi"
2040,"SAF","Southern Africa","MORT",NA,Inf,2.86809755363475,0.494684336427736,"RSAF","Remaining Southern Africa","NAM","Namibia"
2040,"SAF","Southern Africa","MORT",NA,Inf,2.86809755363475,0.494684336427736,"RSAF","Remaining Southern Africa","SWZ","Swaziland"
2040,"SAF","Southern Africa","MORT",NA,Inf,2.86809755363475,0.494684336427736,"RSAF","Remaining Southern Africa","ZMB","Zambia"
2040,"SAF","Southern Africa","MORT",NA,Inf,2.86809755363475,0.494684336427736,"RSAF","Remaining Southern Africa","ZWE","Zimbabwe"
2040,"SAF","Southern Africa","MORT",NA,Inf,2.86809755363475,0.494684336427736,"SAFR","South Africa","ZAF","South Africa"
2040,"SAS","South Asia","MORB",1,1,1,0.503657233691474,"AFGH","Afghanistan","AFG","Afghanistan"
2040,"SAS","South Asia","MORB",1,1,1,0.503657233691474,"BANG","Bangladesh","BGD","Bangladesh"
2040,"SAS","South Asia","MORB",1,1,1,0.503657233691474,"BHUT","Bhutan","BTN","Bhutan"
2040,"SAS","South Asia","MORB",1,1,1,0.503657233691474,"INDI","India","IND","India"
2040,"SAS","South Asia","MORB",1,1,1,0.503657233691474,"NEPA","Nepal","NPL","Nepal"
2040,"SAS","South Asia","MORB",1,1,1,0.503657233691474,"PAKI","Pakistan","PAK","Pakistan"
2040,"SAS","South Asia","MORB",1,1,1,0.503657233691474,"SRIL","Sri Lanka","LKA","Sri Lanka"
2040,"SAS","South Asia","MORT",NA,Inf,NA,NA,"AFGH","Afghanistan","AFG","Afghanistan"
2040,"SAS","South Asia","MORT",NA,Inf,NA,NA,"BANG","Bangladesh","BGD","Bangladesh"
2040,"SAS","South Asia","MORT",NA,Inf,NA,NA,"BHUT","Bhutan","BTN","Bhutan"
2040,"SAS","South Asia","MORT",NA,Inf,NA,NA,"INDI","India","IND","India"
2040,"SAS","South Asia","MORT",NA,Inf,NA,NA,"NEPA","Nepal","NPL","Nepal"
2040,"SAS","South Asia","MORT",NA,Inf,NA,NA,"PAKI","Pakistan","PAK","Pakistan"
2040,"SAS","South Asia","MORT",NA,Inf,NA,NA,"SRIL","Sri Lanka","LKA","Sri Lanka"
2040,"SSA","Sub-Saharan Africa","MORB",1,1,1,0.907262547041846,"EAFR","Eastern Africa (excl Kenya, Tanzania)","BDI","Burundi"
2040,"SSA","Sub-Saharan Africa","MORB",1,1,1,0.907262547041846,"EAFR","Eastern Africa (excl Kenya, Tanzania)","COM","Comoros"
2040,"SSA","Sub-Saharan Africa","MORB",1,1,1,0.907262547041846,"EAFR","Eastern Africa (excl Kenya, Tanzania)","DJI","Djibouti"
2040,"SSA","Sub-Saharan Africa","MORB",1,1,1,0.907262547041846,"EAFR","Eastern Africa (excl Kenya, Tanzania)","ERI","Eritrea"
2040,"SSA","Sub-Saharan Africa","MORB",1,1,1,0.907262547041846,"EAFR","Eastern Africa (excl Kenya, Tanzania)","ETH","Ethiopia"
2040,"SSA","Sub-Saharan Africa","MORB",1,1,1,0.907262547041846,"EAFR","Eastern Africa (excl Kenya, Tanzania)","MDG","Madagascar"
2040,"SSA","Sub-Saharan Africa","MORB",1,1,1,0.907262547041846,"EAFR","Eastern Africa (excl Kenya, Tanzania)","MUS","Mauritius"
2040,"SSA","Sub-Saharan Africa","MORB",1,1,1,0.907262547041846,"EAFR","Eastern Africa (excl Kenya, Tanzania)","RWA","Rwanda"
2040,"SSA","Sub-Saharan Africa","MORB",1,1,1,0.907262547041846,"EAFR","Eastern Africa (excl Kenya, Tanzania)","SDN","Sudan"
2040,"SSA","Sub-Saharan Africa","MORB",1,1,1,0.907262547041846,"EAFR","Eastern Africa (excl Kenya, Tanzania)","SOM","Somalia"
2040,"SSA","Sub-Saharan Africa","MORB",1,1,1,0.907262547041846,"EAFR","Eastern Africa (excl Kenya, Tanzania)","UGA","Uganda"
2040,"SSA","Sub-Saharan Africa","MORB",1,1,1,0.907262547041846,"KENY","Kenya","KEN","Kenya"
2040,"SSA","Sub-Saharan Africa","MORB",1,1,1,0.907262547041846,"NIGE","Nigeria","NGA","Nigeria"
2040,"SSA","Sub-Saharan Africa","MORB",1,1,1,0.907262547041846,"TANZ","United Republic of Tanzania","TZA","United Republic of Tanzania"
2040,"SSA","Sub-Saharan Africa","MORB",1,1,1,0.907262547041846,"WAFR","Western Africa (excl Nigeria)","BEN","Benin"
2040,"SSA","Sub-Saharan Africa","MORB",1,1,1,0.907262547041846,"WAFR","Western Africa (excl Nigeria)","BFA","Burkina Faso"
2040,"SSA","Sub-Saharan Africa","MORB",1,1,1,0.907262547041846,"WAFR","Western Africa (excl Nigeria)","CAF","Central African Republic"
2040,"SSA","Sub-Saharan Africa","MORB",1,1,1,0.907262547041846,"WAFR","Western Africa (excl Nigeria)","CIV","Cote d'Ivoire"
2040,"SSA","Sub-Saharan Africa","MORB",1,1,1,0.907262547041846,"WAFR","Western Africa (excl Nigeria)","CMR","Cameroon"
2040,"SSA","Sub-Saharan Africa","MORB",1,1,1,0.907262547041846,"WAFR","Western Africa (excl Nigeria)","COD","Democratic Republic of the Congo"
2040,"SSA","Sub-Saharan Africa","MORB",1,1,1,0.907262547041846,"WAFR","Western Africa (excl Nigeria)","COG","Congo"
2040,"SSA","Sub-Saharan Africa","MORB",1,1,1,0.907262547041846,"WAFR","Western Africa (excl Nigeria)","CPV","Cape Verde"
2040,"SSA","Sub-Saharan Africa","MORB",1,1,1,0.907262547041846,"WAFR","Western Africa (excl Nigeria)","GAB","Gabon"
2040,"SSA","Sub-Saharan Africa","MORB",1,1,1,0.907262547041846,"WAFR","Western Africa (excl Nigeria)","GHA","Ghana"
2040,"SSA","Sub-Saharan Africa","MORB",1,1,1,0.907262547041846,"WAFR","Western Africa (excl Nigeria)","GIN","Guinea"
2040,"SSA","Sub-Saharan Africa","MORB",1,1,1,0.907262547041846,"WAFR","Western Africa (excl Nigeria)","GMB","Gambia"
2040,"SSA","Sub-Saharan Africa","MORB",1,1,1,0.907262547041846,"WAFR","Western Africa (excl Nigeria)","GNB","Guinea-Bissau"
2040,"SSA","Sub-Saharan Africa","MORB",1,1,1,0.907262547041846,"WAFR","Western Africa (excl Nigeria)","GNQ","Equatorial Guinea"
2040,"SSA","Sub-Saharan Africa","MORB",1,1,1,0.907262547041846,"WAFR","Western Africa (excl Nigeria)","LBR","Liberia"
2040,"SSA","Sub-Saharan Africa","MORB",1,1,1,0.907262547041846,"WAFR","Western Africa (excl Nigeria)","MLI","Mali"
2040,"SSA","Sub-Saharan Africa","MORB",1,1,1,0.907262547041846,"WAFR","Western Africa (excl Nigeria)","MRT","Mauritania"
2040,"SSA","Sub-Saharan Africa","MORB",1,1,1,0.907262547041846,"WAFR","Western Africa (excl Nigeria)","NER","Niger"
2040,"SSA","Sub-Saharan Africa","MORB",1,1,1,0.907262547041846,"WAFR","Western Africa (excl Nigeria)","SEN","Senegal"
2040,"SSA","Sub-Saharan Africa","MORB",1,1,1,0.907262547041846,"WAFR","Western Africa (excl Nigeria)","SLE","Sierra Leone"
2040,"SSA","Sub-Saharan Africa","MORB",1,1,1,0.907262547041846,"WAFR","Western Africa (excl Nigeria)","TCD","Chad"
2040,"SSA","Sub-Saharan Africa","MORB",1,1,1,0.907262547041846,"WAFR","Western Africa (excl Nigeria)","TGO","Togo"
2040,"SSA","Sub-Saharan Africa","MORT",NA,Inf,6.12119244618914,2.71020729837211,"EAFR","Eastern Africa (excl Kenya, Tanzania)","BDI","Burundi"
2040,"SSA","Sub-Saharan Africa","MORT",NA,Inf,6.12119244618914,2.71020729837211,"EAFR","Eastern Africa (excl Kenya, Tanzania)","COM","Comoros"
2040,"SSA","Sub-Saharan Africa","MORT",NA,Inf,6.12119244618914,2.71020729837211,"EAFR","Eastern Africa (excl Kenya, Tanzania)","DJI","Djibouti"
2040,"SSA","Sub-Saharan Africa","MORT",NA,Inf,6.12119244618914,2.71020729837211,"EAFR","Eastern Africa (excl Kenya, Tanzania)","ERI","Eritrea"
2040,"SSA","Sub-Saharan Africa","MORT",NA,Inf,6.12119244618914,2.71020729837211,"EAFR","Eastern Africa (excl Kenya, Tanzania)","ETH","Ethiopia"
2040,"SSA","Sub-Saharan Africa","MORT",NA,Inf,6.12119244618914,2.71020729837211,"EAFR","Eastern Africa (excl Kenya, Tanzania)","MDG","Madagascar"
2040,"SSA","Sub-Saharan Africa","MORT",NA,Inf,6.12119244618914,2.71020729837211,"EAFR","Eastern Africa (excl Kenya, Tanzania)","MUS","Mauritius"
2040,"SSA","Sub-Saharan Africa","MORT",NA,Inf,6.12119244618914,2.71020729837211,"EAFR","Eastern Africa (excl Kenya, Tanzania)","RWA","Rwanda"
2040,"SSA","Sub-Saharan Africa","MORT",NA,Inf,6.12119244618914,2.71020729837211,"EAFR","Eastern Africa (excl Kenya, Tanzania)","SDN","Sudan"
2040,"SSA","Sub-Saharan Africa","MORT",NA,Inf,6.12119244618914,2.71020729837211,"EAFR","Eastern Africa (excl Kenya, Tanzania)","SOM","Somalia"
2040,"SSA","Sub-Saharan Africa","MORT",NA,Inf,6.12119244618914,2.71020729837211,"EAFR","Eastern Africa (excl Kenya, Tanzania)","UGA","Uganda"
2040,"SSA","Sub-Saharan Africa","MORT",NA,Inf,6.12119244618914,2.71020729837211,"KENY","Kenya","KEN","Kenya"
2040,"SSA","Sub-Saharan Africa","MORT",NA,Inf,6.12119244618914,2.71020729837211,"NIGE","Nigeria","NGA","Nigeria"
2040,"SSA","Sub-Saharan Africa","MORT",NA,Inf,6.12119244618914,2.71020729837211,"TANZ","United Republic of Tanzania","TZA","United Republic of Tanzania"
2040,"SSA","Sub-Saharan Africa","MORT",NA,Inf,6.12119244618914,2.71020729837211,"WAFR","Western Africa (excl Nigeria)","BEN","Benin"
2040,"SSA","Sub-Saharan Africa","MORT",NA,Inf,6.12119244618914,2.71020729837211,"WAFR","Western Africa (excl Nigeria)","BFA","Burkina Faso"
2040,"SSA","Sub-Saharan Africa","MORT",NA,Inf,6.12119244618914,2.71020729837211,"WAFR","Western Africa (excl Nigeria)","CAF","Central African Republic"
2040,"SSA","Sub-Saharan Africa","MORT",NA,Inf,6.12119244618914,2.71020729837211,"WAFR","Western Africa (excl Nigeria)","CIV","Cote d'Ivoire"
2040,"SSA","Sub-Saharan Africa","MORT",NA,Inf,6.12119244618914,2.71020729837211,"WAFR","Western Africa (excl Nigeria)","CMR","Cameroon"
2040,"SSA","Sub-Saharan Africa","MORT",NA,Inf,6.12119244618914,2.71020729837211,"WAFR","Western Africa (excl Nigeria)","COD","Democratic Republic of the Congo"
2040,"SSA","Sub-Saharan Africa","MORT",NA,Inf,6.12119244618914,2.71020729837211,"WAFR","Western Africa (excl Nigeria)","COG","Congo"
2040,"SSA","Sub-Saharan Africa","MORT",NA,Inf,6.12119244618914,2.71020729837211,"WAFR","Western Africa (excl Nigeria)","CPV","Cape Verde"
2040,"SSA","Sub-Saharan Africa","MORT",NA,Inf,6.12119244618914,2.71020729837211,"WAFR","Western Africa (excl Nigeria)","GAB","Gabon"
2040,"SSA","Sub-Saharan Africa","MORT",NA,Inf,6.12119244618914,2.71020729837211,"WAFR","Western Africa (excl Nigeria)","GHA","Ghana"
2040,"SSA","Sub-Saharan Africa","MORT",NA,Inf,6.12119244618914,2.71020729837211,"WAFR","Western Africa (excl Nigeria)","GIN","Guinea"
2040,"SSA","Sub-Saharan Africa","MORT",NA,Inf,6.12119244618914,2.71020729837211,"WAFR","Western Africa (excl Nigeria)","GMB","Gambia"
2040,"SSA","Sub-Saharan Africa","MORT",NA,Inf,6.12119244618914,2.71020729837211,"WAFR","Western Africa (excl Nigeria)","GNB","Guinea-Bissau"
2040,"SSA","Sub-Saharan Africa","MORT",NA,Inf,6.12119244618914,2.71020729837211,"WAFR","Western Africa (excl Nigeria)","GNQ","Equatorial Guinea"
2040,"SSA","Sub-Saharan Africa","MORT",NA,Inf,6.12119244618914,2.71020729837211,"WAFR","Western Africa (excl Nigeria)","LBR","Liberia"
2040,"SSA","Sub-Saharan Africa","MORT",NA,Inf,6.12119244618914,2.71020729837211,"WAFR","Western Africa (excl Nigeria)","MLI","Mali"
2040,"SSA","Sub-Saharan Africa","MORT",NA,Inf,6.12119244618914,2.71020729837211,"WAFR","Western Africa (excl Nigeria)","MRT","Mauritania"
2040,"SSA","Sub-Saharan Africa","MORT",NA,Inf,6.12119244618914,2.71020729837211,"WAFR","Western Africa (excl Nigeria)","NER","Niger"
2040,"SSA","Sub-Saharan Africa","MORT",NA,Inf,6.12119244618914,2.71020729837211,"WAFR","Western Africa (excl Nigeria)","SEN","Senegal"
2040,"SSA","Sub-Saharan Africa","MORT",NA,Inf,6.12119244618914,2.71020729837211,"WAFR","Western Africa (excl Nigeria)","SLE","Sierra Leone"
2040,"SSA","Sub-Saharan Africa","MORT",NA,Inf,6.12119244618914,2.71020729837211,"WAFR","Western Africa (excl Nigeria)","TCD","Chad"
2040,"SSA","Sub-Saharan Africa","MORT",NA,Inf,6.12119244618914,2.71020729837211,"WAFR","Western Africa (excl Nigeria)","TGO","Togo"
2040,"WAS","Western Asia","MORB",1,1,1,0.528212200346234,"ARME","Armenia","ARM","Armenia"
2040,"WAS","Western Asia","MORB",1,1,1,0.528212200346234,"AZER","Azerbaijan","AZE","Azerbaijan"
2040,"WAS","Western Asia","MORB",1,1,1,0.528212200346234,"BELA","Belarus","BLR","Belarus"
2040,"WAS","Western Asia","MORB",1,1,1,0.528212200346234,"GEOR","Georgia","GEO","Georgia"
2040,"WAS","Western Asia","MORB",1,1,1,0.528212200346234,"MOLD","Republic of Moldova","MDA","Republic of Moldova"
2040,"WAS","Western Asia","MORB",1,1,1,0.528212200346234,"TURK","Turkey","TUR","Turkey"
2040,"WAS","Western Asia","MORB",1,1,1,0.528212200346234,"UKRA","Ukraine","UKR","Ukraine"
2040,"WAS","Western Asia","MORT",NA,Inf,1.05554849333211,0.030890165344717,"ARME","Armenia","ARM","Armenia"
2040,"WAS","Western Asia","MORT",NA,Inf,1.05554849333211,0.030890165344717,"AZER","Azerbaijan","AZE","Azerbaijan"
2040,"WAS","Western Asia","MORT",NA,Inf,1.05554849333211,0.030890165344717,"BELA","Belarus","BLR","Belarus"
2040,"WAS","Western Asia","MORT",NA,Inf,1.05554849333211,0.030890165344717,"GEOR","Georgia","GEO","Georgia"
2040,"WAS","Western Asia","MORT",NA,Inf,1.05554849333211,0.030890165344717,"MOLD","Republic of Moldova","MDA","Republic of Moldova"
2040,"WAS","Western Asia","MORT",NA,Inf,1.05554849333211,0.030890165344717,"TURK","Turkey","TUR","Turkey"
2040,"WAS","Western Asia","MORT",NA,Inf,1.05554849333211,0.030890165344717,"UKRA","Ukraine","UKR","Ukraine"
2040,"WBK","West Balkan","MORB",1,1,1,0.497032640949555,"ALBA","Albania","ALB","Albania"
2040,"WBK","West Balkan","MORB",1,1,1,0.497032640949555,"BOHE","Bosnia and Herzegovina","BIH","Bosnia and Herzegovina"
2040,"WBK","West Balkan","MORB",1,1,1,0.497032640949555,"KOSO","Kosovo","XKX","Kosovo"
2040,"WBK","West Balkan","MORB",1,1,1,0.497032640949555,"MACE","TFYR Macedonia","MKD","TFYR Macedonia"
2040,"WBK","West Balkan","MORB",1,1,1,0.497032640949555,"MONT","Montenegro","MNE","Montenegro"
2040,"WBK","West Balkan","MORB",1,1,1,0.497032640949555,"SERB","Serbia","SRB","Serbia"
2040,"WBK","West Balkan","MORT",NA,Inf,1.02358109168145,0.0417315327709593,"ALBA","Albania","ALB","Albania"
2040,"WBK","West Balkan","MORT",NA,Inf,1.02358109168145,0.0417315327709593,"BOHE","Bosnia and Herzegovina","BIH","Bosnia and Herzegovina"
2040,"WBK","West Balkan","MORT",NA,Inf,1.02358109168145,0.0417315327709593,"KOSO","Kosovo","XKX","Kosovo"
2040,"WBK","West Balkan","MORT",NA,Inf,1.02358109168145,0.0417315327709593,"MACE","TFYR Macedonia","MKD","TFYR Macedonia"
2040,"WBK","West Balkan","MORT",NA,Inf,1.02358109168145,0.0417315327709593,"MONT","Montenegro","MNE","Montenegro"
2040,"WBK","West Balkan","MORT",NA,Inf,1.02358109168145,0.0417315327709593,"SERB","Serbia","SRB","Serbia"
2045,"CAS","Central Asia","MORB",1,1,1,0.474681238615665,"KAZA","Kazakhstan","KAZ","Kazakhstan"
2045,"CAS","Central Asia","MORB",1,1,1,0.474681238615665,"KYRG","Kyrgyzstan","KGZ","Kyrgyzstan"
2045,"CAS","Central Asia","MORB",1,1,1,0.474681238615665,"TAJI","Tajikistan","TJK","Tajikistan"
2045,"CAS","Central Asia","MORB",1,1,1,0.474681238615665,"TKME","Turkmenistan","TKM","Turkmenistan"
2045,"CAS","Central Asia","MORB",1,1,1,0.474681238615665,"UZBE","Uzbekistan","UZB","Uzbekistan"
2045,"CAS","Central Asia","MORT",NA,Inf,1.04723468733609,0.13592478194145,"KAZA","Kazakhstan","KAZ","Kazakhstan"
2045,"CAS","Central Asia","MORT",NA,Inf,1.04723468733609,0.13592478194145,"KYRG","Kyrgyzstan","KGZ","Kyrgyzstan"
2045,"CAS","Central Asia","MORT",NA,Inf,1.04723468733609,0.13592478194145,"TAJI","Tajikistan","TJK","Tajikistan"
2045,"CAS","Central Asia","MORT",NA,Inf,1.04723468733609,0.13592478194145,"TKME","Turkmenistan","TKM","Turkmenistan"
2045,"CAS","Central Asia","MORT",NA,Inf,1.04723468733609,0.13592478194145,"UZBE","Uzbekistan","UZB","Uzbekistan"
2045,"CHI","Centrally Planned Asia","MORB",1,1,1,0.527493877139565,"CHIN","China","CHN","China"
2045,"CHI","Centrally Planned Asia","MORB",1,1,1,0.527493877139565,"KORN","North Korea","PRK","North Korea"
2045,"CHI","Centrally Planned Asia","MORB",1,1,1,0.527493877139565,"MONG","Mongolia","MNG","Mongolia"
2045,"CHI","Centrally Planned Asia","MORT",NA,Inf,1.01003368380605,0.000365693312261886,"CHIN","China","CHN","China"
2045,"CHI","Centrally Planned Asia","MORT",NA,Inf,1.01003368380605,0.000365693312261886,"KORN","North Korea","PRK","North Korea"
2045,"CHI","Centrally Planned Asia","MORT",NA,Inf,1.01003368380605,0.000365693312261886,"MONG","Mongolia","MNG","Mongolia"
2045,"EAS","South East Asia","MORB",1,1,1,0.504139471988019,"CAMB","Cambodia","KHM","Cambodia"
2045,"EAS","South East Asia","MORB",1,1,1,0.504139471988019,"INDO","Indonesia","IDN","Indonesia"
2045,"EAS","South East Asia","MORB",1,1,1,0.504139471988019,"LAOS","Laos","LAO","Laos"
2045,"EAS","South East Asia","MORB",1,1,1,0.504139471988019,"MALA","Malaysia","MYS","Malaysia"
2045,"EAS","South East Asia","MORB",1,1,1,0.504139471988019,"MYAN","Myanmar","MMR","Myanmar"
2045,"EAS","South East Asia","MORB",1,1,1,0.504139471988019,"PHIL","Philippines","PHL","Philippines"
2045,"EAS","South East Asia","MORB",1,1,1,0.504139471988019,"THAI","Thailand","THA","Thailand"
2045,"EAS","South East Asia","MORB",1,1,1,0.504139471988019,"VIET","Vietnam","VNM","Vietnam"
2045,"EAS","South East Asia","MORT",NA,Inf,1.07375542456889,0.0465356106993232,"CAMB","Cambodia","KHM","Cambodia"
2045,"EAS","South East Asia","MORT",NA,Inf,1.07375542456889,0.0465356106993232,"INDO","Indonesia","IDN","Indonesia"
2045,"EAS","South East Asia","MORT",NA,Inf,1.07375542456889,0.0465356106993232,"LAOS","Laos","LAO","Laos"
2045,"EAS","South East Asia","MORT",NA,Inf,1.07375542456889,0.0465356106993232,"MALA","Malaysia","MYS","Malaysia"
2045,"EAS","South East Asia","MORT",NA,Inf,1.07375542456889,0.0465356106993232,"MYAN","Myanmar","MMR","Myanmar"
2045,"EAS","South East Asia","MORT",NA,Inf,1.07375542456889,0.0465356106993232,"PHIL","Philippines","PHL","Philippines"
2045,"EAS","South East Asia","MORT",NA,Inf,1.07375542456889,0.0465356106993232,"THAI","Thailand","THA","Thailand"
2045,"EAS","South East Asia","MORT",NA,Inf,1.07375542456889,0.0465356106993232,"VIET","Vietnam","VNM","Vietnam"
2045,"EUR","EU, EFTA, UK","MORB",1,1,1,0.547440301116847,"AUST","Austria","AUT","Austria"
2045,"EUR","EU, EFTA, UK","MORB",1,1,1,0.547440301116847,"BELG","Belgium","BEL","Belgium"
2045,"EUR","EU, EFTA, UK","MORB",1,1,1,0.547440301116847,"BULG","Bulgaria","BGR","Bulgaria"
2045,"EUR","EU, EFTA, UK","MORB",1,1,1,0.547440301116847,"CROA","Croatia","HRV","Croatia"
2045,"EUR","EU, EFTA, UK","MORB",1,1,1,0.547440301116847,"CYPR","Cyprus","CYP","Cyprus"
2045,"EUR","EU, EFTA, UK","MORB",1,1,1,0.547440301116847,"CZRE","Czech Republic","CZE","Czech Republic"
2045,"EUR","EU, EFTA, UK","MORB",1,1,1,0.547440301116847,"DENM","Denmark","DNK","Denmark"
2045,"EUR","EU, EFTA, UK","MORB",1,1,1,0.547440301116847,"ESTO","Estonia","EST","Estonia"
2045,"EUR","EU, EFTA, UK","MORB",1,1,1,0.547440301116847,"FINL","Finland","FIN","Finland"
2045,"EUR","EU, EFTA, UK","MORB",1,1,1,0.547440301116847,"FRAN","France","FRA","France"
2045,"EUR","EU, EFTA, UK","MORB",1,1,1,0.547440301116847,"GERM","Germany","DEU","Germany"
2045,"EUR","EU, EFTA, UK","MORB",1,1,1,0.547440301116847,"GREE","Greece","GRC","Greece"
2045,"EUR","EU, EFTA, UK","MORB",1,1,1,0.547440301116847,"HUNG","Hungary","HUN","Hungary"
2045,"EUR","EU, EFTA, UK","MORB",1,1,1,0.547440301116847,"ICEL","Iceland","ISL","Iceland"
2045,"EUR","EU, EFTA, UK","MORB",1,1,1,0.547440301116847,"IREL","Ireland","IRL","Ireland"
2045,"EUR","EU, EFTA, UK","MORB",1,1,1,0.547440301116847,"ITAL","Italy","ITA","Italy"
2045,"EUR","EU, EFTA, UK","MORB",1,1,1,0.547440301116847,"LATV","Latvia","LVA","Latvia"
2045,"EUR","EU, EFTA, UK","MORB",1,1,1,0.547440301116847,"LITH","Lithuania","LTU","Lithuania"
2045,"EUR","EU, EFTA, UK","MORB",1,1,1,0.547440301116847,"LUXE","Luxembourg","LUX","Luxembourg"
2045,"EUR","EU, EFTA, UK","MORB",1,1,1,0.547440301116847,"MALT","Malta","MLT","Malta"
2045,"EUR","EU, EFTA, UK","MORB",1,1,1,0.547440301116847,"NETH","Netherlands","NLD","Netherlands"
2045,"EUR","EU, EFTA, UK","MORB",1,1,1,0.547440301116847,"NORW","Norway","NOR","Norway"
2045,"EUR","EU, EFTA, UK","MORB",1,1,1,0.547440301116847,"POLA","Poland","POL","Poland"
2045,"EUR","EU, EFTA, UK","MORB",1,1,1,0.547440301116847,"PORT","Portugal","PRT","Portugal"
2045,"EUR","EU, EFTA, UK","MORB",1,1,1,0.547440301116847,"ROMA","Romania","ROU","Romania"
2045,"EUR","EU, EFTA, UK","MORB",1,1,1,0.547440301116847,"SKRE","Slovakia","SVK","Slovakia"
2045,"EUR","EU, EFTA, UK","MORB",1,1,1,0.547440301116847,"SLOV","Slovenia","SVN","Slovenia"
2045,"EUR","EU, EFTA, UK","MORB",1,1,1,0.547440301116847,"SPAI","Spain","ESP","Spain"
2045,"EUR","EU, EFTA, UK","MORB",1,1,1,0.547440301116847,"SWED","Sweden","SWE","Sweden"
2045,"EUR","EU, EFTA, UK","MORB",1,1,1,0.547440301116847,"SWIT","Switzerland","CHE","Switzerland"
2045,"EUR","EU, EFTA, UK","MORB",1,1,1,0.547440301116847,"UNKI","United Kingdom","GBR","United Kingdom"
2045,"EUR","EU, EFTA, UK","MORT",NA,Inf,1.01638053352743,0.0308111789122811,"AUST","Austria","AUT","Austria"
2045,"EUR","EU, EFTA, UK","MORT",NA,Inf,1.01638053352743,0.0308111789122811,"BELG","Belgium","BEL","Belgium"
2045,"EUR","EU, EFTA, UK","MORT",NA,Inf,1.01638053352743,0.0308111789122811,"BULG","Bulgaria","BGR","Bulgaria"
2045,"EUR","EU, EFTA, UK","MORT",NA,Inf,1.01638053352743,0.0308111789122811,"CROA","Croatia","HRV","Croatia"
2045,"EUR","EU, EFTA, UK","MORT",NA,Inf,1.01638053352743,0.0308111789122811,"CYPR","Cyprus","CYP","Cyprus"
2045,"EUR","EU, EFTA, UK","MORT",NA,Inf,1.01638053352743,0.0308111789122811,"CZRE","Czech Republic","CZE","Czech Republic"
2045,"EUR","EU, EFTA, UK","MORT",NA,Inf,1.01638053352743,0.0308111789122811,"DENM","Denmark","DNK","Denmark"
2045,"EUR","EU, EFTA, UK","MORT",NA,Inf,1.01638053352743,0.0308111789122811,"ESTO","Estonia","EST","Estonia"
2045,"EUR","EU, EFTA, UK","MORT",NA,Inf,1.01638053352743,0.0308111789122811,"FINL","Finland","FIN","Finland"
2045,"EUR","EU, EFTA, UK","MORT",NA,Inf,1.01638053352743,0.0308111789122811,"FRAN","France","FRA","France"
2045,"EUR","EU, EFTA, UK","MORT",NA,Inf,1.01638053352743,0.0308111789122811,"GERM","Germany","DEU","Germany"
2045,"EUR","EU, EFTA, UK","MORT",NA,Inf,1.01638053352743,0.0308111789122811,"GREE","Greece","GRC","Greece"
2045,"EUR","EU, EFTA, UK","MORT",NA,Inf,1.01638053352743,0.0308111789122811,"HUNG","Hungary","HUN","Hungary"
2045,"EUR","EU, EFTA, UK","MORT",NA,Inf,1.01638053352743,0.0308111789122811,"ICEL","Iceland","ISL","Iceland"
2045,"EUR","EU, EFTA, UK","MORT",NA,Inf,1.01638053352743,0.0308111789122811,"IREL","Ireland","IRL","Ireland"
2045,"EUR","EU, EFTA, UK","MORT",NA,Inf,1.01638053352743,0.0308111789122811,"ITAL","Italy","ITA","Italy"
2045,"EUR","EU, EFTA, UK","MORT",NA,Inf,1.01638053352743,0.0308111789122811,"LATV","Latvia","LVA","Latvia"
2045,"EUR","EU, EFTA, UK","MORT",NA,Inf,1.01638053352743,0.0308111789122811,"LITH","Lithuania","LTU","Lithuania"
2045,"EUR","EU, EFTA, UK","MORT",NA,Inf,1.01638053352743,0.0308111789122811,"LUXE","Luxembourg","LUX","Luxembourg"
2045,"EUR","EU, EFTA, UK","MORT",NA,Inf,1.01638053352743,0.0308111789122811,"MALT","Malta","MLT","Malta"
2045,"EUR","EU, EFTA, UK","MORT",NA,Inf,1.01638053352743,0.0308111789122811,"NETH","Netherlands","NLD","Netherlands"
2045,"EUR","EU, EFTA, UK","MORT",NA,Inf,1.01638053352743,0.0308111789122811,"NORW","Norway","NOR","Norway"
2045,"EUR","EU, EFTA, UK","MORT",NA,Inf,1.01638053352743,0.0308111789122811,"POLA","Poland","POL","Poland"
2045,"EUR","EU, EFTA, UK","MORT",NA,Inf,1.01638053352743,0.0308111789122811,"PORT","Portugal","PRT","Portugal"
2045,"EUR","EU, EFTA, UK","MORT",NA,Inf,1.01638053352743,0.0308111789122811,"ROMA","Romania","ROU","Romania"
2045,"EUR","EU, EFTA, UK","MORT",NA,Inf,1.01638053352743,0.0308111789122811,"SKRE","Slovakia","SVK","Slovakia"
2045,"EUR","EU, EFTA, UK","MORT",NA,Inf,1.01638053352743,0.0308111789122811,"SLOV","Slovenia","SVN","Slovenia"
2045,"EUR","EU, EFTA, UK","MORT",NA,Inf,1.01638053352743,0.0308111789122811,"SPAI","Spain","ESP","Spain"
2045,"EUR","EU, EFTA, UK","MORT",NA,Inf,1.01638053352743,0.0308111789122811,"SWED","Sweden","SWE","Sweden"
2045,"EUR","EU, EFTA, UK","MORT",NA,Inf,1.01638053352743,0.0308111789122811,"SWIT","Switzerland","CHE","Switzerland"
2045,"EUR","EU, EFTA, UK","MORT",NA,Inf,1.01638053352743,0.0308111789122811,"UNKI","United Kingdom","GBR","United Kingdom"
2045,"LAC","Latin America & Caribbean","MORB",1,1,1,0.61309350889438,"ARGE","Argentina","ARG","Argentina"
2045,"LAC","Latin America & Caribbean","MORB",1,1,1,0.61309350889438,"BOLV","Bolivia (Plurinational State of)","BOL","Bolivia (Plurinational State of)"
2045,"LAC","Latin America & Caribbean","MORB",1,1,1,0.61309350889438,"BRAZ","Brazil","BRA","Brazil"
2045,"LAC","Latin America & Caribbean","MORB",1,1,1,0.61309350889438,"CARB","Caribbean","ABW","Aruba"
2045,"LAC","Latin America & Caribbean","MORB",1,1,1,0.61309350889438,"CARB","Caribbean","BHS","Bahamas"
2045,"LAC","Latin America & Caribbean","MORB",1,1,1,0.61309350889438,"CARB","Caribbean","BRB","Barbados"
2045,"LAC","Latin America & Caribbean","MORB",1,1,1,0.61309350889438,"CARB","Caribbean","CUB","Cuba"
2045,"LAC","Latin America & Caribbean","MORB",1,1,1,0.61309350889438,"CARB","Caribbean","DOM","Dominican Republic"
2045,"LAC","Latin America & Caribbean","MORB",1,1,1,0.61309350889438,"CARB","Caribbean","GLP","Guadeloupe"
2045,"LAC","Latin America & Caribbean","MORB",1,1,1,0.61309350889438,"CARB","Caribbean","GRD","Grenada"
2045,"LAC","Latin America & Caribbean","MORB",1,1,1,0.61309350889438,"CARB","Caribbean","GUF","French Guiana"
2045,"LAC","Latin America & Caribbean","MORB",1,1,1,0.61309350889438,"CARB","Caribbean","GUY","Guyana"
2045,"LAC","Latin America & Caribbean","MORB",1,1,1,0.61309350889438,"CARB","Caribbean","HTI","Haiti"
2045,"LAC","Latin America & Caribbean","MORB",1,1,1,0.61309350889438,"CARB","Caribbean","JAM","Jamaica"
2045,"LAC","Latin America & Caribbean","MORB",1,1,1,0.61309350889438,"CARB","Caribbean","LCA","Saint Lucia"
2045,"LAC","Latin America & Caribbean","MORB",1,1,1,0.61309350889438,"CARB","Caribbean","MTQ","Martinique"
2045,"LAC","Latin America & Caribbean","MORB",1,1,1,0.61309350889438,"CARB","Caribbean","PRI","Puerto Rico"
2045,"LAC","Latin America & Caribbean","MORB",1,1,1,0.61309350889438,"CARB","Caribbean","SUR","Suriname"
2045,"LAC","Latin America & Caribbean","MORB",1,1,1,0.61309350889438,"CARB","Caribbean","TTO","Trinidad and Tobago"
2045,"LAC","Latin America & Caribbean","MORB",1,1,1,0.61309350889438,"CARB","Caribbean","VCT","Saint Vincent and the Grenadines"
2045,"LAC","Latin America & Caribbean","MORB",1,1,1,0.61309350889438,"CARB","Caribbean","VIR","United States Virgin Islands"
2045,"LAC","Latin America & Caribbean","MORB",1,1,1,0.61309350889438,"CEAM","Central America","BLZ","Belize"
2045,"LAC","Latin America & Caribbean","MORB",1,1,1,0.61309350889438,"CEAM","Central America","CRI","Costa Rica"
2045,"LAC","Latin America & Caribbean","MORB",1,1,1,0.61309350889438,"CEAM","Central America","GTM","Guatemala"
2045,"LAC","Latin America & Caribbean","MORB",1,1,1,0.61309350889438,"CEAM","Central America","HND","Honduras"
2045,"LAC","Latin America & Caribbean","MORB",1,1,1,0.61309350889438,"CEAM","Central America","NIC","Nicaragua"
2045,"LAC","Latin America & Caribbean","MORB",1,1,1,0.61309350889438,"CEAM","Central America","PAN","Panama"
2045,"LAC","Latin America & Caribbean","MORB",1,1,1,0.61309350889438,"CEAM","Central America","SLV","El Salvador"
2045,"LAC","Latin America & Caribbean","MORB",1,1,1,0.61309350889438,"CHIL","Chile","CHL","Chile"
2045,"LAC","Latin America & Caribbean","MORB",1,1,1,0.61309350889438,"COLO","Colombia","COL","Colombia"
2045,"LAC","Latin America & Caribbean","MORB",1,1,1,0.61309350889438,"ECUA","Ecuador","ECU","Ecuador"
2045,"LAC","Latin America & Caribbean","MORB",1,1,1,0.61309350889438,"MEXI","Mexico","MEX","Mexico"
2045,"LAC","Latin America & Caribbean","MORB",1,1,1,0.61309350889438,"PARA","Paraguay","PRY","Paraguay"
2045,"LAC","Latin America & Caribbean","MORB",1,1,1,0.61309350889438,"PERU","Peru","PER","Peru"
2045,"LAC","Latin America & Caribbean","MORB",1,1,1,0.61309350889438,"URUG","Uruguay","URY","Uruguay"
2045,"LAC","Latin America & Caribbean","MORB",1,1,1,0.61309350889438,"VENE","Venezuela (Bolivarian Republic of)","VEN","Venezuela (Bolivarian Republic of)"
2045,"LAC","Latin America & Caribbean","MORT",NA,Inf,1.34128033567356,0.0760945578252067,"ARGE","Argentina","ARG","Argentina"
2045,"LAC","Latin America & Caribbean","MORT",NA,Inf,1.34128033567356,0.0760945578252067,"BOLV","Bolivia (Plurinational State of)","BOL","Bolivia (Plurinational State of)"
2045,"LAC","Latin America & Caribbean","MORT",NA,Inf,1.34128033567356,0.0760945578252067,"BRAZ","Brazil","BRA","Brazil"
2045,"LAC","Latin America & Caribbean","MORT",NA,Inf,1.34128033567356,0.0760945578252067,"CARB","Caribbean","ABW","Aruba"
2045,"LAC","Latin America & Caribbean","MORT",NA,Inf,1.34128033567356,0.0760945578252067,"CARB","Caribbean","BHS","Bahamas"
2045,"LAC","Latin America & Caribbean","MORT",NA,Inf,1.34128033567356,0.0760945578252067,"CARB","Caribbean","BRB","Barbados"
2045,"LAC","Latin America & Caribbean","MORT",NA,Inf,1.34128033567356,0.0760945578252067,"CARB","Caribbean","CUB","Cuba"
2045,"LAC","Latin America & Caribbean","MORT",NA,Inf,1.34128033567356,0.0760945578252067,"CARB","Caribbean","DOM","Dominican Republic"
2045,"LAC","Latin America & Caribbean","MORT",NA,Inf,1.34128033567356,0.0760945578252067,"CARB","Caribbean","GLP","Guadeloupe"
2045,"LAC","Latin America & Caribbean","MORT",NA,Inf,1.34128033567356,0.0760945578252067,"CARB","Caribbean","GRD","Grenada"
2045,"LAC","Latin America & Caribbean","MORT",NA,Inf,1.34128033567356,0.0760945578252067,"CARB","Caribbean","GUF","French Guiana"
2045,"LAC","Latin America & Caribbean","MORT",NA,Inf,1.34128033567356,0.0760945578252067,"CARB","Caribbean","GUY","Guyana"
2045,"LAC","Latin America & Caribbean","MORT",NA,Inf,1.34128033567356,0.0760945578252067,"CARB","Caribbean","HTI","Haiti"
2045,"LAC","Latin America & Caribbean","MORT",NA,Inf,1.34128033567356,0.0760945578252067,"CARB","Caribbean","JAM","Jamaica"
2045,"LAC","Latin America & Caribbean","MORT",NA,Inf,1.34128033567356,0.0760945578252067,"CARB","Caribbean","LCA","Saint Lucia"
2045,"LAC","Latin America & Caribbean","MORT",NA,Inf,1.34128033567356,0.0760945578252067,"CARB","Caribbean","MTQ","Martinique"
2045,"LAC","Latin America & Caribbean","MORT",NA,Inf,1.34128033567356,0.0760945578252067,"CARB","Caribbean","PRI","Puerto Rico"
2045,"LAC","Latin America & Caribbean","MORT",NA,Inf,1.34128033567356,0.0760945578252067,"CARB","Caribbean","SUR","Suriname"
2045,"LAC","Latin America & Caribbean","MORT",NA,Inf,1.34128033567356,0.0760945578252067,"CARB","Caribbean","TTO","Trinidad and Tobago"
2045,"LAC","Latin America & Caribbean","MORT",NA,Inf,1.34128033567356,0.0760945578252067,"CARB","Caribbean","VCT","Saint Vincent and the Grenadines"
2045,"LAC","Latin America & Caribbean","MORT",NA,Inf,1.34128033567356,0.0760945578252067,"CARB","Caribbean","VIR","United States Virgin Islands"
2045,"LAC","Latin America & Caribbean","MORT",NA,Inf,1.34128033567356,0.0760945578252067,"CEAM","Central America","BLZ","Belize"
2045,"LAC","Latin America & Caribbean","MORT",NA,Inf,1.34128033567356,0.0760945578252067,"CEAM","Central America","CRI","Costa Rica"
2045,"LAC","Latin America & Caribbean","MORT",NA,Inf,1.34128033567356,0.0760945578252067,"CEAM","Central America","GTM","Guatemala"
2045,"LAC","Latin America & Caribbean","MORT",NA,Inf,1.34128033567356,0.0760945578252067,"CEAM","Central America","HND","Honduras"
2045,"LAC","Latin America & Caribbean","MORT",NA,Inf,1.34128033567356,0.0760945578252067,"CEAM","Central America","NIC","Nicaragua"
2045,"LAC","Latin America & Caribbean","MORT",NA,Inf,1.34128033567356,0.0760945578252067,"CEAM","Central America","PAN","Panama"
2045,"LAC","Latin America & Caribbean","MORT",NA,Inf,1.34128033567356,0.0760945578252067,"CEAM","Central America","SLV","El Salvador"
2045,"LAC","Latin America & Caribbean","MORT",NA,Inf,1.34128033567356,0.0760945578252067,"CHIL","Chile","CHL","Chile"
2045,"LAC","Latin America & Caribbean","MORT",NA,Inf,1.34128033567356,0.0760945578252067,"COLO","Colombia","COL","Colombia"
2045,"LAC","Latin America & Caribbean","MORT",NA,Inf,1.34128033567356,0.0760945578252067,"ECUA","Ecuador","ECU","Ecuador"
2045,"LAC","Latin America & Caribbean","MORT",NA,Inf,1.34128033567356,0.0760945578252067,"MEXI","Mexico","MEX","Mexico"
2045,"LAC","Latin America & Caribbean","MORT",NA,Inf,1.34128033567356,0.0760945578252067,"PARA","Paraguay","PRY","Paraguay"
2045,"LAC","Latin America & Caribbean","MORT",NA,Inf,1.34128033567356,0.0760945578252067,"PERU","Peru","PER","Peru"
2045,"LAC","Latin America & Caribbean","MORT",NA,Inf,1.34128033567356,0.0760945578252067,"URUG","Uruguay","URY","Uruguay"
2045,"LAC","Latin America & Caribbean","MORT",NA,Inf,1.34128033567356,0.0760945578252067,"VENE","Venezuela (Bolivarian Republic of)","VEN","Venezuela (Bolivarian Republic of)"
2045,"MEA","Middle East","MORB",1.63632474330582,1.61044245594976,1.51046322321031,0.64889262621143,"ISRA","Israel","ISR","Israel"
2045,"MEA","Middle East","MORB",1.63632474330582,1.61044245594976,1.51046322321031,0.64889262621143,"MIDE","Middle East","ARE","United Arab Emirates"
2045,"MEA","Middle East","MORB",1.63632474330582,1.61044245594976,1.51046322321031,0.64889262621143,"MIDE","Middle East","BHR","Bahrain"
2045,"MEA","Middle East","MORB",1.63632474330582,1.61044245594976,1.51046322321031,0.64889262621143,"MIDE","Middle East","IRQ","Iraq"
2045,"MEA","Middle East","MORB",1.63632474330582,1.61044245594976,1.51046322321031,0.64889262621143,"MIDE","Middle East","JOR","Jordan"
2045,"MEA","Middle East","MORB",1.63632474330582,1.61044245594976,1.51046322321031,0.64889262621143,"MIDE","Middle East","KWT","Kuwait"
2045,"MEA","Middle East","MORB",1.63632474330582,1.61044245594976,1.51046322321031,0.64889262621143,"MIDE","Middle East","LBN","Lebanon"
2045,"MEA","Middle East","MORB",1.63632474330582,1.61044245594976,1.51046322321031,0.64889262621143,"MIDE","Middle East","OMN","Oman"
2045,"MEA","Middle East","MORB",1.63632474330582,1.61044245594976,1.51046322321031,0.64889262621143,"MIDE","Middle East","PSE","Occupied Palestinian Territory"
2045,"MEA","Middle East","MORB",1.63632474330582,1.61044245594976,1.51046322321031,0.64889262621143,"MIDE","Middle East","QAT","Qatar"
2045,"MEA","Middle East","MORB",1.63632474330582,1.61044245594976,1.51046322321031,0.64889262621143,"MIDE","Middle East","SYR","Syrian Arab Republic"
2045,"MEA","Middle East","MORB",1.63632474330582,1.61044245594976,1.51046322321031,0.64889262621143,"MIDE","Middle East","YEM","Yemen"
2045,"MEA","Middle East","MORB",1.63632474330582,1.61044245594976,1.51046322321031,0.64889262621143,"SAAR","Saudi Arabia","SAU","Saudi Arabia"
2045,"MEA","Middle East","MORT",NA,Inf,1.55486763820366,0.0338604842486613,"ISRA","Israel","ISR","Israel"
2045,"MEA","Middle East","MORT",NA,Inf,1.55486763820366,0.0338604842486613,"MIDE","Middle East","ARE","United Arab Emirates"
2045,"MEA","Middle East","MORT",NA,Inf,1.55486763820366,0.0338604842486613,"MIDE","Middle East","BHR","Bahrain"
2045,"MEA","Middle East","MORT",NA,Inf,1.55486763820366,0.0338604842486613,"MIDE","Middle East","IRQ","Iraq"
2045,"MEA","Middle East","MORT",NA,Inf,1.55486763820366,0.0338604842486613,"MIDE","Middle East","JOR","Jordan"
2045,"MEA","Middle East","MORT",NA,Inf,1.55486763820366,0.0338604842486613,"MIDE","Middle East","KWT","Kuwait"
2045,"MEA","Middle East","MORT",NA,Inf,1.55486763820366,0.0338604842486613,"MIDE","Middle East","LBN","Lebanon"
2045,"MEA","Middle East","MORT",NA,Inf,1.55486763820366,0.0338604842486613,"MIDE","Middle East","OMN","Oman"
2045,"MEA","Middle East","MORT",NA,Inf,1.55486763820366,0.0338604842486613,"MIDE","Middle East","PSE","Occupied Palestinian Territory"
2045,"MEA","Middle East","MORT",NA,Inf,1.55486763820366,0.0338604842486613,"MIDE","Middle East","QAT","Qatar"
2045,"MEA","Middle East","MORT",NA,Inf,1.55486763820366,0.0338604842486613,"MIDE","Middle East","SYR","Syrian Arab Republic"
2045,"MEA","Middle East","MORT",NA,Inf,1.55486763820366,0.0338604842486613,"MIDE","Middle East","YEM","Yemen"
2045,"MEA","Middle East","MORT",NA,Inf,1.55486763820366,0.0338604842486613,"SAAR","Saudi Arabia","SAU","Saudi Arabia"
2045,"NAF","North Africa","MORB",0.647843677968816,0.688288305823731,0.694809070582131,0.324710862568468,"EGYP","Egypt","EGY","Egypt"
2045,"NAF","North Africa","MORB",0.647843677968816,0.688288305823731,0.694809070582131,0.324710862568468,"IRAN","Iran","IRN","Iran"
2045,"NAF","North Africa","MORB",0.647843677968816,0.688288305823731,0.694809070582131,0.324710862568468,"NAFR","Northern Africa (excl Egypt)","DZA","Algeria"
2045,"NAF","North Africa","MORB",0.647843677968816,0.688288305823731,0.694809070582131,0.324710862568468,"NAFR","Northern Africa (excl Egypt)","ESH","Western Sahara"
2045,"NAF","North Africa","MORB",0.647843677968816,0.688288305823731,0.694809070582131,0.324710862568468,"NAFR","Northern Africa (excl Egypt)","LBY","Libyan Arab Jamahiriya"
2045,"NAF","North Africa","MORB",0.647843677968816,0.688288305823731,0.694809070582131,0.324710862568468,"NAFR","Northern Africa (excl Egypt)","MAR","Morocco"
2045,"NAF","North Africa","MORB",0.647843677968816,0.688288305823731,0.694809070582131,0.324710862568468,"NAFR","Northern Africa (excl Egypt)","TUN","Tunisia"
2045,"NAF","North Africa","MORT",NA,Inf,0.778443161536697,0.0362617530635239,"EGYP","Egypt","EGY","Egypt"
2045,"NAF","North Africa","MORT",NA,Inf,0.778443161536697,0.0362617530635239,"IRAN","Iran","IRN","Iran"
2045,"NAF","North Africa","MORT",NA,Inf,0.778443161536697,0.0362617530635239,"NAFR","Northern Africa (excl Egypt)","DZA","Algeria"
2045,"NAF","North Africa","MORT",NA,Inf,0.778443161536697,0.0362617530635239,"NAFR","Northern Africa (excl Egypt)","ESH","Western Sahara"
2045,"NAF","North Africa","MORT",NA,Inf,0.778443161536697,0.0362617530635239,"NAFR","Northern Africa (excl Egypt)","LBY","Libyan Arab Jamahiriya"
2045,"NAF","North Africa","MORT",NA,Inf,0.778443161536697,0.0362617530635239,"NAFR","Northern Africa (excl Egypt)","MAR","Morocco"
2045,"NAF","North Africa","MORT",NA,Inf,0.778443161536697,0.0362617530635239,"NAFR","Northern Africa (excl Egypt)","TUN","Tunisia"
2045,"NAM","North America","MORB",1,1,1,0.646761418977803,"CANA","Canada","CAN","Canada"
2045,"NAM","North America","MORB",1,1,1,0.646761418977803,"USAM","United States of America","USA","United States of America"
2045,"NAM","North America","MORT",NA,Inf,1.01030270500624,0.0498585326777377,"CANA","Canada","CAN","Canada"
2045,"NAM","North America","MORT",NA,Inf,1.01030270500624,0.0498585326777377,"USAM","United States of America","USA","United States of America"
2045,"OCE","Oceania","MORB",1,1,1,0.53708802583637,"AUTR","Australia","AUS","Australia"
2045,"OCE","Oceania","MORB",1,1,1,0.53708802583637,"BRUN","Brunei Darussalam","BRN","Brunei Darussalam"
2045,"OCE","Oceania","MORB",1,1,1,0.53708802583637,"JAPA","Japan","JPN","Japan"
2045,"OCE","Oceania","MORB",1,1,1,0.53708802583637,"KORS","Republic of Korea","KOR","Republic of Korea"
2045,"OCE","Oceania","MORB",1,1,1,0.53708802583637,"NZEL","New Zealand","NZL","New Zealand"
2045,"OCE","Oceania","MORB",1,1,1,0.53708802583637,"SING","Singapore","SGP","Singapore"
2045,"OCE","Oceania","MORB",1,1,1,0.53708802583637,"TAIW","Taiwan","TWN","Taiwan"
2045,"OCE","Oceania","MORT",NA,Inf,1.00633510623486,0.0149839683025893,"AUTR","Australia","AUS","Australia"
2045,"OCE","Oceania","MORT",NA,Inf,1.00633510623486,0.0149839683025893,"BRUN","Brunei Darussalam","BRN","Brunei Darussalam"
2045,"OCE","Oceania","MORT",NA,Inf,1.00633510623486,0.0149839683025893,"JAPA","Japan","JPN","Japan"
2045,"OCE","Oceania","MORT",NA,Inf,1.00633510623486,0.0149839683025893,"KORS","Republic of Korea","KOR","Republic of Korea"
2045,"OCE","Oceania","MORT",NA,Inf,1.00633510623486,0.0149839683025893,"NZEL","New Zealand","NZL","New Zealand"
2045,"OCE","Oceania","MORT",NA,Inf,1.00633510623486,0.0149839683025893,"SING","Singapore","SGP","Singapore"
2045,"OCE","Oceania","MORT",NA,Inf,1.00633510623486,0.0149839683025893,"TAIW","Taiwan","TWN","Taiwan"
2045,"RUS","Russian Federation","MORB",1,1,1,0.410342282139943,"RUSS","Russian Federation","RUS","Russian Federation"
2045,"RUS","Russian Federation","MORT",NA,Inf,1.01006231994293,0.0507273080435023,"RUSS","Russian Federation","RUS","Russian Federation"
2045,"SAF","Southern Africa","MORB",1,1,1,0.557473081449474,"RSAF","Remaining Southern Africa","AGO","Angola"
2045,"SAF","Southern Africa","MORB",1,1,1,0.557473081449474,"RSAF","Remaining Southern Africa","BWA","Botswana"
2045,"SAF","Southern Africa","MORB",1,1,1,0.557473081449474,"RSAF","Remaining Southern Africa","LSO","Lesotho"
2045,"SAF","Southern Africa","MORB",1,1,1,0.557473081449474,"RSAF","Remaining Southern Africa","MOZ","Mozambique"
2045,"SAF","Southern Africa","MORB",1,1,1,0.557473081449474,"RSAF","Remaining Southern Africa","MWI","Malawi"
2045,"SAF","Southern Africa","MORB",1,1,1,0.557473081449474,"RSAF","Remaining Southern Africa","NAM","Namibia"
2045,"SAF","Southern Africa","MORB",1,1,1,0.557473081449474,"RSAF","Remaining Southern Africa","SWZ","Swaziland"
2045,"SAF","Southern Africa","MORB",1,1,1,0.557473081449474,"RSAF","Remaining Southern Africa","ZMB","Zambia"
2045,"SAF","Southern Africa","MORB",1,1,1,0.557473081449474,"RSAF","Remaining Southern Africa","ZWE","Zimbabwe"
2045,"SAF","Southern Africa","MORB",1,1,1,0.557473081449474,"SAFR","South Africa","ZAF","South Africa"
2045,"SAF","Southern Africa","MORT",NA,Inf,2.2923722233658,0.355519322232213,"RSAF","Remaining Southern Africa","AGO","Angola"
2045,"SAF","Southern Africa","MORT",NA,Inf,2.2923722233658,0.355519322232213,"RSAF","Remaining Southern Africa","BWA","Botswana"
2045,"SAF","Southern Africa","MORT",NA,Inf,2.2923722233658,0.355519322232213,"RSAF","Remaining Southern Africa","LSO","Lesotho"
2045,"SAF","Southern Africa","MORT",NA,Inf,2.2923722233658,0.355519322232213,"RSAF","Remaining Southern Africa","MOZ","Mozambique"
2045,"SAF","Southern Africa","MORT",NA,Inf,2.2923722233658,0.355519322232213,"RSAF","Remaining Southern Africa","MWI","Malawi"
2045,"SAF","Southern Africa","MORT",NA,Inf,2.2923722233658,0.355519322232213,"RSAF","Remaining Southern Africa","NAM","Namibia"
2045,"SAF","Southern Africa","MORT",NA,Inf,2.2923722233658,0.355519322232213,"RSAF","Remaining Southern Africa","SWZ","Swaziland"
2045,"SAF","Southern Africa","MORT",NA,Inf,2.2923722233658,0.355519322232213,"RSAF","Remaining Southern Africa","ZMB","Zambia"
2045,"SAF","Southern Africa","MORT",NA,Inf,2.2923722233658,0.355519322232213,"RSAF","Remaining Southern Africa","ZWE","Zimbabwe"
2045,"SAF","Southern Africa","MORT",NA,Inf,2.2923722233658,0.355519322232213,"SAFR","South Africa","ZAF","South Africa"
2045,"SAS","South Asia","MORB",1,1,1,0.504566786865416,"AFGH","Afghanistan","AFG","Afghanistan"
2045,"SAS","South Asia","MORB",1,1,1,0.504566786865416,"BANG","Bangladesh","BGD","Bangladesh"
2045,"SAS","South Asia","MORB",1,1,1,0.504566786865416,"BHUT","Bhutan","BTN","Bhutan"
2045,"SAS","South Asia","MORB",1,1,1,0.504566786865416,"INDI","India","IND","India"
2045,"SAS","South Asia","MORB",1,1,1,0.504566786865416,"NEPA","Nepal","NPL","Nepal"
2045,"SAS","South Asia","MORB",1,1,1,0.504566786865416,"PAKI","Pakistan","PAK","Pakistan"
2045,"SAS","South Asia","MORB",1,1,1,0.504566786865416,"SRIL","Sri Lanka","LKA","Sri Lanka"
2045,"SAS","South Asia","MORT",NA,Inf,NA,NA,"AFGH","Afghanistan","AFG","Afghanistan"
2045,"SAS","South Asia","MORT",NA,Inf,NA,NA,"BANG","Bangladesh","BGD","Bangladesh"
2045,"SAS","South Asia","MORT",NA,Inf,NA,NA,"BHUT","Bhutan","BTN","Bhutan"
2045,"SAS","South Asia","MORT",NA,Inf,NA,NA,"INDI","India","IND","India"
2045,"SAS","South Asia","MORT",NA,Inf,NA,NA,"NEPA","Nepal","NPL","Nepal"
2045,"SAS","South Asia","MORT",NA,Inf,NA,NA,"PAKI","Pakistan","PAK","Pakistan"
2045,"SAS","South Asia","MORT",NA,Inf,NA,NA,"SRIL","Sri Lanka","LKA","Sri Lanka"
2045,"SSA","Sub-Saharan Africa","MORB",1,1,1,0.873156980223361,"EAFR","Eastern Africa (excl Kenya, Tanzania)","BDI","Burundi"
2045,"SSA","Sub-Saharan Africa","MORB",1,1,1,0.873156980223361,"EAFR","Eastern Africa (excl Kenya, Tanzania)","COM","Comoros"
2045,"SSA","Sub-Saharan Africa","MORB",1,1,1,0.873156980223361,"EAFR","Eastern Africa (excl Kenya, Tanzania)","DJI","Djibouti"
2045,"SSA","Sub-Saharan Africa","MORB",1,1,1,0.873156980223361,"EAFR","Eastern Africa (excl Kenya, Tanzania)","ERI","Eritrea"
2045,"SSA","Sub-Saharan Africa","MORB",1,1,1,0.873156980223361,"EAFR","Eastern Africa (excl Kenya, Tanzania)","ETH","Ethiopia"
2045,"SSA","Sub-Saharan Africa","MORB",1,1,1,0.873156980223361,"EAFR","Eastern Africa (excl Kenya, Tanzania)","MDG","Madagascar"
2045,"SSA","Sub-Saharan Africa","MORB",1,1,1,0.873156980223361,"EAFR","Eastern Africa (excl Kenya, Tanzania)","MUS","Mauritius"
2045,"SSA","Sub-Saharan Africa","MORB",1,1,1,0.873156980223361,"EAFR","Eastern Africa (excl Kenya, Tanzania)","RWA","Rwanda"
2045,"SSA","Sub-Saharan Africa","MORB",1,1,1,0.873156980223361,"EAFR","Eastern Africa (excl Kenya, Tanzania)","SDN","Sudan"
2045,"SSA","Sub-Saharan Africa","MORB",1,1,1,0.873156980223361,"EAFR","Eastern Africa (excl Kenya, Tanzania)","SOM","Somalia"
2045,"SSA","Sub-Saharan Africa","MORB",1,1,1,0.873156980223361,"EAFR","Eastern Africa (excl Kenya, Tanzania)","UGA","Uganda"
2045,"SSA","Sub-Saharan Africa","MORB",1,1,1,0.873156980223361,"KENY","Kenya","KEN","Kenya"
2045,"SSA","Sub-Saharan Africa","MORB",1,1,1,0.873156980223361,"NIGE","Nigeria","NGA","Nigeria"
2045,"SSA","Sub-Saharan Africa","MORB",1,1,1,0.873156980223361,"TANZ","United Republic of Tanzania","TZA","United Republic of Tanzania"
2045,"SSA","Sub-Saharan Africa","MORB",1,1,1,0.873156980223361,"WAFR","Western Africa (excl Nigeria)","BEN","Benin"
2045,"SSA","Sub-Saharan Africa","MORB",1,1,1,0.873156980223361,"WAFR","Western Africa (excl Nigeria)","BFA","Burkina Faso"
2045,"SSA","Sub-Saharan Africa","MORB",1,1,1,0.873156980223361,"WAFR","Western Africa (excl Nigeria)","CAF","Central African Republic"
2045,"SSA","Sub-Saharan Africa","MORB",1,1,1,0.873156980223361,"WAFR","Western Africa (excl Nigeria)","CIV","Cote d'Ivoire"
2045,"SSA","Sub-Saharan Africa","MORB",1,1,1,0.873156980223361,"WAFR","Western Africa (excl Nigeria)","CMR","Cameroon"
2045,"SSA","Sub-Saharan Africa","MORB",1,1,1,0.873156980223361,"WAFR","Western Africa (excl Nigeria)","COD","Democratic Republic of the Congo"
2045,"SSA","Sub-Saharan Africa","MORB",1,1,1,0.873156980223361,"WAFR","Western Africa (excl Nigeria)","COG","Congo"
2045,"SSA","Sub-Saharan Africa","MORB",1,1,1,0.873156980223361,"WAFR","Western Africa (excl Nigeria)","CPV","Cape Verde"
2045,"SSA","Sub-Saharan Africa","MORB",1,1,1,0.873156980223361,"WAFR","Western Africa (excl Nigeria)","GAB","Gabon"
2045,"SSA","Sub-Saharan Africa","MORB",1,1,1,0.873156980223361,"WAFR","Western Africa (excl Nigeria)","GHA","Ghana"
2045,"SSA","Sub-Saharan Africa","MORB",1,1,1,0.873156980223361,"WAFR","Western Africa (excl Nigeria)","GIN","Guinea"
2045,"SSA","Sub-Saharan Africa","MORB",1,1,1,0.873156980223361,"WAFR","Western Africa (excl Nigeria)","GMB","Gambia"
2045,"SSA","Sub-Saharan Africa","MORB",1,1,1,0.873156980223361,"WAFR","Western Africa (excl Nigeria)","GNB","Guinea-Bissau"
2045,"SSA","Sub-Saharan Africa","MORB",1,1,1,0.873156980223361,"WAFR","Western Africa (excl Nigeria)","GNQ","Equatorial Guinea"
2045,"SSA","Sub-Saharan Africa","MORB",1,1,1,0.873156980223361,"WAFR","Western Africa (excl Nigeria)","LBR","Liberia"
2045,"SSA","Sub-Saharan Africa","MORB",1,1,1,0.873156980223361,"WAFR","Western Africa (excl Nigeria)","MLI","Mali"
2045,"SSA","Sub-Saharan Africa","MORB",1,1,1,0.873156980223361,"WAFR","Western Africa (excl Nigeria)","MRT","Mauritania"
2045,"SSA","Sub-Saharan Africa","MORB",1,1,1,0.873156980223361,"WAFR","Western Africa (excl Nigeria)","NER","Niger"
2045,"SSA","Sub-Saharan Africa","MORB",1,1,1,0.873156980223361,"WAFR","Western Africa (excl Nigeria)","SEN","Senegal"
2045,"SSA","Sub-Saharan Africa","MORB",1,1,1,0.873156980223361,"WAFR","Western Africa (excl Nigeria)","SLE","Sierra Leone"
2045,"SSA","Sub-Saharan Africa","MORB",1,1,1,0.873156980223361,"WAFR","Western Africa (excl Nigeria)","TCD","Chad"
2045,"SSA","Sub-Saharan Africa","MORB",1,1,1,0.873156980223361,"WAFR","Western Africa (excl Nigeria)","TGO","Togo"
2045,"SSA","Sub-Saharan Africa","MORT",NA,Inf,5.0403702218757,2.10604525098422,"EAFR","Eastern Africa (excl Kenya, Tanzania)","BDI","Burundi"
2045,"SSA","Sub-Saharan Africa","MORT",NA,Inf,5.0403702218757,2.10604525098422,"EAFR","Eastern Africa (excl Kenya, Tanzania)","COM","Comoros"
2045,"SSA","Sub-Saharan Africa","MORT",NA,Inf,5.0403702218757,2.10604525098422,"EAFR","Eastern Africa (excl Kenya, Tanzania)","DJI","Djibouti"
2045,"SSA","Sub-Saharan Africa","MORT",NA,Inf,5.0403702218757,2.10604525098422,"EAFR","Eastern Africa (excl Kenya, Tanzania)","ERI","Eritrea"
2045,"SSA","Sub-Saharan Africa","MORT",NA,Inf,5.0403702218757,2.10604525098422,"EAFR","Eastern Africa (excl Kenya, Tanzania)","ETH","Ethiopia"
2045,"SSA","Sub-Saharan Africa","MORT",NA,Inf,5.0403702218757,2.10604525098422,"EAFR","Eastern Africa (excl Kenya, Tanzania)","MDG","Madagascar"
2045,"SSA","Sub-Saharan Africa","MORT",NA,Inf,5.0403702218757,2.10604525098422,"EAFR","Eastern Africa (excl Kenya, Tanzania)","MUS","Mauritius"
2045,"SSA","Sub-Saharan Africa","MORT",NA,Inf,5.0403702218757,2.10604525098422,"EAFR","Eastern Africa (excl Kenya, Tanzania)","RWA","Rwanda"
2045,"SSA","Sub-Saharan Africa","MORT",NA,Inf,5.0403702218757,2.10604525098422,"EAFR","Eastern Africa (excl Kenya, Tanzania)","SDN","Sudan"
2045,"SSA","Sub-Saharan Africa","MORT",NA,Inf,5.0403702218757,2.10604525098422,"EAFR","Eastern Africa (excl Kenya, Tanzania)","SOM","Somalia"
2045,"SSA","Sub-Saharan Africa","MORT",NA,Inf,5.0403702218757,2.10604525098422,"EAFR","Eastern Africa (excl Kenya, Tanzania)","UGA","Uganda"
2045,"SSA","Sub-Saharan Africa","MORT",NA,Inf,5.0403702218757,2.10604525098422,"KENY","Kenya","KEN","Kenya"
2045,"SSA","Sub-Saharan Africa","MORT",NA,Inf,5.0403702218757,2.10604525098422,"NIGE","Nigeria","NGA","Nigeria"
2045,"SSA","Sub-Saharan Africa","MORT",NA,Inf,5.0403702218757,2.10604525098422,"TANZ","United Republic of Tanzania","TZA","United Republic of Tanzania"
2045,"SSA","Sub-Saharan Africa","MORT",NA,Inf,5.0403702218757,2.10604525098422,"WAFR","Western Africa (excl Nigeria)","BEN","Benin"
2045,"SSA","Sub-Saharan Africa","MORT",NA,Inf,5.0403702218757,2.10604525098422,"WAFR","Western Africa (excl Nigeria)","BFA","Burkina Faso"
2045,"SSA","Sub-Saharan Africa","MORT",NA,Inf,5.0403702218757,2.10604525098422,"WAFR","Western Africa (excl Nigeria)","CAF","Central African Republic"
2045,"SSA","Sub-Saharan Africa","MORT",NA,Inf,5.0403702218757,2.10604525098422,"WAFR","Western Africa (excl Nigeria)","CIV","Cote d'Ivoire"
2045,"SSA","Sub-Saharan Africa","MORT",NA,Inf,5.0403702218757,2.10604525098422,"WAFR","Western Africa (excl Nigeria)","CMR","Cameroon"
2045,"SSA","Sub-Saharan Africa","MORT",NA,Inf,5.0403702218757,2.10604525098422,"WAFR","Western Africa (excl Nigeria)","COD","Democratic Republic of the Congo"
2045,"SSA","Sub-Saharan Africa","MORT",NA,Inf,5.0403702218757,2.10604525098422,"WAFR","Western Africa (excl Nigeria)","COG","Congo"
2045,"SSA","Sub-Saharan Africa","MORT",NA,Inf,5.0403702218757,2.10604525098422,"WAFR","Western Africa (excl Nigeria)","CPV","Cape Verde"
2045,"SSA","Sub-Saharan Africa","MORT",NA,Inf,5.0403702218757,2.10604525098422,"WAFR","Western Africa (excl Nigeria)","GAB","Gabon"
2045,"SSA","Sub-Saharan Africa","MORT",NA,Inf,5.0403702218757,2.10604525098422,"WAFR","Western Africa (excl Nigeria)","GHA","Ghana"
2045,"SSA","Sub-Saharan Africa","MORT",NA,Inf,5.0403702218757,2.10604525098422,"WAFR","Western Africa (excl Nigeria)","GIN","Guinea"
2045,"SSA","Sub-Saharan Africa","MORT",NA,Inf,5.0403702218757,2.10604525098422,"WAFR","Western Africa (excl Nigeria)","GMB","Gambia"
2045,"SSA","Sub-Saharan Africa","MORT",NA,Inf,5.0403702218757,2.10604525098422,"WAFR","Western Africa (excl Nigeria)","GNB","Guinea-Bissau"
2045,"SSA","Sub-Saharan Africa","MORT",NA,Inf,5.0403702218757,2.10604525098422,"WAFR","Western Africa (excl Nigeria)","GNQ","Equatorial Guinea"
2045,"SSA","Sub-Saharan Africa","MORT",NA,Inf,5.0403702218757,2.10604525098422,"WAFR","Western Africa (excl Nigeria)","LBR","Liberia"
2045,"SSA","Sub-Saharan Africa","MORT",NA,Inf,5.0403702218757,2.10604525098422,"WAFR","Western Africa (excl Nigeria)","MLI","Mali"
2045,"SSA","Sub-Saharan Africa","MORT",NA,Inf,5.0403702218757,2.10604525098422,"WAFR","Western Africa (excl Nigeria)","MRT","Mauritania"
2045,"SSA","Sub-Saharan Africa","MORT",NA,Inf,5.0403702218757,2.10604525098422,"WAFR","Western Africa (excl Nigeria)","NER","Niger"
2045,"SSA","Sub-Saharan Africa","MORT",NA,Inf,5.0403702218757,2.10604525098422,"WAFR","Western Africa (excl Nigeria)","SEN","Senegal"
2045,"SSA","Sub-Saharan Africa","MORT",NA,Inf,5.0403702218757,2.10604525098422,"WAFR","Western Africa (excl Nigeria)","SLE","Sierra Leone"
2045,"SSA","Sub-Saharan Africa","MORT",NA,Inf,5.0403702218757,2.10604525098422,"WAFR","Western Africa (excl Nigeria)","TCD","Chad"
2045,"SSA","Sub-Saharan Africa","MORT",NA,Inf,5.0403702218757,2.10604525098422,"WAFR","Western Africa (excl Nigeria)","TGO","Togo"
2045,"WAS","Western Asia","MORB",1,1,1,0.530514590203458,"ARME","Armenia","ARM","Armenia"
2045,"WAS","Western Asia","MORB",1,1,1,0.530514590203458,"AZER","Azerbaijan","AZE","Azerbaijan"
2045,"WAS","Western Asia","MORB",1,1,1,0.530514590203458,"BELA","Belarus","BLR","Belarus"
2045,"WAS","Western Asia","MORB",1,1,1,0.530514590203458,"GEOR","Georgia","GEO","Georgia"
2045,"WAS","Western Asia","MORB",1,1,1,0.530514590203458,"MOLD","Republic of Moldova","MDA","Republic of Moldova"
2045,"WAS","Western Asia","MORB",1,1,1,0.530514590203458,"TURK","Turkey","TUR","Turkey"
2045,"WAS","Western Asia","MORB",1,1,1,0.530514590203458,"UKRA","Ukraine","UKR","Ukraine"
2045,"WAS","Western Asia","MORT",NA,Inf,1.06501321144894,0.0238289181104877,"ARME","Armenia","ARM","Armenia"
2045,"WAS","Western Asia","MORT",NA,Inf,1.06501321144894,0.0238289181104877,"AZER","Azerbaijan","AZE","Azerbaijan"
2045,"WAS","Western Asia","MORT",NA,Inf,1.06501321144894,0.0238289181104877,"BELA","Belarus","BLR","Belarus"
2045,"WAS","Western Asia","MORT",NA,Inf,1.06501321144894,0.0238289181104877,"GEOR","Georgia","GEO","Georgia"
2045,"WAS","Western Asia","MORT",NA,Inf,1.06501321144894,0.0238289181104877,"MOLD","Republic of Moldova","MDA","Republic of Moldova"
2045,"WAS","Western Asia","MORT",NA,Inf,1.06501321144894,0.0238289181104877,"TURK","Turkey","TUR","Turkey"
2045,"WAS","Western Asia","MORT",NA,Inf,1.06501321144894,0.0238289181104877,"UKRA","Ukraine","UKR","Ukraine"
2045,"WBK","West Balkan","MORB",1,1,1,0.501326916952691,"ALBA","Albania","ALB","Albania"
2045,"WBK","West Balkan","MORB",1,1,1,0.501326916952691,"BOHE","Bosnia and Herzegovina","BIH","Bosnia and Herzegovina"
2045,"WBK","West Balkan","MORB",1,1,1,0.501326916952691,"KOSO","Kosovo","XKX","Kosovo"
2045,"WBK","West Balkan","MORB",1,1,1,0.501326916952691,"MACE","TFYR Macedonia","MKD","TFYR Macedonia"
2045,"WBK","West Balkan","MORB",1,1,1,0.501326916952691,"MONT","Montenegro","MNE","Montenegro"
2045,"WBK","West Balkan","MORB",1,1,1,0.501326916952691,"SERB","Serbia","SRB","Serbia"
2045,"WBK","West Balkan","MORT",NA,Inf,1.02275285074215,0.0353237211475166,"ALBA","Albania","ALB","Albania"
2045,"WBK","West Balkan","MORT",NA,Inf,1.02275285074215,0.0353237211475166,"BOHE","Bosnia and Herzegovina","BIH","Bosnia and Herzegovina"
2045,"WBK","West Balkan","MORT",NA,Inf,1.02275285074215,0.0353237211475166,"KOSO","Kosovo","XKX","Kosovo"
2045,"WBK","West Balkan","MORT",NA,Inf,1.02275285074215,0.0353237211475166,"MACE","TFYR Macedonia","MKD","TFYR Macedonia"
2045,"WBK","West Balkan","MORT",NA,Inf,1.02275285074215,0.0353237211475166,"MONT","Montenegro","MNE","Montenegro"
2045,"WBK","West Balkan","MORT",NA,Inf,1.02275285074215,0.0353237211475166,"SERB","Serbia","SRB","Serbia"
2050,"CAS","Central Asia","MORB",1,1,1,0.47778801843318,"KAZA","Kazakhstan","KAZ","Kazakhstan"
2050,"CAS","Central Asia","MORB",1,1,1,0.47778801843318,"KYRG","Kyrgyzstan","KGZ","Kyrgyzstan"
2050,"CAS","Central Asia","MORB",1,1,1,0.47778801843318,"TAJI","Tajikistan","TJK","Tajikistan"
2050,"CAS","Central Asia","MORB",1,1,1,0.47778801843318,"TKME","Turkmenistan","TKM","Turkmenistan"
2050,"CAS","Central Asia","MORB",1,1,1,0.47778801843318,"UZBE","Uzbekistan","UZB","Uzbekistan"
2050,"CAS","Central Asia","MORT",NA,Inf,1.05576674558781,0.128380481639044,"KAZA","Kazakhstan","KAZ","Kazakhstan"
2050,"CAS","Central Asia","MORT",NA,Inf,1.05576674558781,0.128380481639044,"KYRG","Kyrgyzstan","KGZ","Kyrgyzstan"
2050,"CAS","Central Asia","MORT",NA,Inf,1.05576674558781,0.128380481639044,"TAJI","Tajikistan","TJK","Tajikistan"
2050,"CAS","Central Asia","MORT",NA,Inf,1.05576674558781,0.128380481639044,"TKME","Turkmenistan","TKM","Turkmenistan"
2050,"CAS","Central Asia","MORT",NA,Inf,1.05576674558781,0.128380481639044,"UZBE","Uzbekistan","UZB","Uzbekistan"
2050,"CHI","Centrally Planned Asia","MORB",1,1,1,0.537917885098979,"CHIN","China","CHN","China"
2050,"CHI","Centrally Planned Asia","MORB",1,1,1,0.537917885098979,"KORN","North Korea","PRK","North Korea"
2050,"CHI","Centrally Planned Asia","MORB",1,1,1,0.537917885098979,"MONG","Mongolia","MNG","Mongolia"
2050,"CHI","Centrally Planned Asia","MORT",NA,Inf,1.0126329988313,0.000296153003568904,"CHIN","China","CHN","China"
2050,"CHI","Centrally Planned Asia","MORT",NA,Inf,1.0126329988313,0.000296153003568904,"KORN","North Korea","PRK","North Korea"
2050,"CHI","Centrally Planned Asia","MORT",NA,Inf,1.0126329988313,0.000296153003568904,"MONG","Mongolia","MNG","Mongolia"
2050,"EAS","South East Asia","MORB",1,1,1,0.508773041014249,"CAMB","Cambodia","KHM","Cambodia"
2050,"EAS","South East Asia","MORB",1,1,1,0.508773041014249,"INDO","Indonesia","IDN","Indonesia"
2050,"EAS","South East Asia","MORB",1,1,1,0.508773041014249,"LAOS","Laos","LAO","Laos"
2050,"EAS","South East Asia","MORB",1,1,1,0.508773041014249,"MALA","Malaysia","MYS","Malaysia"
2050,"EAS","South East Asia","MORB",1,1,1,0.508773041014249,"MYAN","Myanmar","MMR","Myanmar"
2050,"EAS","South East Asia","MORB",1,1,1,0.508773041014249,"PHIL","Philippines","PHL","Philippines"
2050,"EAS","South East Asia","MORB",1,1,1,0.508773041014249,"THAI","Thailand","THA","Thailand"
2050,"EAS","South East Asia","MORB",1,1,1,0.508773041014249,"VIET","Vietnam","VNM","Vietnam"
2050,"EAS","South East Asia","MORT",NA,Inf,1.05733601540823,0.0401589251558928,"CAMB","Cambodia","KHM","Cambodia"
2050,"EAS","South East Asia","MORT",NA,Inf,1.05733601540823,0.0401589251558928,"INDO","Indonesia","IDN","Indonesia"
2050,"EAS","South East Asia","MORT",NA,Inf,1.05733601540823,0.0401589251558928,"LAOS","Laos","LAO","Laos"
2050,"EAS","South East Asia","MORT",NA,Inf,1.05733601540823,0.0401589251558928,"MALA","Malaysia","MYS","Malaysia"
2050,"EAS","South East Asia","MORT",NA,Inf,1.05733601540823,0.0401589251558928,"MYAN","Myanmar","MMR","Myanmar"
2050,"EAS","South East Asia","MORT",NA,Inf,1.05733601540823,0.0401589251558928,"PHIL","Philippines","PHL","Philippines"
2050,"EAS","South East Asia","MORT",NA,Inf,1.05733601540823,0.0401589251558928,"THAI","Thailand","THA","Thailand"
2050,"EAS","South East Asia","MORT",NA,Inf,1.05733601540823,0.0401589251558928,"VIET","Vietnam","VNM","Vietnam"
2050,"EUR","EU, EFTA, UK","MORB",1,1,1,0.555335373340537,"AUST","Austria","AUT","Austria"
2050,"EUR","EU, EFTA, UK","MORB",1,1,1,0.555335373340537,"BELG","Belgium","BEL","Belgium"
2050,"EUR","EU, EFTA, UK","MORB",1,1,1,0.555335373340537,"BULG","Bulgaria","BGR","Bulgaria"
2050,"EUR","EU, EFTA, UK","MORB",1,1,1,0.555335373340537,"CROA","Croatia","HRV","Croatia"
2050,"EUR","EU, EFTA, UK","MORB",1,1,1,0.555335373340537,"CYPR","Cyprus","CYP","Cyprus"
2050,"EUR","EU, EFTA, UK","MORB",1,1,1,0.555335373340537,"CZRE","Czech Republic","CZE","Czech Republic"
2050,"EUR","EU, EFTA, UK","MORB",1,1,1,0.555335373340537,"DENM","Denmark","DNK","Denmark"
2050,"EUR","EU, EFTA, UK","MORB",1,1,1,0.555335373340537,"ESTO","Estonia","EST","Estonia"
2050,"EUR","EU, EFTA, UK","MORB",1,1,1,0.555335373340537,"FINL","Finland","FIN","Finland"
2050,"EUR","EU, EFTA, UK","MORB",1,1,1,0.555335373340537,"FRAN","France","FRA","France"
2050,"EUR","EU, EFTA, UK","MORB",1,1,1,0.555335373340537,"GERM","Germany","DEU","Germany"
2050,"EUR","EU, EFTA, UK","MORB",1,1,1,0.555335373340537,"GREE","Greece","GRC","Greece"
2050,"EUR","EU, EFTA, UK","MORB",1,1,1,0.555335373340537,"HUNG","Hungary","HUN","Hungary"
2050,"EUR","EU, EFTA, UK","MORB",1,1,1,0.555335373340537,"ICEL","Iceland","ISL","Iceland"
2050,"EUR","EU, EFTA, UK","MORB",1,1,1,0.555335373340537,"IREL","Ireland","IRL","Ireland"
2050,"EUR","EU, EFTA, UK","MORB",1,1,1,0.555335373340537,"ITAL","Italy","ITA","Italy"
2050,"EUR","EU, EFTA, UK","MORB",1,1,1,0.555335373340537,"LATV","Latvia","LVA","Latvia"
2050,"EUR","EU, EFTA, UK","MORB",1,1,1,0.555335373340537,"LITH","Lithuania","LTU","Lithuania"
2050,"EUR","EU, EFTA, UK","MORB",1,1,1,0.555335373340537,"LUXE","Luxembourg","LUX","Luxembourg"
2050,"EUR","EU, EFTA, UK","MORB",1,1,1,0.555335373340537,"MALT","Malta","MLT","Malta"
2050,"EUR","EU, EFTA, UK","MORB",1,1,1,0.555335373340537,"NETH","Netherlands","NLD","Netherlands"
2050,"EUR","EU, EFTA, UK","MORB",1,1,1,0.555335373340537,"NORW","Norway","NOR","Norway"
2050,"EUR","EU, EFTA, UK","MORB",1,1,1,0.555335373340537,"POLA","Poland","POL","Poland"
2050,"EUR","EU, EFTA, UK","MORB",1,1,1,0.555335373340537,"PORT","Portugal","PRT","Portugal"
2050,"EUR","EU, EFTA, UK","MORB",1,1,1,0.555335373340537,"ROMA","Romania","ROU","Romania"
2050,"EUR","EU, EFTA, UK","MORB",1,1,1,0.555335373340537,"SKRE","Slovakia","SVK","Slovakia"
2050,"EUR","EU, EFTA, UK","MORB",1,1,1,0.555335373340537,"SLOV","Slovenia","SVN","Slovenia"
2050,"EUR","EU, EFTA, UK","MORB",1,1,1,0.555335373340537,"SPAI","Spain","ESP","Spain"
2050,"EUR","EU, EFTA, UK","MORB",1,1,1,0.555335373340537,"SWED","Sweden","SWE","Sweden"
2050,"EUR","EU, EFTA, UK","MORB",1,1,1,0.555335373340537,"SWIT","Switzerland","CHE","Switzerland"
2050,"EUR","EU, EFTA, UK","MORB",1,1,1,0.555335373340537,"UNKI","United Kingdom","GBR","United Kingdom"
2050,"EUR","EU, EFTA, UK","MORT",NA,Inf,1.01755562224617,0.0266843548365095,"AUST","Austria","AUT","Austria"
2050,"EUR","EU, EFTA, UK","MORT",NA,Inf,1.01755562224617,0.0266843548365095,"BELG","Belgium","BEL","Belgium"
2050,"EUR","EU, EFTA, UK","MORT",NA,Inf,1.01755562224617,0.0266843548365095,"BULG","Bulgaria","BGR","Bulgaria"
2050,"EUR","EU, EFTA, UK","MORT",NA,Inf,1.01755562224617,0.0266843548365095,"CROA","Croatia","HRV","Croatia"
2050,"EUR","EU, EFTA, UK","MORT",NA,Inf,1.01755562224617,0.0266843548365095,"CYPR","Cyprus","CYP","Cyprus"
2050,"EUR","EU, EFTA, UK","MORT",NA,Inf,1.01755562224617,0.0266843548365095,"CZRE","Czech Republic","CZE","Czech Republic"
2050,"EUR","EU, EFTA, UK","MORT",NA,Inf,1.01755562224617,0.0266843548365095,"DENM","Denmark","DNK","Denmark"
2050,"EUR","EU, EFTA, UK","MORT",NA,Inf,1.01755562224617,0.0266843548365095,"ESTO","Estonia","EST","Estonia"
2050,"EUR","EU, EFTA, UK","MORT",NA,Inf,1.01755562224617,0.0266843548365095,"FINL","Finland","FIN","Finland"
2050,"EUR","EU, EFTA, UK","MORT",NA,Inf,1.01755562224617,0.0266843548365095,"FRAN","France","FRA","France"
2050,"EUR","EU, EFTA, UK","MORT",NA,Inf,1.01755562224617,0.0266843548365095,"GERM","Germany","DEU","Germany"
2050,"EUR","EU, EFTA, UK","MORT",NA,Inf,1.01755562224617,0.0266843548365095,"GREE","Greece","GRC","Greece"
2050,"EUR","EU, EFTA, UK","MORT",NA,Inf,1.01755562224617,0.0266843548365095,"HUNG","Hungary","HUN","Hungary"
2050,"EUR","EU, EFTA, UK","MORT",NA,Inf,1.01755562224617,0.0266843548365095,"ICEL","Iceland","ISL","Iceland"
2050,"EUR","EU, EFTA, UK","MORT",NA,Inf,1.01755562224617,0.0266843548365095,"IREL","Ireland","IRL","Ireland"
2050,"EUR","EU, EFTA, UK","MORT",NA,Inf,1.01755562224617,0.0266843548365095,"ITAL","Italy","ITA","Italy"
2050,"EUR","EU, EFTA, UK","MORT",NA,Inf,1.01755562224617,0.0266843548365095,"LATV","Latvia","LVA","Latvia"
2050,"EUR","EU, EFTA, UK","MORT",NA,Inf,1.01755562224617,0.0266843548365095,"LITH","Lithuania","LTU","Lithuania"
2050,"EUR","EU, EFTA, UK","MORT",NA,Inf,1.01755562224617,0.0266843548365095,"LUXE","Luxembourg","LUX","Luxembourg"
2050,"EUR","EU, EFTA, UK","MORT",NA,Inf,1.01755562224617,0.0266843548365095,"MALT","Malta","MLT","Malta"
2050,"EUR","EU, EFTA, UK","MORT",NA,Inf,1.01755562224617,0.0266843548365095,"NETH","Netherlands","NLD","Netherlands"
2050,"EUR","EU, EFTA, UK","MORT",NA,Inf,1.01755562224617,0.0266843548365095,"NORW","Norway","NOR","Norway"
2050,"EUR","EU, EFTA, UK","MORT",NA,Inf,1.01755562224617,0.0266843548365095,"POLA","Poland","POL","Poland"
2050,"EUR","EU, EFTA, UK","MORT",NA,Inf,1.01755562224617,0.0266843548365095,"PORT","Portugal","PRT","Portugal"
2050,"EUR","EU, EFTA, UK","MORT",NA,Inf,1.01755562224617,0.0266843548365095,"ROMA","Romania","ROU","Romania"
2050,"EUR","EU, EFTA, UK","MORT",NA,Inf,1.01755562224617,0.0266843548365095,"SKRE","Slovakia","SVK","Slovakia"
2050,"EUR","EU, EFTA, UK","MORT",NA,Inf,1.01755562224617,0.0266843548365095,"SLOV","Slovenia","SVN","Slovenia"
2050,"EUR","EU, EFTA, UK","MORT",NA,Inf,1.01755562224617,0.0266843548365095,"SPAI","Spain","ESP","Spain"
2050,"EUR","EU, EFTA, UK","MORT",NA,Inf,1.01755562224617,0.0266843548365095,"SWED","Sweden","SWE","Sweden"
2050,"EUR","EU, EFTA, UK","MORT",NA,Inf,1.01755562224617,0.0266843548365095,"SWIT","Switzerland","CHE","Switzerland"
2050,"EUR","EU, EFTA, UK","MORT",NA,Inf,1.01755562224617,0.0266843548365095,"UNKI","United Kingdom","GBR","United Kingdom"
2050,"LAC","Latin America & Caribbean","MORB",1,1,1,0.613683308553983,"ARGE","Argentina","ARG","Argentina"
2050,"LAC","Latin America & Caribbean","MORB",1,1,1,0.613683308553983,"BOLV","Bolivia (Plurinational State of)","BOL","Bolivia (Plurinational State of)"
2050,"LAC","Latin America & Caribbean","MORB",1,1,1,0.613683308553983,"BRAZ","Brazil","BRA","Brazil"
2050,"LAC","Latin America & Caribbean","MORB",1,1,1,0.613683308553983,"CARB","Caribbean","ABW","Aruba"
2050,"LAC","Latin America & Caribbean","MORB",1,1,1,0.613683308553983,"CARB","Caribbean","BHS","Bahamas"
2050,"LAC","Latin America & Caribbean","MORB",1,1,1,0.613683308553983,"CARB","Caribbean","BRB","Barbados"
2050,"LAC","Latin America & Caribbean","MORB",1,1,1,0.613683308553983,"CARB","Caribbean","CUB","Cuba"
2050,"LAC","Latin America & Caribbean","MORB",1,1,1,0.613683308553983,"CARB","Caribbean","DOM","Dominican Republic"
2050,"LAC","Latin America & Caribbean","MORB",1,1,1,0.613683308553983,"CARB","Caribbean","GLP","Guadeloupe"
2050,"LAC","Latin America & Caribbean","MORB",1,1,1,0.613683308553983,"CARB","Caribbean","GRD","Grenada"
2050,"LAC","Latin America & Caribbean","MORB",1,1,1,0.613683308553983,"CARB","Caribbean","GUF","French Guiana"
2050,"LAC","Latin America & Caribbean","MORB",1,1,1,0.613683308553983,"CARB","Caribbean","GUY","Guyana"
2050,"LAC","Latin America & Caribbean","MORB",1,1,1,0.613683308553983,"CARB","Caribbean","HTI","Haiti"
2050,"LAC","Latin America & Caribbean","MORB",1,1,1,0.613683308553983,"CARB","Caribbean","JAM","Jamaica"
2050,"LAC","Latin America & Caribbean","MORB",1,1,1,0.613683308553983,"CARB","Caribbean","LCA","Saint Lucia"
2050,"LAC","Latin America & Caribbean","MORB",1,1,1,0.613683308553983,"CARB","Caribbean","MTQ","Martinique"
2050,"LAC","Latin America & Caribbean","MORB",1,1,1,0.613683308553983,"CARB","Caribbean","PRI","Puerto Rico"
2050,"LAC","Latin America & Caribbean","MORB",1,1,1,0.613683308553983,"CARB","Caribbean","SUR","Suriname"
2050,"LAC","Latin America & Caribbean","MORB",1,1,1,0.613683308553983,"CARB","Caribbean","TTO","Trinidad and Tobago"
2050,"LAC","Latin America & Caribbean","MORB",1,1,1,0.613683308553983,"CARB","Caribbean","VCT","Saint Vincent and the Grenadines"
2050,"LAC","Latin America & Caribbean","MORB",1,1,1,0.613683308553983,"CARB","Caribbean","VIR","United States Virgin Islands"
2050,"LAC","Latin America & Caribbean","MORB",1,1,1,0.613683308553983,"CEAM","Central America","BLZ","Belize"
2050,"LAC","Latin America & Caribbean","MORB",1,1,1,0.613683308553983,"CEAM","Central America","CRI","Costa Rica"
2050,"LAC","Latin America & Caribbean","MORB",1,1,1,0.613683308553983,"CEAM","Central America","GTM","Guatemala"
2050,"LAC","Latin America & Caribbean","MORB",1,1,1,0.613683308553983,"CEAM","Central America","HND","Honduras"
2050,"LAC","Latin America & Caribbean","MORB",1,1,1,0.613683308553983,"CEAM","Central America","NIC","Nicaragua"
2050,"LAC","Latin America & Caribbean","MORB",1,1,1,0.613683308553983,"CEAM","Central America","PAN","Panama"
2050,"LAC","Latin America & Caribbean","MORB",1,1,1,0.613683308553983,"CEAM","Central America","SLV","El Salvador"
2050,"LAC","Latin America & Caribbean","MORB",1,1,1,0.613683308553983,"CHIL","Chile","CHL","Chile"
2050,"LAC","Latin America & Caribbean","MORB",1,1,1,0.613683308553983,"COLO","Colombia","COL","Colombia"
2050,"LAC","Latin America & Caribbean","MORB",1,1,1,0.613683308553983,"ECUA","Ecuador","ECU","Ecuador"
2050,"LAC","Latin America & Caribbean","MORB",1,1,1,0.613683308553983,"MEXI","Mexico","MEX","Mexico"
2050,"LAC","Latin America & Caribbean","MORB",1,1,1,0.613683308553983,"PARA","Paraguay","PRY","Paraguay"
2050,"LAC","Latin America & Caribbean","MORB",1,1,1,0.613683308553983,"PERU","Peru","PER","Peru"
2050,"LAC","Latin America & Caribbean","MORB",1,1,1,0.613683308553983,"URUG","Uruguay","URY","Uruguay"
2050,"LAC","Latin America & Caribbean","MORB",1,1,1,0.613683308553983,"VENE","Venezuela (Bolivarian Republic of)","VEN","Venezuela (Bolivarian Republic of)"
2050,"LAC","Latin America & Caribbean","MORT",NA,Inf,1.21632861625422,0.057767362133049,"ARGE","Argentina","ARG","Argentina"
2050,"LAC","Latin America & Caribbean","MORT",NA,Inf,1.21632861625422,0.057767362133049,"BOLV","Bolivia (Plurinational State of)","BOL","Bolivia (Plurinational State of)"
2050,"LAC","Latin America & Caribbean","MORT",NA,Inf,1.21632861625422,0.057767362133049,"BRAZ","Brazil","BRA","Brazil"
2050,"LAC","Latin America & Caribbean","MORT",NA,Inf,1.21632861625422,0.057767362133049,"CARB","Caribbean","ABW","Aruba"
2050,"LAC","Latin America & Caribbean","MORT",NA,Inf,1.21632861625422,0.057767362133049,"CARB","Caribbean","BHS","Bahamas"
2050,"LAC","Latin America & Caribbean","MORT",NA,Inf,1.21632861625422,0.057767362133049,"CARB","Caribbean","BRB","Barbados"
2050,"LAC","Latin America & Caribbean","MORT",NA,Inf,1.21632861625422,0.057767362133049,"CARB","Caribbean","CUB","Cuba"
2050,"LAC","Latin America & Caribbean","MORT",NA,Inf,1.21632861625422,0.057767362133049,"CARB","Caribbean","DOM","Dominican Republic"
2050,"LAC","Latin America & Caribbean","MORT",NA,Inf,1.21632861625422,0.057767362133049,"CARB","Caribbean","GLP","Guadeloupe"
2050,"LAC","Latin America & Caribbean","MORT",NA,Inf,1.21632861625422,0.057767362133049,"CARB","Caribbean","GRD","Grenada"
2050,"LAC","Latin America & Caribbean","MORT",NA,Inf,1.21632861625422,0.057767362133049,"CARB","Caribbean","GUF","French Guiana"
2050,"LAC","Latin America & Caribbean","MORT",NA,Inf,1.21632861625422,0.057767362133049,"CARB","Caribbean","GUY","Guyana"
2050,"LAC","Latin America & Caribbean","MORT",NA,Inf,1.21632861625422,0.057767362133049,"CARB","Caribbean","HTI","Haiti"
2050,"LAC","Latin America & Caribbean","MORT",NA,Inf,1.21632861625422,0.057767362133049,"CARB","Caribbean","JAM","Jamaica"
2050,"LAC","Latin America & Caribbean","MORT",NA,Inf,1.21632861625422,0.057767362133049,"CARB","Caribbean","LCA","Saint Lucia"
2050,"LAC","Latin America & Caribbean","MORT",NA,Inf,1.21632861625422,0.057767362133049,"CARB","Caribbean","MTQ","Martinique"
2050,"LAC","Latin America & Caribbean","MORT",NA,Inf,1.21632861625422,0.057767362133049,"CARB","Caribbean","PRI","Puerto Rico"
2050,"LAC","Latin America & Caribbean","MORT",NA,Inf,1.21632861625422,0.057767362133049,"CARB","Caribbean","SUR","Suriname"
2050,"LAC","Latin America & Caribbean","MORT",NA,Inf,1.21632861625422,0.057767362133049,"CARB","Caribbean","TTO","Trinidad and Tobago"
2050,"LAC","Latin America & Caribbean","MORT",NA,Inf,1.21632861625422,0.057767362133049,"CARB","Caribbean","VCT","Saint Vincent and the Grenadines"
2050,"LAC","Latin America & Caribbean","MORT",NA,Inf,1.21632861625422,0.057767362133049,"CARB","Caribbean","VIR","United States Virgin Islands"
2050,"LAC","Latin America & Caribbean","MORT",NA,Inf,1.21632861625422,0.057767362133049,"CEAM","Central America","BLZ","Belize"
2050,"LAC","Latin America & Caribbean","MORT",NA,Inf,1.21632861625422,0.057767362133049,"CEAM","Central America","CRI","Costa Rica"
2050,"LAC","Latin America & Caribbean","MORT",NA,Inf,1.21632861625422,0.057767362133049,"CEAM","Central America","GTM","Guatemala"
2050,"LAC","Latin America & Caribbean","MORT",NA,Inf,1.21632861625422,0.057767362133049,"CEAM","Central America","HND","Honduras"
2050,"LAC","Latin America & Caribbean","MORT",NA,Inf,1.21632861625422,0.057767362133049,"CEAM","Central America","NIC","Nicaragua"
2050,"LAC","Latin America & Caribbean","MORT",NA,Inf,1.21632861625422,0.057767362133049,"CEAM","Central America","PAN","Panama"
2050,"LAC","Latin America & Caribbean","MORT",NA,Inf,1.21632861625422,0.057767362133049,"CEAM","Central America","SLV","El Salvador"
2050,"LAC","Latin America & Caribbean","MORT",NA,Inf,1.21632861625422,0.057767362133049,"CHIL","Chile","CHL","Chile"
2050,"LAC","Latin America & Caribbean","MORT",NA,Inf,1.21632861625422,0.057767362133049,"COLO","Colombia","COL","Colombia"
2050,"LAC","Latin America & Caribbean","MORT",NA,Inf,1.21632861625422,0.057767362133049,"ECUA","Ecuador","ECU","Ecuador"
2050,"LAC","Latin America & Caribbean","MORT",NA,Inf,1.21632861625422,0.057767362133049,"MEXI","Mexico","MEX","Mexico"
2050,"LAC","Latin America & Caribbean","MORT",NA,Inf,1.21632861625422,0.057767362133049,"PARA","Paraguay","PRY","Paraguay"
2050,"LAC","Latin America & Caribbean","MORT",NA,Inf,1.21632861625422,0.057767362133049,"PERU","Peru","PER","Peru"
2050,"LAC","Latin America & Caribbean","MORT",NA,Inf,1.21632861625422,0.057767362133049,"URUG","Uruguay","URY","Uruguay"
2050,"LAC","Latin America & Caribbean","MORT",NA,Inf,1.21632861625422,0.057767362133049,"VENE","Venezuela (Bolivarian Republic of)","VEN","Venezuela (Bolivarian Republic of)"
2050,"MEA","Middle East","MORB",1.60433579335793,1.58342304299813,1.4798542916894,0.647805282778687,"ISRA","Israel","ISR","Israel"
2050,"MEA","Middle East","MORB",1.60433579335793,1.58342304299813,1.4798542916894,0.647805282778687,"MIDE","Middle East","ARE","United Arab Emirates"
2050,"MEA","Middle East","MORB",1.60433579335793,1.58342304299813,1.4798542916894,0.647805282778687,"MIDE","Middle East","BHR","Bahrain"
2050,"MEA","Middle East","MORB",1.60433579335793,1.58342304299813,1.4798542916894,0.647805282778687,"MIDE","Middle East","IRQ","Iraq"
2050,"MEA","Middle East","MORB",1.60433579335793,1.58342304299813,1.4798542916894,0.647805282778687,"MIDE","Middle East","JOR","Jordan"
2050,"MEA","Middle East","MORB",1.60433579335793,1.58342304299813,1.4798542916894,0.647805282778687,"MIDE","Middle East","KWT","Kuwait"
2050,"MEA","Middle East","MORB",1.60433579335793,1.58342304299813,1.4798542916894,0.647805282778687,"MIDE","Middle East","LBN","Lebanon"
2050,"MEA","Middle East","MORB",1.60433579335793,1.58342304299813,1.4798542916894,0.647805282778687,"MIDE","Middle East","OMN","Oman"
2050,"MEA","Middle East","MORB",1.60433579335793,1.58342304299813,1.4798542916894,0.647805282778687,"MIDE","Middle East","PSE","Occupied Palestinian Territory"
2050,"MEA","Middle East","MORB",1.60433579335793,1.58342304299813,1.4798542916894,0.647805282778687,"MIDE","Middle East","QAT","Qatar"
2050,"MEA","Middle East","MORB",1.60433579335793,1.58342304299813,1.4798542916894,0.647805282778687,"MIDE","Middle East","SYR","Syrian Arab Republic"
2050,"MEA","Middle East","MORB",1.60433579335793,1.58342304299813,1.4798542916894,0.647805282778687,"MIDE","Middle East","YEM","Yemen"
2050,"MEA","Middle East","MORB",1.60433579335793,1.58342304299813,1.4798542916894,0.647805282778687,"SAAR","Saudi Arabia","SAU","Saudi Arabia"
2050,"MEA","Middle East","MORT",NA,Inf,1.52685199626066,0.0280721382696864,"ISRA","Israel","ISR","Israel"
2050,"MEA","Middle East","MORT",NA,Inf,1.52685199626066,0.0280721382696864,"MIDE","Middle East","ARE","United Arab Emirates"
2050,"MEA","Middle East","MORT",NA,Inf,1.52685199626066,0.0280721382696864,"MIDE","Middle East","BHR","Bahrain"
2050,"MEA","Middle East","MORT",NA,Inf,1.52685199626066,0.0280721382696864,"MIDE","Middle East","IRQ","Iraq"
2050,"MEA","Middle East","MORT",NA,Inf,1.52685199626066,0.0280721382696864,"MIDE","Middle East","JOR","Jordan"
2050,"MEA","Middle East","MORT",NA,Inf,1.52685199626066,0.0280721382696864,"MIDE","Middle East","KWT","Kuwait"
2050,"MEA","Middle East","MORT",NA,Inf,1.52685199626066,0.0280721382696864,"MIDE","Middle East","LBN","Lebanon"
2050,"MEA","Middle East","MORT",NA,Inf,1.52685199626066,0.0280721382696864,"MIDE","Middle East","OMN","Oman"
2050,"MEA","Middle East","MORT",NA,Inf,1.52685199626066,0.0280721382696864,"MIDE","Middle East","PSE","Occupied Palestinian Territory"
2050,"MEA","Middle East","MORT",NA,Inf,1.52685199626066,0.0280721382696864,"MIDE","Middle East","QAT","Qatar"
2050,"MEA","Middle East","MORT",NA,Inf,1.52685199626066,0.0280721382696864,"MIDE","Middle East","SYR","Syrian Arab Republic"
2050,"MEA","Middle East","MORT",NA,Inf,1.52685199626066,0.0280721382696864,"MIDE","Middle East","YEM","Yemen"
2050,"MEA","Middle East","MORT",NA,Inf,1.52685199626066,0.0280721382696864,"SAAR","Saudi Arabia","SAU","Saudi Arabia"
2050,"NAF","North Africa","MORB",0.666942900865816,0.703740147066603,0.715495790844476,0.33616302243816,"EGYP","Egypt","EGY","Egypt"
2050,"NAF","North Africa","MORB",0.666942900865816,0.703740147066603,0.715495790844476,0.33616302243816,"IRAN","Iran","IRN","Iran"
2050,"NAF","North Africa","MORB",0.666942900865816,0.703740147066603,0.715495790844476,0.33616302243816,"NAFR","Northern Africa (excl Egypt)","DZA","Algeria"
2050,"NAF","North Africa","MORB",0.666942900865816,0.703740147066603,0.715495790844476,0.33616302243816,"NAFR","Northern Africa (excl Egypt)","ESH","Western Sahara"
2050,"NAF","North Africa","MORB",0.666942900865816,0.703740147066603,0.715495790844476,0.33616302243816,"NAFR","Northern Africa (excl Egypt)","LBY","Libyan Arab Jamahiriya"
2050,"NAF","North Africa","MORB",0.666942900865816,0.703740147066603,0.715495790844476,0.33616302243816,"NAFR","Northern Africa (excl Egypt)","MAR","Morocco"
2050,"NAF","North Africa","MORB",0.666942900865816,0.703740147066603,0.715495790844476,0.33616302243816,"NAFR","Northern Africa (excl Egypt)","TUN","Tunisia"
2050,"NAF","North Africa","MORT",NA,Inf,0.799689915971427,0.0327437538360653,"EGYP","Egypt","EGY","Egypt"
2050,"NAF","North Africa","MORT",NA,Inf,0.799689915971427,0.0327437538360653,"IRAN","Iran","IRN","Iran"
2050,"NAF","North Africa","MORT",NA,Inf,0.799689915971427,0.0327437538360653,"NAFR","Northern Africa (excl Egypt)","DZA","Algeria"
2050,"NAF","North Africa","MORT",NA,Inf,0.799689915971427,0.0327437538360653,"NAFR","Northern Africa (excl Egypt)","ESH","Western Sahara"
2050,"NAF","North Africa","MORT",NA,Inf,0.799689915971427,0.0327437538360653,"NAFR","Northern Africa (excl Egypt)","LBY","Libyan Arab Jamahiriya"
2050,"NAF","North Africa","MORT",NA,Inf,0.799689915971427,0.0327437538360653,"NAFR","Northern Africa (excl Egypt)","MAR","Morocco"
2050,"NAF","North Africa","MORT",NA,Inf,0.799689915971427,0.0327437538360653,"NAFR","Northern Africa (excl Egypt)","TUN","Tunisia"
2050,"NAM","North America","MORB",1,1,1,0.649367573249428,"CANA","Canada","CAN","Canada"
2050,"NAM","North America","MORB",1,1,1,0.649367573249428,"USAM","United States of America","USA","United States of America"
2050,"NAM","North America","MORT",NA,Inf,1.0136654036922,0.0457973125821833,"CANA","Canada","CAN","Canada"
2050,"NAM","North America","MORT",NA,Inf,1.0136654036922,0.0457973125821833,"USAM","United States of America","USA","United States of America"
2050,"OCE","Oceania","MORB",1,1,1,0.544338558441757,"AUTR","Australia","AUS","Australia"
2050,"OCE","Oceania","MORB",1,1,1,0.544338558441757,"BRUN","Brunei Darussalam","BRN","Brunei Darussalam"
2050,"OCE","Oceania","MORB",1,1,1,0.544338558441757,"JAPA","Japan","JPN","Japan"
2050,"OCE","Oceania","MORB",1,1,1,0.544338558441757,"KORS","Republic of Korea","KOR","Republic of Korea"
2050,"OCE","Oceania","MORB",1,1,1,0.544338558441757,"NZEL","New Zealand","NZL","New Zealand"
2050,"OCE","Oceania","MORB",1,1,1,0.544338558441757,"SING","Singapore","SGP","Singapore"
2050,"OCE","Oceania","MORB",1,1,1,0.544338558441757,"TAIW","Taiwan","TWN","Taiwan"
2050,"OCE","Oceania","MORT",NA,Inf,1.00688830708903,0.012507103445549,"AUTR","Australia","AUS","Australia"
2050,"OCE","Oceania","MORT",NA,Inf,1.00688830708903,0.012507103445549,"BRUN","Brunei Darussalam","BRN","Brunei Darussalam"
2050,"OCE","Oceania","MORT",NA,Inf,1.00688830708903,0.012507103445549,"JAPA","Japan","JPN","Japan"
2050,"OCE","Oceania","MORT",NA,Inf,1.00688830708903,0.012507103445549,"KORS","Republic of Korea","KOR","Republic of Korea"
2050,"OCE","Oceania","MORT",NA,Inf,1.00688830708903,0.012507103445549,"NZEL","New Zealand","NZL","New Zealand"
2050,"OCE","Oceania","MORT",NA,Inf,1.00688830708903,0.012507103445549,"SING","Singapore","SGP","Singapore"
2050,"OCE","Oceania","MORT",NA,Inf,1.00688830708903,0.012507103445549,"TAIW","Taiwan","TWN","Taiwan"
2050,"RUS","Russian Federation","MORB",1,1,1,0.413246787220823,"RUSS","Russian Federation","RUS","Russian Federation"
2050,"RUS","Russian Federation","MORT",NA,Inf,1.01466326354216,0.0461374197943889,"RUSS","Russian Federation","RUS","Russian Federation"
2050,"SAF","Southern Africa","MORB",1,1,1,0.526042745196342,"RSAF","Remaining Southern Africa","AGO","Angola"
2050,"SAF","Southern Africa","MORB",1,1,1,0.526042745196342,"RSAF","Remaining Southern Africa","BWA","Botswana"
2050,"SAF","Southern Africa","MORB",1,1,1,0.526042745196342,"RSAF","Remaining Southern Africa","LSO","Lesotho"
2050,"SAF","Southern Africa","MORB",1,1,1,0.526042745196342,"RSAF","Remaining Southern Africa","MOZ","Mozambique"
2050,"SAF","Southern Africa","MORB",1,1,1,0.526042745196342,"RSAF","Remaining Southern Africa","MWI","Malawi"
2050,"SAF","Southern Africa","MORB",1,1,1,0.526042745196342,"RSAF","Remaining Southern Africa","NAM","Namibia"
2050,"SAF","Southern Africa","MORB",1,1,1,0.526042745196342,"RSAF","Remaining Southern Africa","SWZ","Swaziland"
2050,"SAF","Southern Africa","MORB",1,1,1,0.526042745196342,"RSAF","Remaining Southern Africa","ZMB","Zambia"
2050,"SAF","Southern Africa","MORB",1,1,1,0.526042745196342,"RSAF","Remaining Southern Africa","ZWE","Zimbabwe"
2050,"SAF","Southern Africa","MORB",1,1,1,0.526042745196342,"SAFR","South Africa","ZAF","South Africa"
2050,"SAF","Southern Africa","MORT",NA,Inf,1.87069237192907,0.257348314511363,"RSAF","Remaining Southern Africa","AGO","Angola"
2050,"SAF","Southern Africa","MORT",NA,Inf,1.87069237192907,0.257348314511363,"RSAF","Remaining Southern Africa","BWA","Botswana"
2050,"SAF","Southern Africa","MORT",NA,Inf,1.87069237192907,0.257348314511363,"RSAF","Remaining Southern Africa","LSO","Lesotho"
2050,"SAF","Southern Africa","MORT",NA,Inf,1.87069237192907,0.257348314511363,"RSAF","Remaining Southern Africa","MOZ","Mozambique"
2050,"SAF","Southern Africa","MORT",NA,Inf,1.87069237192907,0.257348314511363,"RSAF","Remaining Southern Africa","MWI","Malawi"
2050,"SAF","Southern Africa","MORT",NA,Inf,1.87069237192907,0.257348314511363,"RSAF","Remaining Southern Africa","NAM","Namibia"
2050,"SAF","Southern Africa","MORT",NA,Inf,1.87069237192907,0.257348314511363,"RSAF","Remaining Southern Africa","SWZ","Swaziland"
2050,"SAF","Southern Africa","MORT",NA,Inf,1.87069237192907,0.257348314511363,"RSAF","Remaining Southern Africa","ZMB","Zambia"
2050,"SAF","Southern Africa","MORT",NA,Inf,1.87069237192907,0.257348314511363,"RSAF","Remaining Southern Africa","ZWE","Zimbabwe"
2050,"SAF","Southern Africa","MORT",NA,Inf,1.87069237192907,0.257348314511363,"SAFR","South Africa","ZAF","South Africa"
2050,"SAS","South Asia","MORB",1,1,1,0.50689910641828,"AFGH","Afghanistan","AFG","Afghanistan"
2050,"SAS","South Asia","MORB",1,1,1,0.50689910641828,"BANG","Bangladesh","BGD","Bangladesh"
2050,"SAS","South Asia","MORB",1,1,1,0.50689910641828,"BHUT","Bhutan","BTN","Bhutan"
2050,"SAS","South Asia","MORB",1,1,1,0.50689910641828,"INDI","India","IND","India"
2050,"SAS","South Asia","MORB",1,1,1,0.50689910641828,"NEPA","Nepal","NPL","Nepal"
2050,"SAS","South Asia","MORB",1,1,1,0.50689910641828,"PAKI","Pakistan","PAK","Pakistan"
2050,"SAS","South Asia","MORB",1,1,1,0.50689910641828,"SRIL","Sri Lanka","LKA","Sri Lanka"
2050,"SAS","South Asia","MORT",NA,Inf,NA,NA,"AFGH","Afghanistan","AFG","Afghanistan"
2050,"SAS","South Asia","MORT",NA,Inf,NA,NA,"BANG","Bangladesh","BGD","Bangladesh"
2050,"SAS","South Asia","MORT",NA,Inf,NA,NA,"BHUT","Bhutan","BTN","Bhutan"
2050,"SAS","South Asia","MORT",NA,Inf,NA,NA,"INDI","India","IND","India"
2050,"SAS","South Asia","MORT",NA,Inf,NA,NA,"NEPA","Nepal","NPL","Nepal"
2050,"SAS","South Asia","MORT",NA,Inf,NA,NA,"PAKI","Pakistan","PAK","Pakistan"
2050,"SAS","South Asia","MORT",NA,Inf,NA,NA,"SRIL","Sri Lanka","LKA","Sri Lanka"
2050,"SSA","Sub-Saharan Africa","MORB",1,1,1,0.839164651152944,"EAFR","Eastern Africa (excl Kenya, Tanzania)","BDI","Burundi"
2050,"SSA","Sub-Saharan Africa","MORB",1,1,1,0.839164651152944,"EAFR","Eastern Africa (excl Kenya, Tanzania)","COM","Comoros"
2050,"SSA","Sub-Saharan Africa","MORB",1,1,1,0.839164651152944,"EAFR","Eastern Africa (excl Kenya, Tanzania)","DJI","Djibouti"
2050,"SSA","Sub-Saharan Africa","MORB",1,1,1,0.839164651152944,"EAFR","Eastern Africa (excl Kenya, Tanzania)","ERI","Eritrea"
2050,"SSA","Sub-Saharan Africa","MORB",1,1,1,0.839164651152944,"EAFR","Eastern Africa (excl Kenya, Tanzania)","ETH","Ethiopia"
2050,"SSA","Sub-Saharan Africa","MORB",1,1,1,0.839164651152944,"EAFR","Eastern Africa (excl Kenya, Tanzania)","MDG","Madagascar"
2050,"SSA","Sub-Saharan Africa","MORB",1,1,1,0.839164651152944,"EAFR","Eastern Africa (excl Kenya, Tanzania)","MUS","Mauritius"
2050,"SSA","Sub-Saharan Africa","MORB",1,1,1,0.839164651152944,"EAFR","Eastern Africa (excl Kenya, Tanzania)","RWA","Rwanda"
2050,"SSA","Sub-Saharan Africa","MORB",1,1,1,0.839164651152944,"EAFR","Eastern Africa (excl Kenya, Tanzania)","SDN","Sudan"
2050,"SSA","Sub-Saharan Africa","MORB",1,1,1,0.839164651152944,"EAFR","Eastern Africa (excl Kenya, Tanzania)","SOM","Somalia"
2050,"SSA","Sub-Saharan Africa","MORB",1,1,1,0.839164651152944,"EAFR","Eastern Africa (excl Kenya, Tanzania)","UGA","Uganda"
2050,"SSA","Sub-Saharan Africa","MORB",1,1,1,0.839164651152944,"KENY","Kenya","KEN","Kenya"
2050,"SSA","Sub-Saharan Africa","MORB",1,1,1,0.839164651152944,"NIGE","Nigeria","NGA","Nigeria"
2050,"SSA","Sub-Saharan Africa","MORB",1,1,1,0.839164651152944,"TANZ","United Republic of Tanzania","TZA","United Republic of Tanzania"
2050,"SSA","Sub-Saharan Africa","MORB",1,1,1,0.839164651152944,"WAFR","Western Africa (excl Nigeria)","BEN","Benin"
2050,"SSA","Sub-Saharan Africa","MORB",1,1,1,0.839164651152944,"WAFR","Western Africa (excl Nigeria)","BFA","Burkina Faso"
2050,"SSA","Sub-Saharan Africa","MORB",1,1,1,0.839164651152944,"WAFR","Western Africa (excl Nigeria)","CAF","Central African Republic"
2050,"SSA","Sub-Saharan Africa","MORB",1,1,1,0.839164651152944,"WAFR","Western Africa (excl Nigeria)","CIV","Cote d'Ivoire"
2050,"SSA","Sub-Saharan Africa","MORB",1,1,1,0.839164651152944,"WAFR","Western Africa (excl Nigeria)","CMR","Cameroon"
2050,"SSA","Sub-Saharan Africa","MORB",1,1,1,0.839164651152944,"WAFR","Western Africa (excl Nigeria)","COD","Democratic Republic of the Congo"
2050,"SSA","Sub-Saharan Africa","MORB",1,1,1,0.839164651152944,"WAFR","Western Africa (excl Nigeria)","COG","Congo"
2050,"SSA","Sub-Saharan Africa","MORB",1,1,1,0.839164651152944,"WAFR","Western Africa (excl Nigeria)","CPV","Cape Verde"
2050,"SSA","Sub-Saharan Africa","MORB",1,1,1,0.839164651152944,"WAFR","Western Africa (excl Nigeria)","GAB","Gabon"
2050,"SSA","Sub-Saharan Africa","MORB",1,1,1,0.839164651152944,"WAFR","Western Africa (excl Nigeria)","GHA","Ghana"
2050,"SSA","Sub-Saharan Africa","MORB",1,1,1,0.839164651152944,"WAFR","Western Africa (excl Nigeria)","GIN","Guinea"
2050,"SSA","Sub-Saharan Africa","MORB",1,1,1,0.839164651152944,"WAFR","Western Africa (excl Nigeria)","GMB","Gambia"
2050,"SSA","Sub-Saharan Africa","MORB",1,1,1,0.839164651152944,"WAFR","Western Africa (excl Nigeria)","GNB","Guinea-Bissau"
2050,"SSA","Sub-Saharan Africa","MORB",1,1,1,0.839164651152944,"WAFR","Western Africa (excl Nigeria)","GNQ","Equatorial Guinea"
2050,"SSA","Sub-Saharan Africa","MORB",1,1,1,0.839164651152944,"WAFR","Western Africa (excl Nigeria)","LBR","Liberia"
2050,"SSA","Sub-Saharan Africa","MORB",1,1,1,0.839164651152944,"WAFR","Western Africa (excl Nigeria)","MLI","Mali"
2050,"SSA","Sub-Saharan Africa","MORB",1,1,1,0.839164651152944,"WAFR","Western Africa (excl Nigeria)","MRT","Mauritania"
2050,"SSA","Sub-Saharan Africa","MORB",1,1,1,0.839164651152944,"WAFR","Western Africa (excl Nigeria)","NER","Niger"
2050,"SSA","Sub-Saharan Africa","MORB",1,1,1,0.839164651152944,"WAFR","Western Africa (excl Nigeria)","SEN","Senegal"
2050,"SSA","Sub-Saharan Africa","MORB",1,1,1,0.839164651152944,"WAFR","Western Africa (excl Nigeria)","SLE","Sierra Leone"
2050,"SSA","Sub-Saharan Africa","MORB",1,1,1,0.839164651152944,"WAFR","Western Africa (excl Nigeria)","TCD","Chad"
2050,"SSA","Sub-Saharan Africa","MORB",1,1,1,0.839164651152944,"WAFR","Western Africa (excl Nigeria)","TGO","Togo"
2050,"SSA","Sub-Saharan Africa","MORT",NA,Inf,4.28681451496561,1.67900968070453,"EAFR","Eastern Africa (excl Kenya, Tanzania)","BDI","Burundi"
2050,"SSA","Sub-Saharan Africa","MORT",NA,Inf,4.28681451496561,1.67900968070453,"EAFR","Eastern Africa (excl Kenya, Tanzania)","COM","Comoros"
2050,"SSA","Sub-Saharan Africa","MORT",NA,Inf,4.28681451496561,1.67900968070453,"EAFR","Eastern Africa (excl Kenya, Tanzania)","DJI","Djibouti"
2050,"SSA","Sub-Saharan Africa","MORT",NA,Inf,4.28681451496561,1.67900968070453,"EAFR","Eastern Africa (excl Kenya, Tanzania)","ERI","Eritrea"
2050,"SSA","Sub-Saharan Africa","MORT",NA,Inf,4.28681451496561,1.67900968070453,"EAFR","Eastern Africa (excl Kenya, Tanzania)","ETH","Ethiopia"
2050,"SSA","Sub-Saharan Africa","MORT",NA,Inf,4.28681451496561,1.67900968070453,"EAFR","Eastern Africa (excl Kenya, Tanzania)","MDG","Madagascar"
2050,"SSA","Sub-Saharan Africa","MORT",NA,Inf,4.28681451496561,1.67900968070453,"EAFR","Eastern Africa (excl Kenya, Tanzania)","MUS","Mauritius"
2050,"SSA","Sub-Saharan Africa","MORT",NA,Inf,4.28681451496561,1.67900968070453,"EAFR","Eastern Africa (excl Kenya, Tanzania)","RWA","Rwanda"
2050,"SSA","Sub-Saharan Africa","MORT",NA,Inf,4.28681451496561,1.67900968070453,"EAFR","Eastern Africa (excl Kenya, Tanzania)","SDN","Sudan"
2050,"SSA","Sub-Saharan Africa","MORT",NA,Inf,4.28681451496561,1.67900968070453,"EAFR","Eastern Africa (excl Kenya, Tanzania)","SOM","Somalia"
2050,"SSA","Sub-Saharan Africa","MORT",NA,Inf,4.28681451496561,1.67900968070453,"EAFR","Eastern Africa (excl Kenya, Tanzania)","UGA","Uganda"
2050,"SSA","Sub-Saharan Africa","MORT",NA,Inf,4.28681451496561,1.67900968070453,"KENY","Kenya","KEN","Kenya"
2050,"SSA","Sub-Saharan Africa","MORT",NA,Inf,4.28681451496561,1.67900968070453,"NIGE","Nigeria","NGA","Nigeria"
2050,"SSA","Sub-Saharan Africa","MORT",NA,Inf,4.28681451496561,1.67900968070453,"TANZ","United Republic of Tanzania","TZA","United Republic of Tanzania"
2050,"SSA","Sub-Saharan Africa","MORT",NA,Inf,4.28681451496561,1.67900968070453,"WAFR","Western Africa (excl Nigeria)","BEN","Benin"
2050,"SSA","Sub-Saharan Africa","MORT",NA,Inf,4.28681451496561,1.67900968070453,"WAFR","Western Africa (excl Nigeria)","BFA","Burkina Faso"
2050,"SSA","Sub-Saharan Africa","MORT",NA,Inf,4.28681451496561,1.67900968070453,"WAFR","Western Africa (excl Nigeria)","CAF","Central African Republic"
2050,"SSA","Sub-Saharan Africa","MORT",NA,Inf,4.28681451496561,1.67900968070453,"WAFR","Western Africa (excl Nigeria)","CIV","Cote d'Ivoire"
2050,"SSA","Sub-Saharan Africa","MORT",NA,Inf,4.28681451496561,1.67900968070453,"WAFR","Western Africa (excl Nigeria)","CMR","Cameroon"
2050,"SSA","Sub-Saharan Africa","MORT",NA,Inf,4.28681451496561,1.67900968070453,"WAFR","Western Africa (excl Nigeria)","COD","Democratic Republic of the Congo"
2050,"SSA","Sub-Saharan Africa","MORT",NA,Inf,4.28681451496561,1.67900968070453,"WAFR","Western Africa (excl Nigeria)","COG","Congo"
2050,"SSA","Sub-Saharan Africa","MORT",NA,Inf,4.28681451496561,1.67900968070453,"WAFR","Western Africa (excl Nigeria)","CPV","Cape Verde"
2050,"SSA","Sub-Saharan Africa","MORT",NA,Inf,4.28681451496561,1.67900968070453,"WAFR","Western Africa (excl Nigeria)","GAB","Gabon"
2050,"SSA","Sub-Saharan Africa","MORT",NA,Inf,4.28681451496561,1.67900968070453,"WAFR","Western Africa (excl Nigeria)","GHA","Ghana"
2050,"SSA","Sub-Saharan Africa","MORT",NA,Inf,4.28681451496561,1.67900968070453,"WAFR","Western Africa (excl Nigeria)","GIN","Guinea"
2050,"SSA","Sub-Saharan Africa","MORT",NA,Inf,4.28681451496561,1.67900968070453,"WAFR","Western Africa (excl Nigeria)","GMB","Gambia"
2050,"SSA","Sub-Saharan Africa","MORT",NA,Inf,4.28681451496561,1.67900968070453,"WAFR","Western Africa (excl Nigeria)","GNB","Guinea-Bissau"
2050,"SSA","Sub-Saharan Africa","MORT",NA,Inf,4.28681451496561,1.67900968070453,"WAFR","Western Africa (excl Nigeria)","GNQ","Equatorial Guinea"
2050,"SSA","Sub-Saharan Africa","MORT",NA,Inf,4.28681451496561,1.67900968070453,"WAFR","Western Africa (excl Nigeria)","LBR","Liberia"
2050,"SSA","Sub-Saharan Africa","MORT",NA,Inf,4.28681451496561,1.67900968070453,"WAFR","Western Africa (excl Nigeria)","MLI","Mali"
2050,"SSA","Sub-Saharan Africa","MORT",NA,Inf,4.28681451496561,1.67900968070453,"WAFR","Western Africa (excl Nigeria)","MRT","Mauritania"
2050,"SSA","Sub-Saharan Africa","MORT",NA,Inf,4.28681451496561,1.67900968070453,"WAFR","Western Africa (excl Nigeria)","NER","Niger"
2050,"SSA","Sub-Saharan Africa","MORT",NA,Inf,4.28681451496561,1.67900968070453,"WAFR","Western Africa (excl Nigeria)","SEN","Senegal"
2050,"SSA","Sub-Saharan Africa","MORT",NA,Inf,4.28681451496561,1.67900968070453,"WAFR","Western Africa (excl Nigeria)","SLE","Sierra Leone"
2050,"SSA","Sub-Saharan Africa","MORT",NA,Inf,4.28681451496561,1.67900968070453,"WAFR","Western Africa (excl Nigeria)","TCD","Chad"
2050,"SSA","Sub-Saharan Africa","MORT",NA,Inf,4.28681451496561,1.67900968070453,"WAFR","Western Africa (excl Nigeria)","TGO","Togo"
2050,"WAS","Western Asia","MORB",1,1,1,0.531937543090052,"ARME","Armenia","ARM","Armenia"
2050,"WAS","Western Asia","MORB",1,1,1,0.531937543090052,"AZER","Azerbaijan","AZE","Azerbaijan"
2050,"WAS","Western Asia","MORB",1,1,1,0.531937543090052,"BELA","Belarus","BLR","Belarus"
2050,"WAS","Western Asia","MORB",1,1,1,0.531937543090052,"GEOR","Georgia","GEO","Georgia"
2050,"WAS","Western Asia","MORB",1,1,1,0.531937543090052,"MOLD","Republic of Moldova","MDA","Republic of Moldova"
2050,"WAS","Western Asia","MORB",1,1,1,0.531937543090052,"TURK","Turkey","TUR","Turkey"
2050,"WAS","Western Asia","MORB",1,1,1,0.531937543090052,"UKRA","Ukraine","UKR","Ukraine"
2050,"WAS","Western Asia","MORT",NA,Inf,1.07865217682139,0.0163165125576944,"ARME","Armenia","ARM","Armenia"
2050,"WAS","Western Asia","MORT",NA,Inf,1.07865217682139,0.0163165125576944,"AZER","Azerbaijan","AZE","Azerbaijan"
2050,"WAS","Western Asia","MORT",NA,Inf,1.07865217682139,0.0163165125576944,"BELA","Belarus","BLR","Belarus"
2050,"WAS","Western Asia","MORT",NA,Inf,1.07865217682139,0.0163165125576944,"GEOR","Georgia","GEO","Georgia"
2050,"WAS","Western Asia","MORT",NA,Inf,1.07865217682139,0.0163165125576944,"MOLD","Republic of Moldova","MDA","Republic of Moldova"
2050,"WAS","Western Asia","MORT",NA,Inf,1.07865217682139,0.0163165125576944,"TURK","Turkey","TUR","Turkey"
2050,"WAS","Western Asia","MORT",NA,Inf,1.07865217682139,0.0163165125576944,"UKRA","Ukraine","UKR","Ukraine"
2050,"WBK","West Balkan","MORB",1,1,1,0.504441624365482,"ALBA","Albania","ALB","Albania"
2050,"WBK","West Balkan","MORB",1,1,1,0.504441624365482,"BOHE","Bosnia and Herzegovina","BIH","Bosnia and Herzegovina"
2050,"WBK","West Balkan","MORB",1,1,1,0.504441624365482,"KOSO","Kosovo","XKX","Kosovo"
2050,"WBK","West Balkan","MORB",1,1,1,0.504441624365482,"MACE","TFYR Macedonia","MKD","TFYR Macedonia"
2050,"WBK","West Balkan","MORB",1,1,1,0.504441624365482,"MONT","Montenegro","MNE","Montenegro"
2050,"WBK","West Balkan","MORB",1,1,1,0.504441624365482,"SERB","Serbia","SRB","Serbia"
2050,"WBK","West Balkan","MORT",NA,Inf,1.01836936267272,0.0296923844532467,"ALBA","Albania","ALB","Albania"
2050,"WBK","West Balkan","MORT",NA,Inf,1.01836936267272,0.0296923844532467,"BOHE","Bosnia and Herzegovina","BIH","Bosnia and Herzegovina"
2050,"WBK","West Balkan","MORT",NA,Inf,1.01836936267272,0.0296923844532467,"KOSO","Kosovo","XKX","Kosovo"
2050,"WBK","West Balkan","MORT",NA,Inf,1.01836936267272,0.0296923844532467,"MACE","TFYR Macedonia","MKD","TFYR Macedonia"
2050,"WBK","West Balkan","MORT",NA,Inf,1.01836936267272,0.0296923844532467,"MONT","Montenegro","MNE","Montenegro"
2050,"WBK","West Balkan","MORT",NA,Inf,1.01836936267272,0.0296923844532467,"SERB","Serbia","SRB","Serbia"
2055,"CAS","Central Asia","MORB",1,1,1,0.477999818055008,"KAZA","Kazakhstan","KAZ","Kazakhstan"
2055,"CAS","Central Asia","MORB",1,1,1,0.477999818055008,"KYRG","Kyrgyzstan","KGZ","Kyrgyzstan"
2055,"CAS","Central Asia","MORB",1,1,1,0.477999818055008,"TAJI","Tajikistan","TJK","Tajikistan"
2055,"CAS","Central Asia","MORB",1,1,1,0.477999818055008,"TKME","Turkmenistan","TKM","Turkmenistan"
2055,"CAS","Central Asia","MORB",1,1,1,0.477999818055008,"UZBE","Uzbekistan","UZB","Uzbekistan"
2055,"CAS","Central Asia","MORT",NA,Inf,1.05127180499262,0.0942823822999323,"KAZA","Kazakhstan","KAZ","Kazakhstan"
2055,"CAS","Central Asia","MORT",NA,Inf,1.05127180499262,0.0942823822999323,"KYRG","Kyrgyzstan","KGZ","Kyrgyzstan"
2055,"CAS","Central Asia","MORT",NA,Inf,1.05127180499262,0.0942823822999323,"TAJI","Tajikistan","TJK","Tajikistan"
2055,"CAS","Central Asia","MORT",NA,Inf,1.05127180499262,0.0942823822999323,"TKME","Turkmenistan","TKM","Turkmenistan"
2055,"CAS","Central Asia","MORT",NA,Inf,1.05127180499262,0.0942823822999323,"UZBE","Uzbekistan","UZB","Uzbekistan"
2055,"CHI","Centrally Planned Asia","MORB",1,1,1,0.544609004682877,"CHIN","China","CHN","China"
2055,"CHI","Centrally Planned Asia","MORB",1,1,1,0.544609004682877,"KORN","North Korea","PRK","North Korea"
2055,"CHI","Centrally Planned Asia","MORB",1,1,1,0.544609004682877,"MONG","Mongolia","MNG","Mongolia"
2055,"CHI","Centrally Planned Asia","MORT",NA,Inf,1.0100018451321,0.000300770965377491,"CHIN","China","CHN","China"
2055,"CHI","Centrally Planned Asia","MORT",NA,Inf,1.0100018451321,0.000300770965377491,"KORN","North Korea","PRK","North Korea"
2055,"CHI","Centrally Planned Asia","MORT",NA,Inf,1.0100018451321,0.000300770965377491,"MONG","Mongolia","MNG","Mongolia"
2055,"EAS","South East Asia","MORB",1,1,1,0.513933799482261,"CAMB","Cambodia","KHM","Cambodia"
2055,"EAS","South East Asia","MORB",1,1,1,0.513933799482261,"INDO","Indonesia","IDN","Indonesia"
2055,"EAS","South East Asia","MORB",1,1,1,0.513933799482261,"LAOS","Laos","LAO","Laos"
2055,"EAS","South East Asia","MORB",1,1,1,0.513933799482261,"MALA","Malaysia","MYS","Malaysia"
2055,"EAS","South East Asia","MORB",1,1,1,0.513933799482261,"MYAN","Myanmar","MMR","Myanmar"
2055,"EAS","South East Asia","MORB",1,1,1,0.513933799482261,"PHIL","Philippines","PHL","Philippines"
2055,"EAS","South East Asia","MORB",1,1,1,0.513933799482261,"THAI","Thailand","THA","Thailand"
2055,"EAS","South East Asia","MORB",1,1,1,0.513933799482261,"VIET","Vietnam","VNM","Vietnam"
2055,"EAS","South East Asia","MORT",NA,Inf,1.04681070079889,0.0321859451814419,"CAMB","Cambodia","KHM","Cambodia"
2055,"EAS","South East Asia","MORT",NA,Inf,1.04681070079889,0.0321859451814419,"INDO","Indonesia","IDN","Indonesia"
2055,"EAS","South East Asia","MORT",NA,Inf,1.04681070079889,0.0321859451814419,"LAOS","Laos","LAO","Laos"
2055,"EAS","South East Asia","MORT",NA,Inf,1.04681070079889,0.0321859451814419,"MALA","Malaysia","MYS","Malaysia"
2055,"EAS","South East Asia","MORT",NA,Inf,1.04681070079889,0.0321859451814419,"MYAN","Myanmar","MMR","Myanmar"
2055,"EAS","South East Asia","MORT",NA,Inf,1.04681070079889,0.0321859451814419,"PHIL","Philippines","PHL","Philippines"
2055,"EAS","South East Asia","MORT",NA,Inf,1.04681070079889,0.0321859451814419,"THAI","Thailand","THA","Thailand"
2055,"EAS","South East Asia","MORT",NA,Inf,1.04681070079889,0.0321859451814419,"VIET","Vietnam","VNM","Vietnam"
2055,"EUR","EU, EFTA, UK","MORB",1,1,1,0.56155735026376,"AUST","Austria","AUT","Austria"
2055,"EUR","EU, EFTA, UK","MORB",1,1,1,0.56155735026376,"BELG","Belgium","BEL","Belgium"
2055,"EUR","EU, EFTA, UK","MORB",1,1,1,0.56155735026376,"BULG","Bulgaria","BGR","Bulgaria"
2055,"EUR","EU, EFTA, UK","MORB",1,1,1,0.56155735026376,"CROA","Croatia","HRV","Croatia"
2055,"EUR","EU, EFTA, UK","MORB",1,1,1,0.56155735026376,"CYPR","Cyprus","CYP","Cyprus"
2055,"EUR","EU, EFTA, UK","MORB",1,1,1,0.56155735026376,"CZRE","Czech Republic","CZE","Czech Republic"
2055,"EUR","EU, EFTA, UK","MORB",1,1,1,0.56155735026376,"DENM","Denmark","DNK","Denmark"
2055,"EUR","EU, EFTA, UK","MORB",1,1,1,0.56155735026376,"ESTO","Estonia","EST","Estonia"
2055,"EUR","EU, EFTA, UK","MORB",1,1,1,0.56155735026376,"FINL","Finland","FIN","Finland"
2055,"EUR","EU, EFTA, UK","MORB",1,1,1,0.56155735026376,"FRAN","France","FRA","France"
2055,"EUR","EU, EFTA, UK","MORB",1,1,1,0.56155735026376,"GERM","Germany","DEU","Germany"
2055,"EUR","EU, EFTA, UK","MORB",1,1,1,0.56155735026376,"GREE","Greece","GRC","Greece"
2055,"EUR","EU, EFTA, UK","MORB",1,1,1,0.56155735026376,"HUNG","Hungary","HUN","Hungary"
2055,"EUR","EU, EFTA, UK","MORB",1,1,1,0.56155735026376,"ICEL","Iceland","ISL","Iceland"
2055,"EUR","EU, EFTA, UK","MORB",1,1,1,0.56155735026376,"IREL","Ireland","IRL","Ireland"
2055,"EUR","EU, EFTA, UK","MORB",1,1,1,0.56155735026376,"ITAL","Italy","ITA","Italy"
2055,"EUR","EU, EFTA, UK","MORB",1,1,1,0.56155735026376,"LATV","Latvia","LVA","Latvia"
2055,"EUR","EU, EFTA, UK","MORB",1,1,1,0.56155735026376,"LITH","Lithuania","LTU","Lithuania"
2055,"EUR","EU, EFTA, UK","MORB",1,1,1,0.56155735026376,"LUXE","Luxembourg","LUX","Luxembourg"
2055,"EUR","EU, EFTA, UK","MORB",1,1,1,0.56155735026376,"MALT","Malta","MLT","Malta"
2055,"EUR","EU, EFTA, UK","MORB",1,1,1,0.56155735026376,"NETH","Netherlands","NLD","Netherlands"
2055,"EUR","EU, EFTA, UK","MORB",1,1,1,0.56155735026376,"NORW","Norway","NOR","Norway"
2055,"EUR","EU, EFTA, UK","MORB",1,1,1,0.56155735026376,"POLA","Poland","POL","Poland"
2055,"EUR","EU, EFTA, UK","MORB",1,1,1,0.56155735026376,"PORT","Portugal","PRT","Portugal"
2055,"EUR","EU, EFTA, UK","MORB",1,1,1,0.56155735026376,"ROMA","Romania","ROU","Romania"
2055,"EUR","EU, EFTA, UK","MORB",1,1,1,0.56155735026376,"SKRE","Slovakia","SVK","Slovakia"
2055,"EUR","EU, EFTA, UK","MORB",1,1,1,0.56155735026376,"SLOV","Slovenia","SVN","Slovenia"
2055,"EUR","EU, EFTA, UK","MORB",1,1,1,0.56155735026376,"SPAI","Spain","ESP","Spain"
2055,"EUR","EU, EFTA, UK","MORB",1,1,1,0.56155735026376,"SWED","Sweden","SWE","Sweden"
2055,"EUR","EU, EFTA, UK","MORB",1,1,1,0.56155735026376,"SWIT","Switzerland","CHE","Switzerland"
2055,"EUR","EU, EFTA, UK","MORB",1,1,1,0.56155735026376,"UNKI","United Kingdom","GBR","United Kingdom"
2055,"EUR","EU, EFTA, UK","MORT",NA,Inf,1.00327849803809,0.0185027734169284,"AUST","Austria","AUT","Austria"
2055,"EUR","EU, EFTA, UK","MORT",NA,Inf,1.00327849803809,0.0185027734169284,"BELG","Belgium","BEL","Belgium"
2055,"EUR","EU, EFTA, UK","MORT",NA,Inf,1.00327849803809,0.0185027734169284,"BULG","Bulgaria","BGR","Bulgaria"
2055,"EUR","EU, EFTA, UK","MORT",NA,Inf,1.00327849803809,0.0185027734169284,"CROA","Croatia","HRV","Croatia"
2055,"EUR","EU, EFTA, UK","MORT",NA,Inf,1.00327849803809,0.0185027734169284,"CYPR","Cyprus","CYP","Cyprus"
2055,"EUR","EU, EFTA, UK","MORT",NA,Inf,1.00327849803809,0.0185027734169284,"CZRE","Czech Republic","CZE","Czech Republic"
2055,"EUR","EU, EFTA, UK","MORT",NA,Inf,1.00327849803809,0.0185027734169284,"DENM","Denmark","DNK","Denmark"
2055,"EUR","EU, EFTA, UK","MORT",NA,Inf,1.00327849803809,0.0185027734169284,"ESTO","Estonia","EST","Estonia"
2055,"EUR","EU, EFTA, UK","MORT",NA,Inf,1.00327849803809,0.0185027734169284,"FINL","Finland","FIN","Finland"
2055,"EUR","EU, EFTA, UK","MORT",NA,Inf,1.00327849803809,0.0185027734169284,"FRAN","France","FRA","France"
2055,"EUR","EU, EFTA, UK","MORT",NA,Inf,1.00327849803809,0.0185027734169284,"GERM","Germany","DEU","Germany"
2055,"EUR","EU, EFTA, UK","MORT",NA,Inf,1.00327849803809,0.0185027734169284,"GREE","Greece","GRC","Greece"
2055,"EUR","EU, EFTA, UK","MORT",NA,Inf,1.00327849803809,0.0185027734169284,"HUNG","Hungary","HUN","Hungary"
2055,"EUR","EU, EFTA, UK","MORT",NA,Inf,1.00327849803809,0.0185027734169284,"ICEL","Iceland","ISL","Iceland"
2055,"EUR","EU, EFTA, UK","MORT",NA,Inf,1.00327849803809,0.0185027734169284,"IREL","Ireland","IRL","Ireland"
2055,"EUR","EU, EFTA, UK","MORT",NA,Inf,1.00327849803809,0.0185027734169284,"ITAL","Italy","ITA","Italy"
2055,"EUR","EU, EFTA, UK","MORT",NA,Inf,1.00327849803809,0.0185027734169284,"LATV","Latvia","LVA","Latvia"
2055,"EUR","EU, EFTA, UK","MORT",NA,Inf,1.00327849803809,0.0185027734169284,"LITH","Lithuania","LTU","Lithuania"
2055,"EUR","EU, EFTA, UK","MORT",NA,Inf,1.00327849803809,0.0185027734169284,"LUXE","Luxembourg","LUX","Luxembourg"
2055,"EUR","EU, EFTA, UK","MORT",NA,Inf,1.00327849803809,0.0185027734169284,"MALT","Malta","MLT","Malta"
2055,"EUR","EU, EFTA, UK","MORT",NA,Inf,1.00327849803809,0.0185027734169284,"NETH","Netherlands","NLD","Netherlands"
2055,"EUR","EU, EFTA, UK","MORT",NA,Inf,1.00327849803809,0.0185027734169284,"NORW","Norway","NOR","Norway"
2055,"EUR","EU, EFTA, UK","MORT",NA,Inf,1.00327849803809,0.0185027734169284,"POLA","Poland","POL","Poland"
2055,"EUR","EU, EFTA, UK","MORT",NA,Inf,1.00327849803809,0.0185027734169284,"PORT","Portugal","PRT","Portugal"
2055,"EUR","EU, EFTA, UK","MORT",NA,Inf,1.00327849803809,0.0185027734169284,"ROMA","Romania","ROU","Romania"
2055,"EUR","EU, EFTA, UK","MORT",NA,Inf,1.00327849803809,0.0185027734169284,"SKRE","Slovakia","SVK","Slovakia"
2055,"EUR","EU, EFTA, UK","MORT",NA,Inf,1.00327849803809,0.0185027734169284,"SLOV","Slovenia","SVN","Slovenia"
2055,"EUR","EU, EFTA, UK","MORT",NA,Inf,1.00327849803809,0.0185027734169284,"SPAI","Spain","ESP","Spain"
2055,"EUR","EU, EFTA, UK","MORT",NA,Inf,1.00327849803809,0.0185027734169284,"SWED","Sweden","SWE","Sweden"
2055,"EUR","EU, EFTA, UK","MORT",NA,Inf,1.00327849803809,0.0185027734169284,"SWIT","Switzerland","CHE","Switzerland"
2055,"EUR","EU, EFTA, UK","MORT",NA,Inf,1.00327849803809,0.0185027734169284,"UNKI","United Kingdom","GBR","United Kingdom"
2055,"LAC","Latin America & Caribbean","MORB",1,1,1,0.616263337501477,"ARGE","Argentina","ARG","Argentina"
2055,"LAC","Latin America & Caribbean","MORB",1,1,1,0.616263337501477,"BOLV","Bolivia (Plurinational State of)","BOL","Bolivia (Plurinational State of)"
2055,"LAC","Latin America & Caribbean","MORB",1,1,1,0.616263337501477,"BRAZ","Brazil","BRA","Brazil"
2055,"LAC","Latin America & Caribbean","MORB",1,1,1,0.616263337501477,"CARB","Caribbean","ABW","Aruba"
2055,"LAC","Latin America & Caribbean","MORB",1,1,1,0.616263337501477,"CARB","Caribbean","BHS","Bahamas"
2055,"LAC","Latin America & Caribbean","MORB",1,1,1,0.616263337501477,"CARB","Caribbean","BRB","Barbados"
2055,"LAC","Latin America & Caribbean","MORB",1,1,1,0.616263337501477,"CARB","Caribbean","CUB","Cuba"
2055,"LAC","Latin America & Caribbean","MORB",1,1,1,0.616263337501477,"CARB","Caribbean","DOM","Dominican Republic"
2055,"LAC","Latin America & Caribbean","MORB",1,1,1,0.616263337501477,"CARB","Caribbean","GLP","Guadeloupe"
2055,"LAC","Latin America & Caribbean","MORB",1,1,1,0.616263337501477,"CARB","Caribbean","GRD","Grenada"
2055,"LAC","Latin America & Caribbean","MORB",1,1,1,0.616263337501477,"CARB","Caribbean","GUF","French Guiana"
2055,"LAC","Latin America & Caribbean","MORB",1,1,1,0.616263337501477,"CARB","Caribbean","GUY","Guyana"
2055,"LAC","Latin America & Caribbean","MORB",1,1,1,0.616263337501477,"CARB","Caribbean","HTI","Haiti"
2055,"LAC","Latin America & Caribbean","MORB",1,1,1,0.616263337501477,"CARB","Caribbean","JAM","Jamaica"
2055,"LAC","Latin America & Caribbean","MORB",1,1,1,0.616263337501477,"CARB","Caribbean","LCA","Saint Lucia"
2055,"LAC","Latin America & Caribbean","MORB",1,1,1,0.616263337501477,"CARB","Caribbean","MTQ","Martinique"
2055,"LAC","Latin America & Caribbean","MORB",1,1,1,0.616263337501477,"CARB","Caribbean","PRI","Puerto Rico"
2055,"LAC","Latin America & Caribbean","MORB",1,1,1,0.616263337501477,"CARB","Caribbean","SUR","Suriname"
2055,"LAC","Latin America & Caribbean","MORB",1,1,1,0.616263337501477,"CARB","Caribbean","TTO","Trinidad and Tobago"
2055,"LAC","Latin America & Caribbean","MORB",1,1,1,0.616263337501477,"CARB","Caribbean","VCT","Saint Vincent and the Grenadines"
2055,"LAC","Latin America & Caribbean","MORB",1,1,1,0.616263337501477,"CARB","Caribbean","VIR","United States Virgin Islands"
2055,"LAC","Latin America & Caribbean","MORB",1,1,1,0.616263337501477,"CEAM","Central America","BLZ","Belize"
2055,"LAC","Latin America & Caribbean","MORB",1,1,1,0.616263337501477,"CEAM","Central America","CRI","Costa Rica"
2055,"LAC","Latin America & Caribbean","MORB",1,1,1,0.616263337501477,"CEAM","Central America","GTM","Guatemala"
2055,"LAC","Latin America & Caribbean","MORB",1,1,1,0.616263337501477,"CEAM","Central America","HND","Honduras"
2055,"LAC","Latin America & Caribbean","MORB",1,1,1,0.616263337501477,"CEAM","Central America","NIC","Nicaragua"
2055,"LAC","Latin America & Caribbean","MORB",1,1,1,0.616263337501477,"CEAM","Central America","PAN","Panama"
2055,"LAC","Latin America & Caribbean","MORB",1,1,1,0.616263337501477,"CEAM","Central America","SLV","El Salvador"
2055,"LAC","Latin America & Caribbean","MORB",1,1,1,0.616263337501477,"CHIL","Chile","CHL","Chile"
2055,"LAC","Latin America & Caribbean","MORB",1,1,1,0.616263337501477,"COLO","Colombia","COL","Colombia"
2055,"LAC","Latin America & Caribbean","MORB",1,1,1,0.616263337501477,"ECUA","Ecuador","ECU","Ecuador"
2055,"LAC","Latin America & Caribbean","MORB",1,1,1,0.616263337501477,"MEXI","Mexico","MEX","Mexico"
2055,"LAC","Latin America & Caribbean","MORB",1,1,1,0.616263337501477,"PARA","Paraguay","PRY","Paraguay"
2055,"LAC","Latin America & Caribbean","MORB",1,1,1,0.616263337501477,"PERU","Peru","PER","Peru"
2055,"LAC","Latin America & Caribbean","MORB",1,1,1,0.616263337501477,"URUG","Uruguay","URY","Uruguay"
2055,"LAC","Latin America & Caribbean","MORB",1,1,1,0.616263337501477,"VENE","Venezuela (Bolivarian Republic of)","VEN","Venezuela (Bolivarian Republic of)"
2055,"LAC","Latin America & Caribbean","MORT",NA,Inf,1.13749404974585,0.0394817314272606,"ARGE","Argentina","ARG","Argentina"
2055,"LAC","Latin America & Caribbean","MORT",NA,Inf,1.13749404974585,0.0394817314272606,"BOLV","Bolivia (Plurinational State of)","BOL","Bolivia (Plurinational State of)"
2055,"LAC","Latin America & Caribbean","MORT",NA,Inf,1.13749404974585,0.0394817314272606,"BRAZ","Brazil","BRA","Brazil"
2055,"LAC","Latin America & Caribbean","MORT",NA,Inf,1.13749404974585,0.0394817314272606,"CARB","Caribbean","ABW","Aruba"
2055,"LAC","Latin America & Caribbean","MORT",NA,Inf,1.13749404974585,0.0394817314272606,"CARB","Caribbean","BHS","Bahamas"
2055,"LAC","Latin America & Caribbean","MORT",NA,Inf,1.13749404974585,0.0394817314272606,"CARB","Caribbean","BRB","Barbados"
2055,"LAC","Latin America & Caribbean","MORT",NA,Inf,1.13749404974585,0.0394817314272606,"CARB","Caribbean","CUB","Cuba"
2055,"LAC","Latin America & Caribbean","MORT",NA,Inf,1.13749404974585,0.0394817314272606,"CARB","Caribbean","DOM","Dominican Republic"
2055,"LAC","Latin America & Caribbean","MORT",NA,Inf,1.13749404974585,0.0394817314272606,"CARB","Caribbean","GLP","Guadeloupe"
2055,"LAC","Latin America & Caribbean","MORT",NA,Inf,1.13749404974585,0.0394817314272606,"CARB","Caribbean","GRD","Grenada"
2055,"LAC","Latin America & Caribbean","MORT",NA,Inf,1.13749404974585,0.0394817314272606,"CARB","Caribbean","GUF","French Guiana"
2055,"LAC","Latin America & Caribbean","MORT",NA,Inf,1.13749404974585,0.0394817314272606,"CARB","Caribbean","GUY","Guyana"
2055,"LAC","Latin America & Caribbean","MORT",NA,Inf,1.13749404974585,0.0394817314272606,"CARB","Caribbean","HTI","Haiti"
2055,"LAC","Latin America & Caribbean","MORT",NA,Inf,1.13749404974585,0.0394817314272606,"CARB","Caribbean","JAM","Jamaica"
2055,"LAC","Latin America & Caribbean","MORT",NA,Inf,1.13749404974585,0.0394817314272606,"CARB","Caribbean","LCA","Saint Lucia"
2055,"LAC","Latin America & Caribbean","MORT",NA,Inf,1.13749404974585,0.0394817314272606,"CARB","Caribbean","MTQ","Martinique"
2055,"LAC","Latin America & Caribbean","MORT",NA,Inf,1.13749404974585,0.0394817314272606,"CARB","Caribbean","PRI","Puerto Rico"
2055,"LAC","Latin America & Caribbean","MORT",NA,Inf,1.13749404974585,0.0394817314272606,"CARB","Caribbean","SUR","Suriname"
2055,"LAC","Latin America & Caribbean","MORT",NA,Inf,1.13749404974585,0.0394817314272606,"CARB","Caribbean","TTO","Trinidad and Tobago"
2055,"LAC","Latin America & Caribbean","MORT",NA,Inf,1.13749404974585,0.0394817314272606,"CARB","Caribbean","VCT","Saint Vincent and the Grenadines"
2055,"LAC","Latin America & Caribbean","MORT",NA,Inf,1.13749404974585,0.0394817314272606,"CARB","Caribbean","VIR","United States Virgin Islands"
2055,"LAC","Latin America & Caribbean","MORT",NA,Inf,1.13749404974585,0.0394817314272606,"CEAM","Central America","BLZ","Belize"
2055,"LAC","Latin America & Caribbean","MORT",NA,Inf,1.13749404974585,0.0394817314272606,"CEAM","Central America","CRI","Costa Rica"
2055,"LAC","Latin America & Caribbean","MORT",NA,Inf,1.13749404974585,0.0394817314272606,"CEAM","Central America","GTM","Guatemala"
2055,"LAC","Latin America & Caribbean","MORT",NA,Inf,1.13749404974585,0.0394817314272606,"CEAM","Central America","HND","Honduras"
2055,"LAC","Latin America & Caribbean","MORT",NA,Inf,1.13749404974585,0.0394817314272606,"CEAM","Central America","NIC","Nicaragua"
2055,"LAC","Latin America & Caribbean","MORT",NA,Inf,1.13749404974585,0.0394817314272606,"CEAM","Central America","PAN","Panama"
2055,"LAC","Latin America & Caribbean","MORT",NA,Inf,1.13749404974585,0.0394817314272606,"CEAM","Central America","SLV","El Salvador"
2055,"LAC","Latin America & Caribbean","MORT",NA,Inf,1.13749404974585,0.0394817314272606,"CHIL","Chile","CHL","Chile"
2055,"LAC","Latin America & Caribbean","MORT",NA,Inf,1.13749404974585,0.0394817314272606,"COLO","Colombia","COL","Colombia"
2055,"LAC","Latin America & Caribbean","MORT",NA,Inf,1.13749404974585,0.0394817314272606,"ECUA","Ecuador","ECU","Ecuador"
2055,"LAC","Latin America & Caribbean","MORT",NA,Inf,1.13749404974585,0.0394817314272606,"MEXI","Mexico","MEX","Mexico"
2055,"LAC","Latin America & Caribbean","MORT",NA,Inf,1.13749404974585,0.0394817314272606,"PARA","Paraguay","PRY","Paraguay"
2055,"LAC","Latin America & Caribbean","MORT",NA,Inf,1.13749404974585,0.0394817314272606,"PERU","Peru","PER","Peru"
2055,"LAC","Latin America & Caribbean","MORT",NA,Inf,1.13749404974585,0.0394817314272606,"URUG","Uruguay","URY","Uruguay"
2055,"LAC","Latin America & Caribbean","MORT",NA,Inf,1.13749404974585,0.0394817314272606,"VENE","Venezuela (Bolivarian Republic of)","VEN","Venezuela (Bolivarian Republic of)"
2055,"MEA","Middle East","MORB",1.58225324027916,1.56654168822234,1.45846555617981,0.652268533220227,"ISRA","Israel","ISR","Israel"
2055,"MEA","Middle East","MORB",1.58225324027916,1.56654168822234,1.45846555617981,0.652268533220227,"MIDE","Middle East","ARE","United Arab Emirates"
2055,"MEA","Middle East","MORB",1.58225324027916,1.56654168822234,1.45846555617981,0.652268533220227,"MIDE","Middle East","BHR","Bahrain"
2055,"MEA","Middle East","MORB",1.58225324027916,1.56654168822234,1.45846555617981,0.652268533220227,"MIDE","Middle East","IRQ","Iraq"
2055,"MEA","Middle East","MORB",1.58225324027916,1.56654168822234,1.45846555617981,0.652268533220227,"MIDE","Middle East","JOR","Jordan"
2055,"MEA","Middle East","MORB",1.58225324027916,1.56654168822234,1.45846555617981,0.652268533220227,"MIDE","Middle East","KWT","Kuwait"
2055,"MEA","Middle East","MORB",1.58225324027916,1.56654168822234,1.45846555617981,0.652268533220227,"MIDE","Middle East","LBN","Lebanon"
2055,"MEA","Middle East","MORB",1.58225324027916,1.56654168822234,1.45846555617981,0.652268533220227,"MIDE","Middle East","OMN","Oman"
2055,"MEA","Middle East","MORB",1.58225324027916,1.56654168822234,1.45846555617981,0.652268533220227,"MIDE","Middle East","PSE","Occupied Palestinian Territory"
2055,"MEA","Middle East","MORB",1.58225324027916,1.56654168822234,1.45846555617981,0.652268533220227,"MIDE","Middle East","QAT","Qatar"
2055,"MEA","Middle East","MORB",1.58225324027916,1.56654168822234,1.45846555617981,0.652268533220227,"MIDE","Middle East","SYR","Syrian Arab Republic"
2055,"MEA","Middle East","MORB",1.58225324027916,1.56654168822234,1.45846555617981,0.652268533220227,"MIDE","Middle East","YEM","Yemen"
2055,"MEA","Middle East","MORB",1.58225324027916,1.56654168822234,1.45846555617981,0.652268533220227,"SAAR","Saudi Arabia","SAU","Saudi Arabia"
2055,"MEA","Middle East","MORT",NA,Inf,1.49308052881001,0.0198604505282515,"ISRA","Israel","ISR","Israel"
2055,"MEA","Middle East","MORT",NA,Inf,1.49308052881001,0.0198604505282515,"MIDE","Middle East","ARE","United Arab Emirates"
2055,"MEA","Middle East","MORT",NA,Inf,1.49308052881001,0.0198604505282515,"MIDE","Middle East","BHR","Bahrain"
2055,"MEA","Middle East","MORT",NA,Inf,1.49308052881001,0.0198604505282515,"MIDE","Middle East","IRQ","Iraq"
2055,"MEA","Middle East","MORT",NA,Inf,1.49308052881001,0.0198604505282515,"MIDE","Middle East","JOR","Jordan"
2055,"MEA","Middle East","MORT",NA,Inf,1.49308052881001,0.0198604505282515,"MIDE","Middle East","KWT","Kuwait"
2055,"MEA","Middle East","MORT",NA,Inf,1.49308052881001,0.0198604505282515,"MIDE","Middle East","LBN","Lebanon"
2055,"MEA","Middle East","MORT",NA,Inf,1.49308052881001,0.0198604505282515,"MIDE","Middle East","OMN","Oman"
2055,"MEA","Middle East","MORT",NA,Inf,1.49308052881001,0.0198604505282515,"MIDE","Middle East","PSE","Occupied Palestinian Territory"
2055,"MEA","Middle East","MORT",NA,Inf,1.49308052881001,0.0198604505282515,"MIDE","Middle East","QAT","Qatar"
2055,"MEA","Middle East","MORT",NA,Inf,1.49308052881001,0.0198604505282515,"MIDE","Middle East","SYR","Syrian Arab Republic"
2055,"MEA","Middle East","MORT",NA,Inf,1.49308052881001,0.0198604505282515,"MIDE","Middle East","YEM","Yemen"
2055,"MEA","Middle East","MORT",NA,Inf,1.49308052881001,0.0198604505282515,"SAAR","Saudi Arabia","SAU","Saudi Arabia"
2055,"NAF","North Africa","MORB",0.684119428818693,0.717355499442566,0.734246839842443,0.347041938058337,"EGYP","Egypt","EGY","Egypt"
2055,"NAF","North Africa","MORB",0.684119428818693,0.717355499442566,0.734246839842443,0.347041938058337,"IRAN","Iran","IRN","Iran"
2055,"NAF","North Africa","MORB",0.684119428818693,0.717355499442566,0.734246839842443,0.347041938058337,"NAFR","Northern Africa (excl Egypt)","DZA","Algeria"
2055,"NAF","North Africa","MORB",0.684119428818693,0.717355499442566,0.734246839842443,0.347041938058337,"NAFR","Northern Africa (excl Egypt)","ESH","Western Sahara"
2055,"NAF","North Africa","MORB",0.684119428818693,0.717355499442566,0.734246839842443,0.347041938058337,"NAFR","Northern Africa (excl Egypt)","LBY","Libyan Arab Jamahiriya"
2055,"NAF","North Africa","MORB",0.684119428818693,0.717355499442566,0.734246839842443,0.347041938058337,"NAFR","Northern Africa (excl Egypt)","MAR","Morocco"
2055,"NAF","North Africa","MORB",0.684119428818693,0.717355499442566,0.734246839842443,0.347041938058337,"NAFR","Northern Africa (excl Egypt)","TUN","Tunisia"
2055,"NAF","North Africa","MORT",NA,Inf,0.80542166116548,0.0275862335205667,"EGYP","Egypt","EGY","Egypt"
2055,"NAF","North Africa","MORT",NA,Inf,0.80542166116548,0.0275862335205667,"IRAN","Iran","IRN","Iran"
2055,"NAF","North Africa","MORT",NA,Inf,0.80542166116548,0.0275862335205667,"NAFR","Northern Africa (excl Egypt)","DZA","Algeria"
2055,"NAF","North Africa","MORT",NA,Inf,0.80542166116548,0.0275862335205667,"NAFR","Northern Africa (excl Egypt)","ESH","Western Sahara"
2055,"NAF","North Africa","MORT",NA,Inf,0.80542166116548,0.0275862335205667,"NAFR","Northern Africa (excl Egypt)","LBY","Libyan Arab Jamahiriya"
2055,"NAF","North Africa","MORT",NA,Inf,0.80542166116548,0.0275862335205667,"NAFR","Northern Africa (excl Egypt)","MAR","Morocco"
2055,"NAF","North Africa","MORT",NA,Inf,0.80542166116548,0.0275862335205667,"NAFR","Northern Africa (excl Egypt)","TUN","Tunisia"
2055,"NAM","North America","MORB",1,1,1,0.649689596071771,"CANA","Canada","CAN","Canada"
2055,"NAM","North America","MORB",1,1,1,0.649689596071771,"USAM","United States of America","USA","United States of America"
2055,"NAM","North America","MORT",NA,Inf,1.00303820329454,0.0330512630050928,"CANA","Canada","CAN","Canada"
2055,"NAM","North America","MORT",NA,Inf,1.00303820329454,0.0330512630050928,"USAM","United States of America","USA","United States of America"
2055,"OCE","Oceania","MORB",1,1,1,0.550355928100027,"AUTR","Australia","AUS","Australia"
2055,"OCE","Oceania","MORB",1,1,1,0.550355928100027,"BRUN","Brunei Darussalam","BRN","Brunei Darussalam"
2055,"OCE","Oceania","MORB",1,1,1,0.550355928100027,"JAPA","Japan","JPN","Japan"
2055,"OCE","Oceania","MORB",1,1,1,0.550355928100027,"KORS","Republic of Korea","KOR","Republic of Korea"
2055,"OCE","Oceania","MORB",1,1,1,0.550355928100027,"NZEL","New Zealand","NZL","New Zealand"
2055,"OCE","Oceania","MORB",1,1,1,0.550355928100027,"SING","Singapore","SGP","Singapore"
2055,"OCE","Oceania","MORB",1,1,1,0.550355928100027,"TAIW","Taiwan","TWN","Taiwan"
2055,"OCE","Oceania","MORT",NA,Inf,1.00317569634483,0.009383914246256,"AUTR","Australia","AUS","Australia"
2055,"OCE","Oceania","MORT",NA,Inf,1.00317569634483,0.009383914246256,"BRUN","Brunei Darussalam","BRN","Brunei Darussalam"
2055,"OCE","Oceania","MORT",NA,Inf,1.00317569634483,0.009383914246256,"JAPA","Japan","JPN","Japan"
2055,"OCE","Oceania","MORT",NA,Inf,1.00317569634483,0.009383914246256,"KORS","Republic of Korea","KOR","Republic of Korea"
2055,"OCE","Oceania","MORT",NA,Inf,1.00317569634483,0.009383914246256,"NZEL","New Zealand","NZL","New Zealand"
2055,"OCE","Oceania","MORT",NA,Inf,1.00317569634483,0.009383914246256,"SING","Singapore","SGP","Singapore"
2055,"OCE","Oceania","MORT",NA,Inf,1.00317569634483,0.009383914246256,"TAIW","Taiwan","TWN","Taiwan"
2055,"RUS","Russian Federation","MORB",1,1,1,0.416340431634043,"RUSS","Russian Federation","RUS","Russian Federation"
2055,"RUS","Russian Federation","MORT",NA,Inf,1.00712600238787,0.0353724229348225,"RUSS","Russian Federation","RUS","Russian Federation"
2055,"SAF","Southern Africa","MORB",1,1,1,0.510221014492754,"RSAF","Remaining Southern Africa","AGO","Angola"
2055,"SAF","Southern Africa","MORB",1,1,1,0.510221014492754,"RSAF","Remaining Southern Africa","BWA","Botswana"
2055,"SAF","Southern Africa","MORB",1,1,1,0.510221014492754,"RSAF","Remaining Southern Africa","LSO","Lesotho"
2055,"SAF","Southern Africa","MORB",1,1,1,0.510221014492754,"RSAF","Remaining Southern Africa","MOZ","Mozambique"
2055,"SAF","Southern Africa","MORB",1,1,1,0.510221014492754,"RSAF","Remaining Southern Africa","MWI","Malawi"
2055,"SAF","Southern Africa","MORB",1,1,1,0.510221014492754,"RSAF","Remaining Southern Africa","NAM","Namibia"
2055,"SAF","Southern Africa","MORB",1,1,1,0.510221014492754,"RSAF","Remaining Southern Africa","SWZ","Swaziland"
2055,"SAF","Southern Africa","MORB",1,1,1,0.510221014492754,"RSAF","Remaining Southern Africa","ZMB","Zambia"
2055,"SAF","Southern Africa","MORB",1,1,1,0.510221014492754,"RSAF","Remaining Southern Africa","ZWE","Zimbabwe"
2055,"SAF","Southern Africa","MORB",1,1,1,0.510221014492754,"SAFR","South Africa","ZAF","South Africa"
2055,"SAF","Southern Africa","MORT",NA,Inf,1.66082384333127,0.198070531848475,"RSAF","Remaining Southern Africa","AGO","Angola"
2055,"SAF","Southern Africa","MORT",NA,Inf,1.66082384333127,0.198070531848475,"RSAF","Remaining Southern Africa","BWA","Botswana"
2055,"SAF","Southern Africa","MORT",NA,Inf,1.66082384333127,0.198070531848475,"RSAF","Remaining Southern Africa","LSO","Lesotho"
2055,"SAF","Southern Africa","MORT",NA,Inf,1.66082384333127,0.198070531848475,"RSAF","Remaining Southern Africa","MOZ","Mozambique"
2055,"SAF","Southern Africa","MORT",NA,Inf,1.66082384333127,0.198070531848475,"RSAF","Remaining Southern Africa","MWI","Malawi"
2055,"SAF","Southern Africa","MORT",NA,Inf,1.66082384333127,0.198070531848475,"RSAF","Remaining Southern Africa","NAM","Namibia"
2055,"SAF","Southern Africa","MORT",NA,Inf,1.66082384333127,0.198070531848475,"RSAF","Remaining Southern Africa","SWZ","Swaziland"
2055,"SAF","Southern Africa","MORT",NA,Inf,1.66082384333127,0.198070531848475,"RSAF","Remaining Southern Africa","ZMB","Zambia"
2055,"SAF","Southern Africa","MORT",NA,Inf,1.66082384333127,0.198070531848475,"RSAF","Remaining Southern Africa","ZWE","Zimbabwe"
2055,"SAF","Southern Africa","MORT",NA,Inf,1.66082384333127,0.198070531848475,"SAFR","South Africa","ZAF","South Africa"
2055,"SAS","South Asia","MORB",1,1,1,0.511986886103794,"AFGH","Afghanistan","AFG","Afghanistan"
2055,"SAS","South Asia","MORB",1,1,1,0.511986886103794,"BANG","Bangladesh","BGD","Bangladesh"
2055,"SAS","South Asia","MORB",1,1,1,0.511986886103794,"BHUT","Bhutan","BTN","Bhutan"
2055,"SAS","South Asia","MORB",1,1,1,0.511986886103794,"INDI","India","IND","India"
2055,"SAS","South Asia","MORB",1,1,1,0.511986886103794,"NEPA","Nepal","NPL","Nepal"
2055,"SAS","South Asia","MORB",1,1,1,0.511986886103794,"PAKI","Pakistan","PAK","Pakistan"
2055,"SAS","South Asia","MORB",1,1,1,0.511986886103794,"SRIL","Sri Lanka","LKA","Sri Lanka"
2055,"SAS","South Asia","MORT",NA,Inf,NA,NA,"AFGH","Afghanistan","AFG","Afghanistan"
2055,"SAS","South Asia","MORT",NA,Inf,NA,NA,"BANG","Bangladesh","BGD","Bangladesh"
2055,"SAS","South Asia","MORT",NA,Inf,NA,NA,"BHUT","Bhutan","BTN","Bhutan"
2055,"SAS","South Asia","MORT",NA,Inf,NA,NA,"INDI","India","IND","India"
2055,"SAS","South Asia","MORT",NA,Inf,NA,NA,"NEPA","Nepal","NPL","Nepal"
2055,"SAS","South Asia","MORT",NA,Inf,NA,NA,"PAKI","Pakistan","PAK","Pakistan"
2055,"SAS","South Asia","MORT",NA,Inf,NA,NA,"SRIL","Sri Lanka","LKA","Sri Lanka"
2055,"SSA","Sub-Saharan Africa","MORB",1,1,1,0.805986490278771,"EAFR","Eastern Africa (excl Kenya, Tanzania)","BDI","Burundi"
2055,"SSA","Sub-Saharan Africa","MORB",1,1,1,0.805986490278771,"EAFR","Eastern Africa (excl Kenya, Tanzania)","COM","Comoros"
2055,"SSA","Sub-Saharan Africa","MORB",1,1,1,0.805986490278771,"EAFR","Eastern Africa (excl Kenya, Tanzania)","DJI","Djibouti"
2055,"SSA","Sub-Saharan Africa","MORB",1,1,1,0.805986490278771,"EAFR","Eastern Africa (excl Kenya, Tanzania)","ERI","Eritrea"
2055,"SSA","Sub-Saharan Africa","MORB",1,1,1,0.805986490278771,"EAFR","Eastern Africa (excl Kenya, Tanzania)","ETH","Ethiopia"
2055,"SSA","Sub-Saharan Africa","MORB",1,1,1,0.805986490278771,"EAFR","Eastern Africa (excl Kenya, Tanzania)","MDG","Madagascar"
2055,"SSA","Sub-Saharan Africa","MORB",1,1,1,0.805986490278771,"EAFR","Eastern Africa (excl Kenya, Tanzania)","MUS","Mauritius"
2055,"SSA","Sub-Saharan Africa","MORB",1,1,1,0.805986490278771,"EAFR","Eastern Africa (excl Kenya, Tanzania)","RWA","Rwanda"
2055,"SSA","Sub-Saharan Africa","MORB",1,1,1,0.805986490278771,"EAFR","Eastern Africa (excl Kenya, Tanzania)","SDN","Sudan"
2055,"SSA","Sub-Saharan Africa","MORB",1,1,1,0.805986490278771,"EAFR","Eastern Africa (excl Kenya, Tanzania)","SOM","Somalia"
2055,"SSA","Sub-Saharan Africa","MORB",1,1,1,0.805986490278771,"EAFR","Eastern Africa (excl Kenya, Tanzania)","UGA","Uganda"
2055,"SSA","Sub-Saharan Africa","MORB",1,1,1,0.805986490278771,"KENY","Kenya","KEN","Kenya"
2055,"SSA","Sub-Saharan Africa","MORB",1,1,1,0.805986490278771,"NIGE","Nigeria","NGA","Nigeria"
2055,"SSA","Sub-Saharan Africa","MORB",1,1,1,0.805986490278771,"TANZ","United Republic of Tanzania","TZA","United Republic of Tanzania"
2055,"SSA","Sub-Saharan Africa","MORB",1,1,1,0.805986490278771,"WAFR","Western Africa (excl Nigeria)","BEN","Benin"
2055,"SSA","Sub-Saharan Africa","MORB",1,1,1,0.805986490278771,"WAFR","Western Africa (excl Nigeria)","BFA","Burkina Faso"
2055,"SSA","Sub-Saharan Africa","MORB",1,1,1,0.805986490278771,"WAFR","Western Africa (excl Nigeria)","CAF","Central African Republic"
2055,"SSA","Sub-Saharan Africa","MORB",1,1,1,0.805986490278771,"WAFR","Western Africa (excl Nigeria)","CIV","Cote d'Ivoire"
2055,"SSA","Sub-Saharan Africa","MORB",1,1,1,0.805986490278771,"WAFR","Western Africa (excl Nigeria)","CMR","Cameroon"
2055,"SSA","Sub-Saharan Africa","MORB",1,1,1,0.805986490278771,"WAFR","Western Africa (excl Nigeria)","COD","Democratic Republic of the Congo"
2055,"SSA","Sub-Saharan Africa","MORB",1,1,1,0.805986490278771,"WAFR","Western Africa (excl Nigeria)","COG","Congo"
2055,"SSA","Sub-Saharan Africa","MORB",1,1,1,0.805986490278771,"WAFR","Western Africa (excl Nigeria)","CPV","Cape Verde"
2055,"SSA","Sub-Saharan Africa","MORB",1,1,1,0.805986490278771,"WAFR","Western Africa (excl Nigeria)","GAB","Gabon"
2055,"SSA","Sub-Saharan Africa","MORB",1,1,1,0.805986490278771,"WAFR","Western Africa (excl Nigeria)","GHA","Ghana"
2055,"SSA","Sub-Saharan Africa","MORB",1,1,1,0.805986490278771,"WAFR","Western Africa (excl Nigeria)","GIN","Guinea"
2055,"SSA","Sub-Saharan Africa","MORB",1,1,1,0.805986490278771,"WAFR","Western Africa (excl Nigeria)","GMB","Gambia"
2055,"SSA","Sub-Saharan Africa","MORB",1,1,1,0.805986490278771,"WAFR","Western Africa (excl Nigeria)","GNB","Guinea-Bissau"
2055,"SSA","Sub-Saharan Africa","MORB",1,1,1,0.805986490278771,"WAFR","Western Africa (excl Nigeria)","GNQ","Equatorial Guinea"
2055,"SSA","Sub-Saharan Africa","MORB",1,1,1,0.805986490278771,"WAFR","Western Africa (excl Nigeria)","LBR","Liberia"
2055,"SSA","Sub-Saharan Africa","MORB",1,1,1,0.805986490278771,"WAFR","Western Africa (excl Nigeria)","MLI","Mali"
2055,"SSA","Sub-Saharan Africa","MORB",1,1,1,0.805986490278771,"WAFR","Western Africa (excl Nigeria)","MRT","Mauritania"
2055,"SSA","Sub-Saharan Africa","MORB",1,1,1,0.805986490278771,"WAFR","Western Africa (excl Nigeria)","NER","Niger"
2055,"SSA","Sub-Saharan Africa","MORB",1,1,1,0.805986490278771,"WAFR","Western Africa (excl Nigeria)","SEN","Senegal"
2055,"SSA","Sub-Saharan Africa","MORB",1,1,1,0.805986490278771,"WAFR","Western Africa (excl Nigeria)","SLE","Sierra Leone"
2055,"SSA","Sub-Saharan Africa","MORB",1,1,1,0.805986490278771,"WAFR","Western Africa (excl Nigeria)","TCD","Chad"
2055,"SSA","Sub-Saharan Africa","MORB",1,1,1,0.805986490278771,"WAFR","Western Africa (excl Nigeria)","TGO","Togo"
2055,"SSA","Sub-Saharan Africa","MORT",NA,Inf,2.99807192281454,1.27238670694864,"EAFR","Eastern Africa (excl Kenya, Tanzania)","BDI","Burundi"
2055,"SSA","Sub-Saharan Africa","MORT",NA,Inf,2.99807192281454,1.27238670694864,"EAFR","Eastern Africa (excl Kenya, Tanzania)","COM","Comoros"
2055,"SSA","Sub-Saharan Africa","MORT",NA,Inf,2.99807192281454,1.27238670694864,"EAFR","Eastern Africa (excl Kenya, Tanzania)","DJI","Djibouti"
2055,"SSA","Sub-Saharan Africa","MORT",NA,Inf,2.99807192281454,1.27238670694864,"EAFR","Eastern Africa (excl Kenya, Tanzania)","ERI","Eritrea"
2055,"SSA","Sub-Saharan Africa","MORT",NA,Inf,2.99807192281454,1.27238670694864,"EAFR","Eastern Africa (excl Kenya, Tanzania)","ETH","Ethiopia"
2055,"SSA","Sub-Saharan Africa","MORT",NA,Inf,2.99807192281454,1.27238670694864,"EAFR","Eastern Africa (excl Kenya, Tanzania)","MDG","Madagascar"
2055,"SSA","Sub-Saharan Africa","MORT",NA,Inf,2.99807192281454,1.27238670694864,"EAFR","Eastern Africa (excl Kenya, Tanzania)","MUS","Mauritius"
2055,"SSA","Sub-Saharan Africa","MORT",NA,Inf,2.99807192281454,1.27238670694864,"EAFR","Eastern Africa (excl Kenya, Tanzania)","RWA","Rwanda"
2055,"SSA","Sub-Saharan Africa","MORT",NA,Inf,2.99807192281454,1.27238670694864,"EAFR","Eastern Africa (excl Kenya, Tanzania)","SDN","Sudan"
2055,"SSA","Sub-Saharan Africa","MORT",NA,Inf,2.99807192281454,1.27238670694864,"EAFR","Eastern Africa (excl Kenya, Tanzania)","SOM","Somalia"
2055,"SSA","Sub-Saharan Africa","MORT",NA,Inf,2.99807192281454,1.27238670694864,"EAFR","Eastern Africa (excl Kenya, Tanzania)","UGA","Uganda"
2055,"SSA","Sub-Saharan Africa","MORT",NA,Inf,2.99807192281454,1.27238670694864,"KENY","Kenya","KEN","Kenya"
2055,"SSA","Sub-Saharan Africa","MORT",NA,Inf,2.99807192281454,1.27238670694864,"NIGE","Nigeria","NGA","Nigeria"
2055,"SSA","Sub-Saharan Africa","MORT",NA,Inf,2.99807192281454,1.27238670694864,"TANZ","United Republic of Tanzania","TZA","United Republic of Tanzania"
2055,"SSA","Sub-Saharan Africa","MORT",NA,Inf,2.99807192281454,1.27238670694864,"WAFR","Western Africa (excl Nigeria)","BEN","Benin"
2055,"SSA","Sub-Saharan Africa","MORT",NA,Inf,2.99807192281454,1.27238670694864,"WAFR","Western Africa (excl Nigeria)","BFA","Burkina Faso"
2055,"SSA","Sub-Saharan Africa","MORT",NA,Inf,2.99807192281454,1.27238670694864,"WAFR","Western Africa (excl Nigeria)","CAF","Central African Republic"
2055,"SSA","Sub-Saharan Africa","MORT",NA,Inf,2.99807192281454,1.27238670694864,"WAFR","Western Africa (excl Nigeria)","CIV","Cote d'Ivoire"
2055,"SSA","Sub-Saharan Africa","MORT",NA,Inf,2.99807192281454,1.27238670694864,"WAFR","Western Africa (excl Nigeria)","CMR","Cameroon"
2055,"SSA","Sub-Saharan Africa","MORT",NA,Inf,2.99807192281454,1.27238670694864,"WAFR","Western Africa (excl Nigeria)","COD","Democratic Republic of the Congo"
2055,"SSA","Sub-Saharan Africa","MORT",NA,Inf,2.99807192281454,1.27238670694864,"WAFR","Western Africa (excl Nigeria)","COG","Congo"
2055,"SSA","Sub-Saharan Africa","MORT",NA,Inf,2.99807192281454,1.27238670694864,"WAFR","Western Africa (excl Nigeria)","CPV","Cape Verde"
2055,"SSA","Sub-Saharan Africa","MORT",NA,Inf,2.99807192281454,1.27238670694864,"WAFR","Western Africa (excl Nigeria)","GAB","Gabon"
2055,"SSA","Sub-Saharan Africa","MORT",NA,Inf,2.99807192281454,1.27238670694864,"WAFR","Western Africa (excl Nigeria)","GHA","Ghana"
2055,"SSA","Sub-Saharan Africa","MORT",NA,Inf,2.99807192281454,1.27238670694864,"WAFR","Western Africa (excl Nigeria)","GIN","Guinea"
2055,"SSA","Sub-Saharan Africa","MORT",NA,Inf,2.99807192281454,1.27238670694864,"WAFR","Western Africa (excl Nigeria)","GMB","Gambia"
2055,"SSA","Sub-Saharan Africa","MORT",NA,Inf,2.99807192281454,1.27238670694864,"WAFR","Western Africa (excl Nigeria)","GNB","Guinea-Bissau"
2055,"SSA","Sub-Saharan Africa","MORT",NA,Inf,2.99807192281454,1.27238670694864,"WAFR","Western Africa (excl Nigeria)","GNQ","Equatorial Guinea"
2055,"SSA","Sub-Saharan Africa","MORT",NA,Inf,2.99807192281454,1.27238670694864,"WAFR","Western Africa (excl Nigeria)","LBR","Liberia"
2055,"SSA","Sub-Saharan Africa","MORT",NA,Inf,2.99807192281454,1.27238670694864,"WAFR","Western Africa (excl Nigeria)","MLI","Mali"
2055,"SSA","Sub-Saharan Africa","MORT",NA,Inf,2.99807192281454,1.27238670694864,"WAFR","Western Africa (excl Nigeria)","MRT","Mauritania"
2055,"SSA","Sub-Saharan Africa","MORT",NA,Inf,2.99807192281454,1.27238670694864,"WAFR","Western Africa (excl Nigeria)","NER","Niger"
2055,"SSA","Sub-Saharan Africa","MORT",NA,Inf,2.99807192281454,1.27238670694864,"WAFR","Western Africa (excl Nigeria)","SEN","Senegal"
2055,"SSA","Sub-Saharan Africa","MORT",NA,Inf,2.99807192281454,1.27238670694864,"WAFR","Western Africa (excl Nigeria)","SLE","Sierra Leone"
2055,"SSA","Sub-Saharan Africa","MORT",NA,Inf,2.99807192281454,1.27238670694864,"WAFR","Western Africa (excl Nigeria)","TCD","Chad"
2055,"SSA","Sub-Saharan Africa","MORT",NA,Inf,2.99807192281454,1.27238670694864,"WAFR","Western Africa (excl Nigeria)","TGO","Togo"
2055,"WAS","Western Asia","MORB",1,1,1,0.536622406838263,"ARME","Armenia","ARM","Armenia"
2055,"WAS","Western Asia","MORB",1,1,1,0.536622406838263,"AZER","Azerbaijan","AZE","Azerbaijan"
2055,"WAS","Western Asia","MORB",1,1,1,0.536622406838263,"BELA","Belarus","BLR","Belarus"
2055,"WAS","Western Asia","MORB",1,1,1,0.536622406838263,"GEOR","Georgia","GEO","Georgia"
2055,"WAS","Western Asia","MORB",1,1,1,0.536622406838263,"MOLD","Republic of Moldova","MDA","Republic of Moldova"
2055,"WAS","Western Asia","MORB",1,1,1,0.536622406838263,"TURK","Turkey","TUR","Turkey"
2055,"WAS","Western Asia","MORB",1,1,1,0.536622406838263,"UKRA","Ukraine","UKR","Ukraine"
2055,"WAS","Western Asia","MORT",NA,Inf,1.06109553431123,0.0117431524964414,"ARME","Armenia","ARM","Armenia"
2055,"WAS","Western Asia","MORT",NA,Inf,1.06109553431123,0.0117431524964414,"AZER","Azerbaijan","AZE","Azerbaijan"
2055,"WAS","Western Asia","MORT",NA,Inf,1.06109553431123,0.0117431524964414,"BELA","Belarus","BLR","Belarus"
2055,"WAS","Western Asia","MORT",NA,Inf,1.06109553431123,0.0117431524964414,"GEOR","Georgia","GEO","Georgia"
2055,"WAS","Western Asia","MORT",NA,Inf,1.06109553431123,0.0117431524964414,"MOLD","Republic of Moldova","MDA","Republic of Moldova"
2055,"WAS","Western Asia","MORT",NA,Inf,1.06109553431123,0.0117431524964414,"TURK","Turkey","TUR","Turkey"
2055,"WAS","Western Asia","MORT",NA,Inf,1.06109553431123,0.0117431524964414,"UKRA","Ukraine","UKR","Ukraine"
2055,"WBK","West Balkan","MORB",1,1,1,0.507024863760218,"ALBA","Albania","ALB","Albania"
2055,"WBK","West Balkan","MORB",1,1,1,0.507024863760218,"BOHE","Bosnia and Herzegovina","BIH","Bosnia and Herzegovina"
2055,"WBK","West Balkan","MORB",1,1,1,0.507024863760218,"KOSO","Kosovo","XKX","Kosovo"
2055,"WBK","West Balkan","MORB",1,1,1,0.507024863760218,"MACE","TFYR Macedonia","MKD","TFYR Macedonia"
2055,"WBK","West Balkan","MORB",1,1,1,0.507024863760218,"MONT","Montenegro","MNE","Montenegro"
2055,"WBK","West Balkan","MORB",1,1,1,0.507024863760218,"SERB","Serbia","SRB","Serbia"
2055,"WBK","West Balkan","MORT",NA,Inf,1.01248169785883,0.0244994998622809,"ALBA","Albania","ALB","Albania"
2055,"WBK","West Balkan","MORT",NA,Inf,1.01248169785883,0.0244994998622809,"BOHE","Bosnia and Herzegovina","BIH","Bosnia and Herzegovina"
2055,"WBK","West Balkan","MORT",NA,Inf,1.01248169785883,0.0244994998622809,"KOSO","Kosovo","XKX","Kosovo"
2055,"WBK","West Balkan","MORT",NA,Inf,1.01248169785883,0.0244994998622809,"MACE","TFYR Macedonia","MKD","TFYR Macedonia"
2055,"WBK","West Balkan","MORT",NA,Inf,1.01248169785883,0.0244994998622809,"MONT","Montenegro","MNE","Montenegro"
2055,"WBK","West Balkan","MORT",NA,Inf,1.01248169785883,0.0244994998622809,"SERB","Serbia","SRB","Serbia"
2060,"CAS","Central Asia","MORB",1,1,1,0.478020697370875,"KAZA","Kazakhstan","KAZ","Kazakhstan"
2060,"CAS","Central Asia","MORB",1,1,1,0.478020697370875,"KYRG","Kyrgyzstan","KGZ","Kyrgyzstan"
2060,"CAS","Central Asia","MORB",1,1,1,0.478020697370875,"TAJI","Tajikistan","TJK","Tajikistan"
2060,"CAS","Central Asia","MORB",1,1,1,0.478020697370875,"TKME","Turkmenistan","TKM","Turkmenistan"
2060,"CAS","Central Asia","MORB",1,1,1,0.478020697370875,"UZBE","Uzbekistan","UZB","Uzbekistan"
2060,"CAS","Central Asia","MORT",NA,Inf,1.05565215100503,0.0833596775468268,"KAZA","Kazakhstan","KAZ","Kazakhstan"
2060,"CAS","Central Asia","MORT",NA,Inf,1.05565215100503,0.0833596775468268,"KYRG","Kyrgyzstan","KGZ","Kyrgyzstan"
2060,"CAS","Central Asia","MORT",NA,Inf,1.05565215100503,0.0833596775468268,"TAJI","Tajikistan","TJK","Tajikistan"
2060,"CAS","Central Asia","MORT",NA,Inf,1.05565215100503,0.0833596775468268,"TKME","Turkmenistan","TKM","Turkmenistan"
2060,"CAS","Central Asia","MORT",NA,Inf,1.05565215100503,0.0833596775468268,"UZBE","Uzbekistan","UZB","Uzbekistan"
2060,"CHI","Centrally Planned Asia","MORB",1,1,1,0.546965129709425,"CHIN","China","CHN","China"
2060,"CHI","Centrally Planned Asia","MORB",1,1,1,0.546965129709425,"KORN","North Korea","PRK","North Korea"
2060,"CHI","Centrally Planned Asia","MORB",1,1,1,0.546965129709425,"MONG","Mongolia","MNG","Mongolia"
2060,"CHI","Centrally Planned Asia","MORT",NA,Inf,1.01043017754114,0.000308225695240814,"CHIN","China","CHN","China"
2060,"CHI","Centrally Planned Asia","MORT",NA,Inf,1.01043017754114,0.000308225695240814,"KORN","North Korea","PRK","North Korea"
2060,"CHI","Centrally Planned Asia","MORT",NA,Inf,1.01043017754114,0.000308225695240814,"MONG","Mongolia","MNG","Mongolia"
2060,"EAS","South East Asia","MORB",1,1,1,0.519620324662871,"CAMB","Cambodia","KHM","Cambodia"
2060,"EAS","South East Asia","MORB",1,1,1,0.519620324662871,"INDO","Indonesia","IDN","Indonesia"
2060,"EAS","South East Asia","MORB",1,1,1,0.519620324662871,"LAOS","Laos","LAO","Laos"
2060,"EAS","South East Asia","MORB",1,1,1,0.519620324662871,"MALA","Malaysia","MYS","Malaysia"
2060,"EAS","South East Asia","MORB",1,1,1,0.519620324662871,"MYAN","Myanmar","MMR","Myanmar"
2060,"EAS","South East Asia","MORB",1,1,1,0.519620324662871,"PHIL","Philippines","PHL","Philippines"
2060,"EAS","South East Asia","MORB",1,1,1,0.519620324662871,"THAI","Thailand","THA","Thailand"
2060,"EAS","South East Asia","MORB",1,1,1,0.519620324662871,"VIET","Vietnam","VNM","Vietnam"
2060,"EAS","South East Asia","MORT",NA,Inf,1.04595500138434,0.0280351016748345,"CAMB","Cambodia","KHM","Cambodia"
2060,"EAS","South East Asia","MORT",NA,Inf,1.04595500138434,0.0280351016748345,"INDO","Indonesia","IDN","Indonesia"
2060,"EAS","South East Asia","MORT",NA,Inf,1.04595500138434,0.0280351016748345,"LAOS","Laos","LAO","Laos"
2060,"EAS","South East Asia","MORT",NA,Inf,1.04595500138434,0.0280351016748345,"MALA","Malaysia","MYS","Malaysia"
2060,"EAS","South East Asia","MORT",NA,Inf,1.04595500138434,0.0280351016748345,"MYAN","Myanmar","MMR","Myanmar"
2060,"EAS","South East Asia","MORT",NA,Inf,1.04595500138434,0.0280351016748345,"PHIL","Philippines","PHL","Philippines"
2060,"EAS","South East Asia","MORT",NA,Inf,1.04595500138434,0.0280351016748345,"THAI","Thailand","THA","Thailand"
2060,"EAS","South East Asia","MORT",NA,Inf,1.04595500138434,0.0280351016748345,"VIET","Vietnam","VNM","Vietnam"
2060,"EUR","EU, EFTA, UK","MORB",1,1,1,0.564325148614626,"AUST","Austria","AUT","Austria"
2060,"EUR","EU, EFTA, UK","MORB",1,1,1,0.564325148614626,"BELG","Belgium","BEL","Belgium"
2060,"EUR","EU, EFTA, UK","MORB",1,1,1,0.564325148614626,"BULG","Bulgaria","BGR","Bulgaria"
2060,"EUR","EU, EFTA, UK","MORB",1,1,1,0.564325148614626,"CROA","Croatia","HRV","Croatia"
2060,"EUR","EU, EFTA, UK","MORB",1,1,1,0.564325148614626,"CYPR","Cyprus","CYP","Cyprus"
2060,"EUR","EU, EFTA, UK","MORB",1,1,1,0.564325148614626,"CZRE","Czech Republic","CZE","Czech Republic"
2060,"EUR","EU, EFTA, UK","MORB",1,1,1,0.564325148614626,"DENM","Denmark","DNK","Denmark"
2060,"EUR","EU, EFTA, UK","MORB",1,1,1,0.564325148614626,"ESTO","Estonia","EST","Estonia"
2060,"EUR","EU, EFTA, UK","MORB",1,1,1,0.564325148614626,"FINL","Finland","FIN","Finland"
2060,"EUR","EU, EFTA, UK","MORB",1,1,1,0.564325148614626,"FRAN","France","FRA","France"
2060,"EUR","EU, EFTA, UK","MORB",1,1,1,0.564325148614626,"GERM","Germany","DEU","Germany"
2060,"EUR","EU, EFTA, UK","MORB",1,1,1,0.564325148614626,"GREE","Greece","GRC","Greece"
2060,"EUR","EU, EFTA, UK","MORB",1,1,1,0.564325148614626,"HUNG","Hungary","HUN","Hungary"
2060,"EUR","EU, EFTA, UK","MORB",1,1,1,0.564325148614626,"ICEL","Iceland","ISL","Iceland"
2060,"EUR","EU, EFTA, UK","MORB",1,1,1,0.564325148614626,"IREL","Ireland","IRL","Ireland"
2060,"EUR","EU, EFTA, UK","MORB",1,1,1,0.564325148614626,"ITAL","Italy","ITA","Italy"
2060,"EUR","EU, EFTA, UK","MORB",1,1,1,0.564325148614626,"LATV","Latvia","LVA","Latvia"
2060,"EUR","EU, EFTA, UK","MORB",1,1,1,0.564325148614626,"LITH","Lithuania","LTU","Lithuania"
2060,"EUR","EU, EFTA, UK","MORB",1,1,1,0.564325148614626,"LUXE","Luxembourg","LUX","Luxembourg"
2060,"EUR","EU, EFTA, UK","MORB",1,1,1,0.564325148614626,"MALT","Malta","MLT","Malta"
2060,"EUR","EU, EFTA, UK","MORB",1,1,1,0.564325148614626,"NETH","Netherlands","NLD","Netherlands"
2060,"EUR","EU, EFTA, UK","MORB",1,1,1,0.564325148614626,"NORW","Norway","NOR","Norway"
2060,"EUR","EU, EFTA, UK","MORB",1,1,1,0.564325148614626,"POLA","Poland","POL","Poland"
2060,"EUR","EU, EFTA, UK","MORB",1,1,1,0.564325148614626,"PORT","Portugal","PRT","Portugal"
2060,"EUR","EU, EFTA, UK","MORB",1,1,1,0.564325148614626,"ROMA","Romania","ROU","Romania"
2060,"EUR","EU, EFTA, UK","MORB",1,1,1,0.564325148614626,"SKRE","Slovakia","SVK","Slovakia"
2060,"EUR","EU, EFTA, UK","MORB",1,1,1,0.564325148614626,"SLOV","Slovenia","SVN","Slovenia"
2060,"EUR","EU, EFTA, UK","MORB",1,1,1,0.564325148614626,"SPAI","Spain","ESP","Spain"
2060,"EUR","EU, EFTA, UK","MORB",1,1,1,0.564325148614626,"SWED","Sweden","SWE","Sweden"
2060,"EUR","EU, EFTA, UK","MORB",1,1,1,0.564325148614626,"SWIT","Switzerland","CHE","Switzerland"
2060,"EUR","EU, EFTA, UK","MORB",1,1,1,0.564325148614626,"UNKI","United Kingdom","GBR","United Kingdom"
2060,"EUR","EU, EFTA, UK","MORT",NA,Inf,1.00383818420948,0.0156669399883663,"AUST","Austria","AUT","Austria"
2060,"EUR","EU, EFTA, UK","MORT",NA,Inf,1.00383818420948,0.0156669399883663,"BELG","Belgium","BEL","Belgium"
2060,"EUR","EU, EFTA, UK","MORT",NA,Inf,1.00383818420948,0.0156669399883663,"BULG","Bulgaria","BGR","Bulgaria"
2060,"EUR","EU, EFTA, UK","MORT",NA,Inf,1.00383818420948,0.0156669399883663,"CROA","Croatia","HRV","Croatia"
2060,"EUR","EU, EFTA, UK","MORT",NA,Inf,1.00383818420948,0.0156669399883663,"CYPR","Cyprus","CYP","Cyprus"
2060,"EUR","EU, EFTA, UK","MORT",NA,Inf,1.00383818420948,0.0156669399883663,"CZRE","Czech Republic","CZE","Czech Republic"
2060,"EUR","EU, EFTA, UK","MORT",NA,Inf,1.00383818420948,0.0156669399883663,"DENM","Denmark","DNK","Denmark"
2060,"EUR","EU, EFTA, UK","MORT",NA,Inf,1.00383818420948,0.0156669399883663,"ESTO","Estonia","EST","Estonia"
2060,"EUR","EU, EFTA, UK","MORT",NA,Inf,1.00383818420948,0.0156669399883663,"FINL","Finland","FIN","Finland"
2060,"EUR","EU, EFTA, UK","MORT",NA,Inf,1.00383818420948,0.0156669399883663,"FRAN","France","FRA","France"
2060,"EUR","EU, EFTA, UK","MORT",NA,Inf,1.00383818420948,0.0156669399883663,"GERM","Germany","DEU","Germany"
2060,"EUR","EU, EFTA, UK","MORT",NA,Inf,1.00383818420948,0.0156669399883663,"GREE","Greece","GRC","Greece"
2060,"EUR","EU, EFTA, UK","MORT",NA,Inf,1.00383818420948,0.0156669399883663,"HUNG","Hungary","HUN","Hungary"
2060,"EUR","EU, EFTA, UK","MORT",NA,Inf,1.00383818420948,0.0156669399883663,"ICEL","Iceland","ISL","Iceland"
2060,"EUR","EU, EFTA, UK","MORT",NA,Inf,1.00383818420948,0.0156669399883663,"IREL","Ireland","IRL","Ireland"
2060,"EUR","EU, EFTA, UK","MORT",NA,Inf,1.00383818420948,0.0156669399883663,"ITAL","Italy","ITA","Italy"
2060,"EUR","EU, EFTA, UK","MORT",NA,Inf,1.00383818420948,0.0156669399883663,"LATV","Latvia","LVA","Latvia"
2060,"EUR","EU, EFTA, UK","MORT",NA,Inf,1.00383818420948,0.0156669399883663,"LITH","Lithuania","LTU","Lithuania"
2060,"EUR","EU, EFTA, UK","MORT",NA,Inf,1.00383818420948,0.0156669399883663,"LUXE","Luxembourg","LUX","Luxembourg"
2060,"EUR","EU, EFTA, UK","MORT",NA,Inf,1.00383818420948,0.0156669399883663,"MALT","Malta","MLT","Malta"
2060,"EUR","EU, EFTA, UK","MORT",NA,Inf,1.00383818420948,0.0156669399883663,"NETH","Netherlands","NLD","Netherlands"
2060,"EUR","EU, EFTA, UK","MORT",NA,Inf,1.00383818420948,0.0156669399883663,"NORW","Norway","NOR","Norway"
2060,"EUR","EU, EFTA, UK","MORT",NA,Inf,1.00383818420948,0.0156669399883663,"POLA","Poland","POL","Poland"
2060,"EUR","EU, EFTA, UK","MORT",NA,Inf,1.00383818420948,0.0156669399883663,"PORT","Portugal","PRT","Portugal"
2060,"EUR","EU, EFTA, UK","MORT",NA,Inf,1.00383818420948,0.0156669399883663,"ROMA","Romania","ROU","Romania"
2060,"EUR","EU, EFTA, UK","MORT",NA,Inf,1.00383818420948,0.0156669399883663,"SKRE","Slovakia","SVK","Slovakia"
2060,"EUR","EU, EFTA, UK","MORT",NA,Inf,1.00383818420948,0.0156669399883663,"SLOV","Slovenia","SVN","Slovenia"
2060,"EUR","EU, EFTA, UK","MORT",NA,Inf,1.00383818420948,0.0156669399883663,"SPAI","Spain","ESP","Spain"
2060,"EUR","EU, EFTA, UK","MORT",NA,Inf,1.00383818420948,0.0156669399883663,"SWED","Sweden","SWE","Sweden"
2060,"EUR","EU, EFTA, UK","MORT",NA,Inf,1.00383818420948,0.0156669399883663,"SWIT","Switzerland","CHE","Switzerland"
2060,"EUR","EU, EFTA, UK","MORT",NA,Inf,1.00383818420948,0.0156669399883663,"UNKI","United Kingdom","GBR","United Kingdom"
2060,"LAC","Latin America & Caribbean","MORB",1,1,1,0.621109162847524,"ARGE","Argentina","ARG","Argentina"
2060,"LAC","Latin America & Caribbean","MORB",1,1,1,0.621109162847524,"BOLV","Bolivia (Plurinational State of)","BOL","Bolivia (Plurinational State of)"
2060,"LAC","Latin America & Caribbean","MORB",1,1,1,0.621109162847524,"BRAZ","Brazil","BRA","Brazil"
2060,"LAC","Latin America & Caribbean","MORB",1,1,1,0.621109162847524,"CARB","Caribbean","ABW","Aruba"
2060,"LAC","Latin America & Caribbean","MORB",1,1,1,0.621109162847524,"CARB","Caribbean","BHS","Bahamas"
2060,"LAC","Latin America & Caribbean","MORB",1,1,1,0.621109162847524,"CARB","Caribbean","BRB","Barbados"
2060,"LAC","Latin America & Caribbean","MORB",1,1,1,0.621109162847524,"CARB","Caribbean","CUB","Cuba"
2060,"LAC","Latin America & Caribbean","MORB",1,1,1,0.621109162847524,"CARB","Caribbean","DOM","Dominican Republic"
2060,"LAC","Latin America & Caribbean","MORB",1,1,1,0.621109162847524,"CARB","Caribbean","GLP","Guadeloupe"
2060,"LAC","Latin America & Caribbean","MORB",1,1,1,0.621109162847524,"CARB","Caribbean","GRD","Grenada"
2060,"LAC","Latin America & Caribbean","MORB",1,1,1,0.621109162847524,"CARB","Caribbean","GUF","French Guiana"
2060,"LAC","Latin America & Caribbean","MORB",1,1,1,0.621109162847524,"CARB","Caribbean","GUY","Guyana"
2060,"LAC","Latin America & Caribbean","MORB",1,1,1,0.621109162847524,"CARB","Caribbean","HTI","Haiti"
2060,"LAC","Latin America & Caribbean","MORB",1,1,1,0.621109162847524,"CARB","Caribbean","JAM","Jamaica"
2060,"LAC","Latin America & Caribbean","MORB",1,1,1,0.621109162847524,"CARB","Caribbean","LCA","Saint Lucia"
2060,"LAC","Latin America & Caribbean","MORB",1,1,1,0.621109162847524,"CARB","Caribbean","MTQ","Martinique"
2060,"LAC","Latin America & Caribbean","MORB",1,1,1,0.621109162847524,"CARB","Caribbean","PRI","Puerto Rico"
2060,"LAC","Latin America & Caribbean","MORB",1,1,1,0.621109162847524,"CARB","Caribbean","SUR","Suriname"
2060,"LAC","Latin America & Caribbean","MORB",1,1,1,0.621109162847524,"CARB","Caribbean","TTO","Trinidad and Tobago"
2060,"LAC","Latin America & Caribbean","MORB",1,1,1,0.621109162847524,"CARB","Caribbean","VCT","Saint Vincent and the Grenadines"
2060,"LAC","Latin America & Caribbean","MORB",1,1,1,0.621109162847524,"CARB","Caribbean","VIR","United States Virgin Islands"
2060,"LAC","Latin America & Caribbean","MORB",1,1,1,0.621109162847524,"CEAM","Central America","BLZ","Belize"
2060,"LAC","Latin America & Caribbean","MORB",1,1,1,0.621109162847524,"CEAM","Central America","CRI","Costa Rica"
2060,"LAC","Latin America & Caribbean","MORB",1,1,1,0.621109162847524,"CEAM","Central America","GTM","Guatemala"
2060,"LAC","Latin America & Caribbean","MORB",1,1,1,0.621109162847524,"CEAM","Central America","HND","Honduras"
2060,"LAC","Latin America & Caribbean","MORB",1,1,1,0.621109162847524,"CEAM","Central America","NIC","Nicaragua"
2060,"LAC","Latin America & Caribbean","MORB",1,1,1,0.621109162847524,"CEAM","Central America","PAN","Panama"
2060,"LAC","Latin America & Caribbean","MORB",1,1,1,0.621109162847524,"CEAM","Central America","SLV","El Salvador"
2060,"LAC","Latin America & Caribbean","MORB",1,1,1,0.621109162847524,"CHIL","Chile","CHL","Chile"
2060,"LAC","Latin America & Caribbean","MORB",1,1,1,0.621109162847524,"COLO","Colombia","COL","Colombia"
2060,"LAC","Latin America & Caribbean","MORB",1,1,1,0.621109162847524,"ECUA","Ecuador","ECU","Ecuador"
2060,"LAC","Latin America & Caribbean","MORB",1,1,1,0.621109162847524,"MEXI","Mexico","MEX","Mexico"
2060,"LAC","Latin America & Caribbean","MORB",1,1,1,0.621109162847524,"PARA","Paraguay","PRY","Paraguay"
2060,"LAC","Latin America & Caribbean","MORB",1,1,1,0.621109162847524,"PERU","Peru","PER","Peru"
2060,"LAC","Latin America & Caribbean","MORB",1,1,1,0.621109162847524,"URUG","Uruguay","URY","Uruguay"
2060,"LAC","Latin America & Caribbean","MORB",1,1,1,0.621109162847524,"VENE","Venezuela (Bolivarian Republic of)","VEN","Venezuela (Bolivarian Republic of)"
2060,"LAC","Latin America & Caribbean","MORT",NA,Inf,1.10322693573904,0.0302738424989632,"ARGE","Argentina","ARG","Argentina"
2060,"LAC","Latin America & Caribbean","MORT",NA,Inf,1.10322693573904,0.0302738424989632,"BOLV","Bolivia (Plurinational State of)","BOL","Bolivia (Plurinational State of)"
2060,"LAC","Latin America & Caribbean","MORT",NA,Inf,1.10322693573904,0.0302738424989632,"BRAZ","Brazil","BRA","Brazil"
2060,"LAC","Latin America & Caribbean","MORT",NA,Inf,1.10322693573904,0.0302738424989632,"CARB","Caribbean","ABW","Aruba"
2060,"LAC","Latin America & Caribbean","MORT",NA,Inf,1.10322693573904,0.0302738424989632,"CARB","Caribbean","BHS","Bahamas"
2060,"LAC","Latin America & Caribbean","MORT",NA,Inf,1.10322693573904,0.0302738424989632,"CARB","Caribbean","BRB","Barbados"
2060,"LAC","Latin America & Caribbean","MORT",NA,Inf,1.10322693573904,0.0302738424989632,"CARB","Caribbean","CUB","Cuba"
2060,"LAC","Latin America & Caribbean","MORT",NA,Inf,1.10322693573904,0.0302738424989632,"CARB","Caribbean","DOM","Dominican Republic"
2060,"LAC","Latin America & Caribbean","MORT",NA,Inf,1.10322693573904,0.0302738424989632,"CARB","Caribbean","GLP","Guadeloupe"
2060,"LAC","Latin America & Caribbean","MORT",NA,Inf,1.10322693573904,0.0302738424989632,"CARB","Caribbean","GRD","Grenada"
2060,"LAC","Latin America & Caribbean","MORT",NA,Inf,1.10322693573904,0.0302738424989632,"CARB","Caribbean","GUF","French Guiana"
2060,"LAC","Latin America & Caribbean","MORT",NA,Inf,1.10322693573904,0.0302738424989632,"CARB","Caribbean","GUY","Guyana"
2060,"LAC","Latin America & Caribbean","MORT",NA,Inf,1.10322693573904,0.0302738424989632,"CARB","Caribbean","HTI","Haiti"
2060,"LAC","Latin America & Caribbean","MORT",NA,Inf,1.10322693573904,0.0302738424989632,"CARB","Caribbean","JAM","Jamaica"
2060,"LAC","Latin America & Caribbean","MORT",NA,Inf,1.10322693573904,0.0302738424989632,"CARB","Caribbean","LCA","Saint Lucia"
2060,"LAC","Latin America & Caribbean","MORT",NA,Inf,1.10322693573904,0.0302738424989632,"CARB","Caribbean","MTQ","Martinique"
2060,"LAC","Latin America & Caribbean","MORT",NA,Inf,1.10322693573904,0.0302738424989632,"CARB","Caribbean","PRI","Puerto Rico"
2060,"LAC","Latin America & Caribbean","MORT",NA,Inf,1.10322693573904,0.0302738424989632,"CARB","Caribbean","SUR","Suriname"
2060,"LAC","Latin America & Caribbean","MORT",NA,Inf,1.10322693573904,0.0302738424989632,"CARB","Caribbean","TTO","Trinidad and Tobago"
2060,"LAC","Latin America & Caribbean","MORT",NA,Inf,1.10322693573904,0.0302738424989632,"CARB","Caribbean","VCT","Saint Vincent and the Grenadines"
2060,"LAC","Latin America & Caribbean","MORT",NA,Inf,1.10322693573904,0.0302738424989632,"CARB","Caribbean","VIR","United States Virgin Islands"
2060,"LAC","Latin America & Caribbean","MORT",NA,Inf,1.10322693573904,0.0302738424989632,"CEAM","Central America","BLZ","Belize"
2060,"LAC","Latin America & Caribbean","MORT",NA,Inf,1.10322693573904,0.0302738424989632,"CEAM","Central America","CRI","Costa Rica"
2060,"LAC","Latin America & Caribbean","MORT",NA,Inf,1.10322693573904,0.0302738424989632,"CEAM","Central America","GTM","Guatemala"
2060,"LAC","Latin America & Caribbean","MORT",NA,Inf,1.10322693573904,0.0302738424989632,"CEAM","Central America","HND","Honduras"
2060,"LAC","Latin America & Caribbean","MORT",NA,Inf,1.10322693573904,0.0302738424989632,"CEAM","Central America","NIC","Nicaragua"
2060,"LAC","Latin America & Caribbean","MORT",NA,Inf,1.10322693573904,0.0302738424989632,"CEAM","Central America","PAN","Panama"
2060,"LAC","Latin America & Caribbean","MORT",NA,Inf,1.10322693573904,0.0302738424989632,"CEAM","Central America","SLV","El Salvador"
2060,"LAC","Latin America & Caribbean","MORT",NA,Inf,1.10322693573904,0.0302738424989632,"CHIL","Chile","CHL","Chile"
2060,"LAC","Latin America & Caribbean","MORT",NA,Inf,1.10322693573904,0.0302738424989632,"COLO","Colombia","COL","Colombia"
2060,"LAC","Latin America & Caribbean","MORT",NA,Inf,1.10322693573904,0.0302738424989632,"ECUA","Ecuador","ECU","Ecuador"
2060,"LAC","Latin America & Caribbean","MORT",NA,Inf,1.10322693573904,0.0302738424989632,"MEXI","Mexico","MEX","Mexico"
2060,"LAC","Latin America & Caribbean","MORT",NA,Inf,1.10322693573904,0.0302738424989632,"PARA","Paraguay","PRY","Paraguay"
2060,"LAC","Latin America & Caribbean","MORT",NA,Inf,1.10322693573904,0.0302738424989632,"PERU","Peru","PER","Peru"
2060,"LAC","Latin America & Caribbean","MORT",NA,Inf,1.10322693573904,0.0302738424989632,"URUG","Uruguay","URY","Uruguay"
2060,"LAC","Latin America & Caribbean","MORT",NA,Inf,1.10322693573904,0.0302738424989632,"VENE","Venezuela (Bolivarian Republic of)","VEN","Venezuela (Bolivarian Republic of)"
2060,"MEA","Middle East","MORB",1.57354217671934,1.56147642885559,1.44725392853323,0.660766925441604,"ISRA","Israel","ISR","Israel"
2060,"MEA","Middle East","MORB",1.57354217671934,1.56147642885559,1.44725392853323,0.660766925441604,"MIDE","Middle East","ARE","United Arab Emirates"
2060,"MEA","Middle East","MORB",1.57354217671934,1.56147642885559,1.44725392853323,0.660766925441604,"MIDE","Middle East","BHR","Bahrain"
2060,"MEA","Middle East","MORB",1.57354217671934,1.56147642885559,1.44725392853323,0.660766925441604,"MIDE","Middle East","IRQ","Iraq"
2060,"MEA","Middle East","MORB",1.57354217671934,1.56147642885559,1.44725392853323,0.660766925441604,"MIDE","Middle East","JOR","Jordan"
2060,"MEA","Middle East","MORB",1.57354217671934,1.56147642885559,1.44725392853323,0.660766925441604,"MIDE","Middle East","KWT","Kuwait"
2060,"MEA","Middle East","MORB",1.57354217671934,1.56147642885559,1.44725392853323,0.660766925441604,"MIDE","Middle East","LBN","Lebanon"
2060,"MEA","Middle East","MORB",1.57354217671934,1.56147642885559,1.44725392853323,0.660766925441604,"MIDE","Middle East","OMN","Oman"
2060,"MEA","Middle East","MORB",1.57354217671934,1.56147642885559,1.44725392853323,0.660766925441604,"MIDE","Middle East","PSE","Occupied Palestinian Territory"
2060,"MEA","Middle East","MORB",1.57354217671934,1.56147642885559,1.44725392853323,0.660766925441604,"MIDE","Middle East","QAT","Qatar"
2060,"MEA","Middle East","MORB",1.57354217671934,1.56147642885559,1.44725392853323,0.660766925441604,"MIDE","Middle East","SYR","Syrian Arab Republic"
2060,"MEA","Middle East","MORB",1.57354217671934,1.56147642885559,1.44725392853323,0.660766925441604,"MIDE","Middle East","YEM","Yemen"
2060,"MEA","Middle East","MORB",1.57354217671934,1.56147642885559,1.44725392853323,0.660766925441604,"SAAR","Saudi Arabia","SAU","Saudi Arabia"
2060,"MEA","Middle East","MORT",NA,Inf,1.48132673755832,0.0162807673741784,"ISRA","Israel","ISR","Israel"
2060,"MEA","Middle East","MORT",NA,Inf,1.48132673755832,0.0162807673741784,"MIDE","Middle East","ARE","United Arab Emirates"
2060,"MEA","Middle East","MORT",NA,Inf,1.48132673755832,0.0162807673741784,"MIDE","Middle East","BHR","Bahrain"
2060,"MEA","Middle East","MORT",NA,Inf,1.48132673755832,0.0162807673741784,"MIDE","Middle East","IRQ","Iraq"
2060,"MEA","Middle East","MORT",NA,Inf,1.48132673755832,0.0162807673741784,"MIDE","Middle East","JOR","Jordan"
2060,"MEA","Middle East","MORT",NA,Inf,1.48132673755832,0.0162807673741784,"MIDE","Middle East","KWT","Kuwait"
2060,"MEA","Middle East","MORT",NA,Inf,1.48132673755832,0.0162807673741784,"MIDE","Middle East","LBN","Lebanon"
2060,"MEA","Middle East","MORT",NA,Inf,1.48132673755832,0.0162807673741784,"MIDE","Middle East","OMN","Oman"
2060,"MEA","Middle East","MORT",NA,Inf,1.48132673755832,0.0162807673741784,"MIDE","Middle East","PSE","Occupied Palestinian Territory"
2060,"MEA","Middle East","MORT",NA,Inf,1.48132673755832,0.0162807673741784,"MIDE","Middle East","QAT","Qatar"
2060,"MEA","Middle East","MORT",NA,Inf,1.48132673755832,0.0162807673741784,"MIDE","Middle East","SYR","Syrian Arab Republic"
2060,"MEA","Middle East","MORT",NA,Inf,1.48132673755832,0.0162807673741784,"MIDE","Middle East","YEM","Yemen"
2060,"MEA","Middle East","MORT",NA,Inf,1.48132673755832,0.0162807673741784,"SAAR","Saudi Arabia","SAU","Saudi Arabia"
2060,"NAF","North Africa","MORB",0.697673531878949,0.727620146592312,0.748833522083805,0.356436062829288,"EGYP","Egypt","EGY","Egypt"
2060,"NAF","North Africa","MORB",0.697673531878949,0.727620146592312,0.748833522083805,0.356436062829288,"IRAN","Iran","IRN","Iran"
2060,"NAF","North Africa","MORB",0.697673531878949,0.727620146592312,0.748833522083805,0.356436062829288,"NAFR","Northern Africa (excl Egypt)","DZA","Algeria"
2060,"NAF","North Africa","MORB",0.697673531878949,0.727620146592312,0.748833522083805,0.356436062829288,"NAFR","Northern Africa (excl Egypt)","ESH","Western Sahara"
2060,"NAF","North Africa","MORB",0.697673531878949,0.727620146592312,0.748833522083805,0.356436062829288,"NAFR","Northern Africa (excl Egypt)","LBY","Libyan Arab Jamahiriya"
2060,"NAF","North Africa","MORB",0.697673531878949,0.727620146592312,0.748833522083805,0.356436062829288,"NAFR","Northern Africa (excl Egypt)","MAR","Morocco"
2060,"NAF","North Africa","MORB",0.697673531878949,0.727620146592312,0.748833522083805,0.356436062829288,"NAFR","Northern Africa (excl Egypt)","TUN","Tunisia"
2060,"NAF","North Africa","MORT",NA,Inf,0.813694337903525,0.0239853136412637,"EGYP","Egypt","EGY","Egypt"
2060,"NAF","North Africa","MORT",NA,Inf,0.813694337903525,0.0239853136412637,"IRAN","Iran","IRN","Iran"
2060,"NAF","North Africa","MORT",NA,Inf,0.813694337903525,0.0239853136412637,"NAFR","Northern Africa (excl Egypt)","DZA","Algeria"
2060,"NAF","North Africa","MORT",NA,Inf,0.813694337903525,0.0239853136412637,"NAFR","Northern Africa (excl Egypt)","ESH","Western Sahara"
2060,"NAF","North Africa","MORT",NA,Inf,0.813694337903525,0.0239853136412637,"NAFR","Northern Africa (excl Egypt)","LBY","Libyan Arab Jamahiriya"
2060,"NAF","North Africa","MORT",NA,Inf,0.813694337903525,0.0239853136412637,"NAFR","Northern Africa (excl Egypt)","MAR","Morocco"
2060,"NAF","North Africa","MORT",NA,Inf,0.813694337903525,0.0239853136412637,"NAFR","Northern Africa (excl Egypt)","TUN","Tunisia"
2060,"NAM","North America","MORB",1,1,1,0.649595609182999,"CANA","Canada","CAN","Canada"
2060,"NAM","North America","MORB",1,1,1,0.649595609182999,"USAM","United States of America","USA","United States of America"
2060,"NAM","North America","MORT",NA,Inf,1.00332853777152,0.0293996792346204,"CANA","Canada","CAN","Canada"
2060,"NAM","North America","MORT",NA,Inf,1.00332853777152,0.0293996792346204,"USAM","United States of America","USA","United States of America"
2060,"OCE","Oceania","MORB",1,1,1,0.55682582313439,"AUTR","Australia","AUS","Australia"
2060,"OCE","Oceania","MORB",1,1,1,0.55682582313439,"BRUN","Brunei Darussalam","BRN","Brunei Darussalam"
2060,"OCE","Oceania","MORB",1,1,1,0.55682582313439,"JAPA","Japan","JPN","Japan"
2060,"OCE","Oceania","MORB",1,1,1,0.55682582313439,"KORS","Republic of Korea","KOR","Republic of Korea"
2060,"OCE","Oceania","MORB",1,1,1,0.55682582313439,"NZEL","New Zealand","NZL","New Zealand"
2060,"OCE","Oceania","MORB",1,1,1,0.55682582313439,"SING","Singapore","SGP","Singapore"
2060,"OCE","Oceania","MORB",1,1,1,0.55682582313439,"TAIW","Taiwan","TWN","Taiwan"
2060,"OCE","Oceania","MORT",NA,Inf,1.002911160866,0.00735567888771165,"AUTR","Australia","AUS","Australia"
2060,"OCE","Oceania","MORT",NA,Inf,1.002911160866,0.00735567888771165,"BRUN","Brunei Darussalam","BRN","Brunei Darussalam"
2060,"OCE","Oceania","MORT",NA,Inf,1.002911160866,0.00735567888771165,"JAPA","Japan","JPN","Japan"
2060,"OCE","Oceania","MORT",NA,Inf,1.002911160866,0.00735567888771165,"KORS","Republic of Korea","KOR","Republic of Korea"
2060,"OCE","Oceania","MORT",NA,Inf,1.002911160866,0.00735567888771165,"NZEL","New Zealand","NZL","New Zealand"
2060,"OCE","Oceania","MORT",NA,Inf,1.002911160866,0.00735567888771165,"SING","Singapore","SGP","Singapore"
2060,"OCE","Oceania","MORT",NA,Inf,1.002911160866,0.00735567888771165,"TAIW","Taiwan","TWN","Taiwan"
2060,"RUS","Russian Federation","MORB",1,1,1,0.419373070736055,"RUSS","Russian Federation","RUS","Russian Federation"
2060,"RUS","Russian Federation","MORT",NA,Inf,1.00815235584029,0.0324137256214691,"RUSS","Russian Federation","RUS","Russian Federation"
2060,"SAF","Southern Africa","MORB",1,1,1,0.502952103624862,"RSAF","Remaining Southern Africa","AGO","Angola"
2060,"SAF","Southern Africa","MORB",1,1,1,0.502952103624862,"RSAF","Remaining Southern Africa","BWA","Botswana"
2060,"SAF","Southern Africa","MORB",1,1,1,0.502952103624862,"RSAF","Remaining Southern Africa","LSO","Lesotho"
2060,"SAF","Southern Africa","MORB",1,1,1,0.502952103624862,"RSAF","Remaining Southern Africa","MOZ","Mozambique"
2060,"SAF","Southern Africa","MORB",1,1,1,0.502952103624862,"RSAF","Remaining Southern Africa","MWI","Malawi"
2060,"SAF","Southern Africa","MORB",1,1,1,0.502952103624862,"RSAF","Remaining Southern Africa","NAM","Namibia"
2060,"SAF","Southern Africa","MORB",1,1,1,0.502952103624862,"RSAF","Remaining Southern Africa","SWZ","Swaziland"
2060,"SAF","Southern Africa","MORB",1,1,1,0.502952103624862,"RSAF","Remaining Southern Africa","ZMB","Zambia"
2060,"SAF","Southern Africa","MORB",1,1,1,0.502952103624862,"RSAF","Remaining Southern Africa","ZWE","Zimbabwe"
2060,"SAF","Southern Africa","MORB",1,1,1,0.502952103624862,"SAFR","South Africa","ZAF","South Africa"
2060,"SAF","Southern Africa","MORT",NA,Inf,1.61192344605657,0.169227500567789,"RSAF","Remaining Southern Africa","AGO","Angola"
2060,"SAF","Southern Africa","MORT",NA,Inf,1.61192344605657,0.169227500567789,"RSAF","Remaining Southern Africa","BWA","Botswana"
2060,"SAF","Southern Africa","MORT",NA,Inf,1.61192344605657,0.169227500567789,"RSAF","Remaining Southern Africa","LSO","Lesotho"
2060,"SAF","Southern Africa","MORT",NA,Inf,1.61192344605657,0.169227500567789,"RSAF","Remaining Southern Africa","MOZ","Mozambique"
2060,"SAF","Southern Africa","MORT",NA,Inf,1.61192344605657,0.169227500567789,"RSAF","Remaining Southern Africa","MWI","Malawi"
2060,"SAF","Southern Africa","MORT",NA,Inf,1.61192344605657,0.169227500567789,"RSAF","Remaining Southern Africa","NAM","Namibia"
2060,"SAF","Southern Africa","MORT",NA,Inf,1.61192344605657,0.169227500567789,"RSAF","Remaining Southern Africa","SWZ","Swaziland"
2060,"SAF","Southern Africa","MORT",NA,Inf,1.61192344605657,0.169227500567789,"RSAF","Remaining Southern Africa","ZMB","Zambia"
2060,"SAF","Southern Africa","MORT",NA,Inf,1.61192344605657,0.169227500567789,"RSAF","Remaining Southern Africa","ZWE","Zimbabwe"
2060,"SAF","Southern Africa","MORT",NA,Inf,1.61192344605657,0.169227500567789,"SAFR","South Africa","ZAF","South Africa"
2060,"SAS","South Asia","MORB",1,1,1,0.517988550856593,"AFGH","Afghanistan","AFG","Afghanistan"
2060,"SAS","South Asia","MORB",1,1,1,0.517988550856593,"BANG","Bangladesh","BGD","Bangladesh"
2060,"SAS","South Asia","MORB",1,1,1,0.517988550856593,"BHUT","Bhutan","BTN","Bhutan"
2060,"SAS","South Asia","MORB",1,1,1,0.517988550856593,"INDI","India","IND","India"
2060,"SAS","South Asia","MORB",1,1,1,0.517988550856593,"NEPA","Nepal","NPL","Nepal"
2060,"SAS","South Asia","MORB",1,1,1,0.517988550856593,"PAKI","Pakistan","PAK","Pakistan"
2060,"SAS","South Asia","MORB",1,1,1,0.517988550856593,"SRIL","Sri Lanka","LKA","Sri Lanka"
2060,"SAS","South Asia","MORT",NA,Inf,NA,NA,"AFGH","Afghanistan","AFG","Afghanistan"
2060,"SAS","South Asia","MORT",NA,Inf,NA,NA,"BANG","Bangladesh","BGD","Bangladesh"
2060,"SAS","South Asia","MORT",NA,Inf,NA,NA,"BHUT","Bhutan","BTN","Bhutan"
2060,"SAS","South Asia","MORT",NA,Inf,NA,NA,"INDI","India","IND","India"
2060,"SAS","South Asia","MORT",NA,Inf,NA,NA,"NEPA","Nepal","NPL","Nepal"
2060,"SAS","South Asia","MORT",NA,Inf,NA,NA,"PAKI","Pakistan","PAK","Pakistan"
2060,"SAS","South Asia","MORT",NA,Inf,NA,NA,"SRIL","Sri Lanka","LKA","Sri Lanka"
2060,"SSA","Sub-Saharan Africa","MORB",1,1,1,0.775945744897837,"EAFR","Eastern Africa (excl Kenya, Tanzania)","BDI","Burundi"
2060,"SSA","Sub-Saharan Africa","MORB",1,1,1,0.775945744897837,"EAFR","Eastern Africa (excl Kenya, Tanzania)","COM","Comoros"
2060,"SSA","Sub-Saharan Africa","MORB",1,1,1,0.775945744897837,"EAFR","Eastern Africa (excl Kenya, Tanzania)","DJI","Djibouti"
2060,"SSA","Sub-Saharan Africa","MORB",1,1,1,0.775945744897837,"EAFR","Eastern Africa (excl Kenya, Tanzania)","ERI","Eritrea"
2060,"SSA","Sub-Saharan Africa","MORB",1,1,1,0.775945744897837,"EAFR","Eastern Africa (excl Kenya, Tanzania)","ETH","Ethiopia"
2060,"SSA","Sub-Saharan Africa","MORB",1,1,1,0.775945744897837,"EAFR","Eastern Africa (excl Kenya, Tanzania)","MDG","Madagascar"
2060,"SSA","Sub-Saharan Africa","MORB",1,1,1,0.775945744897837,"EAFR","Eastern Africa (excl Kenya, Tanzania)","MUS","Mauritius"
2060,"SSA","Sub-Saharan Africa","MORB",1,1,1,0.775945744897837,"EAFR","Eastern Africa (excl Kenya, Tanzania)","RWA","Rwanda"
2060,"SSA","Sub-Saharan Africa","MORB",1,1,1,0.775945744897837,"EAFR","Eastern Africa (excl Kenya, Tanzania)","SDN","Sudan"
2060,"SSA","Sub-Saharan Africa","MORB",1,1,1,0.775945744897837,"EAFR","Eastern Africa (excl Kenya, Tanzania)","SOM","Somalia"
2060,"SSA","Sub-Saharan Africa","MORB",1,1,1,0.775945744897837,"EAFR","Eastern Africa (excl Kenya, Tanzania)","UGA","Uganda"
2060,"SSA","Sub-Saharan Africa","MORB",1,1,1,0.775945744897837,"KENY","Kenya","KEN","Kenya"
2060,"SSA","Sub-Saharan Africa","MORB",1,1,1,0.775945744897837,"NIGE","Nigeria","NGA","Nigeria"
2060,"SSA","Sub-Saharan Africa","MORB",1,1,1,0.775945744897837,"TANZ","United Republic of Tanzania","TZA","United Republic of Tanzania"
2060,"SSA","Sub-Saharan Africa","MORB",1,1,1,0.775945744897837,"WAFR","Western Africa (excl Nigeria)","BEN","Benin"
2060,"SSA","Sub-Saharan Africa","MORB",1,1,1,0.775945744897837,"WAFR","Western Africa (excl Nigeria)","BFA","Burkina Faso"
2060,"SSA","Sub-Saharan Africa","MORB",1,1,1,0.775945744897837,"WAFR","Western Africa (excl Nigeria)","CAF","Central African Republic"
2060,"SSA","Sub-Saharan Africa","MORB",1,1,1,0.775945744897837,"WAFR","Western Africa (excl Nigeria)","CIV","Cote d'Ivoire"
2060,"SSA","Sub-Saharan Africa","MORB",1,1,1,0.775945744897837,"WAFR","Western Africa (excl Nigeria)","CMR","Cameroon"
2060,"SSA","Sub-Saharan Africa","MORB",1,1,1,0.775945744897837,"WAFR","Western Africa (excl Nigeria)","COD","Democratic Republic of the Congo"
2060,"SSA","Sub-Saharan Africa","MORB",1,1,1,0.775945744897837,"WAFR","Western Africa (excl Nigeria)","COG","Congo"
2060,"SSA","Sub-Saharan Africa","MORB",1,1,1,0.775945744897837,"WAFR","Western Africa (excl Nigeria)","CPV","Cape Verde"
2060,"SSA","Sub-Saharan Africa","MORB",1,1,1,0.775945744897837,"WAFR","Western Africa (excl Nigeria)","GAB","Gabon"
2060,"SSA","Sub-Saharan Africa","MORB",1,1,1,0.775945744897837,"WAFR","Western Africa (excl Nigeria)","GHA","Ghana"
2060,"SSA","Sub-Saharan Africa","MORB",1,1,1,0.775945744897837,"WAFR","Western Africa (excl Nigeria)","GIN","Guinea"
2060,"SSA","Sub-Saharan Africa","MORB",1,1,1,0.775945744897837,"WAFR","Western Africa (excl Nigeria)","GMB","Gambia"
2060,"SSA","Sub-Saharan Africa","MORB",1,1,1,0.775945744897837,"WAFR","Western Africa (excl Nigeria)","GNB","Guinea-Bissau"
2060,"SSA","Sub-Saharan Africa","MORB",1,1,1,0.775945744897837,"WAFR","Western Africa (excl Nigeria)","GNQ","Equatorial Guinea"
2060,"SSA","Sub-Saharan Africa","MORB",1,1,1,0.775945744897837,"WAFR","Western Africa (excl Nigeria)","LBR","Liberia"
2060,"SSA","Sub-Saharan Africa","MORB",1,1,1,0.775945744897837,"WAFR","Western Africa (excl Nigeria)","MLI","Mali"
2060,"SSA","Sub-Saharan Africa","MORB",1,1,1,0.775945744897837,"WAFR","Western Africa (excl Nigeria)","MRT","Mauritania"
2060,"SSA","Sub-Saharan Africa","MORB",1,1,1,0.775945744897837,"WAFR","Western Africa (excl Nigeria)","NER","Niger"
2060,"SSA","Sub-Saharan Africa","MORB",1,1,1,0.775945744897837,"WAFR","Western Africa (excl Nigeria)","SEN","Senegal"
2060,"SSA","Sub-Saharan Africa","MORB",1,1,1,0.775945744897837,"WAFR","Western Africa (excl Nigeria)","SLE","Sierra Leone"
2060,"SSA","Sub-Saharan Africa","MORB",1,1,1,0.775945744897837,"WAFR","Western Africa (excl Nigeria)","TCD","Chad"
2060,"SSA","Sub-Saharan Africa","MORB",1,1,1,0.775945744897837,"WAFR","Western Africa (excl Nigeria)","TGO","Togo"
2060,"SSA","Sub-Saharan Africa","MORT",NA,Inf,2.69218089575597,0.993594912780613,"EAFR","Eastern Africa (excl Kenya, Tanzania)","BDI","Burundi"
2060,"SSA","Sub-Saharan Africa","MORT",NA,Inf,2.69218089575597,0.993594912780613,"EAFR","Eastern Africa (excl Kenya, Tanzania)","COM","Comoros"
2060,"SSA","Sub-Saharan Africa","MORT",NA,Inf,2.69218089575597,0.993594912780613,"EAFR","Eastern Africa (excl Kenya, Tanzania)","DJI","Djibouti"
2060,"SSA","Sub-Saharan Africa","MORT",NA,Inf,2.69218089575597,0.993594912780613,"EAFR","Eastern Africa (excl Kenya, Tanzania)","ERI","Eritrea"
2060,"SSA","Sub-Saharan Africa","MORT",NA,Inf,2.69218089575597,0.993594912780613,"EAFR","Eastern Africa (excl Kenya, Tanzania)","ETH","Ethiopia"
2060,"SSA","Sub-Saharan Africa","MORT",NA,Inf,2.69218089575597,0.993594912780613,"EAFR","Eastern Africa (excl Kenya, Tanzania)","MDG","Madagascar"
2060,"SSA","Sub-Saharan Africa","MORT",NA,Inf,2.69218089575597,0.993594912780613,"EAFR","Eastern Africa (excl Kenya, Tanzania)","MUS","Mauritius"
2060,"SSA","Sub-Saharan Africa","MORT",NA,Inf,2.69218089575597,0.993594912780613,"EAFR","Eastern Africa (excl Kenya, Tanzania)","RWA","Rwanda"
2060,"SSA","Sub-Saharan Africa","MORT",NA,Inf,2.69218089575597,0.993594912780613,"EAFR","Eastern Africa (excl Kenya, Tanzania)","SDN","Sudan"
2060,"SSA","Sub-Saharan Africa","MORT",NA,Inf,2.69218089575597,0.993594912780613,"EAFR","Eastern Africa (excl Kenya, Tanzania)","SOM","Somalia"
2060,"SSA","Sub-Saharan Africa","MORT",NA,Inf,2.69218089575597,0.993594912780613,"EAFR","Eastern Africa (excl Kenya, Tanzania)","UGA","Uganda"
2060,"SSA","Sub-Saharan Africa","MORT",NA,Inf,2.69218089575597,0.993594912780613,"KENY","Kenya","KEN","Kenya"
2060,"SSA","Sub-Saharan Africa","MORT",NA,Inf,2.69218089575597,0.993594912780613,"NIGE","Nigeria","NGA","Nigeria"
2060,"SSA","Sub-Saharan Africa","MORT",NA,Inf,2.69218089575597,0.993594912780613,"TANZ","United Republic of Tanzania","TZA","United Republic of Tanzania"
2060,"SSA","Sub-Saharan Africa","MORT",NA,Inf,2.69218089575597,0.993594912780613,"WAFR","Western Africa (excl Nigeria)","BEN","Benin"
2060,"SSA","Sub-Saharan Africa","MORT",NA,Inf,2.69218089575597,0.993594912780613,"WAFR","Western Africa (excl Nigeria)","BFA","Burkina Faso"
2060,"SSA","Sub-Saharan Africa","MORT",NA,Inf,2.69218089575597,0.993594912780613,"WAFR","Western Africa (excl Nigeria)","CAF","Central African Republic"
2060,"SSA","Sub-Saharan Africa","MORT",NA,Inf,2.69218089575597,0.993594912780613,"WAFR","Western Africa (excl Nigeria)","CIV","Cote d'Ivoire"
2060,"SSA","Sub-Saharan Africa","MORT",NA,Inf,2.69218089575597,0.993594912780613,"WAFR","Western Africa (excl Nigeria)","CMR","Cameroon"
2060,"SSA","Sub-Saharan Africa","MORT",NA,Inf,2.69218089575597,0.993594912780613,"WAFR","Western Africa (excl Nigeria)","COD","Democratic Republic of the Congo"
2060,"SSA","Sub-Saharan Africa","MORT",NA,Inf,2.69218089575597,0.993594912780613,"WAFR","Western Africa (excl Nigeria)","COG","Congo"
2060,"SSA","Sub-Saharan Africa","MORT",NA,Inf,2.69218089575597,0.993594912780613,"WAFR","Western Africa (excl Nigeria)","CPV","Cape Verde"
2060,"SSA","Sub-Saharan Africa","MORT",NA,Inf,2.69218089575597,0.993594912780613,"WAFR","Western Africa (excl Nigeria)","GAB","Gabon"
2060,"SSA","Sub-Saharan Africa","MORT",NA,Inf,2.69218089575597,0.993594912780613,"WAFR","Western Africa (excl Nigeria)","GHA","Ghana"
2060,"SSA","Sub-Saharan Africa","MORT",NA,Inf,2.69218089575597,0.993594912780613,"WAFR","Western Africa (excl Nigeria)","GIN","Guinea"
2060,"SSA","Sub-Saharan Africa","MORT",NA,Inf,2.69218089575597,0.993594912780613,"WAFR","Western Africa (excl Nigeria)","GMB","Gambia"
2060,"SSA","Sub-Saharan Africa","MORT",NA,Inf,2.69218089575597,0.993594912780613,"WAFR","Western Africa (excl Nigeria)","GNB","Guinea-Bissau"
2060,"SSA","Sub-Saharan Africa","MORT",NA,Inf,2.69218089575597,0.993594912780613,"WAFR","Western Africa (excl Nigeria)","GNQ","Equatorial Guinea"
2060,"SSA","Sub-Saharan Africa","MORT",NA,Inf,2.69218089575597,0.993594912780613,"WAFR","Western Africa (excl Nigeria)","LBR","Liberia"
2060,"SSA","Sub-Saharan Africa","MORT",NA,Inf,2.69218089575597,0.993594912780613,"WAFR","Western Africa (excl Nigeria)","MLI","Mali"
2060,"SSA","Sub-Saharan Africa","MORT",NA,Inf,2.69218089575597,0.993594912780613,"WAFR","Western Africa (excl Nigeria)","MRT","Mauritania"
2060,"SSA","Sub-Saharan Africa","MORT",NA,Inf,2.69218089575597,0.993594912780613,"WAFR","Western Africa (excl Nigeria)","NER","Niger"
2060,"SSA","Sub-Saharan Africa","MORT",NA,Inf,2.69218089575597,0.993594912780613,"WAFR","Western Africa (excl Nigeria)","SEN","Senegal"
2060,"SSA","Sub-Saharan Africa","MORT",NA,Inf,2.69218089575597,0.993594912780613,"WAFR","Western Africa (excl Nigeria)","SLE","Sierra Leone"
2060,"SSA","Sub-Saharan Africa","MORT",NA,Inf,2.69218089575597,0.993594912780613,"WAFR","Western Africa (excl Nigeria)","TCD","Chad"
2060,"SSA","Sub-Saharan Africa","MORT",NA,Inf,2.69218089575597,0.993594912780613,"WAFR","Western Africa (excl Nigeria)","TGO","Togo"
2060,"WAS","Western Asia","MORB",1,1,1,0.540262609213662,"ARME","Armenia","ARM","Armenia"
2060,"WAS","Western Asia","MORB",1,1,1,0.540262609213662,"AZER","Azerbaijan","AZE","Azerbaijan"
2060,"WAS","Western Asia","MORB",1,1,1,0.540262609213662,"BELA","Belarus","BLR","Belarus"
2060,"WAS","Western Asia","MORB",1,1,1,0.540262609213662,"GEOR","Georgia","GEO","Georgia"
2060,"WAS","Western Asia","MORB",1,1,1,0.540262609213662,"MOLD","Republic of Moldova","MDA","Republic of Moldova"
2060,"WAS","Western Asia","MORB",1,1,1,0.540262609213662,"TURK","Turkey","TUR","Turkey"
2060,"WAS","Western Asia","MORB",1,1,1,0.540262609213662,"UKRA","Ukraine","UKR","Ukraine"
2060,"WAS","Western Asia","MORT",NA,Inf,1.05453074736291,0.00956085883145059,"ARME","Armenia","ARM","Armenia"
2060,"WAS","Western Asia","MORT",NA,Inf,1.05453074736291,0.00956085883145059,"AZER","Azerbaijan","AZE","Azerbaijan"
2060,"WAS","Western Asia","MORT",NA,Inf,1.05453074736291,0.00956085883145059,"BELA","Belarus","BLR","Belarus"
2060,"WAS","Western Asia","MORT",NA,Inf,1.05453074736291,0.00956085883145059,"GEOR","Georgia","GEO","Georgia"
2060,"WAS","Western Asia","MORT",NA,Inf,1.05453074736291,0.00956085883145059,"MOLD","Republic of Moldova","MDA","Republic of Moldova"
2060,"WAS","Western Asia","MORT",NA,Inf,1.05453074736291,0.00956085883145059,"TURK","Turkey","TUR","Turkey"
2060,"WAS","Western Asia","MORT",NA,Inf,1.05453074736291,0.00956085883145059,"UKRA","Ukraine","UKR","Ukraine"
2060,"WBK","West Balkan","MORB",1,1,1,0.507741043144604,"ALBA","Albania","ALB","Albania"
2060,"WBK","West Balkan","MORB",1,1,1,0.507741043144604,"BOHE","Bosnia and Herzegovina","BIH","Bosnia and Herzegovina"
2060,"WBK","West Balkan","MORB",1,1,1,0.507741043144604,"KOSO","Kosovo","XKX","Kosovo"
2060,"WBK","West Balkan","MORB",1,1,1,0.507741043144604,"MACE","TFYR Macedonia","MKD","TFYR Macedonia"
2060,"WBK","West Balkan","MORB",1,1,1,0.507741043144604,"MONT","Montenegro","MNE","Montenegro"
2060,"WBK","West Balkan","MORB",1,1,1,0.507741043144604,"SERB","Serbia","SRB","Serbia"
2060,"WBK","West Balkan","MORT",NA,Inf,1.01457646207063,0.0215268280910627,"ALBA","Albania","ALB","Albania"
2060,"WBK","West Balkan","MORT",NA,Inf,1.01457646207063,0.0215268280910627,"BOHE","Bosnia and Herzegovina","BIH","Bosnia and Herzegovina"
2060,"WBK","West Balkan","MORT",NA,Inf,1.01457646207063,0.0215268280910627,"KOSO","Kosovo","XKX","Kosovo"
2060,"WBK","West Balkan","MORT",NA,Inf,1.01457646207063,0.0215268280910627,"MACE","TFYR Macedonia","MKD","TFYR Macedonia"
2060,"WBK","West Balkan","MORT",NA,Inf,1.01457646207063,0.0215268280910627,"MONT","Montenegro","MNE","Montenegro"
2060,"WBK","West Balkan","MORT",NA,Inf,1.01457646207063,0.0215268280910627,"SERB","Serbia","SRB","Serbia"
2070,"CAS","Central Asia","MORB",1,1,1,0.483691901020633,"KAZA","Kazakhstan","KAZ","Kazakhstan"
2070,"CAS","Central Asia","MORB",1,1,1,0.483691901020633,"KYRG","Kyrgyzstan","KGZ","Kyrgyzstan"
2070,"CAS","Central Asia","MORB",1,1,1,0.483691901020633,"TAJI","Tajikistan","TJK","Tajikistan"
2070,"CAS","Central Asia","MORB",1,1,1,0.483691901020633,"TKME","Turkmenistan","TKM","Turkmenistan"
2070,"CAS","Central Asia","MORB",1,1,1,0.483691901020633,"UZBE","Uzbekistan","UZB","Uzbekistan"
2070,"CAS","Central Asia","MORT",NA,Inf,1.06058330716688,0.0691386002994352,"KAZA","Kazakhstan","KAZ","Kazakhstan"
2070,"CAS","Central Asia","MORT",NA,Inf,1.06058330716688,0.0691386002994352,"KYRG","Kyrgyzstan","KGZ","Kyrgyzstan"
2070,"CAS","Central Asia","MORT",NA,Inf,1.06058330716688,0.0691386002994352,"TAJI","Tajikistan","TJK","Tajikistan"
2070,"CAS","Central Asia","MORT",NA,Inf,1.06058330716688,0.0691386002994352,"TKME","Turkmenistan","TKM","Turkmenistan"
2070,"CAS","Central Asia","MORT",NA,Inf,1.06058330716688,0.0691386002994352,"UZBE","Uzbekistan","UZB","Uzbekistan"
2070,"CHI","Centrally Planned Asia","MORB",1,1,1,0.554858396092508,"CHIN","China","CHN","China"
2070,"CHI","Centrally Planned Asia","MORB",1,1,1,0.554858396092508,"KORN","North Korea","PRK","North Korea"
2070,"CHI","Centrally Planned Asia","MORB",1,1,1,0.554858396092508,"MONG","Mongolia","MNG","Mongolia"
2070,"CHI","Centrally Planned Asia","MORT",NA,Inf,1.00907842672267,0.000287643844368592,"CHIN","China","CHN","China"
2070,"CHI","Centrally Planned Asia","MORT",NA,Inf,1.00907842672267,0.000287643844368592,"KORN","North Korea","PRK","North Korea"
2070,"CHI","Centrally Planned Asia","MORT",NA,Inf,1.00907842672267,0.000287643844368592,"MONG","Mongolia","MNG","Mongolia"
2070,"EAS","South East Asia","MORB",1,1,1,0.530546257921446,"CAMB","Cambodia","KHM","Cambodia"
2070,"EAS","South East Asia","MORB",1,1,1,0.530546257921446,"INDO","Indonesia","IDN","Indonesia"
2070,"EAS","South East Asia","MORB",1,1,1,0.530546257921446,"LAOS","Laos","LAO","Laos"
2070,"EAS","South East Asia","MORB",1,1,1,0.530546257921446,"MALA","Malaysia","MYS","Malaysia"
2070,"EAS","South East Asia","MORB",1,1,1,0.530546257921446,"MYAN","Myanmar","MMR","Myanmar"
2070,"EAS","South East Asia","MORB",1,1,1,0.530546257921446,"PHIL","Philippines","PHL","Philippines"
2070,"EAS","South East Asia","MORB",1,1,1,0.530546257921446,"THAI","Thailand","THA","Thailand"
2070,"EAS","South East Asia","MORB",1,1,1,0.530546257921446,"VIET","Vietnam","VNM","Vietnam"
2070,"EAS","South East Asia","MORT",NA,Inf,1.04662098555508,0.0209251468090539,"CAMB","Cambodia","KHM","Cambodia"
2070,"EAS","South East Asia","MORT",NA,Inf,1.04662098555508,0.0209251468090539,"INDO","Indonesia","IDN","Indonesia"
2070,"EAS","South East Asia","MORT",NA,Inf,1.04662098555508,0.0209251468090539,"LAOS","Laos","LAO","Laos"
2070,"EAS","South East Asia","MORT",NA,Inf,1.04662098555508,0.0209251468090539,"MALA","Malaysia","MYS","Malaysia"
2070,"EAS","South East Asia","MORT",NA,Inf,1.04662098555508,0.0209251468090539,"MYAN","Myanmar","MMR","Myanmar"
2070,"EAS","South East Asia","MORT",NA,Inf,1.04662098555508,0.0209251468090539,"PHIL","Philippines","PHL","Philippines"
2070,"EAS","South East Asia","MORT",NA,Inf,1.04662098555508,0.0209251468090539,"THAI","Thailand","THA","Thailand"
2070,"EAS","South East Asia","MORT",NA,Inf,1.04662098555508,0.0209251468090539,"VIET","Vietnam","VNM","Vietnam"
2070,"EUR","EU, EFTA, UK","MORB",1,1,1,0.566384811181169,"AUST","Austria","AUT","Austria"
2070,"EUR","EU, EFTA, UK","MORB",1,1,1,0.566384811181169,"BELG","Belgium","BEL","Belgium"
2070,"EUR","EU, EFTA, UK","MORB",1,1,1,0.566384811181169,"BULG","Bulgaria","BGR","Bulgaria"
2070,"EUR","EU, EFTA, UK","MORB",1,1,1,0.566384811181169,"CROA","Croatia","HRV","Croatia"
2070,"EUR","EU, EFTA, UK","MORB",1,1,1,0.566384811181169,"CYPR","Cyprus","CYP","Cyprus"
2070,"EUR","EU, EFTA, UK","MORB",1,1,1,0.566384811181169,"CZRE","Czech Republic","CZE","Czech Republic"
2070,"EUR","EU, EFTA, UK","MORB",1,1,1,0.566384811181169,"DENM","Denmark","DNK","Denmark"
2070,"EUR","EU, EFTA, UK","MORB",1,1,1,0.566384811181169,"ESTO","Estonia","EST","Estonia"
2070,"EUR","EU, EFTA, UK","MORB",1,1,1,0.566384811181169,"FINL","Finland","FIN","Finland"
2070,"EUR","EU, EFTA, UK","MORB",1,1,1,0.566384811181169,"FRAN","France","FRA","France"
2070,"EUR","EU, EFTA, UK","MORB",1,1,1,0.566384811181169,"GERM","Germany","DEU","Germany"
2070,"EUR","EU, EFTA, UK","MORB",1,1,1,0.566384811181169,"GREE","Greece","GRC","Greece"
2070,"EUR","EU, EFTA, UK","MORB",1,1,1,0.566384811181169,"HUNG","Hungary","HUN","Hungary"
2070,"EUR","EU, EFTA, UK","MORB",1,1,1,0.566384811181169,"ICEL","Iceland","ISL","Iceland"
2070,"EUR","EU, EFTA, UK","MORB",1,1,1,0.566384811181169,"IREL","Ireland","IRL","Ireland"
2070,"EUR","EU, EFTA, UK","MORB",1,1,1,0.566384811181169,"ITAL","Italy","ITA","Italy"
2070,"EUR","EU, EFTA, UK","MORB",1,1,1,0.566384811181169,"LATV","Latvia","LVA","Latvia"
2070,"EUR","EU, EFTA, UK","MORB",1,1,1,0.566384811181169,"LITH","Lithuania","LTU","Lithuania"
2070,"EUR","EU, EFTA, UK","MORB",1,1,1,0.566384811181169,"LUXE","Luxembourg","LUX","Luxembourg"
2070,"EUR","EU, EFTA, UK","MORB",1,1,1,0.566384811181169,"MALT","Malta","MLT","Malta"
2070,"EUR","EU, EFTA, UK","MORB",1,1,1,0.566384811181169,"NETH","Netherlands","NLD","Netherlands"
2070,"EUR","EU, EFTA, UK","MORB",1,1,1,0.566384811181169,"NORW","Norway","NOR","Norway"
2070,"EUR","EU, EFTA, UK","MORB",1,1,1,0.566384811181169,"POLA","Poland","POL","Poland"
2070,"EUR","EU, EFTA, UK","MORB",1,1,1,0.566384811181169,"PORT","Portugal","PRT","Portugal"
2070,"EUR","EU, EFTA, UK","MORB",1,1,1,0.566384811181169,"ROMA","Romania","ROU","Romania"
2070,"EUR","EU, EFTA, UK","MORB",1,1,1,0.566384811181169,"SKRE","Slovakia","SVK","Slovakia"
2070,"EUR","EU, EFTA, UK","MORB",1,1,1,0.566384811181169,"SLOV","Slovenia","SVN","Slovenia"
2070,"EUR","EU, EFTA, UK","MORB",1,1,1,0.566384811181169,"SPAI","Spain","ESP","Spain"
2070,"EUR","EU, EFTA, UK","MORB",1,1,1,0.566384811181169,"SWED","Sweden","SWE","Sweden"
2070,"EUR","EU, EFTA, UK","MORB",1,1,1,0.566384811181169,"SWIT","Switzerland","CHE","Switzerland"
2070,"EUR","EU, EFTA, UK","MORB",1,1,1,0.566384811181169,"UNKI","United Kingdom","GBR","United Kingdom"
2070,"EUR","EU, EFTA, UK","MORT",NA,Inf,1.00313647826144,0.010555973647034,"AUST","Austria","AUT","Austria"
2070,"EUR","EU, EFTA, UK","MORT",NA,Inf,1.00313647826144,0.010555973647034,"BELG","Belgium","BEL","Belgium"
2070,"EUR","EU, EFTA, UK","MORT",NA,Inf,1.00313647826144,0.010555973647034,"BULG","Bulgaria","BGR","Bulgaria"
2070,"EUR","EU, EFTA, UK","MORT",NA,Inf,1.00313647826144,0.010555973647034,"CROA","Croatia","HRV","Croatia"
2070,"EUR","EU, EFTA, UK","MORT",NA,Inf,1.00313647826144,0.010555973647034,"CYPR","Cyprus","CYP","Cyprus"
2070,"EUR","EU, EFTA, UK","MORT",NA,Inf,1.00313647826144,0.010555973647034,"CZRE","Czech Republic","CZE","Czech Republic"
2070,"EUR","EU, EFTA, UK","MORT",NA,Inf,1.00313647826144,0.010555973647034,"DENM","Denmark","DNK","Denmark"
2070,"EUR","EU, EFTA, UK","MORT",NA,Inf,1.00313647826144,0.010555973647034,"ESTO","Estonia","EST","Estonia"
2070,"EUR","EU, EFTA, UK","MORT",NA,Inf,1.00313647826144,0.010555973647034,"FINL","Finland","FIN","Finland"
2070,"EUR","EU, EFTA, UK","MORT",NA,Inf,1.00313647826144,0.010555973647034,"FRAN","France","FRA","France"
2070,"EUR","EU, EFTA, UK","MORT",NA,Inf,1.00313647826144,0.010555973647034,"GERM","Germany","DEU","Germany"
2070,"EUR","EU, EFTA, UK","MORT",NA,Inf,1.00313647826144,0.010555973647034,"GREE","Greece","GRC","Greece"
2070,"EUR","EU, EFTA, UK","MORT",NA,Inf,1.00313647826144,0.010555973647034,"HUNG","Hungary","HUN","Hungary"
2070,"EUR","EU, EFTA, UK","MORT",NA,Inf,1.00313647826144,0.010555973647034,"ICEL","Iceland","ISL","Iceland"
2070,"EUR","EU, EFTA, UK","MORT",NA,Inf,1.00313647826144,0.010555973647034,"IREL","Ireland","IRL","Ireland"
2070,"EUR","EU, EFTA, UK","MORT",NA,Inf,1.00313647826144,0.010555973647034,"ITAL","Italy","ITA","Italy"
2070,"EUR","EU, EFTA, UK","MORT",NA,Inf,1.00313647826144,0.010555973647034,"LATV","Latvia","LVA","Latvia"
2070,"EUR","EU, EFTA, UK","MORT",NA,Inf,1.00313647826144,0.010555973647034,"LITH","Lithuania","LTU","Lithuania"
2070,"EUR","EU, EFTA, UK","MORT",NA,Inf,1.00313647826144,0.010555973647034,"LUXE","Luxembourg","LUX","Luxembourg"
2070,"EUR","EU, EFTA, UK","MORT",NA,Inf,1.00313647826144,0.010555973647034,"MALT","Malta","MLT","Malta"
2070,"EUR","EU, EFTA, UK","MORT",NA,Inf,1.00313647826144,0.010555973647034,"NETH","Netherlands","NLD","Netherlands"
2070,"EUR","EU, EFTA, UK","MORT",NA,Inf,1.00313647826144,0.010555973647034,"NORW","Norway","NOR","Norway"
2070,"EUR","EU, EFTA, UK","MORT",NA,Inf,1.00313647826144,0.010555973647034,"POLA","Poland","POL","Poland"
2070,"EUR","EU, EFTA, UK","MORT",NA,Inf,1.00313647826144,0.010555973647034,"PORT","Portugal","PRT","Portugal"
2070,"EUR","EU, EFTA, UK","MORT",NA,Inf,1.00313647826144,0.010555973647034,"ROMA","Romania","ROU","Romania"
2070,"EUR","EU, EFTA, UK","MORT",NA,Inf,1.00313647826144,0.010555973647034,"SKRE","Slovakia","SVK","Slovakia"
2070,"EUR","EU, EFTA, UK","MORT",NA,Inf,1.00313647826144,0.010555973647034,"SLOV","Slovenia","SVN","Slovenia"
2070,"EUR","EU, EFTA, UK","MORT",NA,Inf,1.00313647826144,0.010555973647034,"SPAI","Spain","ESP","Spain"
2070,"EUR","EU, EFTA, UK","MORT",NA,Inf,1.00313647826144,0.010555973647034,"SWED","Sweden","SWE","Sweden"
2070,"EUR","EU, EFTA, UK","MORT",NA,Inf,1.00313647826144,0.010555973647034,"SWIT","Switzerland","CHE","Switzerland"
2070,"EUR","EU, EFTA, UK","MORT",NA,Inf,1.00313647826144,0.010555973647034,"UNKI","United Kingdom","GBR","United Kingdom"
2070,"LAC","Latin America & Caribbean","MORB",1,1,1,0.633101493085939,"ARGE","Argentina","ARG","Argentina"
2070,"LAC","Latin America & Caribbean","MORB",1,1,1,0.633101493085939,"BOLV","Bolivia (Plurinational State of)","BOL","Bolivia (Plurinational State of)"
2070,"LAC","Latin America & Caribbean","MORB",1,1,1,0.633101493085939,"BRAZ","Brazil","BRA","Brazil"
2070,"LAC","Latin America & Caribbean","MORB",1,1,1,0.633101493085939,"CARB","Caribbean","ABW","Aruba"
2070,"LAC","Latin America & Caribbean","MORB",1,1,1,0.633101493085939,"CARB","Caribbean","BHS","Bahamas"
2070,"LAC","Latin America & Caribbean","MORB",1,1,1,0.633101493085939,"CARB","Caribbean","BRB","Barbados"
2070,"LAC","Latin America & Caribbean","MORB",1,1,1,0.633101493085939,"CARB","Caribbean","CUB","Cuba"
2070,"LAC","Latin America & Caribbean","MORB",1,1,1,0.633101493085939,"CARB","Caribbean","DOM","Dominican Republic"
2070,"LAC","Latin America & Caribbean","MORB",1,1,1,0.633101493085939,"CARB","Caribbean","GLP","Guadeloupe"
2070,"LAC","Latin America & Caribbean","MORB",1,1,1,0.633101493085939,"CARB","Caribbean","GRD","Grenada"
2070,"LAC","Latin America & Caribbean","MORB",1,1,1,0.633101493085939,"CARB","Caribbean","GUF","French Guiana"
2070,"LAC","Latin America & Caribbean","MORB",1,1,1,0.633101493085939,"CARB","Caribbean","GUY","Guyana"
2070,"LAC","Latin America & Caribbean","MORB",1,1,1,0.633101493085939,"CARB","Caribbean","HTI","Haiti"
2070,"LAC","Latin America & Caribbean","MORB",1,1,1,0.633101493085939,"CARB","Caribbean","JAM","Jamaica"
2070,"LAC","Latin America & Caribbean","MORB",1,1,1,0.633101493085939,"CARB","Caribbean","LCA","Saint Lucia"
2070,"LAC","Latin America & Caribbean","MORB",1,1,1,0.633101493085939,"CARB","Caribbean","MTQ","Martinique"
2070,"LAC","Latin America & Caribbean","MORB",1,1,1,0.633101493085939,"CARB","Caribbean","PRI","Puerto Rico"
2070,"LAC","Latin America & Caribbean","MORB",1,1,1,0.633101493085939,"CARB","Caribbean","SUR","Suriname"
2070,"LAC","Latin America & Caribbean","MORB",1,1,1,0.633101493085939,"CARB","Caribbean","TTO","Trinidad and Tobago"
2070,"LAC","Latin America & Caribbean","MORB",1,1,1,0.633101493085939,"CARB","Caribbean","VCT","Saint Vincent and the Grenadines"
2070,"LAC","Latin America & Caribbean","MORB",1,1,1,0.633101493085939,"CARB","Caribbean","VIR","United States Virgin Islands"
2070,"LAC","Latin America & Caribbean","MORB",1,1,1,0.633101493085939,"CEAM","Central America","BLZ","Belize"
2070,"LAC","Latin America & Caribbean","MORB",1,1,1,0.633101493085939,"CEAM","Central America","CRI","Costa Rica"
2070,"LAC","Latin America & Caribbean","MORB",1,1,1,0.633101493085939,"CEAM","Central America","GTM","Guatemala"
2070,"LAC","Latin America & Caribbean","MORB",1,1,1,0.633101493085939,"CEAM","Central America","HND","Honduras"
2070,"LAC","Latin America & Caribbean","MORB",1,1,1,0.633101493085939,"CEAM","Central America","NIC","Nicaragua"
2070,"LAC","Latin America & Caribbean","MORB",1,1,1,0.633101493085939,"CEAM","Central America","PAN","Panama"
2070,"LAC","Latin America & Caribbean","MORB",1,1,1,0.633101493085939,"CEAM","Central America","SLV","El Salvador"
2070,"LAC","Latin America & Caribbean","MORB",1,1,1,0.633101493085939,"CHIL","Chile","CHL","Chile"
2070,"LAC","Latin America & Caribbean","MORB",1,1,1,0.633101493085939,"COLO","Colombia","COL","Colombia"
2070,"LAC","Latin America & Caribbean","MORB",1,1,1,0.633101493085939,"ECUA","Ecuador","ECU","Ecuador"
2070,"LAC","Latin America & Caribbean","MORB",1,1,1,0.633101493085939,"MEXI","Mexico","MEX","Mexico"
2070,"LAC","Latin America & Caribbean","MORB",1,1,1,0.633101493085939,"PARA","Paraguay","PRY","Paraguay"
2070,"LAC","Latin America & Caribbean","MORB",1,1,1,0.633101493085939,"PERU","Peru","PER","Peru"
2070,"LAC","Latin America & Caribbean","MORB",1,1,1,0.633101493085939,"URUG","Uruguay","URY","Uruguay"
2070,"LAC","Latin America & Caribbean","MORB",1,1,1,0.633101493085939,"VENE","Venezuela (Bolivarian Republic of)","VEN","Venezuela (Bolivarian Republic of)"
2070,"LAC","Latin America & Caribbean","MORT",NA,Inf,1.08943827451348,0.0187987275005012,"ARGE","Argentina","ARG","Argentina"
2070,"LAC","Latin America & Caribbean","MORT",NA,Inf,1.08943827451348,0.0187987275005012,"BOLV","Bolivia (Plurinational State of)","BOL","Bolivia (Plurinational State of)"
2070,"LAC","Latin America & Caribbean","MORT",NA,Inf,1.08943827451348,0.0187987275005012,"BRAZ","Brazil","BRA","Brazil"
2070,"LAC","Latin America & Caribbean","MORT",NA,Inf,1.08943827451348,0.0187987275005012,"CARB","Caribbean","ABW","Aruba"
2070,"LAC","Latin America & Caribbean","MORT",NA,Inf,1.08943827451348,0.0187987275005012,"CARB","Caribbean","BHS","Bahamas"
2070,"LAC","Latin America & Caribbean","MORT",NA,Inf,1.08943827451348,0.0187987275005012,"CARB","Caribbean","BRB","Barbados"
2070,"LAC","Latin America & Caribbean","MORT",NA,Inf,1.08943827451348,0.0187987275005012,"CARB","Caribbean","CUB","Cuba"
2070,"LAC","Latin America & Caribbean","MORT",NA,Inf,1.08943827451348,0.0187987275005012,"CARB","Caribbean","DOM","Dominican Republic"
2070,"LAC","Latin America & Caribbean","MORT",NA,Inf,1.08943827451348,0.0187987275005012,"CARB","Caribbean","GLP","Guadeloupe"
2070,"LAC","Latin America & Caribbean","MORT",NA,Inf,1.08943827451348,0.0187987275005012,"CARB","Caribbean","GRD","Grenada"
2070,"LAC","Latin America & Caribbean","MORT",NA,Inf,1.08943827451348,0.0187987275005012,"CARB","Caribbean","GUF","French Guiana"
2070,"LAC","Latin America & Caribbean","MORT",NA,Inf,1.08943827451348,0.0187987275005012,"CARB","Caribbean","GUY","Guyana"
2070,"LAC","Latin America & Caribbean","MORT",NA,Inf,1.08943827451348,0.0187987275005012,"CARB","Caribbean","HTI","Haiti"
2070,"LAC","Latin America & Caribbean","MORT",NA,Inf,1.08943827451348,0.0187987275005012,"CARB","Caribbean","JAM","Jamaica"
2070,"LAC","Latin America & Caribbean","MORT",NA,Inf,1.08943827451348,0.0187987275005012,"CARB","Caribbean","LCA","Saint Lucia"
2070,"LAC","Latin America & Caribbean","MORT",NA,Inf,1.08943827451348,0.0187987275005012,"CARB","Caribbean","MTQ","Martinique"
2070,"LAC","Latin America & Caribbean","MORT",NA,Inf,1.08943827451348,0.0187987275005012,"CARB","Caribbean","PRI","Puerto Rico"
2070,"LAC","Latin America & Caribbean","MORT",NA,Inf,1.08943827451348,0.0187987275005012,"CARB","Caribbean","SUR","Suriname"
2070,"LAC","Latin America & Caribbean","MORT",NA,Inf,1.08943827451348,0.0187987275005012,"CARB","Caribbean","TTO","Trinidad and Tobago"
2070,"LAC","Latin America & Caribbean","MORT",NA,Inf,1.08943827451348,0.0187987275005012,"CARB","Caribbean","VCT","Saint Vincent and the Grenadines"
2070,"LAC","Latin America & Caribbean","MORT",NA,Inf,1.08943827451348,0.0187987275005012,"CARB","Caribbean","VIR","United States Virgin Islands"
2070,"LAC","Latin America & Caribbean","MORT",NA,Inf,1.08943827451348,0.0187987275005012,"CEAM","Central America","BLZ","Belize"
2070,"LAC","Latin America & Caribbean","MORT",NA,Inf,1.08943827451348,0.0187987275005012,"CEAM","Central America","CRI","Costa Rica"
2070,"LAC","Latin America & Caribbean","MORT",NA,Inf,1.08943827451348,0.0187987275005012,"CEAM","Central America","GTM","Guatemala"
2070,"LAC","Latin America & Caribbean","MORT",NA,Inf,1.08943827451348,0.0187987275005012,"CEAM","Central America","HND","Honduras"
2070,"LAC","Latin America & Caribbean","MORT",NA,Inf,1.08943827451348,0.0187987275005012,"CEAM","Central America","NIC","Nicaragua"
2070,"LAC","Latin America & Caribbean","MORT",NA,Inf,1.08943827451348,0.0187987275005012,"CEAM","Central America","PAN","Panama"
2070,"LAC","Latin America & Caribbean","MORT",NA,Inf,1.08943827451348,0.0187987275005012,"CEAM","Central America","SLV","El Salvador"
2070,"LAC","Latin America & Caribbean","MORT",NA,Inf,1.08943827451348,0.0187987275005012,"CHIL","Chile","CHL","Chile"
2070,"LAC","Latin America & Caribbean","MORT",NA,Inf,1.08943827451348,0.0187987275005012,"COLO","Colombia","COL","Colombia"
2070,"LAC","Latin America & Caribbean","MORT",NA,Inf,1.08943827451348,0.0187987275005012,"ECUA","Ecuador","ECU","Ecuador"
2070,"LAC","Latin America & Caribbean","MORT",NA,Inf,1.08943827451348,0.0187987275005012,"MEXI","Mexico","MEX","Mexico"
2070,"LAC","Latin America & Caribbean","MORT",NA,Inf,1.08943827451348,0.0187987275005012,"PARA","Paraguay","PRY","Paraguay"
2070,"LAC","Latin America & Caribbean","MORT",NA,Inf,1.08943827451348,0.0187987275005012,"PERU","Peru","PER","Peru"
2070,"LAC","Latin America & Caribbean","MORT",NA,Inf,1.08943827451348,0.0187987275005012,"URUG","Uruguay","URY","Uruguay"
2070,"LAC","Latin America & Caribbean","MORT",NA,Inf,1.08943827451348,0.0187987275005012,"VENE","Venezuela (Bolivarian Republic of)","VEN","Venezuela (Bolivarian Republic of)"
2070,"MEA","Middle East","MORB",1.54536448815559,1.53563625041675,1.41908186403259,0.666890028299121,"ISRA","Israel","ISR","Israel"
2070,"MEA","Middle East","MORB",1.54536448815559,1.53563625041675,1.41908186403259,0.666890028299121,"MIDE","Middle East","ARE","United Arab Emirates"
2070,"MEA","Middle East","MORB",1.54536448815559,1.53563625041675,1.41908186403259,0.666890028299121,"MIDE","Middle East","BHR","Bahrain"
2070,"MEA","Middle East","MORB",1.54536448815559,1.53563625041675,1.41908186403259,0.666890028299121,"MIDE","Middle East","IRQ","Iraq"
2070,"MEA","Middle East","MORB",1.54536448815559,1.53563625041675,1.41908186403259,0.666890028299121,"MIDE","Middle East","JOR","Jordan"
2070,"MEA","Middle East","MORB",1.54536448815559,1.53563625041675,1.41908186403259,0.666890028299121,"MIDE","Middle East","KWT","Kuwait"
2070,"MEA","Middle East","MORB",1.54536448815559,1.53563625041675,1.41908186403259,0.666890028299121,"MIDE","Middle East","LBN","Lebanon"
2070,"MEA","Middle East","MORB",1.54536448815559,1.53563625041675,1.41908186403259,0.666890028299121,"MIDE","Middle East","OMN","Oman"
2070,"MEA","Middle East","MORB",1.54536448815559,1.53563625041675,1.41908186403259,0.666890028299121,"MIDE","Middle East","PSE","Occupied Palestinian Territory"
2070,"MEA","Middle East","MORB",1.54536448815559,1.53563625041675,1.41908186403259,0.666890028299121,"MIDE","Middle East","QAT","Qatar"
2070,"MEA","Middle East","MORB",1.54536448815559,1.53563625041675,1.41908186403259,0.666890028299121,"MIDE","Middle East","SYR","Syrian Arab Republic"
2070,"MEA","Middle East","MORB",1.54536448815559,1.53563625041675,1.41908186403259,0.666890028299121,"MIDE","Middle East","YEM","Yemen"
2070,"MEA","Middle East","MORB",1.54536448815559,1.53563625041675,1.41908186403259,0.666890028299121,"SAAR","Saudi Arabia","SAU","Saudi Arabia"
2070,"MEA","Middle East","MORT",NA,Inf,1.46828963302741,0.0111405594547713,"ISRA","Israel","ISR","Israel"
2070,"MEA","Middle East","MORT",NA,Inf,1.46828963302741,0.0111405594547713,"MIDE","Middle East","ARE","United Arab Emirates"
2070,"MEA","Middle East","MORT",NA,Inf,1.46828963302741,0.0111405594547713,"MIDE","Middle East","BHR","Bahrain"
2070,"MEA","Middle East","MORT",NA,Inf,1.46828963302741,0.0111405594547713,"MIDE","Middle East","IRQ","Iraq"
2070,"MEA","Middle East","MORT",NA,Inf,1.46828963302741,0.0111405594547713,"MIDE","Middle East","JOR","Jordan"
2070,"MEA","Middle East","MORT",NA,Inf,1.46828963302741,0.0111405594547713,"MIDE","Middle East","KWT","Kuwait"
2070,"MEA","Middle East","MORT",NA,Inf,1.46828963302741,0.0111405594547713,"MIDE","Middle East","LBN","Lebanon"
2070,"MEA","Middle East","MORT",NA,Inf,1.46828963302741,0.0111405594547713,"MIDE","Middle East","OMN","Oman"
2070,"MEA","Middle East","MORT",NA,Inf,1.46828963302741,0.0111405594547713,"MIDE","Middle East","PSE","Occupied Palestinian Territory"
2070,"MEA","Middle East","MORT",NA,Inf,1.46828963302741,0.0111405594547713,"MIDE","Middle East","QAT","Qatar"
2070,"MEA","Middle East","MORT",NA,Inf,1.46828963302741,0.0111405594547713,"MIDE","Middle East","SYR","Syrian Arab Republic"
2070,"MEA","Middle East","MORT",NA,Inf,1.46828963302741,0.0111405594547713,"MIDE","Middle East","YEM","Yemen"
2070,"MEA","Middle East","MORT",NA,Inf,1.46828963302741,0.0111405594547713,"SAAR","Saudi Arabia","SAU","Saudi Arabia"
2070,"NAF","North Africa","MORB",0.737639517440696,0.762163200438483,0.78653739845178,0.379688710403889,"EGYP","Egypt","EGY","Egypt"
2070,"NAF","North Africa","MORB",0.737639517440696,0.762163200438483,0.78653739845178,0.379688710403889,"IRAN","Iran","IRN","Iran"
2070,"NAF","North Africa","MORB",0.737639517440696,0.762163200438483,0.78653739845178,0.379688710403889,"NAFR","Northern Africa (excl Egypt)","DZA","Algeria"
2070,"NAF","North Africa","MORB",0.737639517440696,0.762163200438483,0.78653739845178,0.379688710403889,"NAFR","Northern Africa (excl Egypt)","ESH","Western Sahara"
2070,"NAF","North Africa","MORB",0.737639517440696,0.762163200438483,0.78653739845178,0.379688710403889,"NAFR","Northern Africa (excl Egypt)","LBY","Libyan Arab Jamahiriya"
2070,"NAF","North Africa","MORB",0.737639517440696,0.762163200438483,0.78653739845178,0.379688710403889,"NAFR","Northern Africa (excl Egypt)","MAR","Morocco"
2070,"NAF","North Africa","MORB",0.737639517440696,0.762163200438483,0.78653739845178,0.379688710403889,"NAFR","Northern Africa (excl Egypt)","TUN","Tunisia"
2070,"NAF","North Africa","MORT",NA,Inf,0.8498858659586,0.0182818746037215,"EGYP","Egypt","EGY","Egypt"
2070,"NAF","North Africa","MORT",NA,Inf,0.8498858659586,0.0182818746037215,"IRAN","Iran","IRN","Iran"
2070,"NAF","North Africa","MORT",NA,Inf,0.8498858659586,0.0182818746037215,"NAFR","Northern Africa (excl Egypt)","DZA","Algeria"
2070,"NAF","North Africa","MORT",NA,Inf,0.8498858659586,0.0182818746037215,"NAFR","Northern Africa (excl Egypt)","ESH","Western Sahara"
2070,"NAF","North Africa","MORT",NA,Inf,0.8498858659586,0.0182818746037215,"NAFR","Northern Africa (excl Egypt)","LBY","Libyan Arab Jamahiriya"
2070,"NAF","North Africa","MORT",NA,Inf,0.8498858659586,0.0182818746037215,"NAFR","Northern Africa (excl Egypt)","MAR","Morocco"
2070,"NAF","North Africa","MORT",NA,Inf,0.8498858659586,0.0182818746037215,"NAFR","Northern Africa (excl Egypt)","TUN","Tunisia"
2070,"NAM","North America","MORB",1,1,1,0.655262467178302,"CANA","Canada","CAN","Canada"
2070,"NAM","North America","MORB",1,1,1,0.655262467178302,"USAM","United States of America","USA","United States of America"
2070,"NAM","North America","MORT",NA,Inf,1.00362765575787,0.0210972767270542,"CANA","Canada","CAN","Canada"
2070,"NAM","North America","MORT",NA,Inf,1.00362765575787,0.0210972767270542,"USAM","United States of America","USA","United States of America"
2070,"OCE","Oceania","MORB",1,1,1,0.572909440625591,"AUTR","Australia","AUS","Australia"
2070,"OCE","Oceania","MORB",1,1,1,0.572909440625591,"BRUN","Brunei Darussalam","BRN","Brunei Darussalam"
2070,"OCE","Oceania","MORB",1,1,1,0.572909440625591,"JAPA","Japan","JPN","Japan"
2070,"OCE","Oceania","MORB",1,1,1,0.572909440625591,"KORS","Republic of Korea","KOR","Republic of Korea"
2070,"OCE","Oceania","MORB",1,1,1,0.572909440625591,"NZEL","New Zealand","NZL","New Zealand"
2070,"OCE","Oceania","MORB",1,1,1,0.572909440625591,"SING","Singapore","SGP","Singapore"
2070,"OCE","Oceania","MORB",1,1,1,0.572909440625591,"TAIW","Taiwan","TWN","Taiwan"
2070,"OCE","Oceania","MORT",NA,Inf,1.00128889396722,0.00479317123670495,"AUTR","Australia","AUS","Australia"
2070,"OCE","Oceania","MORT",NA,Inf,1.00128889396722,0.00479317123670495,"BRUN","Brunei Darussalam","BRN","Brunei Darussalam"
2070,"OCE","Oceania","MORT",NA,Inf,1.00128889396722,0.00479317123670495,"JAPA","Japan","JPN","Japan"
2070,"OCE","Oceania","MORT",NA,Inf,1.00128889396722,0.00479317123670495,"KORS","Republic of Korea","KOR","Republic of Korea"
2070,"OCE","Oceania","MORT",NA,Inf,1.00128889396722,0.00479317123670495,"NZEL","New Zealand","NZL","New Zealand"
2070,"OCE","Oceania","MORT",NA,Inf,1.00128889396722,0.00479317123670495,"SING","Singapore","SGP","Singapore"
2070,"OCE","Oceania","MORT",NA,Inf,1.00128889396722,0.00479317123670495,"TAIW","Taiwan","TWN","Taiwan"
2070,"RUS","Russian Federation","MORB",1,1,1,0.423270827520517,"RUSS","Russian Federation","RUS","Russian Federation"
2070,"RUS","Russian Federation","MORT",NA,Inf,1.0048290812847,0.0260448257148578,"RUSS","Russian Federation","RUS","Russian Federation"
2070,"SAF","Southern Africa","MORB",1,1,1,0.704852204022806,"RSAF","Remaining Southern Africa","AGO","Angola"
2070,"SAF","Southern Africa","MORB",1,1,1,0.704852204022806,"RSAF","Remaining Southern Africa","BWA","Botswana"
2070,"SAF","Southern Africa","MORB",1,1,1,0.704852204022806,"RSAF","Remaining Southern Africa","LSO","Lesotho"
2070,"SAF","Southern Africa","MORB",1,1,1,0.704852204022806,"RSAF","Remaining Southern Africa","MOZ","Mozambique"
2070,"SAF","Southern Africa","MORB",1,1,1,0.704852204022806,"RSAF","Remaining Southern Africa","MWI","Malawi"
2070,"SAF","Southern Africa","MORB",1,1,1,0.704852204022806,"RSAF","Remaining Southern Africa","NAM","Namibia"
2070,"SAF","Southern Africa","MORB",1,1,1,0.704852204022806,"RSAF","Remaining Southern Africa","SWZ","Swaziland"
2070,"SAF","Southern Africa","MORB",1,1,1,0.704852204022806,"RSAF","Remaining Southern Africa","ZMB","Zambia"
2070,"SAF","Southern Africa","MORB",1,1,1,0.704852204022806,"RSAF","Remaining Southern Africa","ZWE","Zimbabwe"
2070,"SAF","Southern Africa","MORB",1,1,1,0.704852204022806,"SAFR","South Africa","ZAF","South Africa"
2070,"SAF","Southern Africa","MORT",NA,Inf,1.82307786331951,0.156677252436505,"RSAF","Remaining Southern Africa","AGO","Angola"
2070,"SAF","Southern Africa","MORT",NA,Inf,1.82307786331951,0.156677252436505,"RSAF","Remaining Southern Africa","BWA","Botswana"
2070,"SAF","Southern Africa","MORT",NA,Inf,1.82307786331951,0.156677252436505,"RSAF","Remaining Southern Africa","LSO","Lesotho"
2070,"SAF","Southern Africa","MORT",NA,Inf,1.82307786331951,0.156677252436505,"RSAF","Remaining Southern Africa","MOZ","Mozambique"
2070,"SAF","Southern Africa","MORT",NA,Inf,1.82307786331951,0.156677252436505,"RSAF","Remaining Southern Africa","MWI","Malawi"
2070,"SAF","Southern Africa","MORT",NA,Inf,1.82307786331951,0.156677252436505,"RSAF","Remaining Southern Africa","NAM","Namibia"
2070,"SAF","Southern Africa","MORT",NA,Inf,1.82307786331951,0.156677252436505,"RSAF","Remaining Southern Africa","SWZ","Swaziland"
2070,"SAF","Southern Africa","MORT",NA,Inf,1.82307786331951,0.156677252436505,"RSAF","Remaining Southern Africa","ZMB","Zambia"
2070,"SAF","Southern Africa","MORT",NA,Inf,1.82307786331951,0.156677252436505,"RSAF","Remaining Southern Africa","ZWE","Zimbabwe"
2070,"SAF","Southern Africa","MORT",NA,Inf,1.82307786331951,0.156677252436505,"SAFR","South Africa","ZAF","South Africa"
2070,"SAS","South Asia","MORB",1,1,1,0.533570003630053,"AFGH","Afghanistan","AFG","Afghanistan"
2070,"SAS","South Asia","MORB",1,1,1,0.533570003630053,"BANG","Bangladesh","BGD","Bangladesh"
2070,"SAS","South Asia","MORB",1,1,1,0.533570003630053,"BHUT","Bhutan","BTN","Bhutan"
2070,"SAS","South Asia","MORB",1,1,1,0.533570003630053,"INDI","India","IND","India"
2070,"SAS","South Asia","MORB",1,1,1,0.533570003630053,"NEPA","Nepal","NPL","Nepal"
2070,"SAS","South Asia","MORB",1,1,1,0.533570003630053,"PAKI","Pakistan","PAK","Pakistan"
2070,"SAS","South Asia","MORB",1,1,1,0.533570003630053,"SRIL","Sri Lanka","LKA","Sri Lanka"
2070,"SAS","South Asia","MORT",NA,Inf,NA,NA,"AFGH","Afghanistan","AFG","Afghanistan"
2070,"SAS","South Asia","MORT",NA,Inf,NA,NA,"BANG","Bangladesh","BGD","Bangladesh"
2070,"SAS","South Asia","MORT",NA,Inf,NA,NA,"BHUT","Bhutan","BTN","Bhutan"
2070,"SAS","South Asia","MORT",NA,Inf,NA,NA,"INDI","India","IND","India"
2070,"SAS","South Asia","MORT",NA,Inf,NA,NA,"NEPA","Nepal","NPL","Nepal"
2070,"SAS","South Asia","MORT",NA,Inf,NA,NA,"PAKI","Pakistan","PAK","Pakistan"
2070,"SAS","South Asia","MORT",NA,Inf,NA,NA,"SRIL","Sri Lanka","LKA","Sri Lanka"
2070,"SSA","Sub-Saharan Africa","MORB",1,1,1,0.725915245025269,"EAFR","Eastern Africa (excl Kenya, Tanzania)","BDI","Burundi"
2070,"SSA","Sub-Saharan Africa","MORB",1,1,1,0.725915245025269,"EAFR","Eastern Africa (excl Kenya, Tanzania)","COM","Comoros"
2070,"SSA","Sub-Saharan Africa","MORB",1,1,1,0.725915245025269,"EAFR","Eastern Africa (excl Kenya, Tanzania)","DJI","Djibouti"
2070,"SSA","Sub-Saharan Africa","MORB",1,1,1,0.725915245025269,"EAFR","Eastern Africa (excl Kenya, Tanzania)","ERI","Eritrea"
2070,"SSA","Sub-Saharan Africa","MORB",1,1,1,0.725915245025269,"EAFR","Eastern Africa (excl Kenya, Tanzania)","ETH","Ethiopia"
2070,"SSA","Sub-Saharan Africa","MORB",1,1,1,0.725915245025269,"EAFR","Eastern Africa (excl Kenya, Tanzania)","MDG","Madagascar"
2070,"SSA","Sub-Saharan Africa","MORB",1,1,1,0.725915245025269,"EAFR","Eastern Africa (excl Kenya, Tanzania)","MUS","Mauritius"
2070,"SSA","Sub-Saharan Africa","MORB",1,1,1,0.725915245025269,"EAFR","Eastern Africa (excl Kenya, Tanzania)","RWA","Rwanda"
2070,"SSA","Sub-Saharan Africa","MORB",1,1,1,0.725915245025269,"EAFR","Eastern Africa (excl Kenya, Tanzania)","SDN","Sudan"
2070,"SSA","Sub-Saharan Africa","MORB",1,1,1,0.725915245025269,"EAFR","Eastern Africa (excl Kenya, Tanzania)","SOM","Somalia"
2070,"SSA","Sub-Saharan Africa","MORB",1,1,1,0.725915245025269,"EAFR","Eastern Africa (excl Kenya, Tanzania)","UGA","Uganda"
2070,"SSA","Sub-Saharan Africa","MORB",1,1,1,0.725915245025269,"KENY","Kenya","KEN","Kenya"
2070,"SSA","Sub-Saharan Africa","MORB",1,1,1,0.725915245025269,"NIGE","Nigeria","NGA","Nigeria"
2070,"SSA","Sub-Saharan Africa","MORB",1,1,1,0.725915245025269,"TANZ","United Republic of Tanzania","TZA","United Republic of Tanzania"
2070,"SSA","Sub-Saharan Africa","MORB",1,1,1,0.725915245025269,"WAFR","Western Africa (excl Nigeria)","BEN","Benin"
2070,"SSA","Sub-Saharan Africa","MORB",1,1,1,0.725915245025269,"WAFR","Western Africa (excl Nigeria)","BFA","Burkina Faso"
2070,"SSA","Sub-Saharan Africa","MORB",1,1,1,0.725915245025269,"WAFR","Western Africa (excl Nigeria)","CAF","Central African Republic"
2070,"SSA","Sub-Saharan Africa","MORB",1,1,1,0.725915245025269,"WAFR","Western Africa (excl Nigeria)","CIV","Cote d'Ivoire"
2070,"SSA","Sub-Saharan Africa","MORB",1,1,1,0.725915245025269,"WAFR","Western Africa (excl Nigeria)","CMR","Cameroon"
2070,"SSA","Sub-Saharan Africa","MORB",1,1,1,0.725915245025269,"WAFR","Western Africa (excl Nigeria)","COD","Democratic Republic of the Congo"
2070,"SSA","Sub-Saharan Africa","MORB",1,1,1,0.725915245025269,"WAFR","Western Africa (excl Nigeria)","COG","Congo"
2070,"SSA","Sub-Saharan Africa","MORB",1,1,1,0.725915245025269,"WAFR","Western Africa (excl Nigeria)","CPV","Cape Verde"
2070,"SSA","Sub-Saharan Africa","MORB",1,1,1,0.725915245025269,"WAFR","Western Africa (excl Nigeria)","GAB","Gabon"
2070,"SSA","Sub-Saharan Africa","MORB",1,1,1,0.725915245025269,"WAFR","Western Africa (excl Nigeria)","GHA","Ghana"
2070,"SSA","Sub-Saharan Africa","MORB",1,1,1,0.725915245025269,"WAFR","Western Africa (excl Nigeria)","GIN","Guinea"
2070,"SSA","Sub-Saharan Africa","MORB",1,1,1,0.725915245025269,"WAFR","Western Africa (excl Nigeria)","GMB","Gambia"
2070,"SSA","Sub-Saharan Africa","MORB",1,1,1,0.725915245025269,"WAFR","Western Africa (excl Nigeria)","GNB","Guinea-Bissau"
2070,"SSA","Sub-Saharan Africa","MORB",1,1,1,0.725915245025269,"WAFR","Western Africa (excl Nigeria)","GNQ","Equatorial Guinea"
2070,"SSA","Sub-Saharan Africa","MORB",1,1,1,0.725915245025269,"WAFR","Western Africa (excl Nigeria)","LBR","Liberia"
2070,"SSA","Sub-Saharan Africa","MORB",1,1,1,0.725915245025269,"WAFR","Western Africa (excl Nigeria)","MLI","Mali"
2070,"SSA","Sub-Saharan Africa","MORB",1,1,1,0.725915245025269,"WAFR","Western Africa (excl Nigeria)","MRT","Mauritania"
2070,"SSA","Sub-Saharan Africa","MORB",1,1,1,0.725915245025269,"WAFR","Western Africa (excl Nigeria)","NER","Niger"
2070,"SSA","Sub-Saharan Africa","MORB",1,1,1,0.725915245025269,"WAFR","Western Africa (excl Nigeria)","SEN","Senegal"
2070,"SSA","Sub-Saharan Africa","MORB",1,1,1,0.725915245025269,"WAFR","Western Africa (excl Nigeria)","SLE","Sierra Leone"
2070,"SSA","Sub-Saharan Africa","MORB",1,1,1,0.725915245025269,"WAFR","Western Africa (excl Nigeria)","TCD","Chad"
2070,"SSA","Sub-Saharan Africa","MORB",1,1,1,0.725915245025269,"WAFR","Western Africa (excl Nigeria)","TGO","Togo"
2070,"SSA","Sub-Saharan Africa","MORT",NA,Inf,2.77778137476643,0.802661920747198,"EAFR","Eastern Africa (excl Kenya, Tanzania)","BDI","Burundi"
2070,"SSA","Sub-Saharan Africa","MORT",NA,Inf,2.77778137476643,0.802661920747198,"EAFR","Eastern Africa (excl Kenya, Tanzania)","COM","Comoros"
2070,"SSA","Sub-Saharan Africa","MORT",NA,Inf,2.77778137476643,0.802661920747198,"EAFR","Eastern Africa (excl Kenya, Tanzania)","DJI","Djibouti"
2070,"SSA","Sub-Saharan Africa","MORT",NA,Inf,2.77778137476643,0.802661920747198,"EAFR","Eastern Africa (excl Kenya, Tanzania)","ERI","Eritrea"
2070,"SSA","Sub-Saharan Africa","MORT",NA,Inf,2.77778137476643,0.802661920747198,"EAFR","Eastern Africa (excl Kenya, Tanzania)","ETH","Ethiopia"
2070,"SSA","Sub-Saharan Africa","MORT",NA,Inf,2.77778137476643,0.802661920747198,"EAFR","Eastern Africa (excl Kenya, Tanzania)","MDG","Madagascar"
2070,"SSA","Sub-Saharan Africa","MORT",NA,Inf,2.77778137476643,0.802661920747198,"EAFR","Eastern Africa (excl Kenya, Tanzania)","MUS","Mauritius"
2070,"SSA","Sub-Saharan Africa","MORT",NA,Inf,2.77778137476643,0.802661920747198,"EAFR","Eastern Africa (excl Kenya, Tanzania)","RWA","Rwanda"
2070,"SSA","Sub-Saharan Africa","MORT",NA,Inf,2.77778137476643,0.802661920747198,"EAFR","Eastern Africa (excl Kenya, Tanzania)","SDN","Sudan"
2070,"SSA","Sub-Saharan Africa","MORT",NA,Inf,2.77778137476643,0.802661920747198,"EAFR","Eastern Africa (excl Kenya, Tanzania)","SOM","Somalia"
2070,"SSA","Sub-Saharan Africa","MORT",NA,Inf,2.77778137476643,0.802661920747198,"EAFR","Eastern Africa (excl Kenya, Tanzania)","UGA","Uganda"
2070,"SSA","Sub-Saharan Africa","MORT",NA,Inf,2.77778137476643,0.802661920747198,"KENY","Kenya","KEN","Kenya"
2070,"SSA","Sub-Saharan Africa","MORT",NA,Inf,2.77778137476643,0.802661920747198,"NIGE","Nigeria","NGA","Nigeria"
2070,"SSA","Sub-Saharan Africa","MORT",NA,Inf,2.77778137476643,0.802661920747198,"TANZ","United Republic of Tanzania","TZA","United Republic of Tanzania"
2070,"SSA","Sub-Saharan Africa","MORT",NA,Inf,2.77778137476643,0.802661920747198,"WAFR","Western Africa (excl Nigeria)","BEN","Benin"
2070,"SSA","Sub-Saharan Africa","MORT",NA,Inf,2.77778137476643,0.802661920747198,"WAFR","Western Africa (excl Nigeria)","BFA","Burkina Faso"
2070,"SSA","Sub-Saharan Africa","MORT",NA,Inf,2.77778137476643,0.802661920747198,"WAFR","Western Africa (excl Nigeria)","CAF","Central African Republic"
2070,"SSA","Sub-Saharan Africa","MORT",NA,Inf,2.77778137476643,0.802661920747198,"WAFR","Western Africa (excl Nigeria)","CIV","Cote d'Ivoire"
2070,"SSA","Sub-Saharan Africa","MORT",NA,Inf,2.77778137476643,0.802661920747198,"WAFR","Western Africa (excl Nigeria)","CMR","Cameroon"
2070,"SSA","Sub-Saharan Africa","MORT",NA,Inf,2.77778137476643,0.802661920747198,"WAFR","Western Africa (excl Nigeria)","COD","Democratic Republic of the Congo"
2070,"SSA","Sub-Saharan Africa","MORT",NA,Inf,2.77778137476643,0.802661920747198,"WAFR","Western Africa (excl Nigeria)","COG","Congo"
2070,"SSA","Sub-Saharan Africa","MORT",NA,Inf,2.77778137476643,0.802661920747198,"WAFR","Western Africa (excl Nigeria)","CPV","Cape Verde"
2070,"SSA","Sub-Saharan Africa","MORT",NA,Inf,2.77778137476643,0.802661920747198,"WAFR","Western Africa (excl Nigeria)","GAB","Gabon"
2070,"SSA","Sub-Saharan Africa","MORT",NA,Inf,2.77778137476643,0.802661920747198,"WAFR","Western Africa (excl Nigeria)","GHA","Ghana"
2070,"SSA","Sub-Saharan Africa","MORT",NA,Inf,2.77778137476643,0.802661920747198,"WAFR","Western Africa (excl Nigeria)","GIN","Guinea"
2070,"SSA","Sub-Saharan Africa","MORT",NA,Inf,2.77778137476643,0.802661920747198,"WAFR","Western Africa (excl Nigeria)","GMB","Gambia"
2070,"SSA","Sub-Saharan Africa","MORT",NA,Inf,2.77778137476643,0.802661920747198,"WAFR","Western Africa (excl Nigeria)","GNB","Guinea-Bissau"
2070,"SSA","Sub-Saharan Africa","MORT",NA,Inf,2.77778137476643,0.802661920747198,"WAFR","Western Africa (excl Nigeria)","GNQ","Equatorial Guinea"
2070,"SSA","Sub-Saharan Africa","MORT",NA,Inf,2.77778137476643,0.802661920747198,"WAFR","Western Africa (excl Nigeria)","LBR","Liberia"
2070,"SSA","Sub-Saharan Africa","MORT",NA,Inf,2.77778137476643,0.802661920747198,"WAFR","Western Africa (excl Nigeria)","MLI","Mali"
2070,"SSA","Sub-Saharan Africa","MORT",NA,Inf,2.77778137476643,0.802661920747198,"WAFR","Western Africa (excl Nigeria)","MRT","Mauritania"
2070,"SSA","Sub-Saharan Africa","MORT",NA,Inf,2.77778137476643,0.802661920747198,"WAFR","Western Africa (excl Nigeria)","NER","Niger"
2070,"SSA","Sub-Saharan Africa","MORT",NA,Inf,2.77778137476643,0.802661920747198,"WAFR","Western Africa (excl Nigeria)","SEN","Senegal"
2070,"SSA","Sub-Saharan Africa","MORT",NA,Inf,2.77778137476643,0.802661920747198,"WAFR","Western Africa (excl Nigeria)","SLE","Sierra Leone"
2070,"SSA","Sub-Saharan Africa","MORT",NA,Inf,2.77778137476643,0.802661920747198,"WAFR","Western Africa (excl Nigeria)","TCD","Chad"
2070,"SSA","Sub-Saharan Africa","MORT",NA,Inf,2.77778137476643,0.802661920747198,"WAFR","Western Africa (excl Nigeria)","TGO","Togo"
2070,"WAS","Western Asia","MORB",1,1,1,0.548216610829078,"ARME","Armenia","ARM","Armenia"
2070,"WAS","Western Asia","MORB",1,1,1,0.548216610829078,"AZER","Azerbaijan","AZE","Azerbaijan"
2070,"WAS","Western Asia","MORB",1,1,1,0.548216610829078,"BELA","Belarus","BLR","Belarus"
2070,"WAS","Western Asia","MORB",1,1,1,0.548216610829078,"GEOR","Georgia","GEO","Georgia"
2070,"WAS","Western Asia","MORB",1,1,1,0.548216610829078,"MOLD","Republic of Moldova","MDA","Republic of Moldova"
2070,"WAS","Western Asia","MORB",1,1,1,0.548216610829078,"TURK","Turkey","TUR","Turkey"
2070,"WAS","Western Asia","MORB",1,1,1,0.548216610829078,"UKRA","Ukraine","UKR","Ukraine"
2070,"WAS","Western Asia","MORT",NA,Inf,1.05051020222296,0.00642260991843322,"ARME","Armenia","ARM","Armenia"
2070,"WAS","Western Asia","MORT",NA,Inf,1.05051020222296,0.00642260991843322,"AZER","Azerbaijan","AZE","Azerbaijan"
2070,"WAS","Western Asia","MORT",NA,Inf,1.05051020222296,0.00642260991843322,"BELA","Belarus","BLR","Belarus"
2070,"WAS","Western Asia","MORT",NA,Inf,1.05051020222296,0.00642260991843322,"GEOR","Georgia","GEO","Georgia"
2070,"WAS","Western Asia","MORT",NA,Inf,1.05051020222296,0.00642260991843322,"MOLD","Republic of Moldova","MDA","Republic of Moldova"
2070,"WAS","Western Asia","MORT",NA,Inf,1.05051020222296,0.00642260991843322,"TURK","Turkey","TUR","Turkey"
2070,"WAS","Western Asia","MORT",NA,Inf,1.05051020222296,0.00642260991843322,"UKRA","Ukraine","UKR","Ukraine"
2070,"WBK","West Balkan","MORB",1,1,1,0.506842439856794,"ALBA","Albania","ALB","Albania"
2070,"WBK","West Balkan","MORB",1,1,1,0.506842439856794,"BOHE","Bosnia and Herzegovina","BIH","Bosnia and Herzegovina"
2070,"WBK","West Balkan","MORB",1,1,1,0.506842439856794,"KOSO","Kosovo","XKX","Kosovo"
2070,"WBK","West Balkan","MORB",1,1,1,0.506842439856794,"MACE","TFYR Macedonia","MKD","TFYR Macedonia"
2070,"WBK","West Balkan","MORB",1,1,1,0.506842439856794,"MONT","Montenegro","MNE","Montenegro"
2070,"WBK","West Balkan","MORB",1,1,1,0.506842439856794,"SERB","Serbia","SRB","Serbia"
2070,"WBK","West Balkan","MORT",NA,Inf,1.01284873163484,0.0165080063830958,"ALBA","Albania","ALB","Albania"
2070,"WBK","West Balkan","MORT",NA,Inf,1.01284873163484,0.0165080063830958,"BOHE","Bosnia and Herzegovina","BIH","Bosnia and Herzegovina"
2070,"WBK","West Balkan","MORT",NA,Inf,1.01284873163484,0.0165080063830958,"KOSO","Kosovo","XKX","Kosovo"
2070,"WBK","West Balkan","MORT",NA,Inf,1.01284873163484,0.0165080063830958,"MACE","TFYR Macedonia","MKD","TFYR Macedonia"
2070,"WBK","West Balkan","MORT",NA,Inf,1.01284873163484,0.0165080063830958,"MONT","Montenegro","MNE","Montenegro"
2070,"WBK","West Balkan","MORT",NA,Inf,1.01284873163484,0.0165080063830958,"SERB","Serbia","SRB","Serbia"
2080,"CAS","Central Asia","MORB",1,1,1,0.485189420487661,"KAZA","Kazakhstan","KAZ","Kazakhstan"
2080,"CAS","Central Asia","MORB",1,1,1,0.485189420487661,"KYRG","Kyrgyzstan","KGZ","Kyrgyzstan"
2080,"CAS","Central Asia","MORB",1,1,1,0.485189420487661,"TAJI","Tajikistan","TJK","Tajikistan"
2080,"CAS","Central Asia","MORB",1,1,1,0.485189420487661,"TKME","Turkmenistan","TKM","Turkmenistan"
2080,"CAS","Central Asia","MORB",1,1,1,0.485189420487661,"UZBE","Uzbekistan","UZB","Uzbekistan"
2080,"CAS","Central Asia","MORT",NA,Inf,1.06417871737453,0.0494964638605281,"KAZA","Kazakhstan","KAZ","Kazakhstan"
2080,"CAS","Central Asia","MORT",NA,Inf,1.06417871737453,0.0494964638605281,"KYRG","Kyrgyzstan","KGZ","Kyrgyzstan"
2080,"CAS","Central Asia","MORT",NA,Inf,1.06417871737453,0.0494964638605281,"TAJI","Tajikistan","TJK","Tajikistan"
2080,"CAS","Central Asia","MORT",NA,Inf,1.06417871737453,0.0494964638605281,"TKME","Turkmenistan","TKM","Turkmenistan"
2080,"CAS","Central Asia","MORT",NA,Inf,1.06417871737453,0.0494964638605281,"UZBE","Uzbekistan","UZB","Uzbekistan"
2080,"CHI","Centrally Planned Asia","MORB",1,1,1,0.561878614356179,"CHIN","China","CHN","China"
2080,"CHI","Centrally Planned Asia","MORB",1,1,1,0.561878614356179,"KORN","North Korea","PRK","North Korea"
2080,"CHI","Centrally Planned Asia","MORB",1,1,1,0.561878614356179,"MONG","Mongolia","MNG","Mongolia"
2080,"CHI","Centrally Planned Asia","MORT",NA,Inf,1.00914730971731,0.000272653124691593,"CHIN","China","CHN","China"
2080,"CHI","Centrally Planned Asia","MORT",NA,Inf,1.00914730971731,0.000272653124691593,"KORN","North Korea","PRK","North Korea"
2080,"CHI","Centrally Planned Asia","MORT",NA,Inf,1.00914730971731,0.000272653124691593,"MONG","Mongolia","MNG","Mongolia"
2080,"EAS","South East Asia","MORB",1,1,1,0.53882964915717,"CAMB","Cambodia","KHM","Cambodia"
2080,"EAS","South East Asia","MORB",1,1,1,0.53882964915717,"INDO","Indonesia","IDN","Indonesia"
2080,"EAS","South East Asia","MORB",1,1,1,0.53882964915717,"LAOS","Laos","LAO","Laos"
2080,"EAS","South East Asia","MORB",1,1,1,0.53882964915717,"MALA","Malaysia","MYS","Malaysia"
2080,"EAS","South East Asia","MORB",1,1,1,0.53882964915717,"MYAN","Myanmar","MMR","Myanmar"
2080,"EAS","South East Asia","MORB",1,1,1,0.53882964915717,"PHIL","Philippines","PHL","Philippines"
2080,"EAS","South East Asia","MORB",1,1,1,0.53882964915717,"THAI","Thailand","THA","Thailand"
2080,"EAS","South East Asia","MORB",1,1,1,0.53882964915717,"VIET","Vietnam","VNM","Vietnam"
2080,"EAS","South East Asia","MORT",NA,Inf,1.04101634167772,0.0152783480208104,"CAMB","Cambodia","KHM","Cambodia"
2080,"EAS","South East Asia","MORT",NA,Inf,1.04101634167772,0.0152783480208104,"INDO","Indonesia","IDN","Indonesia"
2080,"EAS","South East Asia","MORT",NA,Inf,1.04101634167772,0.0152783480208104,"LAOS","Laos","LAO","Laos"
2080,"EAS","South East Asia","MORT",NA,Inf,1.04101634167772,0.0152783480208104,"MALA","Malaysia","MYS","Malaysia"
2080,"EAS","South East Asia","MORT",NA,Inf,1.04101634167772,0.0152783480208104,"MYAN","Myanmar","MMR","Myanmar"
2080,"EAS","South East Asia","MORT",NA,Inf,1.04101634167772,0.0152783480208104,"PHIL","Philippines","PHL","Philippines"
2080,"EAS","South East Asia","MORT",NA,Inf,1.04101634167772,0.0152783480208104,"THAI","Thailand","THA","Thailand"
2080,"EAS","South East Asia","MORT",NA,Inf,1.04101634167772,0.0152783480208104,"VIET","Vietnam","VNM","Vietnam"
2080,"EUR","EU, EFTA, UK","MORB",1,1,1,0.569759376519868,"AUST","Austria","AUT","Austria"
2080,"EUR","EU, EFTA, UK","MORB",1,1,1,0.569759376519868,"BELG","Belgium","BEL","Belgium"
2080,"EUR","EU, EFTA, UK","MORB",1,1,1,0.569759376519868,"BULG","Bulgaria","BGR","Bulgaria"
2080,"EUR","EU, EFTA, UK","MORB",1,1,1,0.569759376519868,"CROA","Croatia","HRV","Croatia"
2080,"EUR","EU, EFTA, UK","MORB",1,1,1,0.569759376519868,"CYPR","Cyprus","CYP","Cyprus"
2080,"EUR","EU, EFTA, UK","MORB",1,1,1,0.569759376519868,"CZRE","Czech Republic","CZE","Czech Republic"
2080,"EUR","EU, EFTA, UK","MORB",1,1,1,0.569759376519868,"DENM","Denmark","DNK","Denmark"
2080,"EUR","EU, EFTA, UK","MORB",1,1,1,0.569759376519868,"ESTO","Estonia","EST","Estonia"
2080,"EUR","EU, EFTA, UK","MORB",1,1,1,0.569759376519868,"FINL","Finland","FIN","Finland"
2080,"EUR","EU, EFTA, UK","MORB",1,1,1,0.569759376519868,"FRAN","France","FRA","France"
2080,"EUR","EU, EFTA, UK","MORB",1,1,1,0.569759376519868,"GERM","Germany","DEU","Germany"
2080,"EUR","EU, EFTA, UK","MORB",1,1,1,0.569759376519868,"GREE","Greece","GRC","Greece"
2080,"EUR","EU, EFTA, UK","MORB",1,1,1,0.569759376519868,"HUNG","Hungary","HUN","Hungary"
2080,"EUR","EU, EFTA, UK","MORB",1,1,1,0.569759376519868,"ICEL","Iceland","ISL","Iceland"
2080,"EUR","EU, EFTA, UK","MORB",1,1,1,0.569759376519868,"IREL","Ireland","IRL","Ireland"
2080,"EUR","EU, EFTA, UK","MORB",1,1,1,0.569759376519868,"ITAL","Italy","ITA","Italy"
2080,"EUR","EU, EFTA, UK","MORB",1,1,1,0.569759376519868,"LATV","Latvia","LVA","Latvia"
2080,"EUR","EU, EFTA, UK","MORB",1,1,1,0.569759376519868,"LITH","Lithuania","LTU","Lithuania"
2080,"EUR","EU, EFTA, UK","MORB",1,1,1,0.569759376519868,"LUXE","Luxembourg","LUX","Luxembourg"
2080,"EUR","EU, EFTA, UK","MORB",1,1,1,0.569759376519868,"MALT","Malta","MLT","Malta"
2080,"EUR","EU, EFTA, UK","MORB",1,1,1,0.569759376519868,"NETH","Netherlands","NLD","Netherlands"
2080,"EUR","EU, EFTA, UK","MORB",1,1,1,0.569759376519868,"NORW","Norway","NOR","Norway"
2080,"EUR","EU, EFTA, UK","MORB",1,1,1,0.569759376519868,"POLA","Poland","POL","Poland"
2080,"EUR","EU, EFTA, UK","MORB",1,1,1,0.569759376519868,"PORT","Portugal","PRT","Portugal"
2080,"EUR","EU, EFTA, UK","MORB",1,1,1,0.569759376519868,"ROMA","Romania","ROU","Romania"
2080,"EUR","EU, EFTA, UK","MORB",1,1,1,0.569759376519868,"SKRE","Slovakia","SVK","Slovakia"
2080,"EUR","EU, EFTA, UK","MORB",1,1,1,0.569759376519868,"SLOV","Slovenia","SVN","Slovenia"
2080,"EUR","EU, EFTA, UK","MORB",1,1,1,0.569759376519868,"SPAI","Spain","ESP","Spain"
2080,"EUR","EU, EFTA, UK","MORB",1,1,1,0.569759376519868,"SWED","Sweden","SWE","Sweden"
2080,"EUR","EU, EFTA, UK","MORB",1,1,1,0.569759376519868,"SWIT","Switzerland","CHE","Switzerland"
2080,"EUR","EU, EFTA, UK","MORB",1,1,1,0.569759376519868,"UNKI","United Kingdom","GBR","United Kingdom"
2080,"EUR","EU, EFTA, UK","MORT",NA,Inf,1.00487022641237,0.00624066833779183,"AUST","Austria","AUT","Austria"
2080,"EUR","EU, EFTA, UK","MORT",NA,Inf,1.00487022641237,0.00624066833779183,"BELG","Belgium","BEL","Belgium"
2080,"EUR","EU, EFTA, UK","MORT",NA,Inf,1.00487022641237,0.00624066833779183,"BULG","Bulgaria","BGR","Bulgaria"
2080,"EUR","EU, EFTA, UK","MORT",NA,Inf,1.00487022641237,0.00624066833779183,"CROA","Croatia","HRV","Croatia"
2080,"EUR","EU, EFTA, UK","MORT",NA,Inf,1.00487022641237,0.00624066833779183,"CYPR","Cyprus","CYP","Cyprus"
2080,"EUR","EU, EFTA, UK","MORT",NA,Inf,1.00487022641237,0.00624066833779183,"CZRE","Czech Republic","CZE","Czech Republic"
2080,"EUR","EU, EFTA, UK","MORT",NA,Inf,1.00487022641237,0.00624066833779183,"DENM","Denmark","DNK","Denmark"
2080,"EUR","EU, EFTA, UK","MORT",NA,Inf,1.00487022641237,0.00624066833779183,"ESTO","Estonia","EST","Estonia"
2080,"EUR","EU, EFTA, UK","MORT",NA,Inf,1.00487022641237,0.00624066833779183,"FINL","Finland","FIN","Finland"
2080,"EUR","EU, EFTA, UK","MORT",NA,Inf,1.00487022641237,0.00624066833779183,"FRAN","France","FRA","France"
2080,"EUR","EU, EFTA, UK","MORT",NA,Inf,1.00487022641237,0.00624066833779183,"GERM","Germany","DEU","Germany"
2080,"EUR","EU, EFTA, UK","MORT",NA,Inf,1.00487022641237,0.00624066833779183,"GREE","Greece","GRC","Greece"
2080,"EUR","EU, EFTA, UK","MORT",NA,Inf,1.00487022641237,0.00624066833779183,"HUNG","Hungary","HUN","Hungary"
2080,"EUR","EU, EFTA, UK","MORT",NA,Inf,1.00487022641237,0.00624066833779183,"ICEL","Iceland","ISL","Iceland"
2080,"EUR","EU, EFTA, UK","MORT",NA,Inf,1.00487022641237,0.00624066833779183,"IREL","Ireland","IRL","Ireland"
2080,"EUR","EU, EFTA, UK","MORT",NA,Inf,1.00487022641237,0.00624066833779183,"ITAL","Italy","ITA","Italy"
2080,"EUR","EU, EFTA, UK","MORT",NA,Inf,1.00487022641237,0.00624066833779183,"LATV","Latvia","LVA","Latvia"
2080,"EUR","EU, EFTA, UK","MORT",NA,Inf,1.00487022641237,0.00624066833779183,"LITH","Lithuania","LTU","Lithuania"
2080,"EUR","EU, EFTA, UK","MORT",NA,Inf,1.00487022641237,0.00624066833779183,"LUXE","Luxembourg","LUX","Luxembourg"
2080,"EUR","EU, EFTA, UK","MORT",NA,Inf,1.00487022641237,0.00624066833779183,"MALT","Malta","MLT","Malta"
2080,"EUR","EU, EFTA, UK","MORT",NA,Inf,1.00487022641237,0.00624066833779183,"NETH","Netherlands","NLD","Netherlands"
2080,"EUR","EU, EFTA, UK","MORT",NA,Inf,1.00487022641237,0.00624066833779183,"NORW","Norway","NOR","Norway"
2080,"EUR","EU, EFTA, UK","MORT",NA,Inf,1.00487022641237,0.00624066833779183,"POLA","Poland","POL","Poland"
2080,"EUR","EU, EFTA, UK","MORT",NA,Inf,1.00487022641237,0.00624066833779183,"PORT","Portugal","PRT","Portugal"
2080,"EUR","EU, EFTA, UK","MORT",NA,Inf,1.00487022641237,0.00624066833779183,"ROMA","Romania","ROU","Romania"
2080,"EUR","EU, EFTA, UK","MORT",NA,Inf,1.00487022641237,0.00624066833779183,"SKRE","Slovakia","SVK","Slovakia"
2080,"EUR","EU, EFTA, UK","MORT",NA,Inf,1.00487022641237,0.00624066833779183,"SLOV","Slovenia","SVN","Slovenia"
2080,"EUR","EU, EFTA, UK","MORT",NA,Inf,1.00487022641237,0.00624066833779183,"SPAI","Spain","ESP","Spain"
2080,"EUR","EU, EFTA, UK","MORT",NA,Inf,1.00487022641237,0.00624066833779183,"SWED","Sweden","SWE","Sweden"
2080,"EUR","EU, EFTA, UK","MORT",NA,Inf,1.00487022641237,0.00624066833779183,"SWIT","Switzerland","CHE","Switzerland"
2080,"EUR","EU, EFTA, UK","MORT",NA,Inf,1.00487022641237,0.00624066833779183,"UNKI","United Kingdom","GBR","United Kingdom"
2080,"LAC","Latin America & Caribbean","MORB",1,1,1,0.644848689981677,"ARGE","Argentina","ARG","Argentina"
2080,"LAC","Latin America & Caribbean","MORB",1,1,1,0.644848689981677,"BOLV","Bolivia (Plurinational State of)","BOL","Bolivia (Plurinational State of)"
2080,"LAC","Latin America & Caribbean","MORB",1,1,1,0.644848689981677,"BRAZ","Brazil","BRA","Brazil"
2080,"LAC","Latin America & Caribbean","MORB",1,1,1,0.644848689981677,"CARB","Caribbean","ABW","Aruba"
2080,"LAC","Latin America & Caribbean","MORB",1,1,1,0.644848689981677,"CARB","Caribbean","BHS","Bahamas"
2080,"LAC","Latin America & Caribbean","MORB",1,1,1,0.644848689981677,"CARB","Caribbean","BRB","Barbados"
2080,"LAC","Latin America & Caribbean","MORB",1,1,1,0.644848689981677,"CARB","Caribbean","CUB","Cuba"
2080,"LAC","Latin America & Caribbean","MORB",1,1,1,0.644848689981677,"CARB","Caribbean","DOM","Dominican Republic"
2080,"LAC","Latin America & Caribbean","MORB",1,1,1,0.644848689981677,"CARB","Caribbean","GLP","Guadeloupe"
2080,"LAC","Latin America & Caribbean","MORB",1,1,1,0.644848689981677,"CARB","Caribbean","GRD","Grenada"
2080,"LAC","Latin America & Caribbean","MORB",1,1,1,0.644848689981677,"CARB","Caribbean","GUF","French Guiana"
2080,"LAC","Latin America & Caribbean","MORB",1,1,1,0.644848689981677,"CARB","Caribbean","GUY","Guyana"
2080,"LAC","Latin America & Caribbean","MORB",1,1,1,0.644848689981677,"CARB","Caribbean","HTI","Haiti"
2080,"LAC","Latin America & Caribbean","MORB",1,1,1,0.644848689981677,"CARB","Caribbean","JAM","Jamaica"
2080,"LAC","Latin America & Caribbean","MORB",1,1,1,0.644848689981677,"CARB","Caribbean","LCA","Saint Lucia"
2080,"LAC","Latin America & Caribbean","MORB",1,1,1,0.644848689981677,"CARB","Caribbean","MTQ","Martinique"
2080,"LAC","Latin America & Caribbean","MORB",1,1,1,0.644848689981677,"CARB","Caribbean","PRI","Puerto Rico"
2080,"LAC","Latin America & Caribbean","MORB",1,1,1,0.644848689981677,"CARB","Caribbean","SUR","Suriname"
2080,"LAC","Latin America & Caribbean","MORB",1,1,1,0.644848689981677,"CARB","Caribbean","TTO","Trinidad and Tobago"
2080,"LAC","Latin America & Caribbean","MORB",1,1,1,0.644848689981677,"CARB","Caribbean","VCT","Saint Vincent and the Grenadines"
2080,"LAC","Latin America & Caribbean","MORB",1,1,1,0.644848689981677,"CARB","Caribbean","VIR","United States Virgin Islands"
2080,"LAC","Latin America & Caribbean","MORB",1,1,1,0.644848689981677,"CEAM","Central America","BLZ","Belize"
2080,"LAC","Latin America & Caribbean","MORB",1,1,1,0.644848689981677,"CEAM","Central America","CRI","Costa Rica"
2080,"LAC","Latin America & Caribbean","MORB",1,1,1,0.644848689981677,"CEAM","Central America","GTM","Guatemala"
2080,"LAC","Latin America & Caribbean","MORB",1,1,1,0.644848689981677,"CEAM","Central America","HND","Honduras"
2080,"LAC","Latin America & Caribbean","MORB",1,1,1,0.644848689981677,"CEAM","Central America","NIC","Nicaragua"
2080,"LAC","Latin America & Caribbean","MORB",1,1,1,0.644848689981677,"CEAM","Central America","PAN","Panama"
2080,"LAC","Latin America & Caribbean","MORB",1,1,1,0.644848689981677,"CEAM","Central America","SLV","El Salvador"
2080,"LAC","Latin America & Caribbean","MORB",1,1,1,0.644848689981677,"CHIL","Chile","CHL","Chile"
2080,"LAC","Latin America & Caribbean","MORB",1,1,1,0.644848689981677,"COLO","Colombia","COL","Colombia"
2080,"LAC","Latin America & Caribbean","MORB",1,1,1,0.644848689981677,"ECUA","Ecuador","ECU","Ecuador"
2080,"LAC","Latin America & Caribbean","MORB",1,1,1,0.644848689981677,"MEXI","Mexico","MEX","Mexico"
2080,"LAC","Latin America & Caribbean","MORB",1,1,1,0.644848689981677,"PARA","Paraguay","PRY","Paraguay"
2080,"LAC","Latin America & Caribbean","MORB",1,1,1,0.644848689981677,"PERU","Peru","PER","Peru"
2080,"LAC","Latin America & Caribbean","MORB",1,1,1,0.644848689981677,"URUG","Uruguay","URY","Uruguay"
2080,"LAC","Latin America & Caribbean","MORB",1,1,1,0.644848689981677,"VENE","Venezuela (Bolivarian Republic of)","VEN","Venezuela (Bolivarian Republic of)"
2080,"LAC","Latin America & Caribbean","MORT",NA,Inf,1.04749901035388,0.0105085154607497,"ARGE","Argentina","ARG","Argentina"
2080,"LAC","Latin America & Caribbean","MORT",NA,Inf,1.04749901035388,0.0105085154607497,"BOLV","Bolivia (Plurinational State of)","BOL","Bolivia (Plurinational State of)"
2080,"LAC","Latin America & Caribbean","MORT",NA,Inf,1.04749901035388,0.0105085154607497,"BRAZ","Brazil","BRA","Brazil"
2080,"LAC","Latin America & Caribbean","MORT",NA,Inf,1.04749901035388,0.0105085154607497,"CARB","Caribbean","ABW","Aruba"
2080,"LAC","Latin America & Caribbean","MORT",NA,Inf,1.04749901035388,0.0105085154607497,"CARB","Caribbean","BHS","Bahamas"
2080,"LAC","Latin America & Caribbean","MORT",NA,Inf,1.04749901035388,0.0105085154607497,"CARB","Caribbean","BRB","Barbados"
2080,"LAC","Latin America & Caribbean","MORT",NA,Inf,1.04749901035388,0.0105085154607497,"CARB","Caribbean","CUB","Cuba"
2080,"LAC","Latin America & Caribbean","MORT",NA,Inf,1.04749901035388,0.0105085154607497,"CARB","Caribbean","DOM","Dominican Republic"
2080,"LAC","Latin America & Caribbean","MORT",NA,Inf,1.04749901035388,0.0105085154607497,"CARB","Caribbean","GLP","Guadeloupe"
2080,"LAC","Latin America & Caribbean","MORT",NA,Inf,1.04749901035388,0.0105085154607497,"CARB","Caribbean","GRD","Grenada"
2080,"LAC","Latin America & Caribbean","MORT",NA,Inf,1.04749901035388,0.0105085154607497,"CARB","Caribbean","GUF","French Guiana"
2080,"LAC","Latin America & Caribbean","MORT",NA,Inf,1.04749901035388,0.0105085154607497,"CARB","Caribbean","GUY","Guyana"
2080,"LAC","Latin America & Caribbean","MORT",NA,Inf,1.04749901035388,0.0105085154607497,"CARB","Caribbean","HTI","Haiti"
2080,"LAC","Latin America & Caribbean","MORT",NA,Inf,1.04749901035388,0.0105085154607497,"CARB","Caribbean","JAM","Jamaica"
2080,"LAC","Latin America & Caribbean","MORT",NA,Inf,1.04749901035388,0.0105085154607497,"CARB","Caribbean","LCA","Saint Lucia"
2080,"LAC","Latin America & Caribbean","MORT",NA,Inf,1.04749901035388,0.0105085154607497,"CARB","Caribbean","MTQ","Martinique"
2080,"LAC","Latin America & Caribbean","MORT",NA,Inf,1.04749901035388,0.0105085154607497,"CARB","Caribbean","PRI","Puerto Rico"
2080,"LAC","Latin America & Caribbean","MORT",NA,Inf,1.04749901035388,0.0105085154607497,"CARB","Caribbean","SUR","Suriname"
2080,"LAC","Latin America & Caribbean","MORT",NA,Inf,1.04749901035388,0.0105085154607497,"CARB","Caribbean","TTO","Trinidad and Tobago"
2080,"LAC","Latin America & Caribbean","MORT",NA,Inf,1.04749901035388,0.0105085154607497,"CARB","Caribbean","VCT","Saint Vincent and the Grenadines"
2080,"LAC","Latin America & Caribbean","MORT",NA,Inf,1.04749901035388,0.0105085154607497,"CARB","Caribbean","VIR","United States Virgin Islands"
2080,"LAC","Latin America & Caribbean","MORT",NA,Inf,1.04749901035388,0.0105085154607497,"CEAM","Central America","BLZ","Belize"
2080,"LAC","Latin America & Caribbean","MORT",NA,Inf,1.04749901035388,0.0105085154607497,"CEAM","Central America","CRI","Costa Rica"
2080,"LAC","Latin America & Caribbean","MORT",NA,Inf,1.04749901035388,0.0105085154607497,"CEAM","Central America","GTM","Guatemala"
2080,"LAC","Latin America & Caribbean","MORT",NA,Inf,1.04749901035388,0.0105085154607497,"CEAM","Central America","HND","Honduras"
2080,"LAC","Latin America & Caribbean","MORT",NA,Inf,1.04749901035388,0.0105085154607497,"CEAM","Central America","NIC","Nicaragua"
2080,"LAC","Latin America & Caribbean","MORT",NA,Inf,1.04749901035388,0.0105085154607497,"CEAM","Central America","PAN","Panama"
2080,"LAC","Latin America & Caribbean","MORT",NA,Inf,1.04749901035388,0.0105085154607497,"CEAM","Central America","SLV","El Salvador"
2080,"LAC","Latin America & Caribbean","MORT",NA,Inf,1.04749901035388,0.0105085154607497,"CHIL","Chile","CHL","Chile"
2080,"LAC","Latin America & Caribbean","MORT",NA,Inf,1.04749901035388,0.0105085154607497,"COLO","Colombia","COL","Colombia"
2080,"LAC","Latin America & Caribbean","MORT",NA,Inf,1.04749901035388,0.0105085154607497,"ECUA","Ecuador","ECU","Ecuador"
2080,"LAC","Latin America & Caribbean","MORT",NA,Inf,1.04749901035388,0.0105085154607497,"MEXI","Mexico","MEX","Mexico"
2080,"LAC","Latin America & Caribbean","MORT",NA,Inf,1.04749901035388,0.0105085154607497,"PARA","Paraguay","PRY","Paraguay"
2080,"LAC","Latin America & Caribbean","MORT",NA,Inf,1.04749901035388,0.0105085154607497,"PERU","Peru","PER","Peru"
2080,"LAC","Latin America & Caribbean","MORT",NA,Inf,1.04749901035388,0.0105085154607497,"URUG","Uruguay","URY","Uruguay"
2080,"LAC","Latin America & Caribbean","MORT",NA,Inf,1.04749901035388,0.0105085154607497,"VENE","Venezuela (Bolivarian Republic of)","VEN","Venezuela (Bolivarian Republic of)"
2080,"MEA","Middle East","MORB",1.45701560652853,1.44864005047464,1.35383841224266,0.6433831110848,"ISRA","Israel","ISR","Israel"
2080,"MEA","Middle East","MORB",1.45701560652853,1.44864005047464,1.35383841224266,0.6433831110848,"MIDE","Middle East","ARE","United Arab Emirates"
2080,"MEA","Middle East","MORB",1.45701560652853,1.44864005047464,1.35383841224266,0.6433831110848,"MIDE","Middle East","BHR","Bahrain"
2080,"MEA","Middle East","MORB",1.45701560652853,1.44864005047464,1.35383841224266,0.6433831110848,"MIDE","Middle East","IRQ","Iraq"
2080,"MEA","Middle East","MORB",1.45701560652853,1.44864005047464,1.35383841224266,0.6433831110848,"MIDE","Middle East","JOR","Jordan"
2080,"MEA","Middle East","MORB",1.45701560652853,1.44864005047464,1.35383841224266,0.6433831110848,"MIDE","Middle East","KWT","Kuwait"
2080,"MEA","Middle East","MORB",1.45701560652853,1.44864005047464,1.35383841224266,0.6433831110848,"MIDE","Middle East","LBN","Lebanon"
2080,"MEA","Middle East","MORB",1.45701560652853,1.44864005047464,1.35383841224266,0.6433831110848,"MIDE","Middle East","OMN","Oman"
2080,"MEA","Middle East","MORB",1.45701560652853,1.44864005047464,1.35383841224266,0.6433831110848,"MIDE","Middle East","PSE","Occupied Palestinian Territory"
2080,"MEA","Middle East","MORB",1.45701560652853,1.44864005047464,1.35383841224266,0.6433831110848,"MIDE","Middle East","QAT","Qatar"
2080,"MEA","Middle East","MORB",1.45701560652853,1.44864005047464,1.35383841224266,0.6433831110848,"MIDE","Middle East","SYR","Syrian Arab Republic"
2080,"MEA","Middle East","MORB",1.45701560652853,1.44864005047464,1.35383841224266,0.6433831110848,"MIDE","Middle East","YEM","Yemen"
2080,"MEA","Middle East","MORB",1.45701560652853,1.44864005047464,1.35383841224266,0.6433831110848,"SAAR","Saudi Arabia","SAU","Saudi Arabia"
2080,"MEA","Middle East","MORT",NA,Inf,1.42060748819178,0.00747319491519925,"ISRA","Israel","ISR","Israel"
2080,"MEA","Middle East","MORT",NA,Inf,1.42060748819178,0.00747319491519925,"MIDE","Middle East","ARE","United Arab Emirates"
2080,"MEA","Middle East","MORT",NA,Inf,1.42060748819178,0.00747319491519925,"MIDE","Middle East","BHR","Bahrain"
2080,"MEA","Middle East","MORT",NA,Inf,1.42060748819178,0.00747319491519925,"MIDE","Middle East","IRQ","Iraq"
2080,"MEA","Middle East","MORT",NA,Inf,1.42060748819178,0.00747319491519925,"MIDE","Middle East","JOR","Jordan"
2080,"MEA","Middle East","MORT",NA,Inf,1.42060748819178,0.00747319491519925,"MIDE","Middle East","KWT","Kuwait"
2080,"MEA","Middle East","MORT",NA,Inf,1.42060748819178,0.00747319491519925,"MIDE","Middle East","LBN","Lebanon"
2080,"MEA","Middle East","MORT",NA,Inf,1.42060748819178,0.00747319491519925,"MIDE","Middle East","OMN","Oman"
2080,"MEA","Middle East","MORT",NA,Inf,1.42060748819178,0.00747319491519925,"MIDE","Middle East","PSE","Occupied Palestinian Territory"
2080,"MEA","Middle East","MORT",NA,Inf,1.42060748819178,0.00747319491519925,"MIDE","Middle East","QAT","Qatar"
2080,"MEA","Middle East","MORT",NA,Inf,1.42060748819178,0.00747319491519925,"MIDE","Middle East","SYR","Syrian Arab Republic"
2080,"MEA","Middle East","MORT",NA,Inf,1.42060748819178,0.00747319491519925,"MIDE","Middle East","YEM","Yemen"
2080,"MEA","Middle East","MORT",NA,Inf,1.42060748819178,0.00747319491519925,"SAAR","Saudi Arabia","SAU","Saudi Arabia"
2080,"NAF","North Africa","MORB",0.786499569031949,0.808143942632716,0.829016759472886,0.405572950265116,"EGYP","Egypt","EGY","Egypt"
2080,"NAF","North Africa","MORB",0.786499569031949,0.808143942632716,0.829016759472886,0.405572950265116,"IRAN","Iran","IRN","Iran"
2080,"NAF","North Africa","MORB",0.786499569031949,0.808143942632716,0.829016759472886,0.405572950265116,"NAFR","Northern Africa (excl Egypt)","DZA","Algeria"
2080,"NAF","North Africa","MORB",0.786499569031949,0.808143942632716,0.829016759472886,0.405572950265116,"NAFR","Northern Africa (excl Egypt)","ESH","Western Sahara"
2080,"NAF","North Africa","MORB",0.786499569031949,0.808143942632716,0.829016759472886,0.405572950265116,"NAFR","Northern Africa (excl Egypt)","LBY","Libyan Arab Jamahiriya"
2080,"NAF","North Africa","MORB",0.786499569031949,0.808143942632716,0.829016759472886,0.405572950265116,"NAFR","Northern Africa (excl Egypt)","MAR","Morocco"
2080,"NAF","North Africa","MORB",0.786499569031949,0.808143942632716,0.829016759472886,0.405572950265116,"NAFR","Northern Africa (excl Egypt)","TUN","Tunisia"
2080,"NAF","North Africa","MORT",NA,Inf,0.893818921192674,0.0125122893246897,"EGYP","Egypt","EGY","Egypt"
2080,"NAF","North Africa","MORT",NA,Inf,0.893818921192674,0.0125122893246897,"IRAN","Iran","IRN","Iran"
2080,"NAF","North Africa","MORT",NA,Inf,0.893818921192674,0.0125122893246897,"NAFR","Northern Africa (excl Egypt)","DZA","Algeria"
2080,"NAF","North Africa","MORT",NA,Inf,0.893818921192674,0.0125122893246897,"NAFR","Northern Africa (excl Egypt)","ESH","Western Sahara"
2080,"NAF","North Africa","MORT",NA,Inf,0.893818921192674,0.0125122893246897,"NAFR","Northern Africa (excl Egypt)","LBY","Libyan Arab Jamahiriya"
2080,"NAF","North Africa","MORT",NA,Inf,0.893818921192674,0.0125122893246897,"NAFR","Northern Africa (excl Egypt)","MAR","Morocco"
2080,"NAF","North Africa","MORT",NA,Inf,0.893818921192674,0.0125122893246897,"NAFR","Northern Africa (excl Egypt)","TUN","Tunisia"
2080,"NAM","North America","MORB",1,1,1,0.66293090096651,"CANA","Canada","CAN","Canada"
2080,"NAM","North America","MORB",1,1,1,0.66293090096651,"USAM","United States of America","USA","United States of America"
2080,"NAM","North America","MORT",NA,Inf,1.00554828787605,0.0130867596381139,"CANA","Canada","CAN","Canada"
2080,"NAM","North America","MORT",NA,Inf,1.00554828787605,0.0130867596381139,"USAM","United States of America","USA","United States of America"
2080,"OCE","Oceania","MORB",1,1,1,0.57851726848213,"AUTR","Australia","AUS","Australia"
2080,"OCE","Oceania","MORB",1,1,1,0.57851726848213,"BRUN","Brunei Darussalam","BRN","Brunei Darussalam"
2080,"OCE","Oceania","MORB",1,1,1,0.57851726848213,"JAPA","Japan","JPN","Japan"
2080,"OCE","Oceania","MORB",1,1,1,0.57851726848213,"KORS","Republic of Korea","KOR","Republic of Korea"
2080,"OCE","Oceania","MORB",1,1,1,0.57851726848213,"NZEL","New Zealand","NZL","New Zealand"
2080,"OCE","Oceania","MORB",1,1,1,0.57851726848213,"SING","Singapore","SGP","Singapore"
2080,"OCE","Oceania","MORB",1,1,1,0.57851726848213,"TAIW","Taiwan","TWN","Taiwan"
2080,"OCE","Oceania","MORT",NA,Inf,0.999562021007269,0.00297226769425772,"AUTR","Australia","AUS","Australia"
2080,"OCE","Oceania","MORT",NA,Inf,0.999562021007269,0.00297226769425772,"BRUN","Brunei Darussalam","BRN","Brunei Darussalam"
2080,"OCE","Oceania","MORT",NA,Inf,0.999562021007269,0.00297226769425772,"JAPA","Japan","JPN","Japan"
2080,"OCE","Oceania","MORT",NA,Inf,0.999562021007269,0.00297226769425772,"KORS","Republic of Korea","KOR","Republic of Korea"
2080,"OCE","Oceania","MORT",NA,Inf,0.999562021007269,0.00297226769425772,"NZEL","New Zealand","NZL","New Zealand"
2080,"OCE","Oceania","MORT",NA,Inf,0.999562021007269,0.00297226769425772,"SING","Singapore","SGP","Singapore"
2080,"OCE","Oceania","MORT",NA,Inf,0.999562021007269,0.00297226769425772,"TAIW","Taiwan","TWN","Taiwan"
2080,"RUS","Russian Federation","MORB",1,1,1,0.422043412374875,"RUSS","Russian Federation","RUS","Russian Federation"
2080,"RUS","Russian Federation","MORT",NA,Inf,1.00291841388521,0.0200311437452978,"RUSS","Russian Federation","RUS","Russian Federation"
2080,"SAF","Southern Africa","MORB",1,1,1,0.665411457812886,"RSAF","Remaining Southern Africa","AGO","Angola"
2080,"SAF","Southern Africa","MORB",1,1,1,0.665411457812886,"RSAF","Remaining Southern Africa","BWA","Botswana"
2080,"SAF","Southern Africa","MORB",1,1,1,0.665411457812886,"RSAF","Remaining Southern Africa","LSO","Lesotho"
2080,"SAF","Southern Africa","MORB",1,1,1,0.665411457812886,"RSAF","Remaining Southern Africa","MOZ","Mozambique"
2080,"SAF","Southern Africa","MORB",1,1,1,0.665411457812886,"RSAF","Remaining Southern Africa","MWI","Malawi"
2080,"SAF","Southern Africa","MORB",1,1,1,0.665411457812886,"RSAF","Remaining Southern Africa","NAM","Namibia"
2080,"SAF","Southern Africa","MORB",1,1,1,0.665411457812886,"RSAF","Remaining Southern Africa","SWZ","Swaziland"
2080,"SAF","Southern Africa","MORB",1,1,1,0.665411457812886,"RSAF","Remaining Southern Africa","ZMB","Zambia"
2080,"SAF","Southern Africa","MORB",1,1,1,0.665411457812886,"RSAF","Remaining Southern Africa","ZWE","Zimbabwe"
2080,"SAF","Southern Africa","MORB",1,1,1,0.665411457812886,"SAFR","South Africa","ZAF","South Africa"
2080,"SAF","Southern Africa","MORT",NA,Inf,1.75798906424645,0.121928387336689,"RSAF","Remaining Southern Africa","AGO","Angola"
2080,"SAF","Southern Africa","MORT",NA,Inf,1.75798906424645,0.121928387336689,"RSAF","Remaining Southern Africa","BWA","Botswana"
2080,"SAF","Southern Africa","MORT",NA,Inf,1.75798906424645,0.121928387336689,"RSAF","Remaining Southern Africa","LSO","Lesotho"
2080,"SAF","Southern Africa","MORT",NA,Inf,1.75798906424645,0.121928387336689,"RSAF","Remaining Southern Africa","MOZ","Mozambique"
2080,"SAF","Southern Africa","MORT",NA,Inf,1.75798906424645,0.121928387336689,"RSAF","Remaining Southern Africa","MWI","Malawi"
2080,"SAF","Southern Africa","MORT",NA,Inf,1.75798906424645,0.121928387336689,"RSAF","Remaining Southern Africa","NAM","Namibia"
2080,"SAF","Southern Africa","MORT",NA,Inf,1.75798906424645,0.121928387336689,"RSAF","Remaining Southern Africa","SWZ","Swaziland"
2080,"SAF","Southern Africa","MORT",NA,Inf,1.75798906424645,0.121928387336689,"RSAF","Remaining Southern Africa","ZMB","Zambia"
2080,"SAF","Southern Africa","MORT",NA,Inf,1.75798906424645,0.121928387336689,"RSAF","Remaining Southern Africa","ZWE","Zimbabwe"
2080,"SAF","Southern Africa","MORT",NA,Inf,1.75798906424645,0.121928387336689,"SAFR","South Africa","ZAF","South Africa"
2080,"SAS","South Asia","MORB",1,1,1,0.554687270909788,"AFGH","Afghanistan","AFG","Afghanistan"
2080,"SAS","South Asia","MORB",1,1,1,0.554687270909788,"BANG","Bangladesh","BGD","Bangladesh"
2080,"SAS","South Asia","MORB",1,1,1,0.554687270909788,"BHUT","Bhutan","BTN","Bhutan"
2080,"SAS","South Asia","MORB",1,1,1,0.554687270909788,"INDI","India","IND","India"
2080,"SAS","South Asia","MORB",1,1,1,0.554687270909788,"NEPA","Nepal","NPL","Nepal"
2080,"SAS","South Asia","MORB",1,1,1,0.554687270909788,"PAKI","Pakistan","PAK","Pakistan"
2080,"SAS","South Asia","MORB",1,1,1,0.554687270909788,"SRIL","Sri Lanka","LKA","Sri Lanka"
2080,"SAS","South Asia","MORT",NA,Inf,NA,NA,"AFGH","Afghanistan","AFG","Afghanistan"
2080,"SAS","South Asia","MORT",NA,Inf,NA,NA,"BANG","Bangladesh","BGD","Bangladesh"
2080,"SAS","South Asia","MORT",NA,Inf,NA,NA,"BHUT","Bhutan","BTN","Bhutan"
2080,"SAS","South Asia","MORT",NA,Inf,NA,NA,"INDI","India","IND","India"
2080,"SAS","South Asia","MORT",NA,Inf,NA,NA,"NEPA","Nepal","NPL","Nepal"
2080,"SAS","South Asia","MORT",NA,Inf,NA,NA,"PAKI","Pakistan","PAK","Pakistan"
2080,"SAS","South Asia","MORT",NA,Inf,NA,NA,"SRIL","Sri Lanka","LKA","Sri Lanka"
2080,"SSA","Sub-Saharan Africa","MORB",1,1,1,0.687209995333745,"EAFR","Eastern Africa (excl Kenya, Tanzania)","BDI","Burundi"
2080,"SSA","Sub-Saharan Africa","MORB",1,1,1,0.687209995333745,"EAFR","Eastern Africa (excl Kenya, Tanzania)","COM","Comoros"
2080,"SSA","Sub-Saharan Africa","MORB",1,1,1,0.687209995333745,"EAFR","Eastern Africa (excl Kenya, Tanzania)","DJI","Djibouti"
2080,"SSA","Sub-Saharan Africa","MORB",1,1,1,0.687209995333745,"EAFR","Eastern Africa (excl Kenya, Tanzania)","ERI","Eritrea"
2080,"SSA","Sub-Saharan Africa","MORB",1,1,1,0.687209995333745,"EAFR","Eastern Africa (excl Kenya, Tanzania)","ETH","Ethiopia"
2080,"SSA","Sub-Saharan Africa","MORB",1,1,1,0.687209995333745,"EAFR","Eastern Africa (excl Kenya, Tanzania)","MDG","Madagascar"
2080,"SSA","Sub-Saharan Africa","MORB",1,1,1,0.687209995333745,"EAFR","Eastern Africa (excl Kenya, Tanzania)","MUS","Mauritius"
2080,"SSA","Sub-Saharan Africa","MORB",1,1,1,0.687209995333745,"EAFR","Eastern Africa (excl Kenya, Tanzania)","RWA","Rwanda"
2080,"SSA","Sub-Saharan Africa","MORB",1,1,1,0.687209995333745,"EAFR","Eastern Africa (excl Kenya, Tanzania)","SDN","Sudan"
2080,"SSA","Sub-Saharan Africa","MORB",1,1,1,0.687209995333745,"EAFR","Eastern Africa (excl Kenya, Tanzania)","SOM","Somalia"
2080,"SSA","Sub-Saharan Africa","MORB",1,1,1,0.687209995333745,"EAFR","Eastern Africa (excl Kenya, Tanzania)","UGA","Uganda"
2080,"SSA","Sub-Saharan Africa","MORB",1,1,1,0.687209995333745,"KENY","Kenya","KEN","Kenya"
2080,"SSA","Sub-Saharan Africa","MORB",1,1,1,0.687209995333745,"NIGE","Nigeria","NGA","Nigeria"
2080,"SSA","Sub-Saharan Africa","MORB",1,1,1,0.687209995333745,"TANZ","United Republic of Tanzania","TZA","United Republic of Tanzania"
2080,"SSA","Sub-Saharan Africa","MORB",1,1,1,0.687209995333745,"WAFR","Western Africa (excl Nigeria)","BEN","Benin"
2080,"SSA","Sub-Saharan Africa","MORB",1,1,1,0.687209995333745,"WAFR","Western Africa (excl Nigeria)","BFA","Burkina Faso"
2080,"SSA","Sub-Saharan Africa","MORB",1,1,1,0.687209995333745,"WAFR","Western Africa (excl Nigeria)","CAF","Central African Republic"
2080,"SSA","Sub-Saharan Africa","MORB",1,1,1,0.687209995333745,"WAFR","Western Africa (excl Nigeria)","CIV","Cote d'Ivoire"
2080,"SSA","Sub-Saharan Africa","MORB",1,1,1,0.687209995333745,"WAFR","Western Africa (excl Nigeria)","CMR","Cameroon"
2080,"SSA","Sub-Saharan Africa","MORB",1,1,1,0.687209995333745,"WAFR","Western Africa (excl Nigeria)","COD","Democratic Republic of the Congo"
2080,"SSA","Sub-Saharan Africa","MORB",1,1,1,0.687209995333745,"WAFR","Western Africa (excl Nigeria)","COG","Congo"
2080,"SSA","Sub-Saharan Africa","MORB",1,1,1,0.687209995333745,"WAFR","Western Africa (excl Nigeria)","CPV","Cape Verde"
2080,"SSA","Sub-Saharan Africa","MORB",1,1,1,0.687209995333745,"WAFR","Western Africa (excl Nigeria)","GAB","Gabon"
2080,"SSA","Sub-Saharan Africa","MORB",1,1,1,0.687209995333745,"WAFR","Western Africa (excl Nigeria)","GHA","Ghana"
2080,"SSA","Sub-Saharan Africa","MORB",1,1,1,0.687209995333745,"WAFR","Western Africa (excl Nigeria)","GIN","Guinea"
2080,"SSA","Sub-Saharan Africa","MORB",1,1,1,0.687209995333745,"WAFR","Western Africa (excl Nigeria)","GMB","Gambia"
2080,"SSA","Sub-Saharan Africa","MORB",1,1,1,0.687209995333745,"WAFR","Western Africa (excl Nigeria)","GNB","Guinea-Bissau"
2080,"SSA","Sub-Saharan Africa","MORB",1,1,1,0.687209995333745,"WAFR","Western Africa (excl Nigeria)","GNQ","Equatorial Guinea"
2080,"SSA","Sub-Saharan Africa","MORB",1,1,1,0.687209995333745,"WAFR","Western Africa (excl Nigeria)","LBR","Liberia"
2080,"SSA","Sub-Saharan Africa","MORB",1,1,1,0.687209995333745,"WAFR","Western Africa (excl Nigeria)","MLI","Mali"
2080,"SSA","Sub-Saharan Africa","MORB",1,1,1,0.687209995333745,"WAFR","Western Africa (excl Nigeria)","MRT","Mauritania"
2080,"SSA","Sub-Saharan Africa","MORB",1,1,1,0.687209995333745,"WAFR","Western Africa (excl Nigeria)","NER","Niger"
2080,"SSA","Sub-Saharan Africa","MORB",1,1,1,0.687209995333745,"WAFR","Western Africa (excl Nigeria)","SEN","Senegal"
2080,"SSA","Sub-Saharan Africa","MORB",1,1,1,0.687209995333745,"WAFR","Western Africa (excl Nigeria)","SLE","Sierra Leone"
2080,"SSA","Sub-Saharan Africa","MORB",1,1,1,0.687209995333745,"WAFR","Western Africa (excl Nigeria)","TCD","Chad"
2080,"SSA","Sub-Saharan Africa","MORB",1,1,1,0.687209995333745,"WAFR","Western Africa (excl Nigeria)","TGO","Togo"
2080,"SSA","Sub-Saharan Africa","MORT",NA,Inf,1.76259958908922,0.358246558007371,"EAFR","Eastern Africa (excl Kenya, Tanzania)","BDI","Burundi"
2080,"SSA","Sub-Saharan Africa","MORT",NA,Inf,1.76259958908922,0.358246558007371,"EAFR","Eastern Africa (excl Kenya, Tanzania)","COM","Comoros"
2080,"SSA","Sub-Saharan Africa","MORT",NA,Inf,1.76259958908922,0.358246558007371,"EAFR","Eastern Africa (excl Kenya, Tanzania)","DJI","Djibouti"
2080,"SSA","Sub-Saharan Africa","MORT",NA,Inf,1.76259958908922,0.358246558007371,"EAFR","Eastern Africa (excl Kenya, Tanzania)","ERI","Eritrea"
2080,"SSA","Sub-Saharan Africa","MORT",NA,Inf,1.76259958908922,0.358246558007371,"EAFR","Eastern Africa (excl Kenya, Tanzania)","ETH","Ethiopia"
2080,"SSA","Sub-Saharan Africa","MORT",NA,Inf,1.76259958908922,0.358246558007371,"EAFR","Eastern Africa (excl Kenya, Tanzania)","MDG","Madagascar"
2080,"SSA","Sub-Saharan Africa","MORT",NA,Inf,1.76259958908922,0.358246558007371,"EAFR","Eastern Africa (excl Kenya, Tanzania)","MUS","Mauritius"
2080,"SSA","Sub-Saharan Africa","MORT",NA,Inf,1.76259958908922,0.358246558007371,"EAFR","Eastern Africa (excl Kenya, Tanzania)","RWA","Rwanda"
2080,"SSA","Sub-Saharan Africa","MORT",NA,Inf,1.76259958908922,0.358246558007371,"EAFR","Eastern Africa (excl Kenya, Tanzania)","SDN","Sudan"
2080,"SSA","Sub-Saharan Africa","MORT",NA,Inf,1.76259958908922,0.358246558007371,"EAFR","Eastern Africa (excl Kenya, Tanzania)","SOM","Somalia"
2080,"SSA","Sub-Saharan Africa","MORT",NA,Inf,1.76259958908922,0.358246558007371,"EAFR","Eastern Africa (excl Kenya, Tanzania)","UGA","Uganda"
2080,"SSA","Sub-Saharan Africa","MORT",NA,Inf,1.76259958908922,0.358246558007371,"KENY","Kenya","KEN","Kenya"
2080,"SSA","Sub-Saharan Africa","MORT",NA,Inf,1.76259958908922,0.358246558007371,"NIGE","Nigeria","NGA","Nigeria"
2080,"SSA","Sub-Saharan Africa","MORT",NA,Inf,1.76259958908922,0.358246558007371,"TANZ","United Republic of Tanzania","TZA","United Republic of Tanzania"
2080,"SSA","Sub-Saharan Africa","MORT",NA,Inf,1.76259958908922,0.358246558007371,"WAFR","Western Africa (excl Nigeria)","BEN","Benin"
2080,"SSA","Sub-Saharan Africa","MORT",NA,Inf,1.76259958908922,0.358246558007371,"WAFR","Western Africa (excl Nigeria)","BFA","Burkina Faso"
2080,"SSA","Sub-Saharan Africa","MORT",NA,Inf,1.76259958908922,0.358246558007371,"WAFR","Western Africa (excl Nigeria)","CAF","Central African Republic"
2080,"SSA","Sub-Saharan Africa","MORT",NA,Inf,1.76259958908922,0.358246558007371,"WAFR","Western Africa (excl Nigeria)","CIV","Cote d'Ivoire"
2080,"SSA","Sub-Saharan Africa","MORT",NA,Inf,1.76259958908922,0.358246558007371,"WAFR","Western Africa (excl Nigeria)","CMR","Cameroon"
2080,"SSA","Sub-Saharan Africa","MORT",NA,Inf,1.76259958908922,0.358246558007371,"WAFR","Western Africa (excl Nigeria)","COD","Democratic Republic of the Congo"
2080,"SSA","Sub-Saharan Africa","MORT",NA,Inf,1.76259958908922,0.358246558007371,"WAFR","Western Africa (excl Nigeria)","COG","Congo"
2080,"SSA","Sub-Saharan Africa","MORT",NA,Inf,1.76259958908922,0.358246558007371,"WAFR","Western Africa (excl Nigeria)","CPV","Cape Verde"
2080,"SSA","Sub-Saharan Africa","MORT",NA,Inf,1.76259958908922,0.358246558007371,"WAFR","Western Africa (excl Nigeria)","GAB","Gabon"
2080,"SSA","Sub-Saharan Africa","MORT",NA,Inf,1.76259958908922,0.358246558007371,"WAFR","Western Africa (excl Nigeria)","GHA","Ghana"
2080,"SSA","Sub-Saharan Africa","MORT",NA,Inf,1.76259958908922,0.358246558007371,"WAFR","Western Africa (excl Nigeria)","GIN","Guinea"
2080,"SSA","Sub-Saharan Africa","MORT",NA,Inf,1.76259958908922,0.358246558007371,"WAFR","Western Africa (excl Nigeria)","GMB","Gambia"
2080,"SSA","Sub-Saharan Africa","MORT",NA,Inf,1.76259958908922,0.358246558007371,"WAFR","Western Africa (excl Nigeria)","GNB","Guinea-Bissau"
2080,"SSA","Sub-Saharan Africa","MORT",NA,Inf,1.76259958908922,0.358246558007371,"WAFR","Western Africa (excl Nigeria)","GNQ","Equatorial Guinea"
2080,"SSA","Sub-Saharan Africa","MORT",NA,Inf,1.76259958908922,0.358246558007371,"WAFR","Western Africa (excl Nigeria)","LBR","Liberia"
2080,"SSA","Sub-Saharan Africa","MORT",NA,Inf,1.76259958908922,0.358246558007371,"WAFR","Western Africa (excl Nigeria)","MLI","Mali"
2080,"SSA","Sub-Saharan Africa","MORT",NA,Inf,1.76259958908922,0.358246558007371,"WAFR","Western Africa (excl Nigeria)","MRT","Mauritania"
2080,"SSA","Sub-Saharan Africa","MORT",NA,Inf,1.76259958908922,0.358246558007371,"WAFR","Western Africa (excl Nigeria)","NER","Niger"
2080,"SSA","Sub-Saharan Africa","MORT",NA,Inf,1.76259958908922,0.358246558007371,"WAFR","Western Africa (excl Nigeria)","SEN","Senegal"
2080,"SSA","Sub-Saharan Africa","MORT",NA,Inf,1.76259958908922,0.358246558007371,"WAFR","Western Africa (excl Nigeria)","SLE","Sierra Leone"
2080,"SSA","Sub-Saharan Africa","MORT",NA,Inf,1.76259958908922,0.358246558007371,"WAFR","Western Africa (excl Nigeria)","TCD","Chad"
2080,"SSA","Sub-Saharan Africa","MORT",NA,Inf,1.76259958908922,0.358246558007371,"WAFR","Western Africa (excl Nigeria)","TGO","Togo"
2080,"WAS","Western Asia","MORB",1,1,1,0.555411230260173,"ARME","Armenia","ARM","Armenia"
2080,"WAS","Western Asia","MORB",1,1,1,0.555411230260173,"AZER","Azerbaijan","AZE","Azerbaijan"
2080,"WAS","Western Asia","MORB",1,1,1,0.555411230260173,"BELA","Belarus","BLR","Belarus"
2080,"WAS","Western Asia","MORB",1,1,1,0.555411230260173,"GEOR","Georgia","GEO","Georgia"
2080,"WAS","Western Asia","MORB",1,1,1,0.555411230260173,"MOLD","Republic of Moldova","MDA","Republic of Moldova"
2080,"WAS","Western Asia","MORB",1,1,1,0.555411230260173,"TURK","Turkey","TUR","Turkey"
2080,"WAS","Western Asia","MORB",1,1,1,0.555411230260173,"UKRA","Ukraine","UKR","Ukraine"
2080,"WAS","Western Asia","MORT",NA,Inf,1.03181480448433,0.0043473318316805,"ARME","Armenia","ARM","Armenia"
2080,"WAS","Western Asia","MORT",NA,Inf,1.03181480448433,0.0043473318316805,"AZER","Azerbaijan","AZE","Azerbaijan"
2080,"WAS","Western Asia","MORT",NA,Inf,1.03181480448433,0.0043473318316805,"BELA","Belarus","BLR","Belarus"
2080,"WAS","Western Asia","MORT",NA,Inf,1.03181480448433,0.0043473318316805,"GEOR","Georgia","GEO","Georgia"
2080,"WAS","Western Asia","MORT",NA,Inf,1.03181480448433,0.0043473318316805,"MOLD","Republic of Moldova","MDA","Republic of Moldova"
2080,"WAS","Western Asia","MORT",NA,Inf,1.03181480448433,0.0043473318316805,"TURK","Turkey","TUR","Turkey"
2080,"WAS","Western Asia","MORT",NA,Inf,1.03181480448433,0.0043473318316805,"UKRA","Ukraine","UKR","Ukraine"
2080,"WBK","West Balkan","MORB",1,1,1,0.50576939273983,"ALBA","Albania","ALB","Albania"
2080,"WBK","West Balkan","MORB",1,1,1,0.50576939273983,"BOHE","Bosnia and Herzegovina","BIH","Bosnia and Herzegovina"
2080,"WBK","West Balkan","MORB",1,1,1,0.50576939273983,"KOSO","Kosovo","XKX","Kosovo"
2080,"WBK","West Balkan","MORB",1,1,1,0.50576939273983,"MACE","TFYR Macedonia","MKD","TFYR Macedonia"
2080,"WBK","West Balkan","MORB",1,1,1,0.50576939273983,"MONT","Montenegro","MNE","Montenegro"
2080,"WBK","West Balkan","MORB",1,1,1,0.50576939273983,"SERB","Serbia","SRB","Serbia"
2080,"WBK","West Balkan","MORT",NA,Inf,1.02375997681953,0.0117614519400469,"ALBA","Albania","ALB","Albania"
2080,"WBK","West Balkan","MORT",NA,Inf,1.02375997681953,0.0117614519400469,"BOHE","Bosnia and Herzegovina","BIH","Bosnia and Herzegovina"
2080,"WBK","West Balkan","MORT",NA,Inf,1.02375997681953,0.0117614519400469,"KOSO","Kosovo","XKX","Kosovo"
2080,"WBK","West Balkan","MORT",NA,Inf,1.02375997681953,0.0117614519400469,"MACE","TFYR Macedonia","MKD","TFYR Macedonia"
2080,"WBK","West Balkan","MORT",NA,Inf,1.02375997681953,0.0117614519400469,"MONT","Montenegro","MNE","Montenegro"
2080,"WBK","West Balkan","MORT",NA,Inf,1.02375997681953,0.0117614519400469,"SERB","Serbia","SRB","Serbia"
2090,"CAS","Central Asia","MORB",1,1,1,0.490190669267091,"KAZA","Kazakhstan","KAZ","Kazakhstan"
2090,"CAS","Central Asia","MORB",1,1,1,0.490190669267091,"KYRG","Kyrgyzstan","KGZ","Kyrgyzstan"
2090,"CAS","Central Asia","MORB",1,1,1,0.490190669267091,"TAJI","Tajikistan","TJK","Tajikistan"
2090,"CAS","Central Asia","MORB",1,1,1,0.490190669267091,"TKME","Turkmenistan","TKM","Turkmenistan"
2090,"CAS","Central Asia","MORB",1,1,1,0.490190669267091,"UZBE","Uzbekistan","UZB","Uzbekistan"
2090,"CAS","Central Asia","MORT",NA,Inf,1.06855028673614,0.0336017759141641,"KAZA","Kazakhstan","KAZ","Kazakhstan"
2090,"CAS","Central Asia","MORT",NA,Inf,1.06855028673614,0.0336017759141641,"KYRG","Kyrgyzstan","KGZ","Kyrgyzstan"
2090,"CAS","Central Asia","MORT",NA,Inf,1.06855028673614,0.0336017759141641,"TAJI","Tajikistan","TJK","Tajikistan"
2090,"CAS","Central Asia","MORT",NA,Inf,1.06855028673614,0.0336017759141641,"TKME","Turkmenistan","TKM","Turkmenistan"
2090,"CAS","Central Asia","MORT",NA,Inf,1.06855028673614,0.0336017759141641,"UZBE","Uzbekistan","UZB","Uzbekistan"
2090,"CHI","Centrally Planned Asia","MORB",1,1,1,0.565042070987391,"CHIN","China","CHN","China"
2090,"CHI","Centrally Planned Asia","MORB",1,1,1,0.565042070987391,"KORN","North Korea","PRK","North Korea"
2090,"CHI","Centrally Planned Asia","MORB",1,1,1,0.565042070987391,"MONG","Mongolia","MNG","Mongolia"
2090,"CHI","Centrally Planned Asia","MORT",NA,Inf,1.00991832228845,0.00027245172365624,"CHIN","China","CHN","China"
2090,"CHI","Centrally Planned Asia","MORT",NA,Inf,1.00991832228845,0.00027245172365624,"KORN","North Korea","PRK","North Korea"
2090,"CHI","Centrally Planned Asia","MORT",NA,Inf,1.00991832228845,0.00027245172365624,"MONG","Mongolia","MNG","Mongolia"
2090,"EAS","South East Asia","MORB",1,1,1,0.547483630236952,"CAMB","Cambodia","KHM","Cambodia"
2090,"EAS","South East Asia","MORB",1,1,1,0.547483630236952,"INDO","Indonesia","IDN","Indonesia"
2090,"EAS","South East Asia","MORB",1,1,1,0.547483630236952,"LAOS","Laos","LAO","Laos"
2090,"EAS","South East Asia","MORB",1,1,1,0.547483630236952,"MALA","Malaysia","MYS","Malaysia"
2090,"EAS","South East Asia","MORB",1,1,1,0.547483630236952,"MYAN","Myanmar","MMR","Myanmar"
2090,"EAS","South East Asia","MORB",1,1,1,0.547483630236952,"PHIL","Philippines","PHL","Philippines"
2090,"EAS","South East Asia","MORB",1,1,1,0.547483630236952,"THAI","Thailand","THA","Thailand"
2090,"EAS","South East Asia","MORB",1,1,1,0.547483630236952,"VIET","Vietnam","VNM","Vietnam"
2090,"EAS","South East Asia","MORT",NA,Inf,1.04234345440982,0.0116582312913955,"CAMB","Cambodia","KHM","Cambodia"
2090,"EAS","South East Asia","MORT",NA,Inf,1.04234345440982,0.0116582312913955,"INDO","Indonesia","IDN","Indonesia"
2090,"EAS","South East Asia","MORT",NA,Inf,1.04234345440982,0.0116582312913955,"LAOS","Laos","LAO","Laos"
2090,"EAS","South East Asia","MORT",NA,Inf,1.04234345440982,0.0116582312913955,"MALA","Malaysia","MYS","Malaysia"
2090,"EAS","South East Asia","MORT",NA,Inf,1.04234345440982,0.0116582312913955,"MYAN","Myanmar","MMR","Myanmar"
2090,"EAS","South East Asia","MORT",NA,Inf,1.04234345440982,0.0116582312913955,"PHIL","Philippines","PHL","Philippines"
2090,"EAS","South East Asia","MORT",NA,Inf,1.04234345440982,0.0116582312913955,"THAI","Thailand","THA","Thailand"
2090,"EAS","South East Asia","MORT",NA,Inf,1.04234345440982,0.0116582312913955,"VIET","Vietnam","VNM","Vietnam"
2090,"EUR","EU, EFTA, UK","MORB",1,1,1,0.572502602575475,"AUST","Austria","AUT","Austria"
2090,"EUR","EU, EFTA, UK","MORB",1,1,1,0.572502602575475,"BELG","Belgium","BEL","Belgium"
2090,"EUR","EU, EFTA, UK","MORB",1,1,1,0.572502602575475,"BULG","Bulgaria","BGR","Bulgaria"
2090,"EUR","EU, EFTA, UK","MORB",1,1,1,0.572502602575475,"CROA","Croatia","HRV","Croatia"
2090,"EUR","EU, EFTA, UK","MORB",1,1,1,0.572502602575475,"CYPR","Cyprus","CYP","Cyprus"
2090,"EUR","EU, EFTA, UK","MORB",1,1,1,0.572502602575475,"CZRE","Czech Republic","CZE","Czech Republic"
2090,"EUR","EU, EFTA, UK","MORB",1,1,1,0.572502602575475,"DENM","Denmark","DNK","Denmark"
2090,"EUR","EU, EFTA, UK","MORB",1,1,1,0.572502602575475,"ESTO","Estonia","EST","Estonia"
2090,"EUR","EU, EFTA, UK","MORB",1,1,1,0.572502602575475,"FINL","Finland","FIN","Finland"
2090,"EUR","EU, EFTA, UK","MORB",1,1,1,0.572502602575475,"FRAN","France","FRA","France"
2090,"EUR","EU, EFTA, UK","MORB",1,1,1,0.572502602575475,"GERM","Germany","DEU","Germany"
2090,"EUR","EU, EFTA, UK","MORB",1,1,1,0.572502602575475,"GREE","Greece","GRC","Greece"
2090,"EUR","EU, EFTA, UK","MORB",1,1,1,0.572502602575475,"HUNG","Hungary","HUN","Hungary"
2090,"EUR","EU, EFTA, UK","MORB",1,1,1,0.572502602575475,"ICEL","Iceland","ISL","Iceland"
2090,"EUR","EU, EFTA, UK","MORB",1,1,1,0.572502602575475,"IREL","Ireland","IRL","Ireland"
2090,"EUR","EU, EFTA, UK","MORB",1,1,1,0.572502602575475,"ITAL","Italy","ITA","Italy"
2090,"EUR","EU, EFTA, UK","MORB",1,1,1,0.572502602575475,"LATV","Latvia","LVA","Latvia"
2090,"EUR","EU, EFTA, UK","MORB",1,1,1,0.572502602575475,"LITH","Lithuania","LTU","Lithuania"
2090,"EUR","EU, EFTA, UK","MORB",1,1,1,0.572502602575475,"LUXE","Luxembourg","LUX","Luxembourg"
2090,"EUR","EU, EFTA, UK","MORB",1,1,1,0.572502602575475,"MALT","Malta","MLT","Malta"
2090,"EUR","EU, EFTA, UK","MORB",1,1,1,0.572502602575475,"NETH","Netherlands","NLD","Netherlands"
2090,"EUR","EU, EFTA, UK","MORB",1,1,1,0.572502602575475,"NORW","Norway","NOR","Norway"
2090,"EUR","EU, EFTA, UK","MORB",1,1,1,0.572502602575475,"POLA","Poland","POL","Poland"
2090,"EUR","EU, EFTA, UK","MORB",1,1,1,0.572502602575475,"PORT","Portugal","PRT","Portugal"
2090,"EUR","EU, EFTA, UK","MORB",1,1,1,0.572502602575475,"ROMA","Romania","ROU","Romania"
2090,"EUR","EU, EFTA, UK","MORB",1,1,1,0.572502602575475,"SKRE","Slovakia","SVK","Slovakia"
2090,"EUR","EU, EFTA, UK","MORB",1,1,1,0.572502602575475,"SLOV","Slovenia","SVN","Slovenia"
2090,"EUR","EU, EFTA, UK","MORB",1,1,1,0.572502602575475,"SPAI","Spain","ESP","Spain"
2090,"EUR","EU, EFTA, UK","MORB",1,1,1,0.572502602575475,"SWED","Sweden","SWE","Sweden"
2090,"EUR","EU, EFTA, UK","MORB",1,1,1,0.572502602575475,"SWIT","Switzerland","CHE","Switzerland"
2090,"EUR","EU, EFTA, UK","MORB",1,1,1,0.572502602575475,"UNKI","United Kingdom","GBR","United Kingdom"
2090,"EUR","EU, EFTA, UK","MORT",NA,Inf,1.00463015354131,0.00351024783118356,"AUST","Austria","AUT","Austria"
2090,"EUR","EU, EFTA, UK","MORT",NA,Inf,1.00463015354131,0.00351024783118356,"BELG","Belgium","BEL","Belgium"
2090,"EUR","EU, EFTA, UK","MORT",NA,Inf,1.00463015354131,0.00351024783118356,"BULG","Bulgaria","BGR","Bulgaria"
2090,"EUR","EU, EFTA, UK","MORT",NA,Inf,1.00463015354131,0.00351024783118356,"CROA","Croatia","HRV","Croatia"
2090,"EUR","EU, EFTA, UK","MORT",NA,Inf,1.00463015354131,0.00351024783118356,"CYPR","Cyprus","CYP","Cyprus"
2090,"EUR","EU, EFTA, UK","MORT",NA,Inf,1.00463015354131,0.00351024783118356,"CZRE","Czech Republic","CZE","Czech Republic"
2090,"EUR","EU, EFTA, UK","MORT",NA,Inf,1.00463015354131,0.00351024783118356,"DENM","Denmark","DNK","Denmark"
2090,"EUR","EU, EFTA, UK","MORT",NA,Inf,1.00463015354131,0.00351024783118356,"ESTO","Estonia","EST","Estonia"
2090,"EUR","EU, EFTA, UK","MORT",NA,Inf,1.00463015354131,0.00351024783118356,"FINL","Finland","FIN","Finland"
2090,"EUR","EU, EFTA, UK","MORT",NA,Inf,1.00463015354131,0.00351024783118356,"FRAN","France","FRA","France"
2090,"EUR","EU, EFTA, UK","MORT",NA,Inf,1.00463015354131,0.00351024783118356,"GERM","Germany","DEU","Germany"
2090,"EUR","EU, EFTA, UK","MORT",NA,Inf,1.00463015354131,0.00351024783118356,"GREE","Greece","GRC","Greece"
2090,"EUR","EU, EFTA, UK","MORT",NA,Inf,1.00463015354131,0.00351024783118356,"HUNG","Hungary","HUN","Hungary"
2090,"EUR","EU, EFTA, UK","MORT",NA,Inf,1.00463015354131,0.00351024783118356,"ICEL","Iceland","ISL","Iceland"
2090,"EUR","EU, EFTA, UK","MORT",NA,Inf,1.00463015354131,0.00351024783118356,"IREL","Ireland","IRL","Ireland"
2090,"EUR","EU, EFTA, UK","MORT",NA,Inf,1.00463015354131,0.00351024783118356,"ITAL","Italy","ITA","Italy"
2090,"EUR","EU, EFTA, UK","MORT",NA,Inf,1.00463015354131,0.00351024783118356,"LATV","Latvia","LVA","Latvia"
2090,"EUR","EU, EFTA, UK","MORT",NA,Inf,1.00463015354131,0.00351024783118356,"LITH","Lithuania","LTU","Lithuania"
2090,"EUR","EU, EFTA, UK","MORT",NA,Inf,1.00463015354131,0.00351024783118356,"LUXE","Luxembourg","LUX","Luxembourg"
2090,"EUR","EU, EFTA, UK","MORT",NA,Inf,1.00463015354131,0.00351024783118356,"MALT","Malta","MLT","Malta"
2090,"EUR","EU, EFTA, UK","MORT",NA,Inf,1.00463015354131,0.00351024783118356,"NETH","Netherlands","NLD","Netherlands"
2090,"EUR","EU, EFTA, UK","MORT",NA,Inf,1.00463015354131,0.00351024783118356,"NORW","Norway","NOR","Norway"
2090,"EUR","EU, EFTA, UK","MORT",NA,Inf,1.00463015354131,0.00351024783118356,"POLA","Poland","POL","Poland"
2090,"EUR","EU, EFTA, UK","MORT",NA,Inf,1.00463015354131,0.00351024783118356,"PORT","Portugal","PRT","Portugal"
2090,"EUR","EU, EFTA, UK","MORT",NA,Inf,1.00463015354131,0.00351024783118356,"ROMA","Romania","ROU","Romania"
2090,"EUR","EU, EFTA, UK","MORT",NA,Inf,1.00463015354131,0.00351024783118356,"SKRE","Slovakia","SVK","Slovakia"
2090,"EUR","EU, EFTA, UK","MORT",NA,Inf,1.00463015354131,0.00351024783118356,"SLOV","Slovenia","SVN","Slovenia"
2090,"EUR","EU, EFTA, UK","MORT",NA,Inf,1.00463015354131,0.00351024783118356,"SPAI","Spain","ESP","Spain"
2090,"EUR","EU, EFTA, UK","MORT",NA,Inf,1.00463015354131,0.00351024783118356,"SWED","Sweden","SWE","Sweden"
2090,"EUR","EU, EFTA, UK","MORT",NA,Inf,1.00463015354131,0.00351024783118356,"SWIT","Switzerland","CHE","Switzerland"
2090,"EUR","EU, EFTA, UK","MORT",NA,Inf,1.00463015354131,0.00351024783118356,"UNKI","United Kingdom","GBR","United Kingdom"
2090,"LAC","Latin America & Caribbean","MORB",1,1,1,0.654125769227913,"ARGE","Argentina","ARG","Argentina"
2090,"LAC","Latin America & Caribbean","MORB",1,1,1,0.654125769227913,"BOLV","Bolivia (Plurinational State of)","BOL","Bolivia (Plurinational State of)"
2090,"LAC","Latin America & Caribbean","MORB",1,1,1,0.654125769227913,"BRAZ","Brazil","BRA","Brazil"
2090,"LAC","Latin America & Caribbean","MORB",1,1,1,0.654125769227913,"CARB","Caribbean","ABW","Aruba"
2090,"LAC","Latin America & Caribbean","MORB",1,1,1,0.654125769227913,"CARB","Caribbean","BHS","Bahamas"
2090,"LAC","Latin America & Caribbean","MORB",1,1,1,0.654125769227913,"CARB","Caribbean","BRB","Barbados"
2090,"LAC","Latin America & Caribbean","MORB",1,1,1,0.654125769227913,"CARB","Caribbean","CUB","Cuba"
2090,"LAC","Latin America & Caribbean","MORB",1,1,1,0.654125769227913,"CARB","Caribbean","DOM","Dominican Republic"
2090,"LAC","Latin America & Caribbean","MORB",1,1,1,0.654125769227913,"CARB","Caribbean","GLP","Guadeloupe"
2090,"LAC","Latin America & Caribbean","MORB",1,1,1,0.654125769227913,"CARB","Caribbean","GRD","Grenada"
2090,"LAC","Latin America & Caribbean","MORB",1,1,1,0.654125769227913,"CARB","Caribbean","GUF","French Guiana"
2090,"LAC","Latin America & Caribbean","MORB",1,1,1,0.654125769227913,"CARB","Caribbean","GUY","Guyana"
2090,"LAC","Latin America & Caribbean","MORB",1,1,1,0.654125769227913,"CARB","Caribbean","HTI","Haiti"
2090,"LAC","Latin America & Caribbean","MORB",1,1,1,0.654125769227913,"CARB","Caribbean","JAM","Jamaica"
2090,"LAC","Latin America & Caribbean","MORB",1,1,1,0.654125769227913,"CARB","Caribbean","LCA","Saint Lucia"
2090,"LAC","Latin America & Caribbean","MORB",1,1,1,0.654125769227913,"CARB","Caribbean","MTQ","Martinique"
2090,"LAC","Latin America & Caribbean","MORB",1,1,1,0.654125769227913,"CARB","Caribbean","PRI","Puerto Rico"
2090,"LAC","Latin America & Caribbean","MORB",1,1,1,0.654125769227913,"CARB","Caribbean","SUR","Suriname"
2090,"LAC","Latin America & Caribbean","MORB",1,1,1,0.654125769227913,"CARB","Caribbean","TTO","Trinidad and Tobago"
2090,"LAC","Latin America & Caribbean","MORB",1,1,1,0.654125769227913,"CARB","Caribbean","VCT","Saint Vincent and the Grenadines"
2090,"LAC","Latin America & Caribbean","MORB",1,1,1,0.654125769227913,"CARB","Caribbean","VIR","United States Virgin Islands"
2090,"LAC","Latin America & Caribbean","MORB",1,1,1,0.654125769227913,"CEAM","Central America","BLZ","Belize"
2090,"LAC","Latin America & Caribbean","MORB",1,1,1,0.654125769227913,"CEAM","Central America","CRI","Costa Rica"
2090,"LAC","Latin America & Caribbean","MORB",1,1,1,0.654125769227913,"CEAM","Central America","GTM","Guatemala"
2090,"LAC","Latin America & Caribbean","MORB",1,1,1,0.654125769227913,"CEAM","Central America","HND","Honduras"
2090,"LAC","Latin America & Caribbean","MORB",1,1,1,0.654125769227913,"CEAM","Central America","NIC","Nicaragua"
2090,"LAC","Latin America & Caribbean","MORB",1,1,1,0.654125769227913,"CEAM","Central America","PAN","Panama"
2090,"LAC","Latin America & Caribbean","MORB",1,1,1,0.654125769227913,"CEAM","Central America","SLV","El Salvador"
2090,"LAC","Latin America & Caribbean","MORB",1,1,1,0.654125769227913,"CHIL","Chile","CHL","Chile"
2090,"LAC","Latin America & Caribbean","MORB",1,1,1,0.654125769227913,"COLO","Colombia","COL","Colombia"
2090,"LAC","Latin America & Caribbean","MORB",1,1,1,0.654125769227913,"ECUA","Ecuador","ECU","Ecuador"
2090,"LAC","Latin America & Caribbean","MORB",1,1,1,0.654125769227913,"MEXI","Mexico","MEX","Mexico"
2090,"LAC","Latin America & Caribbean","MORB",1,1,1,0.654125769227913,"PARA","Paraguay","PRY","Paraguay"
2090,"LAC","Latin America & Caribbean","MORB",1,1,1,0.654125769227913,"PERU","Peru","PER","Peru"
2090,"LAC","Latin America & Caribbean","MORB",1,1,1,0.654125769227913,"URUG","Uruguay","URY","Uruguay"
2090,"LAC","Latin America & Caribbean","MORB",1,1,1,0.654125769227913,"VENE","Venezuela (Bolivarian Republic of)","VEN","Venezuela (Bolivarian Republic of)"
2090,"LAC","Latin America & Caribbean","MORT",NA,Inf,1.03661652618054,0.00611406659069059,"ARGE","Argentina","ARG","Argentina"
2090,"LAC","Latin America & Caribbean","MORT",NA,Inf,1.03661652618054,0.00611406659069059,"BOLV","Bolivia (Plurinational State of)","BOL","Bolivia (Plurinational State of)"
2090,"LAC","Latin America & Caribbean","MORT",NA,Inf,1.03661652618054,0.00611406659069059,"BRAZ","Brazil","BRA","Brazil"
2090,"LAC","Latin America & Caribbean","MORT",NA,Inf,1.03661652618054,0.00611406659069059,"CARB","Caribbean","ABW","Aruba"
2090,"LAC","Latin America & Caribbean","MORT",NA,Inf,1.03661652618054,0.00611406659069059,"CARB","Caribbean","BHS","Bahamas"
2090,"LAC","Latin America & Caribbean","MORT",NA,Inf,1.03661652618054,0.00611406659069059,"CARB","Caribbean","BRB","Barbados"
2090,"LAC","Latin America & Caribbean","MORT",NA,Inf,1.03661652618054,0.00611406659069059,"CARB","Caribbean","CUB","Cuba"
2090,"LAC","Latin America & Caribbean","MORT",NA,Inf,1.03661652618054,0.00611406659069059,"CARB","Caribbean","DOM","Dominican Republic"
2090,"LAC","Latin America & Caribbean","MORT",NA,Inf,1.03661652618054,0.00611406659069059,"CARB","Caribbean","GLP","Guadeloupe"
2090,"LAC","Latin America & Caribbean","MORT",NA,Inf,1.03661652618054,0.00611406659069059,"CARB","Caribbean","GRD","Grenada"
2090,"LAC","Latin America & Caribbean","MORT",NA,Inf,1.03661652618054,0.00611406659069059,"CARB","Caribbean","GUF","French Guiana"
2090,"LAC","Latin America & Caribbean","MORT",NA,Inf,1.03661652618054,0.00611406659069059,"CARB","Caribbean","GUY","Guyana"
2090,"LAC","Latin America & Caribbean","MORT",NA,Inf,1.03661652618054,0.00611406659069059,"CARB","Caribbean","HTI","Haiti"
2090,"LAC","Latin America & Caribbean","MORT",NA,Inf,1.03661652618054,0.00611406659069059,"CARB","Caribbean","JAM","Jamaica"
2090,"LAC","Latin America & Caribbean","MORT",NA,Inf,1.03661652618054,0.00611406659069059,"CARB","Caribbean","LCA","Saint Lucia"
2090,"LAC","Latin America & Caribbean","MORT",NA,Inf,1.03661652618054,0.00611406659069059,"CARB","Caribbean","MTQ","Martinique"
2090,"LAC","Latin America & Caribbean","MORT",NA,Inf,1.03661652618054,0.00611406659069059,"CARB","Caribbean","PRI","Puerto Rico"
2090,"LAC","Latin America & Caribbean","MORT",NA,Inf,1.03661652618054,0.00611406659069059,"CARB","Caribbean","SUR","Suriname"
2090,"LAC","Latin America & Caribbean","MORT",NA,Inf,1.03661652618054,0.00611406659069059,"CARB","Caribbean","TTO","Trinidad and Tobago"
2090,"LAC","Latin America & Caribbean","MORT",NA,Inf,1.03661652618054,0.00611406659069059,"CARB","Caribbean","VCT","Saint Vincent and the Grenadines"
2090,"LAC","Latin America & Caribbean","MORT",NA,Inf,1.03661652618054,0.00611406659069059,"CARB","Caribbean","VIR","United States Virgin Islands"
2090,"LAC","Latin America & Caribbean","MORT",NA,Inf,1.03661652618054,0.00611406659069059,"CEAM","Central America","BLZ","Belize"
2090,"LAC","Latin America & Caribbean","MORT",NA,Inf,1.03661652618054,0.00611406659069059,"CEAM","Central America","CRI","Costa Rica"
2090,"LAC","Latin America & Caribbean","MORT",NA,Inf,1.03661652618054,0.00611406659069059,"CEAM","Central America","GTM","Guatemala"
2090,"LAC","Latin America & Caribbean","MORT",NA,Inf,1.03661652618054,0.00611406659069059,"CEAM","Central America","HND","Honduras"
2090,"LAC","Latin America & Caribbean","MORT",NA,Inf,1.03661652618054,0.00611406659069059,"CEAM","Central America","NIC","Nicaragua"
2090,"LAC","Latin America & Caribbean","MORT",NA,Inf,1.03661652618054,0.00611406659069059,"CEAM","Central America","PAN","Panama"
2090,"LAC","Latin America & Caribbean","MORT",NA,Inf,1.03661652618054,0.00611406659069059,"CEAM","Central America","SLV","El Salvador"
2090,"LAC","Latin America & Caribbean","MORT",NA,Inf,1.03661652618054,0.00611406659069059,"CHIL","Chile","CHL","Chile"
2090,"LAC","Latin America & Caribbean","MORT",NA,Inf,1.03661652618054,0.00611406659069059,"COLO","Colombia","COL","Colombia"
2090,"LAC","Latin America & Caribbean","MORT",NA,Inf,1.03661652618054,0.00611406659069059,"ECUA","Ecuador","ECU","Ecuador"
2090,"LAC","Latin America & Caribbean","MORT",NA,Inf,1.03661652618054,0.00611406659069059,"MEXI","Mexico","MEX","Mexico"
2090,"LAC","Latin America & Caribbean","MORT",NA,Inf,1.03661652618054,0.00611406659069059,"PARA","Paraguay","PRY","Paraguay"
2090,"LAC","Latin America & Caribbean","MORT",NA,Inf,1.03661652618054,0.00611406659069059,"PERU","Peru","PER","Peru"
2090,"LAC","Latin America & Caribbean","MORT",NA,Inf,1.03661652618054,0.00611406659069059,"URUG","Uruguay","URY","Uruguay"
2090,"LAC","Latin America & Caribbean","MORT",NA,Inf,1.03661652618054,0.00611406659069059,"VENE","Venezuela (Bolivarian Republic of)","VEN","Venezuela (Bolivarian Republic of)"
2090,"MEA","Middle East","MORB",1.4173183237375,1.40461975633372,1.32321155441024,0.639026552989758,"ISRA","Israel","ISR","Israel"
2090,"MEA","Middle East","MORB",1.4173183237375,1.40461975633372,1.32321155441024,0.639026552989758,"MIDE","Middle East","ARE","United Arab Emirates"
2090,"MEA","Middle East","MORB",1.4173183237375,1.40461975633372,1.32321155441024,0.639026552989758,"MIDE","Middle East","BHR","Bahrain"
2090,"MEA","Middle East","MORB",1.4173183237375,1.40461975633372,1.32321155441024,0.639026552989758,"MIDE","Middle East","IRQ","Iraq"
2090,"MEA","Middle East","MORB",1.4173183237375,1.40461975633372,1.32321155441024,0.639026552989758,"MIDE","Middle East","JOR","Jordan"
2090,"MEA","Middle East","MORB",1.4173183237375,1.40461975633372,1.32321155441024,0.639026552989758,"MIDE","Middle East","KWT","Kuwait"
2090,"MEA","Middle East","MORB",1.4173183237375,1.40461975633372,1.32321155441024,0.639026552989758,"MIDE","Middle East","LBN","Lebanon"
2090,"MEA","Middle East","MORB",1.4173183237375,1.40461975633372,1.32321155441024,0.639026552989758,"MIDE","Middle East","OMN","Oman"
2090,"MEA","Middle East","MORB",1.4173183237375,1.40461975633372,1.32321155441024,0.639026552989758,"MIDE","Middle East","PSE","Occupied Palestinian Territory"
2090,"MEA","Middle East","MORB",1.4173183237375,1.40461975633372,1.32321155441024,0.639026552989758,"MIDE","Middle East","QAT","Qatar"
2090,"MEA","Middle East","MORB",1.4173183237375,1.40461975633372,1.32321155441024,0.639026552989758,"MIDE","Middle East","SYR","Syrian Arab Republic"
2090,"MEA","Middle East","MORB",1.4173183237375,1.40461975633372,1.32321155441024,0.639026552989758,"MIDE","Middle East","YEM","Yemen"
2090,"MEA","Middle East","MORB",1.4173183237375,1.40461975633372,1.32321155441024,0.639026552989758,"SAAR","Saudi Arabia","SAU","Saudi Arabia"
2090,"MEA","Middle East","MORT",NA,Inf,1.36041250542895,0.00480852006865126,"ISRA","Israel","ISR","Israel"
2090,"MEA","Middle East","MORT",NA,Inf,1.36041250542895,0.00480852006865126,"MIDE","Middle East","ARE","United Arab Emirates"
2090,"MEA","Middle East","MORT",NA,Inf,1.36041250542895,0.00480852006865126,"MIDE","Middle East","BHR","Bahrain"
2090,"MEA","Middle East","MORT",NA,Inf,1.36041250542895,0.00480852006865126,"MIDE","Middle East","IRQ","Iraq"
2090,"MEA","Middle East","MORT",NA,Inf,1.36041250542895,0.00480852006865126,"MIDE","Middle East","JOR","Jordan"
2090,"MEA","Middle East","MORT",NA,Inf,1.36041250542895,0.00480852006865126,"MIDE","Middle East","KWT","Kuwait"
2090,"MEA","Middle East","MORT",NA,Inf,1.36041250542895,0.00480852006865126,"MIDE","Middle East","LBN","Lebanon"
2090,"MEA","Middle East","MORT",NA,Inf,1.36041250542895,0.00480852006865126,"MIDE","Middle East","OMN","Oman"
2090,"MEA","Middle East","MORT",NA,Inf,1.36041250542895,0.00480852006865126,"MIDE","Middle East","PSE","Occupied Palestinian Territory"
2090,"MEA","Middle East","MORT",NA,Inf,1.36041250542895,0.00480852006865126,"MIDE","Middle East","QAT","Qatar"
2090,"MEA","Middle East","MORT",NA,Inf,1.36041250542895,0.00480852006865126,"MIDE","Middle East","SYR","Syrian Arab Republic"
2090,"MEA","Middle East","MORT",NA,Inf,1.36041250542895,0.00480852006865126,"MIDE","Middle East","YEM","Yemen"
2090,"MEA","Middle East","MORT",NA,Inf,1.36041250542895,0.00480852006865126,"SAAR","Saudi Arabia","SAU","Saudi Arabia"
2090,"NAF","North Africa","MORB",0.818802027076802,0.838472327492213,0.855097877327769,0.428387593124416,"EGYP","Egypt","EGY","Egypt"
2090,"NAF","North Africa","MORB",0.818802027076802,0.838472327492213,0.855097877327769,0.428387593124416,"IRAN","Iran","IRN","Iran"
2090,"NAF","North Africa","MORB",0.818802027076802,0.838472327492213,0.855097877327769,0.428387593124416,"NAFR","Northern Africa (excl Egypt)","DZA","Algeria"
2090,"NAF","North Africa","MORB",0.818802027076802,0.838472327492213,0.855097877327769,0.428387593124416,"NAFR","Northern Africa (excl Egypt)","ESH","Western Sahara"
2090,"NAF","North Africa","MORB",0.818802027076802,0.838472327492213,0.855097877327769,0.428387593124416,"NAFR","Northern Africa (excl Egypt)","LBY","Libyan Arab Jamahiriya"
2090,"NAF","North Africa","MORB",0.818802027076802,0.838472327492213,0.855097877327769,0.428387593124416,"NAFR","Northern Africa (excl Egypt)","MAR","Morocco"
2090,"NAF","North Africa","MORB",0.818802027076802,0.838472327492213,0.855097877327769,0.428387593124416,"NAFR","Northern Africa (excl Egypt)","TUN","Tunisia"
2090,"NAF","North Africa","MORT",NA,Inf,0.936570142711724,0.00762285572124706,"EGYP","Egypt","EGY","Egypt"
2090,"NAF","North Africa","MORT",NA,Inf,0.936570142711724,0.00762285572124706,"IRAN","Iran","IRN","Iran"
2090,"NAF","North Africa","MORT",NA,Inf,0.936570142711724,0.00762285572124706,"NAFR","Northern Africa (excl Egypt)","DZA","Algeria"
2090,"NAF","North Africa","MORT",NA,Inf,0.936570142711724,0.00762285572124706,"NAFR","Northern Africa (excl Egypt)","ESH","Western Sahara"
2090,"NAF","North Africa","MORT",NA,Inf,0.936570142711724,0.00762285572124706,"NAFR","Northern Africa (excl Egypt)","LBY","Libyan Arab Jamahiriya"
2090,"NAF","North Africa","MORT",NA,Inf,0.936570142711724,0.00762285572124706,"NAFR","Northern Africa (excl Egypt)","MAR","Morocco"
2090,"NAF","North Africa","MORT",NA,Inf,0.936570142711724,0.00762285572124706,"NAFR","Northern Africa (excl Egypt)","TUN","Tunisia"
2090,"NAM","North America","MORB",1,1,1,0.667718648279857,"CANA","Canada","CAN","Canada"
2090,"NAM","North America","MORB",1,1,1,0.667718648279857,"USAM","United States of America","USA","United States of America"
2090,"NAM","North America","MORT",NA,Inf,1.00770929583275,0.00816631566084043,"CANA","Canada","CAN","Canada"
2090,"NAM","North America","MORT",NA,Inf,1.00770929583275,0.00816631566084043,"USAM","United States of America","USA","United States of America"
2090,"OCE","Oceania","MORB",1,1,1,0.578854948839031,"AUTR","Australia","AUS","Australia"
2090,"OCE","Oceania","MORB",1,1,1,0.578854948839031,"BRUN","Brunei Darussalam","BRN","Brunei Darussalam"
2090,"OCE","Oceania","MORB",1,1,1,0.578854948839031,"JAPA","Japan","JPN","Japan"
2090,"OCE","Oceania","MORB",1,1,1,0.578854948839031,"KORS","Republic of Korea","KOR","Republic of Korea"
2090,"OCE","Oceania","MORB",1,1,1,0.578854948839031,"NZEL","New Zealand","NZL","New Zealand"
2090,"OCE","Oceania","MORB",1,1,1,0.578854948839031,"SING","Singapore","SGP","Singapore"
2090,"OCE","Oceania","MORB",1,1,1,0.578854948839031,"TAIW","Taiwan","TWN","Taiwan"
2090,"OCE","Oceania","MORT",NA,Inf,1.00097299678634,0.00189639553559316,"AUTR","Australia","AUS","Australia"
2090,"OCE","Oceania","MORT",NA,Inf,1.00097299678634,0.00189639553559316,"BRUN","Brunei Darussalam","BRN","Brunei Darussalam"
2090,"OCE","Oceania","MORT",NA,Inf,1.00097299678634,0.00189639553559316,"JAPA","Japan","JPN","Japan"
2090,"OCE","Oceania","MORT",NA,Inf,1.00097299678634,0.00189639553559316,"KORS","Republic of Korea","KOR","Republic of Korea"
2090,"OCE","Oceania","MORT",NA,Inf,1.00097299678634,0.00189639553559316,"NZEL","New Zealand","NZL","New Zealand"
2090,"OCE","Oceania","MORT",NA,Inf,1.00097299678634,0.00189639553559316,"SING","Singapore","SGP","Singapore"
2090,"OCE","Oceania","MORT",NA,Inf,1.00097299678634,0.00189639553559316,"TAIW","Taiwan","TWN","Taiwan"
2090,"RUS","Russian Federation","MORB",1,1,1,0.423921495443377,"RUSS","Russian Federation","RUS","Russian Federation"
2090,"RUS","Russian Federation","MORT",NA,Inf,1.00766226332375,0.0164951991847606,"RUSS","Russian Federation","RUS","Russian Federation"
2090,"SAF","Southern Africa","MORB",1,1,1,0.64600650464968,"RSAF","Remaining Southern Africa","AGO","Angola"
2090,"SAF","Southern Africa","MORB",1,1,1,0.64600650464968,"RSAF","Remaining Southern Africa","BWA","Botswana"
2090,"SAF","Southern Africa","MORB",1,1,1,0.64600650464968,"RSAF","Remaining Southern Africa","LSO","Lesotho"
2090,"SAF","Southern Africa","MORB",1,1,1,0.64600650464968,"RSAF","Remaining Southern Africa","MOZ","Mozambique"
2090,"SAF","Southern Africa","MORB",1,1,1,0.64600650464968,"RSAF","Remaining Southern Africa","MWI","Malawi"
2090,"SAF","Southern Africa","MORB",1,1,1,0.64600650464968,"RSAF","Remaining Southern Africa","NAM","Namibia"
2090,"SAF","Southern Africa","MORB",1,1,1,0.64600650464968,"RSAF","Remaining Southern Africa","SWZ","Swaziland"
2090,"SAF","Southern Africa","MORB",1,1,1,0.64600650464968,"RSAF","Remaining Southern Africa","ZMB","Zambia"
2090,"SAF","Southern Africa","MORB",1,1,1,0.64600650464968,"RSAF","Remaining Southern Africa","ZWE","Zimbabwe"
2090,"SAF","Southern Africa","MORB",1,1,1,0.64600650464968,"SAFR","South Africa","ZAF","South Africa"
2090,"SAF","Southern Africa","MORT",NA,Inf,1.7755780985309,0.104433954148986,"RSAF","Remaining Southern Africa","AGO","Angola"
2090,"SAF","Southern Africa","MORT",NA,Inf,1.7755780985309,0.104433954148986,"RSAF","Remaining Southern Africa","BWA","Botswana"
2090,"SAF","Southern Africa","MORT",NA,Inf,1.7755780985309,0.104433954148986,"RSAF","Remaining Southern Africa","LSO","Lesotho"
2090,"SAF","Southern Africa","MORT",NA,Inf,1.7755780985309,0.104433954148986,"RSAF","Remaining Southern Africa","MOZ","Mozambique"
2090,"SAF","Southern Africa","MORT",NA,Inf,1.7755780985309,0.104433954148986,"RSAF","Remaining Southern Africa","MWI","Malawi"
2090,"SAF","Southern Africa","MORT",NA,Inf,1.7755780985309,0.104433954148986,"RSAF","Remaining Southern Africa","NAM","Namibia"
2090,"SAF","Southern Africa","MORT",NA,Inf,1.7755780985309,0.104433954148986,"RSAF","Remaining Southern Africa","SWZ","Swaziland"
2090,"SAF","Southern Africa","MORT",NA,Inf,1.7755780985309,0.104433954148986,"RSAF","Remaining Southern Africa","ZMB","Zambia"
2090,"SAF","Southern Africa","MORT",NA,Inf,1.7755780985309,0.104433954148986,"RSAF","Remaining Southern Africa","ZWE","Zimbabwe"
2090,"SAF","Southern Africa","MORT",NA,Inf,1.7755780985309,0.104433954148986,"SAFR","South Africa","ZAF","South Africa"
2090,"SAS","South Asia","MORB",1,1,1,0.568823581451515,"AFGH","Afghanistan","AFG","Afghanistan"
2090,"SAS","South Asia","MORB",1,1,1,0.568823581451515,"BANG","Bangladesh","BGD","Bangladesh"
2090,"SAS","South Asia","MORB",1,1,1,0.568823581451515,"BHUT","Bhutan","BTN","Bhutan"
2090,"SAS","South Asia","MORB",1,1,1,0.568823581451515,"INDI","India","IND","India"
2090,"SAS","South Asia","MORB",1,1,1,0.568823581451515,"NEPA","Nepal","NPL","Nepal"
2090,"SAS","South Asia","MORB",1,1,1,0.568823581451515,"PAKI","Pakistan","PAK","Pakistan"
2090,"SAS","South Asia","MORB",1,1,1,0.568823581451515,"SRIL","Sri Lanka","LKA","Sri Lanka"
2090,"SAS","South Asia","MORT",NA,Inf,NA,NA,"AFGH","Afghanistan","AFG","Afghanistan"
2090,"SAS","South Asia","MORT",NA,Inf,NA,NA,"BANG","Bangladesh","BGD","Bangladesh"
2090,"SAS","South Asia","MORT",NA,Inf,NA,NA,"BHUT","Bhutan","BTN","Bhutan"
2090,"SAS","South Asia","MORT",NA,Inf,NA,NA,"INDI","India","IND","India"
2090,"SAS","South Asia","MORT",NA,Inf,NA,NA,"NEPA","Nepal","NPL","Nepal"
2090,"SAS","South Asia","MORT",NA,Inf,NA,NA,"PAKI","Pakistan","PAK","Pakistan"
2090,"SAS","South Asia","MORT",NA,Inf,NA,NA,"SRIL","Sri Lanka","LKA","Sri Lanka"
2090,"SSA","Sub-Saharan Africa","MORB",1,1,1,0.659283846873721,"EAFR","Eastern Africa (excl Kenya, Tanzania)","BDI","Burundi"
2090,"SSA","Sub-Saharan Africa","MORB",1,1,1,0.659283846873721,"EAFR","Eastern Africa (excl Kenya, Tanzania)","COM","Comoros"
2090,"SSA","Sub-Saharan Africa","MORB",1,1,1,0.659283846873721,"EAFR","Eastern Africa (excl Kenya, Tanzania)","DJI","Djibouti"
2090,"SSA","Sub-Saharan Africa","MORB",1,1,1,0.659283846873721,"EAFR","Eastern Africa (excl Kenya, Tanzania)","ERI","Eritrea"
2090,"SSA","Sub-Saharan Africa","MORB",1,1,1,0.659283846873721,"EAFR","Eastern Africa (excl Kenya, Tanzania)","ETH","Ethiopia"
2090,"SSA","Sub-Saharan Africa","MORB",1,1,1,0.659283846873721,"EAFR","Eastern Africa (excl Kenya, Tanzania)","MDG","Madagascar"
2090,"SSA","Sub-Saharan Africa","MORB",1,1,1,0.659283846873721,"EAFR","Eastern Africa (excl Kenya, Tanzania)","MUS","Mauritius"
2090,"SSA","Sub-Saharan Africa","MORB",1,1,1,0.659283846873721,"EAFR","Eastern Africa (excl Kenya, Tanzania)","RWA","Rwanda"
2090,"SSA","Sub-Saharan Africa","MORB",1,1,1,0.659283846873721,"EAFR","Eastern Africa (excl Kenya, Tanzania)","SDN","Sudan"
2090,"SSA","Sub-Saharan Africa","MORB",1,1,1,0.659283846873721,"EAFR","Eastern Africa (excl Kenya, Tanzania)","SOM","Somalia"
2090,"SSA","Sub-Saharan Africa","MORB",1,1,1,0.659283846873721,"EAFR","Eastern Africa (excl Kenya, Tanzania)","UGA","Uganda"
2090,"SSA","Sub-Saharan Africa","MORB",1,1,1,0.659283846873721,"KENY","Kenya","KEN","Kenya"
2090,"SSA","Sub-Saharan Africa","MORB",1,1,1,0.659283846873721,"NIGE","Nigeria","NGA","Nigeria"
2090,"SSA","Sub-Saharan Africa","MORB",1,1,1,0.659283846873721,"TANZ","United Republic of Tanzania","TZA","United Republic of Tanzania"
2090,"SSA","Sub-Saharan Africa","MORB",1,1,1,0.659283846873721,"WAFR","Western Africa (excl Nigeria)","BEN","Benin"
2090,"SSA","Sub-Saharan Africa","MORB",1,1,1,0.659283846873721,"WAFR","Western Africa (excl Nigeria)","BFA","Burkina Faso"
2090,"SSA","Sub-Saharan Africa","MORB",1,1,1,0.659283846873721,"WAFR","Western Africa (excl Nigeria)","CAF","Central African Republic"
2090,"SSA","Sub-Saharan Africa","MORB",1,1,1,0.659283846873721,"WAFR","Western Africa (excl Nigeria)","CIV","Cote d'Ivoire"
2090,"SSA","Sub-Saharan Africa","MORB",1,1,1,0.659283846873721,"WAFR","Western Africa (excl Nigeria)","CMR","Cameroon"
2090,"SSA","Sub-Saharan Africa","MORB",1,1,1,0.659283846873721,"WAFR","Western Africa (excl Nigeria)","COD","Democratic Republic of the Congo"
2090,"SSA","Sub-Saharan Africa","MORB",1,1,1,0.659283846873721,"WAFR","Western Africa (excl Nigeria)","COG","Congo"
2090,"SSA","Sub-Saharan Africa","MORB",1,1,1,0.659283846873721,"WAFR","Western Africa (excl Nigeria)","CPV","Cape Verde"
2090,"SSA","Sub-Saharan Africa","MORB",1,1,1,0.659283846873721,"WAFR","Western Africa (excl Nigeria)","GAB","Gabon"
2090,"SSA","Sub-Saharan Africa","MORB",1,1,1,0.659283846873721,"WAFR","Western Africa (excl Nigeria)","GHA","Ghana"
2090,"SSA","Sub-Saharan Africa","MORB",1,1,1,0.659283846873721,"WAFR","Western Africa (excl Nigeria)","GIN","Guinea"
2090,"SSA","Sub-Saharan Africa","MORB",1,1,1,0.659283846873721,"WAFR","Western Africa (excl Nigeria)","GMB","Gambia"
2090,"SSA","Sub-Saharan Africa","MORB",1,1,1,0.659283846873721,"WAFR","Western Africa (excl Nigeria)","GNB","Guinea-Bissau"
2090,"SSA","Sub-Saharan Africa","MORB",1,1,1,0.659283846873721,"WAFR","Western Africa (excl Nigeria)","GNQ","Equatorial Guinea"
2090,"SSA","Sub-Saharan Africa","MORB",1,1,1,0.659283846873721,"WAFR","Western Africa (excl Nigeria)","LBR","Liberia"
2090,"SSA","Sub-Saharan Africa","MORB",1,1,1,0.659283846873721,"WAFR","Western Africa (excl Nigeria)","MLI","Mali"
2090,"SSA","Sub-Saharan Africa","MORB",1,1,1,0.659283846873721,"WAFR","Western Africa (excl Nigeria)","MRT","Mauritania"
2090,"SSA","Sub-Saharan Africa","MORB",1,1,1,0.659283846873721,"WAFR","Western Africa (excl Nigeria)","NER","Niger"
2090,"SSA","Sub-Saharan Africa","MORB",1,1,1,0.659283846873721,"WAFR","Western Africa (excl Nigeria)","SEN","Senegal"
2090,"SSA","Sub-Saharan Africa","MORB",1,1,1,0.659283846873721,"WAFR","Western Africa (excl Nigeria)","SLE","Sierra Leone"
2090,"SSA","Sub-Saharan Africa","MORB",1,1,1,0.659283846873721,"WAFR","Western Africa (excl Nigeria)","TCD","Chad"
2090,"SSA","Sub-Saharan Africa","MORB",1,1,1,0.659283846873721,"WAFR","Western Africa (excl Nigeria)","TGO","Togo"
2090,"SSA","Sub-Saharan Africa","MORT",NA,Inf,1.58530759788175,0.238020153529729,"EAFR","Eastern Africa (excl Kenya, Tanzania)","BDI","Burundi"
2090,"SSA","Sub-Saharan Africa","MORT",NA,Inf,1.58530759788175,0.238020153529729,"EAFR","Eastern Africa (excl Kenya, Tanzania)","COM","Comoros"
2090,"SSA","Sub-Saharan Africa","MORT",NA,Inf,1.58530759788175,0.238020153529729,"EAFR","Eastern Africa (excl Kenya, Tanzania)","DJI","Djibouti"
2090,"SSA","Sub-Saharan Africa","MORT",NA,Inf,1.58530759788175,0.238020153529729,"EAFR","Eastern Africa (excl Kenya, Tanzania)","ERI","Eritrea"
2090,"SSA","Sub-Saharan Africa","MORT",NA,Inf,1.58530759788175,0.238020153529729,"EAFR","Eastern Africa (excl Kenya, Tanzania)","ETH","Ethiopia"
2090,"SSA","Sub-Saharan Africa","MORT",NA,Inf,1.58530759788175,0.238020153529729,"EAFR","Eastern Africa (excl Kenya, Tanzania)","MDG","Madagascar"
2090,"SSA","Sub-Saharan Africa","MORT",NA,Inf,1.58530759788175,0.238020153529729,"EAFR","Eastern Africa (excl Kenya, Tanzania)","MUS","Mauritius"
2090,"SSA","Sub-Saharan Africa","MORT",NA,Inf,1.58530759788175,0.238020153529729,"EAFR","Eastern Africa (excl Kenya, Tanzania)","RWA","Rwanda"
2090,"SSA","Sub-Saharan Africa","MORT",NA,Inf,1.58530759788175,0.238020153529729,"EAFR","Eastern Africa (excl Kenya, Tanzania)","SDN","Sudan"
2090,"SSA","Sub-Saharan Africa","MORT",NA,Inf,1.58530759788175,0.238020153529729,"EAFR","Eastern Africa (excl Kenya, Tanzania)","SOM","Somalia"
2090,"SSA","Sub-Saharan Africa","MORT",NA,Inf,1.58530759788175,0.238020153529729,"EAFR","Eastern Africa (excl Kenya, Tanzania)","UGA","Uganda"
2090,"SSA","Sub-Saharan Africa","MORT",NA,Inf,1.58530759788175,0.238020153529729,"KENY","Kenya","KEN","Kenya"
2090,"SSA","Sub-Saharan Africa","MORT",NA,Inf,1.58530759788175,0.238020153529729,"NIGE","Nigeria","NGA","Nigeria"
2090,"SSA","Sub-Saharan Africa","MORT",NA,Inf,1.58530759788175,0.238020153529729,"TANZ","United Republic of Tanzania","TZA","United Republic of Tanzania"
2090,"SSA","Sub-Saharan Africa","MORT",NA,Inf,1.58530759788175,0.238020153529729,"WAFR","Western Africa (excl Nigeria)","BEN","Benin"
2090,"SSA","Sub-Saharan Africa","MORT",NA,Inf,1.58530759788175,0.238020153529729,"WAFR","Western Africa (excl Nigeria)","BFA","Burkina Faso"
2090,"SSA","Sub-Saharan Africa","MORT",NA,Inf,1.58530759788175,0.238020153529729,"WAFR","Western Africa (excl Nigeria)","CAF","Central African Republic"
2090,"SSA","Sub-Saharan Africa","MORT",NA,Inf,1.58530759788175,0.238020153529729,"WAFR","Western Africa (excl Nigeria)","CIV","Cote d'Ivoire"
2090,"SSA","Sub-Saharan Africa","MORT",NA,Inf,1.58530759788175,0.238020153529729,"WAFR","Western Africa (excl Nigeria)","CMR","Cameroon"
2090,"SSA","Sub-Saharan Africa","MORT",NA,Inf,1.58530759788175,0.238020153529729,"WAFR","Western Africa (excl Nigeria)","COD","Democratic Republic of the Congo"
2090,"SSA","Sub-Saharan Africa","MORT",NA,Inf,1.58530759788175,0.238020153529729,"WAFR","Western Africa (excl Nigeria)","COG","Congo"
2090,"SSA","Sub-Saharan Africa","MORT",NA,Inf,1.58530759788175,0.238020153529729,"WAFR","Western Africa (excl Nigeria)","CPV","Cape Verde"
2090,"SSA","Sub-Saharan Africa","MORT",NA,Inf,1.58530759788175,0.238020153529729,"WAFR","Western Africa (excl Nigeria)","GAB","Gabon"
2090,"SSA","Sub-Saharan Africa","MORT",NA,Inf,1.58530759788175,0.238020153529729,"WAFR","Western Africa (excl Nigeria)","GHA","Ghana"
2090,"SSA","Sub-Saharan Africa","MORT",NA,Inf,1.58530759788175,0.238020153529729,"WAFR","Western Africa (excl Nigeria)","GIN","Guinea"
2090,"SSA","Sub-Saharan Africa","MORT",NA,Inf,1.58530759788175,0.238020153529729,"WAFR","Western Africa (excl Nigeria)","GMB","Gambia"
2090,"SSA","Sub-Saharan Africa","MORT",NA,Inf,1.58530759788175,0.238020153529729,"WAFR","Western Africa (excl Nigeria)","GNB","Guinea-Bissau"
2090,"SSA","Sub-Saharan Africa","MORT",NA,Inf,1.58530759788175,0.238020153529729,"WAFR","Western Africa (excl Nigeria)","GNQ","Equatorial Guinea"
2090,"SSA","Sub-Saharan Africa","MORT",NA,Inf,1.58530759788175,0.238020153529729,"WAFR","Western Africa (excl Nigeria)","LBR","Liberia"
2090,"SSA","Sub-Saharan Africa","MORT",NA,Inf,1.58530759788175,0.238020153529729,"WAFR","Western Africa (excl Nigeria)","MLI","Mali"
2090,"SSA","Sub-Saharan Africa","MORT",NA,Inf,1.58530759788175,0.238020153529729,"WAFR","Western Africa (excl Nigeria)","MRT","Mauritania"
2090,"SSA","Sub-Saharan Africa","MORT",NA,Inf,1.58530759788175,0.238020153529729,"WAFR","Western Africa (excl Nigeria)","NER","Niger"
2090,"SSA","Sub-Saharan Africa","MORT",NA,Inf,1.58530759788175,0.238020153529729,"WAFR","Western Africa (excl Nigeria)","SEN","Senegal"
2090,"SSA","Sub-Saharan Africa","MORT",NA,Inf,1.58530759788175,0.238020153529729,"WAFR","Western Africa (excl Nigeria)","SLE","Sierra Leone"
2090,"SSA","Sub-Saharan Africa","MORT",NA,Inf,1.58530759788175,0.238020153529729,"WAFR","Western Africa (excl Nigeria)","TCD","Chad"
2090,"SSA","Sub-Saharan Africa","MORT",NA,Inf,1.58530759788175,0.238020153529729,"WAFR","Western Africa (excl Nigeria)","TGO","Togo"
2090,"WAS","Western Asia","MORB",1,1,1,0.56147798779744,"ARME","Armenia","ARM","Armenia"
2090,"WAS","Western Asia","MORB",1,1,1,0.56147798779744,"AZER","Azerbaijan","AZE","Azerbaijan"
2090,"WAS","Western Asia","MORB",1,1,1,0.56147798779744,"BELA","Belarus","BLR","Belarus"
2090,"WAS","Western Asia","MORB",1,1,1,0.56147798779744,"GEOR","Georgia","GEO","Georgia"
2090,"WAS","Western Asia","MORB",1,1,1,0.56147798779744,"MOLD","Republic of Moldova","MDA","Republic of Moldova"
2090,"WAS","Western Asia","MORB",1,1,1,0.56147798779744,"TURK","Turkey","TUR","Turkey"
2090,"WAS","Western Asia","MORB",1,1,1,0.56147798779744,"UKRA","Ukraine","UKR","Ukraine"
2090,"WAS","Western Asia","MORT",NA,Inf,1.03665411712329,0.00347968806844642,"ARME","Armenia","ARM","Armenia"
2090,"WAS","Western Asia","MORT",NA,Inf,1.03665411712329,0.00347968806844642,"AZER","Azerbaijan","AZE","Azerbaijan"
2090,"WAS","Western Asia","MORT",NA,Inf,1.03665411712329,0.00347968806844642,"BELA","Belarus","BLR","Belarus"
2090,"WAS","Western Asia","MORT",NA,Inf,1.03665411712329,0.00347968806844642,"GEOR","Georgia","GEO","Georgia"
2090,"WAS","Western Asia","MORT",NA,Inf,1.03665411712329,0.00347968806844642,"MOLD","Republic of Moldova","MDA","Republic of Moldova"
2090,"WAS","Western Asia","MORT",NA,Inf,1.03665411712329,0.00347968806844642,"TURK","Turkey","TUR","Turkey"
2090,"WAS","Western Asia","MORT",NA,Inf,1.03665411712329,0.00347968806844642,"UKRA","Ukraine","UKR","Ukraine"
2090,"WBK","West Balkan","MORB",1,1,1,0.503970378301213,"ALBA","Albania","ALB","Albania"
2090,"WBK","West Balkan","MORB",1,1,1,0.503970378301213,"BOHE","Bosnia and Herzegovina","BIH","Bosnia and Herzegovina"
2090,"WBK","West Balkan","MORB",1,1,1,0.503970378301213,"KOSO","Kosovo","XKX","Kosovo"
2090,"WBK","West Balkan","MORB",1,1,1,0.503970378301213,"MACE","TFYR Macedonia","MKD","TFYR Macedonia"
2090,"WBK","West Balkan","MORB",1,1,1,0.503970378301213,"MONT","Montenegro","MNE","Montenegro"
2090,"WBK","West Balkan","MORB",1,1,1,0.503970378301213,"SERB","Serbia","SRB","Serbia"
2090,"WBK","West Balkan","MORT",NA,Inf,1.00986388801586,0.0074946207963639,"ALBA","Albania","ALB","Albania"
2090,"WBK","West Balkan","MORT",NA,Inf,1.00986388801586,0.0074946207963639,"BOHE","Bosnia and Herzegovina","BIH","Bosnia and Herzegovina"
2090,"WBK","West Balkan","MORT",NA,Inf,1.00986388801586,0.0074946207963639,"KOSO","Kosovo","XKX","Kosovo"
2090,"WBK","West Balkan","MORT",NA,Inf,1.00986388801586,0.0074946207963639,"MACE","TFYR Macedonia","MKD","TFYR Macedonia"
2090,"WBK","West Balkan","MORT",NA,Inf,1.00986388801586,0.0074946207963639,"MONT","Montenegro","MNE","Montenegro"
2090,"WBK","West Balkan","MORT",NA,Inf,1.00986388801586,0.0074946207963639,"SERB","Serbia","SRB","Serbia"
2100,"CAS","Central Asia","MORB",1,1,1,0.500019281940534,"KAZA","Kazakhstan","KAZ","Kazakhstan"
2100,"CAS","Central Asia","MORB",1,1,1,0.500019281940534,"KYRG","Kyrgyzstan","KGZ","Kyrgyzstan"
2100,"CAS","Central Asia","MORB",1,1,1,0.500019281940534,"TAJI","Tajikistan","TJK","Tajikistan"
2100,"CAS","Central Asia","MORB",1,1,1,0.500019281940534,"TKME","Turkmenistan","TKM","Turkmenistan"
2100,"CAS","Central Asia","MORB",1,1,1,0.500019281940534,"UZBE","Uzbekistan","UZB","Uzbekistan"
2100,"CAS","Central Asia","MORT",NA,Inf,1.11727713996985,0.0238407633815417,"KAZA","Kazakhstan","KAZ","Kazakhstan"
2100,"CAS","Central Asia","MORT",NA,Inf,1.11727713996985,0.0238407633815417,"KYRG","Kyrgyzstan","KGZ","Kyrgyzstan"
2100,"CAS","Central Asia","MORT",NA,Inf,1.11727713996985,0.0238407633815417,"TAJI","Tajikistan","TJK","Tajikistan"
2100,"CAS","Central Asia","MORT",NA,Inf,1.11727713996985,0.0238407633815417,"TKME","Turkmenistan","TKM","Turkmenistan"
2100,"CAS","Central Asia","MORT",NA,Inf,1.11727713996985,0.0238407633815417,"UZBE","Uzbekistan","UZB","Uzbekistan"
2100,"CHI","Centrally Planned Asia","MORB",1,1,1,0.576401263269995,"CHIN","China","CHN","China"
2100,"CHI","Centrally Planned Asia","MORB",1,1,1,0.576401263269995,"KORN","North Korea","PRK","North Korea"
2100,"CHI","Centrally Planned Asia","MORB",1,1,1,0.576401263269995,"MONG","Mongolia","MNG","Mongolia"
2100,"CHI","Centrally Planned Asia","MORT",NA,Inf,1.04014370891943,0.000240226596371014,"CHIN","China","CHN","China"
2100,"CHI","Centrally Planned Asia","MORT",NA,Inf,1.04014370891943,0.000240226596371014,"KORN","North Korea","PRK","North Korea"
2100,"CHI","Centrally Planned Asia","MORT",NA,Inf,1.04014370891943,0.000240226596371014,"MONG","Mongolia","MNG","Mongolia"
2100,"EAS","South East Asia","MORB",1,1,1,0.560015296561143,"CAMB","Cambodia","KHM","Cambodia"
2100,"EAS","South East Asia","MORB",1,1,1,0.560015296561143,"INDO","Indonesia","IDN","Indonesia"
2100,"EAS","South East Asia","MORB",1,1,1,0.560015296561143,"LAOS","Laos","LAO","Laos"
2100,"EAS","South East Asia","MORB",1,1,1,0.560015296561143,"MALA","Malaysia","MYS","Malaysia"
2100,"EAS","South East Asia","MORB",1,1,1,0.560015296561143,"MYAN","Myanmar","MMR","Myanmar"
2100,"EAS","South East Asia","MORB",1,1,1,0.560015296561143,"PHIL","Philippines","PHL","Philippines"
2100,"EAS","South East Asia","MORB",1,1,1,0.560015296561143,"THAI","Thailand","THA","Thailand"
2100,"EAS","South East Asia","MORB",1,1,1,0.560015296561143,"VIET","Vietnam","VNM","Vietnam"
2100,"EAS","South East Asia","MORT",NA,Inf,1.07986562413558,0.00989150586548636,"CAMB","Cambodia","KHM","Cambodia"
2100,"EAS","South East Asia","MORT",NA,Inf,1.07986562413558,0.00989150586548636,"INDO","Indonesia","IDN","Indonesia"
2100,"EAS","South East Asia","MORT",NA,Inf,1.07986562413558,0.00989150586548636,"LAOS","Laos","LAO","Laos"
2100,"EAS","South East Asia","MORT",NA,Inf,1.07986562413558,0.00989150586548636,"MALA","Malaysia","MYS","Malaysia"
2100,"EAS","South East Asia","MORT",NA,Inf,1.07986562413558,0.00989150586548636,"MYAN","Myanmar","MMR","Myanmar"
2100,"EAS","South East Asia","MORT",NA,Inf,1.07986562413558,0.00989150586548636,"PHIL","Philippines","PHL","Philippines"
2100,"EAS","South East Asia","MORT",NA,Inf,1.07986562413558,0.00989150586548636,"THAI","Thailand","THA","Thailand"
2100,"EAS","South East Asia","MORT",NA,Inf,1.07986562413558,0.00989150586548636,"VIET","Vietnam","VNM","Vietnam"
2100,"EUR","EU, EFTA, UK","MORB",1,1,1,0.575885178965615,"AUST","Austria","AUT","Austria"
2100,"EUR","EU, EFTA, UK","MORB",1,1,1,0.575885178965615,"BELG","Belgium","BEL","Belgium"
2100,"EUR","EU, EFTA, UK","MORB",1,1,1,0.575885178965615,"BULG","Bulgaria","BGR","Bulgaria"
2100,"EUR","EU, EFTA, UK","MORB",1,1,1,0.575885178965615,"CROA","Croatia","HRV","Croatia"
2100,"EUR","EU, EFTA, UK","MORB",1,1,1,0.575885178965615,"CYPR","Cyprus","CYP","Cyprus"
2100,"EUR","EU, EFTA, UK","MORB",1,1,1,0.575885178965615,"CZRE","Czech Republic","CZE","Czech Republic"
2100,"EUR","EU, EFTA, UK","MORB",1,1,1,0.575885178965615,"DENM","Denmark","DNK","Denmark"
2100,"EUR","EU, EFTA, UK","MORB",1,1,1,0.575885178965615,"ESTO","Estonia","EST","Estonia"
2100,"EUR","EU, EFTA, UK","MORB",1,1,1,0.575885178965615,"FINL","Finland","FIN","Finland"
2100,"EUR","EU, EFTA, UK","MORB",1,1,1,0.575885178965615,"FRAN","France","FRA","France"
2100,"EUR","EU, EFTA, UK","MORB",1,1,1,0.575885178965615,"GERM","Germany","DEU","Germany"
2100,"EUR","EU, EFTA, UK","MORB",1,1,1,0.575885178965615,"GREE","Greece","GRC","Greece"
2100,"EUR","EU, EFTA, UK","MORB",1,1,1,0.575885178965615,"HUNG","Hungary","HUN","Hungary"
2100,"EUR","EU, EFTA, UK","MORB",1,1,1,0.575885178965615,"ICEL","Iceland","ISL","Iceland"
2100,"EUR","EU, EFTA, UK","MORB",1,1,1,0.575885178965615,"IREL","Ireland","IRL","Ireland"
2100,"EUR","EU, EFTA, UK","MORB",1,1,1,0.575885178965615,"ITAL","Italy","ITA","Italy"
2100,"EUR","EU, EFTA, UK","MORB",1,1,1,0.575885178965615,"LATV","Latvia","LVA","Latvia"
2100,"EUR","EU, EFTA, UK","MORB",1,1,1,0.575885178965615,"LITH","Lithuania","LTU","Lithuania"
2100,"EUR","EU, EFTA, UK","MORB",1,1,1,0.575885178965615,"LUXE","Luxembourg","LUX","Luxembourg"
2100,"EUR","EU, EFTA, UK","MORB",1,1,1,0.575885178965615,"MALT","Malta","MLT","Malta"
2100,"EUR","EU, EFTA, UK","MORB",1,1,1,0.575885178965615,"NETH","Netherlands","NLD","Netherlands"
2100,"EUR","EU, EFTA, UK","MORB",1,1,1,0.575885178965615,"NORW","Norway","NOR","Norway"
2100,"EUR","EU, EFTA, UK","MORB",1,1,1,0.575885178965615,"POLA","Poland","POL","Poland"
2100,"EUR","EU, EFTA, UK","MORB",1,1,1,0.575885178965615,"PORT","Portugal","PRT","Portugal"
2100,"EUR","EU, EFTA, UK","MORB",1,1,1,0.575885178965615,"ROMA","Romania","ROU","Romania"
2100,"EUR","EU, EFTA, UK","MORB",1,1,1,0.575885178965615,"SKRE","Slovakia","SVK","Slovakia"
2100,"EUR","EU, EFTA, UK","MORB",1,1,1,0.575885178965615,"SLOV","Slovenia","SVN","Slovenia"
2100,"EUR","EU, EFTA, UK","MORB",1,1,1,0.575885178965615,"SPAI","Spain","ESP","Spain"
2100,"EUR","EU, EFTA, UK","MORB",1,1,1,0.575885178965615,"SWED","Sweden","SWE","Sweden"
2100,"EUR","EU, EFTA, UK","MORB",1,1,1,0.575885178965615,"SWIT","Switzerland","CHE","Switzerland"
2100,"EUR","EU, EFTA, UK","MORB",1,1,1,0.575885178965615,"UNKI","United Kingdom","GBR","United Kingdom"
2100,"EUR","EU, EFTA, UK","MORT",NA,Inf,1.04522278004393,0.00237079475731605,"AUST","Austria","AUT","Austria"
2100,"EUR","EU, EFTA, UK","MORT",NA,Inf,1.04522278004393,0.00237079475731605,"BELG","Belgium","BEL","Belgium"
2100,"EUR","EU, EFTA, UK","MORT",NA,Inf,1.04522278004393,0.00237079475731605,"BULG","Bulgaria","BGR","Bulgaria"
2100,"EUR","EU, EFTA, UK","MORT",NA,Inf,1.04522278004393,0.00237079475731605,"CROA","Croatia","HRV","Croatia"
2100,"EUR","EU, EFTA, UK","MORT",NA,Inf,1.04522278004393,0.00237079475731605,"CYPR","Cyprus","CYP","Cyprus"
2100,"EUR","EU, EFTA, UK","MORT",NA,Inf,1.04522278004393,0.00237079475731605,"CZRE","Czech Republic","CZE","Czech Republic"
2100,"EUR","EU, EFTA, UK","MORT",NA,Inf,1.04522278004393,0.00237079475731605,"DENM","Denmark","DNK","Denmark"
2100,"EUR","EU, EFTA, UK","MORT",NA,Inf,1.04522278004393,0.00237079475731605,"ESTO","Estonia","EST","Estonia"
2100,"EUR","EU, EFTA, UK","MORT",NA,Inf,1.04522278004393,0.00237079475731605,"FINL","Finland","FIN","Finland"
2100,"EUR","EU, EFTA, UK","MORT",NA,Inf,1.04522278004393,0.00237079475731605,"FRAN","France","FRA","France"
2100,"EUR","EU, EFTA, UK","MORT",NA,Inf,1.04522278004393,0.00237079475731605,"GERM","Germany","DEU","Germany"
2100,"EUR","EU, EFTA, UK","MORT",NA,Inf,1.04522278004393,0.00237079475731605,"GREE","Greece","GRC","Greece"
2100,"EUR","EU, EFTA, UK","MORT",NA,Inf,1.04522278004393,0.00237079475731605,"HUNG","Hungary","HUN","Hungary"
2100,"EUR","EU, EFTA, UK","MORT",NA,Inf,1.04522278004393,0.00237079475731605,"ICEL","Iceland","ISL","Iceland"
2100,"EUR","EU, EFTA, UK","MORT",NA,Inf,1.04522278004393,0.00237079475731605,"IREL","Ireland","IRL","Ireland"
2100,"EUR","EU, EFTA, UK","MORT",NA,Inf,1.04522278004393,0.00237079475731605,"ITAL","Italy","ITA","Italy"
2100,"EUR","EU, EFTA, UK","MORT",NA,Inf,1.04522278004393,0.00237079475731605,"LATV","Latvia","LVA","Latvia"
2100,"EUR","EU, EFTA, UK","MORT",NA,Inf,1.04522278004393,0.00237079475731605,"LITH","Lithuania","LTU","Lithuania"
2100,"EUR","EU, EFTA, UK","MORT",NA,Inf,1.04522278004393,0.00237079475731605,"LUXE","Luxembourg","LUX","Luxembourg"
2100,"EUR","EU, EFTA, UK","MORT",NA,Inf,1.04522278004393,0.00237079475731605,"MALT","Malta","MLT","Malta"
2100,"EUR","EU, EFTA, UK","MORT",NA,Inf,1.04522278004393,0.00237079475731605,"NETH","Netherlands","NLD","Netherlands"
2100,"EUR","EU, EFTA, UK","MORT",NA,Inf,1.04522278004393,0.00237079475731605,"NORW","Norway","NOR","Norway"
2100,"EUR","EU, EFTA, UK","MORT",NA,Inf,1.04522278004393,0.00237079475731605,"POLA","Poland","POL","Poland"
2100,"EUR","EU, EFTA, UK","MORT",NA,Inf,1.04522278004393,0.00237079475731605,"PORT","Portugal","PRT","Portugal"
2100,"EUR","EU, EFTA, UK","MORT",NA,Inf,1.04522278004393,0.00237079475731605,"ROMA","Romania","ROU","Romania"
2100,"EUR","EU, EFTA, UK","MORT",NA,Inf,1.04522278004393,0.00237079475731605,"SKRE","Slovakia","SVK","Slovakia"
2100,"EUR","EU, EFTA, UK","MORT",NA,Inf,1.04522278004393,0.00237079475731605,"SLOV","Slovenia","SVN","Slovenia"
2100,"EUR","EU, EFTA, UK","MORT",NA,Inf,1.04522278004393,0.00237079475731605,"SPAI","Spain","ESP","Spain"
2100,"EUR","EU, EFTA, UK","MORT",NA,Inf,1.04522278004393,0.00237079475731605,"SWED","Sweden","SWE","Sweden"
2100,"EUR","EU, EFTA, UK","MORT",NA,Inf,1.04522278004393,0.00237079475731605,"SWIT","Switzerland","CHE","Switzerland"
2100,"EUR","EU, EFTA, UK","MORT",NA,Inf,1.04522278004393,0.00237079475731605,"UNKI","United Kingdom","GBR","United Kingdom"
2100,"LAC","Latin America & Caribbean","MORB",1,1,1,0.660852757154166,"ARGE","Argentina","ARG","Argentina"
2100,"LAC","Latin America & Caribbean","MORB",1,1,1,0.660852757154166,"BOLV","Bolivia (Plurinational State of)","BOL","Bolivia (Plurinational State of)"
2100,"LAC","Latin America & Caribbean","MORB",1,1,1,0.660852757154166,"BRAZ","Brazil","BRA","Brazil"
2100,"LAC","Latin America & Caribbean","MORB",1,1,1,0.660852757154166,"CARB","Caribbean","ABW","Aruba"
2100,"LAC","Latin America & Caribbean","MORB",1,1,1,0.660852757154166,"CARB","Caribbean","BHS","Bahamas"
2100,"LAC","Latin America & Caribbean","MORB",1,1,1,0.660852757154166,"CARB","Caribbean","BRB","Barbados"
2100,"LAC","Latin America & Caribbean","MORB",1,1,1,0.660852757154166,"CARB","Caribbean","CUB","Cuba"
2100,"LAC","Latin America & Caribbean","MORB",1,1,1,0.660852757154166,"CARB","Caribbean","DOM","Dominican Republic"
2100,"LAC","Latin America & Caribbean","MORB",1,1,1,0.660852757154166,"CARB","Caribbean","GLP","Guadeloupe"
2100,"LAC","Latin America & Caribbean","MORB",1,1,1,0.660852757154166,"CARB","Caribbean","GRD","Grenada"
2100,"LAC","Latin America & Caribbean","MORB",1,1,1,0.660852757154166,"CARB","Caribbean","GUF","French Guiana"
2100,"LAC","Latin America & Caribbean","MORB",1,1,1,0.660852757154166,"CARB","Caribbean","GUY","Guyana"
2100,"LAC","Latin America & Caribbean","MORB",1,1,1,0.660852757154166,"CARB","Caribbean","HTI","Haiti"
2100,"LAC","Latin America & Caribbean","MORB",1,1,1,0.660852757154166,"CARB","Caribbean","JAM","Jamaica"
2100,"LAC","Latin America & Caribbean","MORB",1,1,1,0.660852757154166,"CARB","Caribbean","LCA","Saint Lucia"
2100,"LAC","Latin America & Caribbean","MORB",1,1,1,0.660852757154166,"CARB","Caribbean","MTQ","Martinique"
2100,"LAC","Latin America & Caribbean","MORB",1,1,1,0.660852757154166,"CARB","Caribbean","PRI","Puerto Rico"
2100,"LAC","Latin America & Caribbean","MORB",1,1,1,0.660852757154166,"CARB","Caribbean","SUR","Suriname"
2100,"LAC","Latin America & Caribbean","MORB",1,1,1,0.660852757154166,"CARB","Caribbean","TTO","Trinidad and Tobago"
2100,"LAC","Latin America & Caribbean","MORB",1,1,1,0.660852757154166,"CARB","Caribbean","VCT","Saint Vincent and the Grenadines"
2100,"LAC","Latin America & Caribbean","MORB",1,1,1,0.660852757154166,"CARB","Caribbean","VIR","United States Virgin Islands"
2100,"LAC","Latin America & Caribbean","MORB",1,1,1,0.660852757154166,"CEAM","Central America","BLZ","Belize"
2100,"LAC","Latin America & Caribbean","MORB",1,1,1,0.660852757154166,"CEAM","Central America","CRI","Costa Rica"
2100,"LAC","Latin America & Caribbean","MORB",1,1,1,0.660852757154166,"CEAM","Central America","GTM","Guatemala"
2100,"LAC","Latin America & Caribbean","MORB",1,1,1,0.660852757154166,"CEAM","Central America","HND","Honduras"
2100,"LAC","Latin America & Caribbean","MORB",1,1,1,0.660852757154166,"CEAM","Central America","NIC","Nicaragua"
2100,"LAC","Latin America & Caribbean","MORB",1,1,1,0.660852757154166,"CEAM","Central America","PAN","Panama"
2100,"LAC","Latin America & Caribbean","MORB",1,1,1,0.660852757154166,"CEAM","Central America","SLV","El Salvador"
2100,"LAC","Latin America & Caribbean","MORB",1,1,1,0.660852757154166,"CHIL","Chile","CHL","Chile"
2100,"LAC","Latin America & Caribbean","MORB",1,1,1,0.660852757154166,"COLO","Colombia","COL","Colombia"
2100,"LAC","Latin America & Caribbean","MORB",1,1,1,0.660852757154166,"ECUA","Ecuador","ECU","Ecuador"
2100,"LAC","Latin America & Caribbean","MORB",1,1,1,0.660852757154166,"MEXI","Mexico","MEX","Mexico"
2100,"LAC","Latin America & Caribbean","MORB",1,1,1,0.660852757154166,"PARA","Paraguay","PRY","Paraguay"
2100,"LAC","Latin America & Caribbean","MORB",1,1,1,0.660852757154166,"PERU","Peru","PER","Peru"
2100,"LAC","Latin America & Caribbean","MORB",1,1,1,0.660852757154166,"URUG","Uruguay","URY","Uruguay"
2100,"LAC","Latin America & Caribbean","MORB",1,1,1,0.660852757154166,"VENE","Venezuela (Bolivarian Republic of)","VEN","Venezuela (Bolivarian Republic of)"
2100,"LAC","Latin America & Caribbean","MORT",NA,Inf,1.07031235632296,0.00438269459772907,"ARGE","Argentina","ARG","Argentina"
2100,"LAC","Latin America & Caribbean","MORT",NA,Inf,1.07031235632296,0.00438269459772907,"BOLV","Bolivia (Plurinational State of)","BOL","Bolivia (Plurinational State of)"
2100,"LAC","Latin America & Caribbean","MORT",NA,Inf,1.07031235632296,0.00438269459772907,"BRAZ","Brazil","BRA","Brazil"
2100,"LAC","Latin America & Caribbean","MORT",NA,Inf,1.07031235632296,0.00438269459772907,"CARB","Caribbean","ABW","Aruba"
2100,"LAC","Latin America & Caribbean","MORT",NA,Inf,1.07031235632296,0.00438269459772907,"CARB","Caribbean","BHS","Bahamas"
2100,"LAC","Latin America & Caribbean","MORT",NA,Inf,1.07031235632296,0.00438269459772907,"CARB","Caribbean","BRB","Barbados"
2100,"LAC","Latin America & Caribbean","MORT",NA,Inf,1.07031235632296,0.00438269459772907,"CARB","Caribbean","CUB","Cuba"
2100,"LAC","Latin America & Caribbean","MORT",NA,Inf,1.07031235632296,0.00438269459772907,"CARB","Caribbean","DOM","Dominican Republic"
2100,"LAC","Latin America & Caribbean","MORT",NA,Inf,1.07031235632296,0.00438269459772907,"CARB","Caribbean","GLP","Guadeloupe"
2100,"LAC","Latin America & Caribbean","MORT",NA,Inf,1.07031235632296,0.00438269459772907,"CARB","Caribbean","GRD","Grenada"
2100,"LAC","Latin America & Caribbean","MORT",NA,Inf,1.07031235632296,0.00438269459772907,"CARB","Caribbean","GUF","French Guiana"
2100,"LAC","Latin America & Caribbean","MORT",NA,Inf,1.07031235632296,0.00438269459772907,"CARB","Caribbean","GUY","Guyana"
2100,"LAC","Latin America & Caribbean","MORT",NA,Inf,1.07031235632296,0.00438269459772907,"CARB","Caribbean","HTI","Haiti"
2100,"LAC","Latin America & Caribbean","MORT",NA,Inf,1.07031235632296,0.00438269459772907,"CARB","Caribbean","JAM","Jamaica"
2100,"LAC","Latin America & Caribbean","MORT",NA,Inf,1.07031235632296,0.00438269459772907,"CARB","Caribbean","LCA","Saint Lucia"
2100,"LAC","Latin America & Caribbean","MORT",NA,Inf,1.07031235632296,0.00438269459772907,"CARB","Caribbean","MTQ","Martinique"
2100,"LAC","Latin America & Caribbean","MORT",NA,Inf,1.07031235632296,0.00438269459772907,"CARB","Caribbean","PRI","Puerto Rico"
2100,"LAC","Latin America & Caribbean","MORT",NA,Inf,1.07031235632296,0.00438269459772907,"CARB","Caribbean","SUR","Suriname"
2100,"LAC","Latin America & Caribbean","MORT",NA,Inf,1.07031235632296,0.00438269459772907,"CARB","Caribbean","TTO","Trinidad and Tobago"
2100,"LAC","Latin America & Caribbean","MORT",NA,Inf,1.07031235632296,0.00438269459772907,"CARB","Caribbean","VCT","Saint Vincent and the Grenadines"
2100,"LAC","Latin America & Caribbean","MORT",NA,Inf,1.07031235632296,0.00438269459772907,"CARB","Caribbean","VIR","United States Virgin Islands"
2100,"LAC","Latin America & Caribbean","MORT",NA,Inf,1.07031235632296,0.00438269459772907,"CEAM","Central America","BLZ","Belize"
2100,"LAC","Latin America & Caribbean","MORT",NA,Inf,1.07031235632296,0.00438269459772907,"CEAM","Central America","CRI","Costa Rica"
2100,"LAC","Latin America & Caribbean","MORT",NA,Inf,1.07031235632296,0.00438269459772907,"CEAM","Central America","GTM","Guatemala"
2100,"LAC","Latin America & Caribbean","MORT",NA,Inf,1.07031235632296,0.00438269459772907,"CEAM","Central America","HND","Honduras"
2100,"LAC","Latin America & Caribbean","MORT",NA,Inf,1.07031235632296,0.00438269459772907,"CEAM","Central America","NIC","Nicaragua"
2100,"LAC","Latin America & Caribbean","MORT",NA,Inf,1.07031235632296,0.00438269459772907,"CEAM","Central America","PAN","Panama"
2100,"LAC","Latin America & Caribbean","MORT",NA,Inf,1.07031235632296,0.00438269459772907,"CEAM","Central America","SLV","El Salvador"
2100,"LAC","Latin America & Caribbean","MORT",NA,Inf,1.07031235632296,0.00438269459772907,"CHIL","Chile","CHL","Chile"
2100,"LAC","Latin America & Caribbean","MORT",NA,Inf,1.07031235632296,0.00438269459772907,"COLO","Colombia","COL","Colombia"
2100,"LAC","Latin America & Caribbean","MORT",NA,Inf,1.07031235632296,0.00438269459772907,"ECUA","Ecuador","ECU","Ecuador"
2100,"LAC","Latin America & Caribbean","MORT",NA,Inf,1.07031235632296,0.00438269459772907,"MEXI","Mexico","MEX","Mexico"
2100,"LAC","Latin America & Caribbean","MORT",NA,Inf,1.07031235632296,0.00438269459772907,"PARA","Paraguay","PRY","Paraguay"
2100,"LAC","Latin America & Caribbean","MORT",NA,Inf,1.07031235632296,0.00438269459772907,"PERU","Peru","PER","Peru"
2100,"LAC","Latin America & Caribbean","MORT",NA,Inf,1.07031235632296,0.00438269459772907,"URUG","Uruguay","URY","Uruguay"
2100,"LAC","Latin America & Caribbean","MORT",NA,Inf,1.07031235632296,0.00438269459772907,"VENE","Venezuela (Bolivarian Republic of)","VEN","Venezuela (Bolivarian Republic of)"
2100,"MEA","Middle East","MORB",1.37116577107476,1.35534689608015,1.28417810285742,0.632758300630506,"ISRA","Israel","ISR","Israel"
2100,"MEA","Middle East","MORB",1.37116577107476,1.35534689608015,1.28417810285742,0.632758300630506,"MIDE","Middle East","ARE","United Arab Emirates"
2100,"MEA","Middle East","MORB",1.37116577107476,1.35534689608015,1.28417810285742,0.632758300630506,"MIDE","Middle East","BHR","Bahrain"
2100,"MEA","Middle East","MORB",1.37116577107476,1.35534689608015,1.28417810285742,0.632758300630506,"MIDE","Middle East","IRQ","Iraq"
2100,"MEA","Middle East","MORB",1.37116577107476,1.35534689608015,1.28417810285742,0.632758300630506,"MIDE","Middle East","JOR","Jordan"
2100,"MEA","Middle East","MORB",1.37116577107476,1.35534689608015,1.28417810285742,0.632758300630506,"MIDE","Middle East","KWT","Kuwait"
2100,"MEA","Middle East","MORB",1.37116577107476,1.35534689608015,1.28417810285742,0.632758300630506,"MIDE","Middle East","LBN","Lebanon"
2100,"MEA","Middle East","MORB",1.37116577107476,1.35534689608015,1.28417810285742,0.632758300630506,"MIDE","Middle East","OMN","Oman"
2100,"MEA","Middle East","MORB",1.37116577107476,1.35534689608015,1.28417810285742,0.632758300630506,"MIDE","Middle East","PSE","Occupied Palestinian Territory"
2100,"MEA","Middle East","MORB",1.37116577107476,1.35534689608015,1.28417810285742,0.632758300630506,"MIDE","Middle East","QAT","Qatar"
2100,"MEA","Middle East","MORB",1.37116577107476,1.35534689608015,1.28417810285742,0.632758300630506,"MIDE","Middle East","SYR","Syrian Arab Republic"
2100,"MEA","Middle East","MORB",1.37116577107476,1.35534689608015,1.28417810285742,0.632758300630506,"MIDE","Middle East","YEM","Yemen"
2100,"MEA","Middle East","MORB",1.37116577107476,1.35534689608015,1.28417810285742,0.632758300630506,"SAAR","Saudi Arabia","SAU","Saudi Arabia"
2100,"MEA","Middle East","MORT",NA,Inf,1.36952390089142,0.00330979151096809,"ISRA","Israel","ISR","Israel"
2100,"MEA","Middle East","MORT",NA,Inf,1.36952390089142,0.00330979151096809,"MIDE","Middle East","ARE","United Arab Emirates"
2100,"MEA","Middle East","MORT",NA,Inf,1.36952390089142,0.00330979151096809,"MIDE","Middle East","BHR","Bahrain"
2100,"MEA","Middle East","MORT",NA,Inf,1.36952390089142,0.00330979151096809,"MIDE","Middle East","IRQ","Iraq"
2100,"MEA","Middle East","MORT",NA,Inf,1.36952390089142,0.00330979151096809,"MIDE","Middle East","JOR","Jordan"
2100,"MEA","Middle East","MORT",NA,Inf,1.36952390089142,0.00330979151096809,"MIDE","Middle East","KWT","Kuwait"
2100,"MEA","Middle East","MORT",NA,Inf,1.36952390089142,0.00330979151096809,"MIDE","Middle East","LBN","Lebanon"
2100,"MEA","Middle East","MORT",NA,Inf,1.36952390089142,0.00330979151096809,"MIDE","Middle East","OMN","Oman"
2100,"MEA","Middle East","MORT",NA,Inf,1.36952390089142,0.00330979151096809,"MIDE","Middle East","PSE","Occupied Palestinian Territory"
2100,"MEA","Middle East","MORT",NA,Inf,1.36952390089142,0.00330979151096809,"MIDE","Middle East","QAT","Qatar"
2100,"MEA","Middle East","MORT",NA,Inf,1.36952390089142,0.00330979151096809,"MIDE","Middle East","SYR","Syrian Arab Republic"
2100,"MEA","Middle East","MORT",NA,Inf,1.36952390089142,0.00330979151096809,"MIDE","Middle East","YEM","Yemen"
2100,"MEA","Middle East","MORT",NA,Inf,1.36952390089142,0.00330979151096809,"SAAR","Saudi Arabia","SAU","Saudi Arabia"
2100,"NAF","North Africa","MORB",0.844719131230212,0.86253722073565,0.876084339754662,0.453908401313546,"EGYP","Egypt","EGY","Egypt"
2100,"NAF","North Africa","MORB",0.844719131230212,0.86253722073565,0.876084339754662,0.453908401313546,"IRAN","Iran","IRN","Iran"
2100,"NAF","North Africa","MORB",0.844719131230212,0.86253722073565,0.876084339754662,0.453908401313546,"NAFR","Northern Africa (excl Egypt)","DZA","Algeria"
2100,"NAF","North Africa","MORB",0.844719131230212,0.86253722073565,0.876084339754662,0.453908401313546,"NAFR","Northern Africa (excl Egypt)","ESH","Western Sahara"
2100,"NAF","North Africa","MORB",0.844719131230212,0.86253722073565,0.876084339754662,0.453908401313546,"NAFR","Northern Africa (excl Egypt)","LBY","Libyan Arab Jamahiriya"
2100,"NAF","North Africa","MORB",0.844719131230212,0.86253722073565,0.876084339754662,0.453908401313546,"NAFR","Northern Africa (excl Egypt)","MAR","Morocco"
2100,"NAF","North Africa","MORB",0.844719131230212,0.86253722073565,0.876084339754662,0.453908401313546,"NAFR","Northern Africa (excl Egypt)","TUN","Tunisia"
2100,"NAF","North Africa","MORT",NA,Inf,1.00574211554048,0.005004974506767,"EGYP","Egypt","EGY","Egypt"
2100,"NAF","North Africa","MORT",NA,Inf,1.00574211554048,0.005004974506767,"IRAN","Iran","IRN","Iran"
2100,"NAF","North Africa","MORT",NA,Inf,1.00574211554048,0.005004974506767,"NAFR","Northern Africa (excl Egypt)","DZA","Algeria"
2100,"NAF","North Africa","MORT",NA,Inf,1.00574211554048,0.005004974506767,"NAFR","Northern Africa (excl Egypt)","ESH","Western Sahara"
2100,"NAF","North Africa","MORT",NA,Inf,1.00574211554048,0.005004974506767,"NAFR","Northern Africa (excl Egypt)","LBY","Libyan Arab Jamahiriya"
2100,"NAF","North Africa","MORT",NA,Inf,1.00574211554048,0.005004974506767,"NAFR","Northern Africa (excl Egypt)","MAR","Morocco"
2100,"NAF","North Africa","MORT",NA,Inf,1.00574211554048,0.005004974506767,"NAFR","Northern Africa (excl Egypt)","TUN","Tunisia"
2100,"NAM","North America","MORB",1,1,1,0.670665244932408,"CANA","Canada","CAN","Canada"
2100,"NAM","North America","MORB",1,1,1,0.670665244932408,"USAM","United States of America","USA","United States of America"
2100,"NAM","North America","MORT",NA,Inf,1.05367197847192,0.00598719717682281,"CANA","Canada","CAN","Canada"
2100,"NAM","North America","MORT",NA,Inf,1.05367197847192,0.00598719717682281,"USAM","United States of America","USA","United States of America"
2100,"OCE","Oceania","MORB",1,1,1,0.573708091420182,"AUTR","Australia","AUS","Australia"
2100,"OCE","Oceania","MORB",1,1,1,0.573708091420182,"BRUN","Brunei Darussalam","BRN","Brunei Darussalam"
2100,"OCE","Oceania","MORB",1,1,1,0.573708091420182,"JAPA","Japan","JPN","Japan"
2100,"OCE","Oceania","MORB",1,1,1,0.573708091420182,"KORS","Republic of Korea","KOR","Republic of Korea"
2100,"OCE","Oceania","MORB",1,1,1,0.573708091420182,"NZEL","New Zealand","NZL","New Zealand"
2100,"OCE","Oceania","MORB",1,1,1,0.573708091420182,"SING","Singapore","SGP","Singapore"
2100,"OCE","Oceania","MORB",1,1,1,0.573708091420182,"TAIW","Taiwan","TWN","Taiwan"
2100,"OCE","Oceania","MORT",NA,Inf,1.02996732398808,0.00158980553478989,"AUTR","Australia","AUS","Australia"
2100,"OCE","Oceania","MORT",NA,Inf,1.02996732398808,0.00158980553478989,"BRUN","Brunei Darussalam","BRN","Brunei Darussalam"
2100,"OCE","Oceania","MORT",NA,Inf,1.02996732398808,0.00158980553478989,"JAPA","Japan","JPN","Japan"
2100,"OCE","Oceania","MORT",NA,Inf,1.02996732398808,0.00158980553478989,"KORS","Republic of Korea","KOR","Republic of Korea"
2100,"OCE","Oceania","MORT",NA,Inf,1.02996732398808,0.00158980553478989,"NZEL","New Zealand","NZL","New Zealand"
2100,"OCE","Oceania","MORT",NA,Inf,1.02996732398808,0.00158980553478989,"SING","Singapore","SGP","Singapore"
2100,"OCE","Oceania","MORT",NA,Inf,1.02996732398808,0.00158980553478989,"TAIW","Taiwan","TWN","Taiwan"
2100,"RUS","Russian Federation","MORB",1,1,1,0.427460177402127,"RUSS","Russian Federation","RUS","Russian Federation"
2100,"RUS","Russian Federation","MORT",NA,Inf,1.04912775713339,0.0128991007268541,"RUSS","Russian Federation","RUS","Russian Federation"
2100,"SAF","Southern Africa","MORB",1,1,1,0.635721664963728,"RSAF","Remaining Southern Africa","AGO","Angola"
2100,"SAF","Southern Africa","MORB",1,1,1,0.635721664963728,"RSAF","Remaining Southern Africa","BWA","Botswana"
2100,"SAF","Southern Africa","MORB",1,1,1,0.635721664963728,"RSAF","Remaining Southern Africa","LSO","Lesotho"
2100,"SAF","Southern Africa","MORB",1,1,1,0.635721664963728,"RSAF","Remaining Southern Africa","MOZ","Mozambique"
2100,"SAF","Southern Africa","MORB",1,1,1,0.635721664963728,"RSAF","Remaining Southern Africa","MWI","Malawi"
2100,"SAF","Southern Africa","MORB",1,1,1,0.635721664963728,"RSAF","Remaining Southern Africa","NAM","Namibia"
2100,"SAF","Southern Africa","MORB",1,1,1,0.635721664963728,"RSAF","Remaining Southern Africa","SWZ","Swaziland"
2100,"SAF","Southern Africa","MORB",1,1,1,0.635721664963728,"RSAF","Remaining Southern Africa","ZMB","Zambia"
2100,"SAF","Southern Africa","MORB",1,1,1,0.635721664963728,"RSAF","Remaining Southern Africa","ZWE","Zimbabwe"
2100,"SAF","Southern Africa","MORB",1,1,1,0.635721664963728,"SAFR","South Africa","ZAF","South Africa"
2100,"SAF","Southern Africa","MORT",NA,Inf,1.11297656412529,0.0568918295539857,"RSAF","Remaining Southern Africa","AGO","Angola"
2100,"SAF","Southern Africa","MORT",NA,Inf,1.11297656412529,0.0568918295539857,"RSAF","Remaining Southern Africa","BWA","Botswana"
2100,"SAF","Southern Africa","MORT",NA,Inf,1.11297656412529,0.0568918295539857,"RSAF","Remaining Southern Africa","LSO","Lesotho"
2100,"SAF","Southern Africa","MORT",NA,Inf,1.11297656412529,0.0568918295539857,"RSAF","Remaining Southern Africa","MOZ","Mozambique"
2100,"SAF","Southern Africa","MORT",NA,Inf,1.11297656412529,0.0568918295539857,"RSAF","Remaining Southern Africa","MWI","Malawi"
2100,"SAF","Southern Africa","MORT",NA,Inf,1.11297656412529,0.0568918295539857,"RSAF","Remaining Southern Africa","NAM","Namibia"
2100,"SAF","Southern Africa","MORT",NA,Inf,1.11297656412529,0.0568918295539857,"RSAF","Remaining Southern Africa","SWZ","Swaziland"
2100,"SAF","Southern Africa","MORT",NA,Inf,1.11297656412529,0.0568918295539857,"RSAF","Remaining Southern Africa","ZMB","Zambia"
2100,"SAF","Southern Africa","MORT",NA,Inf,1.11297656412529,0.0568918295539857,"RSAF","Remaining Southern Africa","ZWE","Zimbabwe"
2100,"SAF","Southern Africa","MORT",NA,Inf,1.11297656412529,0.0568918295539857,"SAFR","South Africa","ZAF","South Africa"
2100,"SAS","South Asia","MORB",1,1,1,0.57890350691799,"AFGH","Afghanistan","AFG","Afghanistan"
2100,"SAS","South Asia","MORB",1,1,1,0.57890350691799,"BANG","Bangladesh","BGD","Bangladesh"
2100,"SAS","South Asia","MORB",1,1,1,0.57890350691799,"BHUT","Bhutan","BTN","Bhutan"
2100,"SAS","South Asia","MORB",1,1,1,0.57890350691799,"INDI","India","IND","India"
2100,"SAS","South Asia","MORB",1,1,1,0.57890350691799,"NEPA","Nepal","NPL","Nepal"
2100,"SAS","South Asia","MORB",1,1,1,0.57890350691799,"PAKI","Pakistan","PAK","Pakistan"
2100,"SAS","South Asia","MORB",1,1,1,0.57890350691799,"SRIL","Sri Lanka","LKA","Sri Lanka"
2100,"SAS","South Asia","MORT",NA,Inf,NA,NA,"AFGH","Afghanistan","AFG","Afghanistan"
2100,"SAS","South Asia","MORT",NA,Inf,NA,NA,"BANG","Bangladesh","BGD","Bangladesh"
2100,"SAS","South Asia","MORT",NA,Inf,NA,NA,"BHUT","Bhutan","BTN","Bhutan"
2100,"SAS","South Asia","MORT",NA,Inf,NA,NA,"INDI","India","IND","India"
2100,"SAS","South Asia","MORT",NA,Inf,NA,NA,"NEPA","Nepal","NPL","Nepal"
2100,"SAS","South Asia","MORT",NA,Inf,NA,NA,"PAKI","Pakistan","PAK","Pakistan"
2100,"SAS","South Asia","MORT",NA,Inf,NA,NA,"SRIL","Sri Lanka","LKA","Sri Lanka"
2100,"SSA","Sub-Saharan Africa","MORB",1,1,1,0.643280371182051,"EAFR","Eastern Africa (excl Kenya, Tanzania)","BDI","Burundi"
2100,"SSA","Sub-Saharan Africa","MORB",1,1,1,0.643280371182051,"EAFR","Eastern Africa (excl Kenya, Tanzania)","COM","Comoros"
2100,"SSA","Sub-Saharan Africa","MORB",1,1,1,0.643280371182051,"EAFR","Eastern Africa (excl Kenya, Tanzania)","DJI","Djibouti"
2100,"SSA","Sub-Saharan Africa","MORB",1,1,1,0.643280371182051,"EAFR","Eastern Africa (excl Kenya, Tanzania)","ERI","Eritrea"
2100,"SSA","Sub-Saharan Africa","MORB",1,1,1,0.643280371182051,"EAFR","Eastern Africa (excl Kenya, Tanzania)","ETH","Ethiopia"
2100,"SSA","Sub-Saharan Africa","MORB",1,1,1,0.643280371182051,"EAFR","Eastern Africa (excl Kenya, Tanzania)","MDG","Madagascar"
2100,"SSA","Sub-Saharan Africa","MORB",1,1,1,0.643280371182051,"EAFR","Eastern Africa (excl Kenya, Tanzania)","MUS","Mauritius"
2100,"SSA","Sub-Saharan Africa","MORB",1,1,1,0.643280371182051,"EAFR","Eastern Africa (excl Kenya, Tanzania)","RWA","Rwanda"
2100,"SSA","Sub-Saharan Africa","MORB",1,1,1,0.643280371182051,"EAFR","Eastern Africa (excl Kenya, Tanzania)","SDN","Sudan"
2100,"SSA","Sub-Saharan Africa","MORB",1,1,1,0.643280371182051,"EAFR","Eastern Africa (excl Kenya, Tanzania)","SOM","Somalia"
2100,"SSA","Sub-Saharan Africa","MORB",1,1,1,0.643280371182051,"EAFR","Eastern Africa (excl Kenya, Tanzania)","UGA","Uganda"
2100,"SSA","Sub-Saharan Africa","MORB",1,1,1,0.643280371182051,"KENY","Kenya","KEN","Kenya"
2100,"SSA","Sub-Saharan Africa","MORB",1,1,1,0.643280371182051,"NIGE","Nigeria","NGA","Nigeria"
2100,"SSA","Sub-Saharan Africa","MORB",1,1,1,0.643280371182051,"TANZ","United Republic of Tanzania","TZA","United Republic of Tanzania"
2100,"SSA","Sub-Saharan Africa","MORB",1,1,1,0.643280371182051,"WAFR","Western Africa (excl Nigeria)","BEN","Benin"
2100,"SSA","Sub-Saharan Africa","MORB",1,1,1,0.643280371182051,"WAFR","Western Africa (excl Nigeria)","BFA","Burkina Faso"
2100,"SSA","Sub-Saharan Africa","MORB",1,1,1,0.643280371182051,"WAFR","Western Africa (excl Nigeria)","CAF","Central African Republic"
2100,"SSA","Sub-Saharan Africa","MORB",1,1,1,0.643280371182051,"WAFR","Western Africa (excl Nigeria)","CIV","Cote d'Ivoire"
2100,"SSA","Sub-Saharan Africa","MORB",1,1,1,0.643280371182051,"WAFR","Western Africa (excl Nigeria)","CMR","Cameroon"
2100,"SSA","Sub-Saharan Africa","MORB",1,1,1,0.643280371182051,"WAFR","Western Africa (excl Nigeria)","COD","Democratic Republic of the Congo"
2100,"SSA","Sub-Saharan Africa","MORB",1,1,1,0.643280371182051,"WAFR","Western Africa (excl Nigeria)","COG","Congo"
2100,"SSA","Sub-Saharan Africa","MORB",1,1,1,0.643280371182051,"WAFR","Western Africa (excl Nigeria)","CPV","Cape Verde"
2100,"SSA","Sub-Saharan Africa","MORB",1,1,1,0.643280371182051,"WAFR","Western Africa (excl Nigeria)","GAB","Gabon"
2100,"SSA","Sub-Saharan Africa","MORB",1,1,1,0.643280371182051,"WAFR","Western Africa (excl Nigeria)","GHA","Ghana"
2100,"SSA","Sub-Saharan Africa","MORB",1,1,1,0.643280371182051,"WAFR","Western Africa (excl Nigeria)","GIN","Guinea"
2100,"SSA","Sub-Saharan Africa","MORB",1,1,1,0.643280371182051,"WAFR","Western Africa (excl Nigeria)","GMB","Gambia"
2100,"SSA","Sub-Saharan Africa","MORB",1,1,1,0.643280371182051,"WAFR","Western Africa (excl Nigeria)","GNB","Guinea-Bissau"
2100,"SSA","Sub-Saharan Africa","MORB",1,1,1,0.643280371182051,"WAFR","Western Africa (excl Nigeria)","GNQ","Equatorial Guinea"
2100,"SSA","Sub-Saharan Africa","MORB",1,1,1,0.643280371182051,"WAFR","Western Africa (excl Nigeria)","LBR","Liberia"
2100,"SSA","Sub-Saharan Africa","MORB",1,1,1,0.643280371182051,"WAFR","Western Africa (excl Nigeria)","MLI","Mali"
2100,"SSA","Sub-Saharan Africa","MORB",1,1,1,0.643280371182051,"WAFR","Western Africa (excl Nigeria)","MRT","Mauritania"
2100,"SSA","Sub-Saharan Africa","MORB",1,1,1,0.643280371182051,"WAFR","Western Africa (excl Nigeria)","NER","Niger"
2100,"SSA","Sub-Saharan Africa","MORB",1,1,1,0.643280371182051,"WAFR","Western Africa (excl Nigeria)","SEN","Senegal"
2100,"SSA","Sub-Saharan Africa","MORB",1,1,1,0.643280371182051,"WAFR","Western Africa (excl Nigeria)","SLE","Sierra Leone"
2100,"SSA","Sub-Saharan Africa","MORB",1,1,1,0.643280371182051,"WAFR","Western Africa (excl Nigeria)","TCD","Chad"
2100,"SSA","Sub-Saharan Africa","MORB",1,1,1,0.643280371182051,"WAFR","Western Africa (excl Nigeria)","TGO","Togo"
2100,"SSA","Sub-Saharan Africa","MORT",NA,Inf,1.19201160029967,0.119669626013585,"EAFR","Eastern Africa (excl Kenya, Tanzania)","BDI","Burundi"
2100,"SSA","Sub-Saharan Africa","MORT",NA,Inf,1.19201160029967,0.119669626013585,"EAFR","Eastern Africa (excl Kenya, Tanzania)","COM","Comoros"
2100,"SSA","Sub-Saharan Africa","MORT",NA,Inf,1.19201160029967,0.119669626013585,"EAFR","Eastern Africa (excl Kenya, Tanzania)","DJI","Djibouti"
2100,"SSA","Sub-Saharan Africa","MORT",NA,Inf,1.19201160029967,0.119669626013585,"EAFR","Eastern Africa (excl Kenya, Tanzania)","ERI","Eritrea"
2100,"SSA","Sub-Saharan Africa","MORT",NA,Inf,1.19201160029967,0.119669626013585,"EAFR","Eastern Africa (excl Kenya, Tanzania)","ETH","Ethiopia"
2100,"SSA","Sub-Saharan Africa","MORT",NA,Inf,1.19201160029967,0.119669626013585,"EAFR","Eastern Africa (excl Kenya, Tanzania)","MDG","Madagascar"
2100,"SSA","Sub-Saharan Africa","MORT",NA,Inf,1.19201160029967,0.119669626013585,"EAFR","Eastern Africa (excl Kenya, Tanzania)","MUS","Mauritius"
2100,"SSA","Sub-Saharan Africa","MORT",NA,Inf,1.19201160029967,0.119669626013585,"EAFR","Eastern Africa (excl Kenya, Tanzania)","RWA","Rwanda"
2100,"SSA","Sub-Saharan Africa","MORT",NA,Inf,1.19201160029967,0.119669626013585,"EAFR","Eastern Africa (excl Kenya, Tanzania)","SDN","Sudan"
2100,"SSA","Sub-Saharan Africa","MORT",NA,Inf,1.19201160029967,0.119669626013585,"EAFR","Eastern Africa (excl Kenya, Tanzania)","SOM","Somalia"
2100,"SSA","Sub-Saharan Africa","MORT",NA,Inf,1.19201160029967,0.119669626013585,"EAFR","Eastern Africa (excl Kenya, Tanzania)","UGA","Uganda"
2100,"SSA","Sub-Saharan Africa","MORT",NA,Inf,1.19201160029967,0.119669626013585,"KENY","Kenya","KEN","Kenya"
2100,"SSA","Sub-Saharan Africa","MORT",NA,Inf,1.19201160029967,0.119669626013585,"NIGE","Nigeria","NGA","Nigeria"
2100,"SSA","Sub-Saharan Africa","MORT",NA,Inf,1.19201160029967,0.119669626013585,"TANZ","United Republic of Tanzania","TZA","United Republic of Tanzania"
2100,"SSA","Sub-Saharan Africa","MORT",NA,Inf,1.19201160029967,0.119669626013585,"WAFR","Western Africa (excl Nigeria)","BEN","Benin"
2100,"SSA","Sub-Saharan Africa","MORT",NA,Inf,1.19201160029967,0.119669626013585,"WAFR","Western Africa (excl Nigeria)","BFA","Burkina Faso"
2100,"SSA","Sub-Saharan Africa","MORT",NA,Inf,1.19201160029967,0.119669626013585,"WAFR","Western Africa (excl Nigeria)","CAF","Central African Republic"
2100,"SSA","Sub-Saharan Africa","MORT",NA,Inf,1.19201160029967,0.119669626013585,"WAFR","Western Africa (excl Nigeria)","CIV","Cote d'Ivoire"
2100,"SSA","Sub-Saharan Africa","MORT",NA,Inf,1.19201160029967,0.119669626013585,"WAFR","Western Africa (excl Nigeria)","CMR","Cameroon"
2100,"SSA","Sub-Saharan Africa","MORT",NA,Inf,1.19201160029967,0.119669626013585,"WAFR","Western Africa (excl Nigeria)","COD","Democratic Republic of the Congo"
2100,"SSA","Sub-Saharan Africa","MORT",NA,Inf,1.19201160029967,0.119669626013585,"WAFR","Western Africa (excl Nigeria)","COG","Congo"
2100,"SSA","Sub-Saharan Africa","MORT",NA,Inf,1.19201160029967,0.119669626013585,"WAFR","Western Africa (excl Nigeria)","CPV","Cape Verde"
2100,"SSA","Sub-Saharan Africa","MORT",NA,Inf,1.19201160029967,0.119669626013585,"WAFR","Western Africa (excl Nigeria)","GAB","Gabon"
2100,"SSA","Sub-Saharan Africa","MORT",NA,Inf,1.19201160029967,0.119669626013585,"WAFR","Western Africa (excl Nigeria)","GHA","Ghana"
2100,"SSA","Sub-Saharan Africa","MORT",NA,Inf,1.19201160029967,0.119669626013585,"WAFR","Western Africa (excl Nigeria)","GIN","Guinea"
2100,"SSA","Sub-Saharan Africa","MORT",NA,Inf,1.19201160029967,0.119669626013585,"WAFR","Western Africa (excl Nigeria)","GMB","Gambia"
2100,"SSA","Sub-Saharan Africa","MORT",NA,Inf,1.19201160029967,0.119669626013585,"WAFR","Western Africa (excl Nigeria)","GNB","Guinea-Bissau"
2100,"SSA","Sub-Saharan Africa","MORT",NA,Inf,1.19201160029967,0.119669626013585,"WAFR","Western Africa (excl Nigeria)","GNQ","Equatorial Guinea"
2100,"SSA","Sub-Saharan Africa","MORT",NA,Inf,1.19201160029967,0.119669626013585,"WAFR","Western Africa (excl Nigeria)","LBR","Liberia"
2100,"SSA","Sub-Saharan Africa","MORT",NA,Inf,1.19201160029967,0.119669626013585,"WAFR","Western Africa (excl Nigeria)","MLI","Mali"
2100,"SSA","Sub-Saharan Africa","MORT",NA,Inf,1.19201160029967,0.119669626013585,"WAFR","Western Africa (excl Nigeria)","MRT","Mauritania"
2100,"SSA","Sub-Saharan Africa","MORT",NA,Inf,1.19201160029967,0.119669626013585,"WAFR","Western Africa (excl Nigeria)","NER","Niger"
2100,"SSA","Sub-Saharan Africa","MORT",NA,Inf,1.19201160029967,0.119669626013585,"WAFR","Western Africa (excl Nigeria)","SEN","Senegal"
2100,"SSA","Sub-Saharan Africa","MORT",NA,Inf,1.19201160029967,0.119669626013585,"WAFR","Western Africa (excl Nigeria)","SLE","Sierra Leone"
2100,"SSA","Sub-Saharan Africa","MORT",NA,Inf,1.19201160029967,0.119669626013585,"WAFR","Western Africa (excl Nigeria)","TCD","Chad"
2100,"SSA","Sub-Saharan Africa","MORT",NA,Inf,1.19201160029967,0.119669626013585,"WAFR","Western Africa (excl Nigeria)","TGO","Togo"
2100,"WAS","Western Asia","MORB",1,1,1,0.569025547376938,"ARME","Armenia","ARM","Armenia"
2100,"WAS","Western Asia","MORB",1,1,1,0.569025547376938,"AZER","Azerbaijan","AZE","Azerbaijan"
2100,"WAS","Western Asia","MORB",1,1,1,0.569025547376938,"BELA","Belarus","BLR","Belarus"
2100,"WAS","Western Asia","MORB",1,1,1,0.569025547376938,"GEOR","Georgia","GEO","Georgia"
2100,"WAS","Western Asia","MORB",1,1,1,0.569025547376938,"MOLD","Republic of Moldova","MDA","Republic of Moldova"
2100,"WAS","Western Asia","MORB",1,1,1,0.569025547376938,"TURK","Turkey","TUR","Turkey"
2100,"WAS","Western Asia","MORB",1,1,1,0.569025547376938,"UKRA","Ukraine","UKR","Ukraine"
2100,"WAS","Western Asia","MORT",NA,Inf,1.06483764360279,0.0028278553956569,"ARME","Armenia","ARM","Armenia"
2100,"WAS","Western Asia","MORT",NA,Inf,1.06483764360279,0.0028278553956569,"AZER","Azerbaijan","AZE","Azerbaijan"
2100,"WAS","Western Asia","MORT",NA,Inf,1.06483764360279,0.0028278553956569,"BELA","Belarus","BLR","Belarus"
2100,"WAS","Western Asia","MORT",NA,Inf,1.06483764360279,0.0028278553956569,"GEOR","Georgia","GEO","Georgia"
2100,"WAS","Western Asia","MORT",NA,Inf,1.06483764360279,0.0028278553956569,"MOLD","Republic of Moldova","MDA","Republic of Moldova"
2100,"WAS","Western Asia","MORT",NA,Inf,1.06483764360279,0.0028278553956569,"TURK","Turkey","TUR","Turkey"
2100,"WAS","Western Asia","MORT",NA,Inf,1.06483764360279,0.0028278553956569,"UKRA","Ukraine","UKR","Ukraine"
2100,"WBK","West Balkan","MORB",1,1,1,0.502210097382416,"ALBA","Albania","ALB","Albania"
2100,"WBK","West Balkan","MORB",1,1,1,0.502210097382416,"BOHE","Bosnia and Herzegovina","BIH","Bosnia and Herzegovina"
2100,"WBK","West Balkan","MORB",1,1,1,0.502210097382416,"KOSO","Kosovo","XKX","Kosovo"
2100,"WBK","West Balkan","MORB",1,1,1,0.502210097382416,"MACE","TFYR Macedonia","MKD","TFYR Macedonia"
2100,"WBK","West Balkan","MORB",1,1,1,0.502210097382416,"MONT","Montenegro","MNE","Montenegro"
2100,"WBK","West Balkan","MORB",1,1,1,0.502210097382416,"SERB","Serbia","SRB","Serbia"
2100,"WBK","West Balkan","MORT",NA,Inf,1.04768038663551,0.00546202544285344,"ALBA","Albania","ALB","Albania"
2100,"WBK","West Balkan","MORT",NA,Inf,1.04768038663551,0.00546202544285344,"BOHE","Bosnia and Herzegovina","BIH","Bosnia and Herzegovina"
2100,"WBK","West Balkan","MORT",NA,Inf,1.04768038663551,0.00546202544285344,"KOSO","Kosovo","XKX","Kosovo"
2100,"WBK","West Balkan","MORT",NA,Inf,1.04768038663551,0.00546202544285344,"MACE","TFYR Macedonia","MKD","TFYR Macedonia"
2100,"WBK","West Balkan","MORT",NA,Inf,1.04768038663551,0.00546202544285344,"MONT","Montenegro","MNE","Montenegro"
2100,"WBK","West Balkan","MORT",NA,Inf,1.04768038663551,0.00546202544285344,"SERB","Serbia","SRB","Serbia"
