"mc","china","india","mexico","nigeria"
1,16,14,8,6
2,-3,3,5,-10
3,4,3,3,4
4,2,2,3,3
5,1,4,-3,-2
6,1,9,5,7
7,6,6,6,8
8,8,6,10,14
9,-3,3,6,12
10,0,1,0,5
11,15,2,7,9
12,7,10,7,10
13,4,10,9,12
14,0,0,1,10
15,3,8,5,12
16,-11,-2,-4,4
17,1,1,5,-1
18,11,5,12,6
19,0,-9,-5,-13
20,4,4,7,6
21,8,7,1,3
22,7,9,5,4
23,-3,3,1,2
24,2,1,1,-3
25,3,20,6,6
26,3,4,4,4
27,2,2,3,4
28,3,6,9,3
29,9,9,9,7
30,1,-6,1,7
31,7,10,12,17
32,12,8,13,15
33,7,10,12,7
34,6,5,5,6
35,2,11,10,6
36,7,6,8,7
37,-3,4,0,6
38,6,5,9,8
39,-3,-1,-1,-8
40,1,-3,-3,-6
41,5,3,-1,0
42,11,8,10,11
43,5,12,9,9
44,1,-3,-1,0
45,6,10,6,6
46,8,13,5,16
47,0,-1,0,0
48,-2,2,-5,5
49,-4,-1,7,1
50,5,6,6,6
51,-9,7,0,-3
52,1,1,1,6
53,14,11,11,7
54,6,8,11,8
55,4,11,5,6
56,10,6,5,7
57,6,4,12,12
58,4,5,3,5
59,11,13,12,13
60,8,24,8,13
61,6,7,5,5
62,10,17,11,15
63,-2,7,4,9
64,5,6,7,7
65,1,0,5,9
66,5,8,7,8
67,5,6,8,8
68,2,5,12,11
69,-3,13,-9,2
70,4,5,5,5
71,8,7,6,9
72,6,6,0,7
73,13,9,11,8
74,-3,-1,4,1
75,5,8,6,11
76,-5,-8,-3,-3
77,5,9,8,14
78,13,6,10,11
79,8,3,2,8
80,6,5,7,7
81,5,5,10,8
82,0,-1,-1,-1
83,3,3,3,3
84,7,-4,1,2
85,5,10,9,6
86,11,-7,4,4
87,1,1,3,-2
88,4,7,6,6
89,7,9,7,11
90,-1,5,4,8
91,5,2,15,8
92,6,16,-5,14
93,8,13,9,9
94,4,9,5,7
95,7,7,6,7
96,6,9,6,7
97,6,0,1,4
98,6,6,5,8
99,12,7,5,3
100,-1,4,6,-4
101,4,4,4,3
102,7,6,8,3
103,5,6,3,6
104,0,10,10,0
105,3,3,3,3
106,7,7,20,8
107,1,1,1,2
108,4,10,5,8
109,-5,3,-2,-5
110,10,11,8,11
111,9,13,12,15
112,3,7,13,3
113,3,4,3,4
114,9,5,-5,1
115,10,5,5,9
116,12,11,2,10
117,2,7,6,12
118,5,7,4,5
119,2,-4,-13,21
120,2,3,2,3
121,-7,-1,2,6
122,0,0,0,1
123,5,5,8,8
124,4,0,0,5
125,-7,0,1,4
126,1,0,3,3
127,11,4,12,11
128,8,7,7,9
129,11,13,16,16
130,7,5,10,6
131,3,3,4,3
132,9,6,2,7
133,1,1,3,3
134,0,2,1,12
135,5,10,8,10
136,4,0,0,4
137,2,1,-1,-4
138,1,1,1,1
139,-33,-2,-13,-17
140,1,1,1,2
141,6,-3,2,5
142,0,0,0,0
143,2,-4,4,10
144,0,-16,16,10
145,-5,-10,6,7
146,6,8,7,7
147,6,11,11,13
148,-1,6,-2,6
149,0,7,21,9
150,8,10,9,9
151,-2,0,-1,0
152,8,7,10,10
153,4,2,1,4
154,3,14,-5,5
155,7,7,7,6
156,4,7,9,5
157,0,1,1,1
158,1,5,1,0
159,7,7,-1,3
160,2,2,2,3
161,8,7,7,11
162,3,2,3,13
163,3,-3,-4,-4
164,9,9,-3,-1
165,5,6,6,6
166,2,7,10,13
167,5,10,4,16
168,1,2,2,4
169,7,5,5,8
170,10,2,4,8
171,1,13,2,3
172,6,5,10,1
173,9,5,9,5
174,0,0,0,1
175,8,0,0,10
176,2,5,7,5
177,6,8,-1,14
178,6,6,4,7
179,2,3,3,4
180,0,6,3,0
181,6,8,9,9
182,3,3,4,4
183,6,4,4,8
184,10,7,6,10
185,6,4,0,3
186,4,15,-15,-4
187,16,4,7,15
188,11,-4,-5,7
189,6,7,10,9
190,5,5,6,6
191,2,2,2,2
192,2,3,3,2
193,0,0,0,0
194,11,13,6,16
195,1,-4,8,11
196,4,12,-10,-3
197,8,0,4,6
198,16,13,16,14
199,-3,11,0,-2
200,-14,5,5,-3
201,11,7,6,10
202,1,0,1,1
203,8,8,7,8
204,-1,0,0,1
205,-1,1,-1,0
206,5,2,2,5
207,5,11,6,8
208,0,3,4,1
209,8,8,8,10
210,5,6,6,6
211,4,3,5,5
212,2,1,0,-2
213,7,5,5,5
214,-3,1,2,-1
215,5,5,5,5
216,2,2,3,3
217,7,9,9,9
218,4,8,6,3
219,2,3,3,2
220,-1,-1,-1,2
221,6,4,3,5
222,11,9,11,5
223,5,5,3,10
224,13,8,1,2
225,6,6,6,8
226,3,3,-1,6
227,0,6,5,0
228,5,6,6,6
229,20,-1,9,15
230,2,2,2,2
231,-6,-4,-4,-4
232,5,5,7,7
233,2,7,4,3
234,8,14,10,6
235,-2,11,0,-3
236,10,2,6,3
237,4,5,3,5
238,5,4,12,14
239,0,1,1,2
240,6,12,10,11
241,4,-6,11,2
242,6,8,8,8
243,9,9,9,10
244,9,3,10,4
245,6,14,11,24
246,-1,0,-1,0
247,9,3,8,-1
248,3,4,8,9
249,10,9,3,3
250,6,6,6,7
251,3,11,6,6
252,2,10,6,5
253,3,5,-1,2
254,-1,7,0,-2
255,5,5,5,6
256,-4,-3,-4,-2
257,5,12,3,10
258,5,5,5,5
259,3,11,10,17
260,8,-5,4,5
261,14,5,10,5
262,9,11,8,12
263,7,8,5,7
264,3,4,5,4
265,13,12,10,16
266,5,12,4,8
267,4,5,5,6
268,2,2,3,4
269,0,0,0,0
270,11,10,-1,11
271,6,14,7,8
272,9,9,10,18
273,10,5,15,5
274,9,0,3,5
275,13,9,7,8
276,0,-1,5,3
277,6,9,6,1
278,7,4,4,10
279,5,5,3,4
280,4,9,5,4
281,11,8,6,11
282,4,5,2,1
283,8,6,3,5
284,-8,-1,-12,-1
285,2,7,6,7
286,-8,-3,3,1
287,6,8,10,14
288,7,6,13,13
289,0,0,-1,0
290,-4,14,5,9
291,9,10,9,9
292,-7,-5,-5,-14
293,8,10,9,10
294,-1,2,-3,2
295,5,8,9,8
296,5,2,11,10
297,4,9,5,7
298,3,-6,5,7
299,5,6,6,6
300,-3,-5,-6,-1
301,1,1,1,-1
302,3,3,3,4
303,3,9,7,16
304,5,4,4,5
305,2,4,-10,7
306,1,0,2,1
307,1,2,4,-1
308,-5,2,-2,-14
309,3,6,0,5
310,2,2,3,3
311,-5,7,0,2
312,7,-1,7,13
313,12,8,6,9
314,1,8,-4,8
315,8,8,7,9
316,4,0,4,6
317,-3,9,5,2
318,13,3,4,7
319,10,10,2,16
320,5,10,8,8
321,-6,5,5,6
322,2,4,8,6
323,0,6,1,5
324,7,16,8,14
325,9,11,7,12
326,-1,4,5,6
327,4,4,3,6
328,-1,3,-2,3
329,4,16,10,9
330,2,12,1,1
331,-1,0,-1,0
332,3,3,5,4
333,9,9,9,9
334,1,0,5,2
335,5,4,2,3
336,2,2,2,2
337,-8,7,8,12
338,19,13,12,7
339,5,3,4,7
340,4,5,5,6
341,5,5,6,6
342,8,8,8,10
343,3,3,3,4
344,8,8,8,9
345,4,10,6,20
346,5,20,9,4
347,11,8,4,9
348,2,0,5,2
349,7,6,8,6
350,-5,8,22,-1
351,1,0,1,1
352,-5,4,-8,0
353,5,5,4,6
354,1,0,0,1
355,7,7,7,9
356,4,5,5,5
357,4,6,2,3
358,11,10,5,12
359,1,1,1,2
360,8,7,8,7
361,6,7,7,8
362,5,5,7,5
363,3,4,4,5
364,2,2,2,6
365,9,6,6,6
366,0,0,2,0
367,3,6,2,13
368,12,15,17,5
369,13,14,12,17
370,-3,-2,-7,0
371,5,5,5,5
372,0,-7,-1,1
373,8,12,11,12
374,-4,6,11,4
375,3,1,2,5
376,9,4,4,8
377,5,9,8,1
378,-2,4,0,-1
379,0,-6,7,19
380,5,5,5,5
381,16,5,14,15
382,0,1,1,0
383,3,2,5,11
384,6,8,6,9
385,1,0,1,2
386,7,-3,8,3
387,1,1,5,8
388,7,2,8,2
389,5,8,7,10
390,7,7,5,8
391,4,6,5,6
392,1,1,10,1
393,12,2,1,8
394,-1,5,9,-2
395,6,7,5,7
396,4,13,-1,8
397,-21,-17,-8,-16
398,9,8,8,8
399,7,5,11,7
400,13,9,4,12
401,4,6,5,5
402,1,5,0,1
403,7,6,9,5
404,6,6,8,6
405,0,0,0,1
406,0,11,12,8
407,2,7,7,-3
408,11,6,10,6
409,0,15,9,7
410,0,10,1,12
411,8,7,12,11
412,9,9,7,10
413,3,3,4,4
414,4,-2,-2,7
415,11,7,6,6
416,-1,4,12,12
417,13,11,10,20
418,5,3,0,-2
419,16,20,11,6
420,4,12,9,8
421,1,9,-2,7
422,7,6,6,9
423,2,3,3,2
424,3,2,5,4
425,2,17,5,12
426,4,6,6,6
427,-3,3,6,2
428,6,13,7,9
429,2,3,6,3
430,1,1,1,-2
431,3,0,12,4
432,-2,-2,-1,-1
433,8,10,6,10
434,1,11,2,-8
435,3,4,2,3
436,2,3,2,3
437,3,2,4,-1
438,5,6,5,6
439,-6,-30,-2,-6
440,5,10,10,-4
441,12,4,4,8
442,9,9,9,18
443,6,7,8,8
444,4,5,5,6
445,2,9,10,10
446,6,3,1,5
447,8,11,6,6
448,12,7,2,6
449,7,14,9,9
450,-7,-3,1,5
451,0,1,4,3
452,7,6,5,7
453,0,10,14,-9
454,-3,0,3,9
455,9,5,11,10
456,8,8,-1,3
457,-1,-1,0,-5
458,0,3,3,4
459,-1,-2,0,4
460,4,4,4,19
461,5,11,4,9
462,7,10,5,9
463,7,9,3,9
464,13,6,8,8
465,4,6,8,7
466,5,4,5,7
467,4,7,9,11
468,5,6,7,7
469,7,10,-8,-6
470,3,11,3,15
471,-5,12,12,11
472,6,6,7,8
473,-6,0,5,8
474,0,1,1,1
475,-1,-2,0,-1
476,12,5,2,9
477,4,-15,-4,10
478,5,6,7,7
479,12,15,11,18
480,8,6,6,6
481,9,9,5,7
482,3,4,3,5
483,-18,15,-26,17
484,12,8,1,-5
485,7,5,12,11
486,5,6,6,6
487,3,4,9,1
488,8,5,5,8
489,-3,7,-4,-18
490,0,7,6,6
491,2,2,3,3
492,7,4,6,13
493,7,6,7,6
494,8,7,10,13
495,4,5,-1,-2
496,-5,5,3,0
497,14,12,10,15
498,0,-10,0,-2
499,2,7,-1,7
500,3,4,4,4
501,2,2,2,3
502,8,7,6,10
503,-1,-1,0,0
504,9,12,14,6
505,10,4,11,18
506,2,-2,2,-2
507,8,10,4,12
508,7,5,14,8
509,4,3,4,7
510,9,0,9,-3
511,0,1,3,2
512,1,2,2,2
513,5,9,3,6
514,8,8,7,9
515,1,-4,7,0
516,2,4,5,3
517,2,2,2,2
518,4,5,5,9
519,5,10,10,9
520,-3,-2,1,13
521,6,5,2,9
522,3,4,3,4
523,8,9,9,9
524,1,7,10,12
525,9,4,5,8
526,5,4,4,4
527,4,2,1,6
528,2,5,4,12
529,-3,14,-9,7
530,5,16,7,8
531,6,6,7,7
532,3,3,3,3
533,6,5,4,6
534,5,8,7,5
535,0,-1,0,0
536,3,4,4,4
537,5,9,7,0
538,4,5,3,5
539,-1,-1,-1,0
540,6,6,6,7
541,10,11,13,10
542,8,10,9,8
543,12,11,13,12
544,6,6,6,5
545,10,6,3,6
546,3,3,3,3
547,0,0,7,13
548,5,7,7,6
549,-1,6,-1,1
550,12,4,7,5
551,4,5,5,6
552,5,-4,-2,-10
553,6,6,5,8
554,4,16,12,7
555,13,4,11,5
556,2,6,5,7
557,8,19,5,9
558,0,10,7,8
559,9,3,-3,6
560,4,9,5,5
561,2,2,3,3
562,-7,0,-1,3
563,7,7,6,7
564,0,0,1,2
565,2,2,7,9
566,3,4,4,3
567,0,12,8,15
568,5,5,8,3
569,10,8,7,3
570,4,11,1,0
571,10,20,10,6
572,5,7,8,10
573,8,11,12,12
574,5,4,7,13
575,6,5,5,6
576,5,19,7,7
577,10,2,6,7
578,4,6,13,-1
579,7,-1,9,8
580,-2,1,0,-2
581,0,0,7,0
582,5,8,3,7
583,2,13,-4,14
584,9,6,5,-1
585,7,8,8,8
586,0,0,0,1
587,0,0,1,1
588,3,4,6,7
589,1,1,8,-1
590,-1,-4,3,5
591,6,7,9,5
592,9,6,6,7
593,0,3,4,9
594,3,3,3,4
595,2,8,3,2
596,1,5,0,-2
597,7,6,5,6
598,3,4,5,6
599,8,9,8,7
600,10,10,8,12
601,5,5,10,9
602,-8,0,2,2
603,3,4,-3,5
604,6,9,13,7
605,9,11,13,19
606,5,7,8,9
607,0,0,0,0
608,6,9,5,7
609,13,8,5,5
610,10,-4,0,12
611,-5,4,-11,-3
612,10,12,7,14
613,8,6,5,9
614,3,3,4,3
615,5,13,6,9
616,-1,12,0,5
617,0,1,0,-1
618,1,1,1,1
619,8,6,6,5
620,4,3,-7,3
621,-27,-17,7,7
622,2,1,5,3
623,4,11,9,5
624,8,8,3,4
625,8,9,6,10
626,9,5,6,7
627,4,2,2,3
628,-1,3,4,-1
629,5,13,10,11
630,0,-4,1,2
631,22,11,4,6
632,5,5,10,8
633,7,8,4,9
634,7,4,5,9
635,11,9,8,14
636,6,10,5,8
637,6,7,7,7
638,16,11,8,6
639,4,11,10,8
640,5,5,4,6
641,3,3,5,4
642,9,3,7,13
643,4,4,4,5
644,4,5,7,7
645,10,20,2,2
646,10,13,10,10
647,6,9,7,-1
648,0,0,0,0
649,-3,-1,-3,-2
650,6,10,8,10
651,4,3,5,8
652,1,8,-7,2
653,6,7,8,9
654,4,12,8,0
655,-4,6,9,2
656,6,7,7,7
657,1,1,1,8
658,2,2,7,14
659,5,6,6,7
660,4,4,4,6
661,2,11,8,11
662,3,4,1,4
663,8,8,13,10
664,6,8,8,9
665,4,6,9,6
666,0,0,0,5
667,1,2,2,3
668,10,8,7,9
669,7,6,6,10
670,9,8,2,7
671,8,10,9,12
672,9,12,10,13
673,13,4,5,5
674,9,11,-1,10
675,8,10,15,16
676,1,1,1,1
677,2,4,3,2
678,7,12,10,9
679,4,5,5,6
680,-2,3,14,5
681,0,2,3,2
682,-2,-8,10,5
683,-2,10,1,9
684,2,3,3,2
685,7,7,8,7
686,0,0,1,2
687,7,8,6,8
688,7,7,6,7
689,2,2,2,2
690,5,5,8,6
691,14,8,4,8
692,-1,6,8,5
693,4,3,3,5
694,5,5,7,6
695,-3,6,6,-5
696,11,6,6,6
697,5,8,5,8
698,5,3,5,6
699,-3,-1,-1,0
700,1,2,-1,0
701,3,4,3,4
702,2,3,3,3
703,7,7,8,12
704,1,-3,-1,-9
705,10,8,-3,5
706,3,4,5,4
707,0,1,2,1
708,5,6,11,7
709,1,1,2,2
710,13,7,12,5
711,1,9,7,16
712,5,12,10,11
713,2,9,7,6
714,11,3,11,12
715,5,2,0,-4
716,5,6,4,7
717,4,9,7,11
718,1,11,5,9
719,2,2,2,3
720,3,12,2,-3
721,5,2,0,2
722,5,4,0,4
723,-2,7,7,5
724,5,5,6,5
725,4,3,9,5
726,2,-5,-4,7
727,1,2,2,2
728,6,8,11,13
729,9,10,9,10
730,-4,5,5,5
731,14,-5,5,10
732,4,8,9,11
733,5,5,5,5
734,1,0,4,-29
735,5,6,6,5
736,4,10,6,2
737,5,5,12,2
738,4,6,5,5
739,4,-3,1,4
740,-6,3,-1,-6
741,6,5,4,-1
742,-1,0,-1,0
743,7,8,9,7
744,-2,-1,-1,0
745,-3,6,3,6
746,4,4,4,6
747,4,-12,0,8
748,5,6,7,7
749,-2,7,-8,10
750,-1,0,1,-1
751,8,15,14,8
752,-1,-1,-2,-3
753,6,5,17,-1
754,1,1,0,0
755,5,5,0,9
756,5,3,11,4
757,2,-3,8,-2
758,2,5,2,3
759,-3,6,6,-6
760,11,3,-8,4
761,6,8,8,6
762,5,5,4,13
763,0,1,1,1
764,0,0,0,0
765,12,5,6,5
766,6,8,7,7
767,-66,-54,-65,-60
768,12,4,15,4
769,6,13,6,5
770,3,8,6,10
771,-2,-1,0,-1
772,4,10,4,4
773,0,6,6,6
774,6,3,5,7
775,2,2,0,7
776,-1,1,1,1
777,9,-4,-3,3
778,2,-3,3,3
779,14,17,19,17
780,-1,0,1,1
781,8,4,-1,-9
782,1,5,8,8
783,7,10,11,14
784,4,3,9,-6
785,-2,8,5,9
786,10,-4,1,9
787,2,3,5,4
788,5,11,8,5
789,0,2,1,3
790,1,1,2,3
791,5,4,3,9
792,-1,4,2,2
793,0,0,1,2
794,-12,-9,-30,-5
795,7,7,8,9
796,10,11,10,11
797,10,14,9,13
798,-11,-1,-2,-1
799,2,3,5,8
800,6,5,9,5
801,4,5,4,6
802,8,8,5,7
803,11,13,9,11
804,7,6,9,7
805,6,8,5,7
806,7,6,4,7
807,6,4,17,18
808,10,5,-5,14
809,0,0,21,11
810,12,8,8,10
811,7,12,1,10
812,9,7,7,9
813,7,6,8,8
814,8,6,6,6
815,5,9,4,7
816,-2,-2,-2,-2
817,7,7,7,8
818,5,5,5,6
819,7,11,15,9
820,-3,10,7,10
821,8,7,10,10
822,7,11,8,12
823,6,6,8,9
824,4,11,11,7
825,0,0,0,0
826,4,5,6,6
827,10,10,10,12
828,6,2,2,5
829,8,9,7,9
830,5,6,5,7
831,11,5,10,15
832,11,3,-1,2
833,6,6,6,8
834,1,0,1,1
835,3,3,3,3
836,6,6,8,7
837,-9,0,9,0
838,6,6,8,7
839,4,7,9,9
840,3,4,4,5
841,1,7,9,7
842,1,7,4,4
843,6,4,4,3
844,8,7,7,5
845,5,4,3,7
846,8,5,6,8
847,1,5,4,6
848,3,4,3,3
849,5,5,4,6
850,3,4,5,4
851,6,7,6,7
852,-7,-4,2,10
853,2,10,6,9
854,4,6,10,7
855,6,7,12,7
856,-63,-61,-63,-59
857,6,6,7,11
858,1,0,2,1
859,4,4,5,5
860,2,10,2,5
861,8,10,-1,14
862,4,3,2,6
863,-2,-6,-7,8
864,12,13,10,7
865,-1,0,-1,2
866,7,6,6,7
867,-1,1,1,1
868,2,2,4,3
869,7,3,8,5
870,3,2,6,6
871,4,5,5,5
872,8,-4,-1,15
873,10,14,15,10
874,12,8,10,15
875,4,10,1,14
876,7,11,9,11
877,-2,5,1,6
878,5,6,6,6
879,1,1,1,7
880,4,4,5,5
881,2,-1,6,11
882,4,2,5,5
883,10,9,9,19
884,5,3,13,2
885,10,3,9,20
886,8,5,6,7
887,2,3,4,3
888,-6,-4,-4,-2
889,0,-4,3,1
890,-3,0,-1,1
891,3,2,8,1
892,4,5,5,5
893,3,6,5,11
894,6,3,3,3
895,13,7,10,18
896,1,1,1,1
897,2,6,7,9
898,5,5,5,6
899,2,10,4,16
900,0,9,6,16
901,2,3,3,3
902,4,0,-3,-1
903,5,11,10,9
904,5,0,0,6
905,10,13,4,3
906,16,10,18,18
907,4,5,5,6
908,4,3,-1,0
909,6,5,3,7
910,4,5,8,6
911,1,2,2,2
912,13,5,7,4
913,3,8,6,7
914,9,6,3,10
915,9,8,7,9
916,10,11,11,11
917,1,7,0,7
918,8,14,10,4
919,2,6,18,4
920,6,15,5,8
921,14,11,11,14
922,1,4,-2,-1
923,-26,-8,-8,-10
924,1,2,2,2
925,1,0,1,1
926,8,2,6,5
927,3,3,3,3
928,6,6,5,7
929,8,17,12,12
930,0,5,6,14
931,18,-6,6,6
932,0,-4,2,1
933,12,8,10,9
934,3,6,5,5
935,2,2,3,11
936,5,6,5,7
937,-12,4,4,-1
938,6,13,6,9
939,4,4,4,4
940,10,1,4,1
941,7,6,4,8
942,5,5,5,6
943,1,1,0,4
944,7,7,6,10
945,6,3,7,7
946,-5,-3,-3,5
947,-3,-2,-3,-1
948,4,4,5,6
949,14,-1,3,5
950,5,7,9,7
951,-1,-1,1,2
952,5,-4,2,2
953,12,8,8,9
954,-1,0,1,0
955,0,7,5,2
956,2,3,3,3
957,1,-4,7,7
958,9,10,7,6
959,5,4,3,5
960,7,3,3,9
961,0,-3,-1,9
962,5,9,5,11
963,0,4,4,5
964,6,7,7,8
965,7,-2,6,5
966,-3,-1,-1,-1
967,4,5,5,6
968,0,1,1,2
969,8,9,5,7
970,6,8,8,9
971,0,-2,0,-1
972,8,12,-2,11
973,6,8,6,7
974,-4,-6,-3,21
975,1,2,0,1
976,5,6,8,7
977,2,2,3,3
978,3,2,3,3
979,4,4,5,5
980,0,0,0,0
981,-9,9,0,-3
982,8,-3,10,6
983,3,15,9,3
984,2,3,4,3
985,8,9,9,10
986,14,12,8,10
987,4,5,6,6
988,1,-6,0,0
989,-2,2,2,4
990,11,6,7,8
991,8,8,6,9
992,16,5,6,21
993,4,6,10,13
994,6,6,5,9
995,1,7,17,10
996,6,6,1,5
997,9,9,7,9
998,7,12,1,5
999,4,3,2,3
1000,7,5,2,1
1001,5,7,5,10
1002,-8,7,-2,3
1003,2,2,3,3
1004,3,3,4,4
1005,7,5,10,6
1006,1,1,-2,2
1007,-12,1,-1,-10
1008,-1,3,4,2
1009,0,0,10,18
1010,7,8,12,13
1011,2,4,1,10
1012,4,5,16,10
1013,3,5,5,-1
1014,8,8,12,7
1015,3,11,2,7
1016,12,11,20,19
1017,6,11,4,-1
1018,2,2,3,3
1019,4,4,0,2
1020,9,9,6,11
1021,14,7,2,8
1022,1,2,4,3
1023,7,4,4,4
1024,3,3,3,3
1025,1,2,3,3
1026,-1,14,1,6
1027,7,4,4,11
1028,0,0,0,0
1029,-2,-2,0,0
1030,4,4,4,4
1031,-4,3,8,14
1032,3,3,4,4
1033,4,20,11,9
1034,8,6,5,7
1035,2,7,5,6
1036,6,5,5,6
1037,-5,-4,1,-1
1038,3,4,3,4
1039,10,5,6,-4
1040,10,-3,3,3
1041,5,0,-8,-1
1042,3,10,10,1
1043,-2,0,7,9
1044,-4,3,6,11
1045,-1,9,11,7
1046,3,1,12,3
1047,6,7,4,7
1048,9,9,15,5
1049,-5,2,1,-10
1050,10,11,9,15
1051,7,7,9,-2
1052,8,4,8,11
1053,5,6,7,7
1054,4,4,4,7
1055,1,1,0,1
1056,6,4,1,4
1057,2,7,8,7
1058,5,5,5,5
1059,7,8,8,12
1060,5,4,0,5
1061,7,3,3,4
1062,8,8,7,9
1063,-8,3,-11,-1
1064,9,17,8,3
1065,13,7,19,18
1066,8,11,9,11
1067,8,8,8,11
1068,6,4,2,4
1069,7,13,16,16
1070,4,18,4,8
1071,7,7,11,10
1072,5,6,5,7
1073,9,5,5,8
1074,-6,3,3,1
1075,6,8,9,8
1076,4,0,11,19
1077,2,18,-4,13
1078,8,9,7,13
1079,4,7,5,8
1080,-10,-3,3,-5
1081,1,6,1,-4
1082,-4,3,10,13
1083,3,1,5,1
1084,5,7,5,7
1085,4,0,1,10
1086,0,8,5,9
1087,6,6,3,13
1088,0,0,0,5
1089,5,5,-2,6
1090,2,2,3,3
1091,9,6,9,5
1092,5,7,5,6
1093,2,3,3,5
1094,4,8,13,1
1095,0,10,5,6
1096,5,6,6,7
1097,9,10,9,10
1098,0,-2,8,7
1099,11,2,9,8
1100,6,8,6,6
1101,2,3,4,4
1102,0,1,0,1
1103,6,4,4,5
1104,6,7,6,9
1105,5,3,2,6
1106,-1,2,-2,6
1107,7,5,9,5
1108,2,5,2,8
1109,3,4,2,6
1110,6,7,10,7
1111,10,6,8,6
1112,-2,1,7,-1
1113,0,-1,0,0
1114,6,5,4,7
1115,-2,-3,7,17
1116,6,6,3,5
1117,1,2,1,3
1118,-2,-4,5,4
1119,7,4,4,7
1120,-4,6,0,-2
1121,2,2,2,2
1122,-11,-34,2,-8
1123,12,0,10,0
1124,5,8,3,4
1125,6,8,7,9
1126,20,10,8,14
1127,-9,1,1,-13
1128,6,4,8,8
1129,6,14,9,12
1130,1,1,1,8
1131,5,4,4,7
1132,14,8,7,13
1133,0,4,5,2
1134,11,9,13,11
1135,5,9,7,8
1136,1,7,5,2
1137,7,5,6,7
1138,4,5,5,14
1139,4,6,8,8
1140,7,12,11,8
1141,5,2,1,6
1142,6,8,8,9
1143,7,9,9,8
1144,8,10,8,7
1145,8,10,12,8
1146,0,0,0,0
1147,9,9,9,7
1148,20,10,10,8
1149,13,12,13,6
1150,18,-2,10,6
1151,6,2,6,5
1152,5,5,5,8
1153,2,6,4,8
1154,3,3,4,4
1155,4,4,7,8
1156,-2,-2,0,0
1157,7,6,8,4
1158,8,2,-4,8
1159,4,4,2,3
1160,2,9,9,7
1161,-58,-12,-10,-2
1162,-2,4,2,4
1163,4,6,6,6
1164,6,7,10,6
1165,7,8,6,7
1166,-10,-24,-13,-10
1167,5,5,6,6
1168,-3,13,0,13
1169,2,2,3,4
1170,4,5,3,4
1171,5,5,-2,6
1172,4,3,1,6
1173,14,6,1,4
1174,8,10,10,15
1175,3,7,5,9
1176,7,9,8,11
1177,5,6,6,6
1178,2,2,3,3
1179,2,5,4,5
1180,11,8,13,7
1181,5,0,3,4
1182,9,8,7,9
1183,0,9,6,18
1184,8,4,10,7
1185,8,0,0,-14
1186,3,-3,2,7
1187,6,7,5,7
1188,5,6,7,5
1189,7,2,-2,-1
1190,-3,-1,0,-1
1191,8,6,2,8
1192,7,3,4,10
1193,5,7,6,10
1194,2,15,-5,1
1195,13,17,11,14
1196,-4,-5,-13,14
1197,7,9,6,10
1198,1,2,2,2
1199,12,9,9,13
1200,5,3,-6,5
1201,0,4,-13,12
1202,14,11,8,21
1203,5,7,17,3
1204,9,-1,6,8
1205,7,5,1,6
1206,1,7,1,5
1207,0,14,0,-3
1208,5,6,8,14
1209,12,7,16,8
1210,8,4,6,7
1211,2,3,4,3
1212,6,7,7,8
1213,-4,5,7,19
1214,0,2,0,-1
1215,4,4,5,5
1216,0,0,0,1
1217,5,4,3,6
1218,2,16,1,-3
1219,7,5,5,8
1220,2,3,3,4
1221,6,6,5,7
1222,1,0,5,9
1223,5,-3,-6,-8
1224,-2,-1,-8,-6
1225,3,12,-4,0
1226,1,4,7,17
1227,7,10,6,15
1228,0,10,13,4
1229,-26,-3,9,4
1230,10,7,5,10
1231,8,6,5,3
1232,-65,-64,-65,-62
1233,7,14,8,10
1234,-2,4,13,14
1235,8,5,0,2
1236,3,6,5,4
1237,1,2,2,2
1238,2,2,3,3
1239,3,6,8,6
1240,2,3,3,3
1241,6,-1,-5,-4
1242,9,3,3,4
1243,7,9,8,10
1244,-14,0,-12,-17
1245,4,4,10,13
1246,7,6,-5,12
1247,0,0,1,3
1248,1,2,2,2
1249,8,2,10,11
1250,-6,3,-7,13
1251,5,7,8,4
1252,6,8,9,10
1253,2,-4,-3,7
1254,5,5,5,6
1255,0,0,0,1
1256,-1,5,4,7
1257,2,2,3,2
1258,2,-1,2,1
1259,-2,2,4,1
1260,1,1,2,3
1261,3,-1,5,8
1262,5,9,6,8
1263,5,7,6,6
1264,-2,5,-3,-5
1265,7,10,6,9
1266,2,1,3,4
1267,5,0,-2,3
1268,8,12,9,17
1269,4,4,10,6
1270,5,6,6,6
1271,0,0,0,0
1272,-3,-7,7,3
1273,3,-1,2,1
1274,0,1,0,2
1275,10,3,-5,5
1276,7,13,7,19
1277,5,-6,10,-2
1278,2,2,-3,-3
1279,0,0,0,0
1280,9,5,4,4
1281,6,10,9,9
1282,11,13,9,10
1283,6,7,10,13
1284,4,4,4,5
1285,15,14,14,16
1286,7,-2,1,2
1287,2,3,4,9
1288,5,6,7,8
1289,12,15,0,1
1290,1,-6,1,3
1291,4,2,17,8
1292,2,3,4,4
1293,-1,3,0,-8
1294,4,10,11,9
1295,10,10,7,8
1296,3,5,5,5
1297,-9,10,4,0
1298,6,5,24,8
1299,-5,8,6,14
1300,7,11,8,6
1301,4,4,4,5
1302,6,8,8,8
1303,8,13,8,12
1304,-2,-1,16,-1
1305,-7,-1,0,6
1306,-1,1,-2,1
1307,3,-1,-1,6
1308,8,7,6,10
1309,4,9,0,6
1310,5,5,6,6
1311,-1,11,0,10
1312,0,8,-6,-3
1313,3,4,4,5
1314,1,14,10,10
1315,-7,13,3,1
1316,-2,2,5,5
1317,5,6,4,13
1318,4,5,1,5
1319,3,4,3,4
1320,3,5,4,4
1321,0,2,1,2
1322,8,11,7,13
1323,0,1,2,2
1324,3,8,14,7
1325,0,1,2,3
1326,1,2,2,1
1327,6,7,16,10
1328,4,-10,0,-2
1329,-2,-2,0,-1
1330,6,6,8,8
1331,5,6,7,6
1332,8,8,9,10
1333,0,3,5,1
1334,7,3,11,4
1335,3,0,4,7
1336,5,2,-4,2
1337,4,8,0,3
1338,5,6,8,1
1339,7,14,10,11
1340,5,6,5,6
1341,8,8,8,7
1342,13,11,6,7
1343,0,4,1,3
1344,4,5,5,6
1345,7,6,7,7
1346,4,2,4,3
1347,6,6,7,8
1348,10,6,8,11
1349,0,6,-1,11
1350,9,5,3,-4
1351,2,10,9,10
1352,6,7,7,7
1353,4,4,-1,3
1354,-6,7,4,15
1355,0,1,0,1
1356,-5,3,-1,4
1357,7,10,8,10
1358,7,23,12,14
1359,6,7,8,7
1360,2,3,3,3
1361,0,0,0,0
1362,0,-1,-1,0
1363,2,2,2,3
1364,7,6,5,7
1365,1,2,8,6
1366,0,-4,2,-3
1367,5,6,5,6
1368,-3,-1,-1,-4
1369,1,-1,11,8
1370,2,3,2,8
1371,1,5,2,4
1372,3,7,4,2
1373,-4,0,5,5
1374,6,15,9,10
1375,3,4,5,5
1376,4,3,5,8
1377,19,10,10,7
1378,0,1,1,1
1379,4,7,7,2
1380,2,2,2,3
1381,13,8,8,14
1382,1,2,3,5
1383,3,4,2,4
1384,6,7,6,8
1385,-9,1,14,3
1386,15,4,12,7
1387,4,7,6,1
1388,14,9,7,14
1389,3,4,4,5
1390,4,6,5,4
1391,11,4,16,17
1392,-7,9,-6,-7
1393,9,17,-2,9
1394,7,8,6,9
1395,3,2,4,3
1396,0,0,0,0
1397,3,0,8,10
1398,3,-3,5,4
1399,9,9,1,8
1400,-11,-11,-14,-7
1401,8,6,7,9
1402,9,6,2,5
1403,0,-1,-14,-3
1404,0,3,1,2
1405,10,18,16,17
1406,10,0,0,10
1407,4,7,5,7
1408,11,-4,4,14
1409,4,4,6,5
1410,1,1,-5,2
1411,-5,2,7,15
1412,8,15,9,7
1413,7,5,5,8
1414,12,4,8,12
1415,1,6,7,3
1416,5,8,6,9
1417,6,9,4,12
1418,4,12,2,10
1419,0,4,6,-1
1420,3,3,2,3
1421,2,13,12,13
1422,8,7,6,9
1423,7,8,8,7
1424,-11,-2,-12,4
1425,1,0,-1,-1
1426,1,3,2,3
1427,5,5,5,7
1428,6,9,11,9
1429,6,6,7,8
1430,2,8,6,5
1431,4,-1,10,9
1432,7,6,-1,0
1433,5,10,4,8
1434,3,5,8,6
1435,10,14,5,14
1436,6,7,7,7
1437,2,12,9,8
1438,10,17,1,10
1439,6,6,4,6
1440,8,4,5,9
1441,-3,-7,-3,-7
1442,-4,-2,4,4
1443,7,4,10,10
1444,3,3,3,5
1445,9,13,7,11
1446,12,22,1,8
1447,-9,2,10,7
1448,1,2,8,3
1449,0,0,4,1
1450,-2,0,-1,0
1451,7,8,6,8
1452,4,4,-2,2
1453,4,5,4,4
1454,0,2,0,4
1455,0,-1,0,1
1456,6,5,6,7
1457,2,8,5,5
1458,1,2,4,-6
1459,9,10,13,4
1460,0,8,0,10
1461,2,3,2,2
1462,6,5,3,6
1463,9,0,2,6
1464,0,0,0,0
1465,4,3,3,0
1466,6,7,5,7
1467,1,2,2,1
1468,2,1,10,-1
1469,8,9,16,9
1470,4,1,1,6
1471,15,17,11,16
1472,15,3,10,3
1473,7,3,0,3
1474,5,7,7,7
1475,10,4,5,10
1476,8,12,14,16
1477,8,7,15,13
1478,4,11,0,6
1479,-2,1,1,2
1480,10,4,7,4
1481,5,5,4,6
1482,2,8,2,-2
1483,0,1,0,2
1484,1,3,21,5
1485,4,5,6,6
1486,0,-1,0,1
1487,3,3,3,5
1488,2,3,7,4
1489,4,4,0,3
1490,9,9,7,6
1491,11,11,10,5
1492,13,0,-1,6
1493,3,-4,3,8
1494,5,6,6,6
1495,10,9,8,12
1496,8,2,-1,9
1497,0,0,0,0
1498,1,6,3,4
1499,3,3,4,4
1500,-1,14,-1,2
1501,0,1,1,1
1502,-1,-2,-7,-11
1503,8,9,8,2
1504,4,-2,-6,1
1505,-1,0,1,0
1506,7,9,-3,14
1507,5,9,11,9
1508,-6,-7,-1,-5
1509,6,13,6,8
1510,2,2,3,3
1511,-1,2,2,1
1512,7,10,8,9
1513,6,6,5,6
1514,-5,1,7,10
1515,3,15,-4,9
1516,6,4,5,18
1517,3,4,2,3
1518,1,6,6,5
1519,12,8,3,6
1520,0,-3,1,6
1521,7,7,5,9
1522,5,5,5,5
1523,8,5,10,8
1524,4,6,4,5
1525,3,5,6,8
1526,0,1,0,3
1527,6,5,5,7
1528,2,3,2,4
1529,1,5,10,-5
1530,5,15,7,4
1531,2,3,4,3
1532,10,5,5,1
1533,3,4,4,4
1534,-1,-1,-1,-1
1535,4,6,-2,6
1536,8,7,8,16
1537,9,9,11,14
1538,4,5,5,5
1539,4,12,10,3
1540,1,1,2,2
1541,5,7,7,4
1542,10,8,8,11
1543,14,6,10,12
1544,1,1,1,1
1545,0,1,0,0
1546,-1,-1,1,1
1547,7,5,9,3
1548,2,6,3,8
1549,10,1,7,-3
1550,1,3,5,4
1551,-1,9,-1,7
1552,15,6,9,10
1553,7,14,0,-8
1554,6,6,9,9
1555,6,6,4,8
1556,10,5,-2,2
1557,12,7,8,3
1558,12,10,11,8
1559,0,0,0,4
1560,0,2,5,2
1561,-3,4,11,-3
1562,6,2,6,5
1563,6,11,7,8
1564,10,2,12,0
1565,-5,3,10,2
1566,7,6,5,8
1567,8,7,7,9
1568,5,7,0,7
1569,4,8,7,7
1570,4,3,5,5
1571,7,5,3,9
1572,6,5,4,6
1573,4,6,5,6
1574,-65,-64,-65,-64
1575,12,9,6,7
1576,8,7,-2,8
1577,-1,5,-1,7
1578,14,4,9,4
1579,5,4,9,7
1580,18,0,10,3
1581,12,2,9,13
1582,0,0,0,7
1583,-4,-7,1,-2
1584,0,0,2,2
1585,10,5,5,10
1586,-3,2,1,18
1587,5,16,6,5
1588,16,8,5,6
1589,0,0,0,4
1590,5,6,5,8
1591,2,3,8,6
1592,3,7,8,8
1593,2,3,2,7
1594,2,2,4,2
1595,6,7,7,7
1596,8,7,5,8
1597,4,-12,0,15
1598,3,-2,-4,4
1599,4,11,3,9
1600,9,4,7,2
1601,12,11,4,12
1602,16,15,11,11
1603,7,8,7,8
1604,4,3,5,6
1605,4,4,5,4
1606,7,12,6,7
1607,2,2,3,3
1608,5,8,8,8
1609,-2,-5,4,6
1610,4,20,8,8
1611,4,4,6,1
1612,-66,-65,-65,-64
1613,5,10,7,15
1614,24,14,10,6
1615,21,-2,6,3
1616,0,0,0,1
1617,5,6,8,10
1618,-7,0,9,6
1619,3,13,7,13
1620,9,12,3,8
1621,6,8,9,7
1622,5,4,4,6
1623,-1,0,1,1
1624,6,7,1,11
1625,3,6,8,15
1626,4,3,5,3
1627,1,0,1,0
1628,0,0,0,0
1629,-3,2,3,3
1630,4,6,7,7
1631,7,-1,7,2
1632,3,4,5,2
1633,-1,0,1,9
1634,0,0,0,0
1635,5,1,0,17
1636,5,7,8,8
1637,1,2,3,4
1638,2,2,2,-1
1639,6,12,9,9
1640,5,5,12,-2
1641,11,5,6,2
1642,5,6,6,6
1643,8,-1,2,12
1644,4,-5,9,9
1645,2,7,2,1
1646,11,7,9,13
1647,-1,2,11,10
1648,20,11,4,13
1649,5,5,4,6
1650,6,5,6,6
1651,2,18,7,16
1652,5,5,8,10
1653,7,7,7,9
1654,6,5,11,12
1655,3,10,4,7
1656,4,16,18,14
1657,1,1,1,3
1658,6,7,7,7
1659,-1,-2,-1,-1
1660,12,5,4,9
1661,8,9,9,10
1662,9,5,6,13
1663,7,6,5,6
1664,4,10,6,-1
1665,4,6,14,11
1666,6,6,4,7
1667,3,4,4,5
1668,5,8,9,1
1669,3,2,3,5
1670,4,6,2,2
1671,8,12,8,10
1672,1,2,2,2
1673,8,7,6,8
1674,3,4,4,4
1675,4,2,2,7
1676,4,4,4,6
1677,13,13,17,11
1678,2,5,6,2
1679,5,10,6,10
1680,6,10,7,9
1681,5,2,6,0
1682,8,-11,-6,-7
1683,8,9,4,4
1684,11,6,8,8
1685,-10,-3,-2,-4
1686,1,3,3,0
1687,5,6,4,5
1688,7,7,10,11
1689,4,5,5,7
1690,-1,8,3,-1
1691,-5,5,4,15
1692,5,6,7,5
1693,18,10,8,11
1694,4,-1,5,5
1695,4,-3,1,-6
1696,10,17,11,3
1697,0,-1,-1,0
1698,10,8,8,6
1699,6,8,10,10
1700,9,11,8,11
1701,-13,-14,-2,2
1702,8,9,7,9
1703,7,5,5,7
1704,-1,11,4,12
1705,0,2,3,3
1706,-1,3,6,19
1707,-11,1,-10,11
1708,6,5,4,6
1709,4,4,5,5
1710,-1,-1,-1,6
1711,0,3,0,-6
1712,3,4,4,4
1713,3,12,4,6
1714,-3,11,0,9
1715,4,4,5,5
1716,2,3,1,3
1717,3,5,5,5
1718,6,7,10,9
1719,7,7,6,8
1720,2,-3,-1,5
1721,3,5,3,3
1722,17,10,6,6
1723,4,11,1,14
1724,7,5,10,11
1725,4,8,7,5
1726,6,12,6,10
1727,5,7,9,7
1728,6,5,4,5
1729,0,0,1,2
1730,-4,0,-3,-10
1731,2,5,4,3
1732,6,4,2,7
1733,2,4,-4,-4
1734,3,3,3,4
1735,10,16,5,11
1736,-5,9,6,15
1737,-1,0,-1,-1
1738,-1,-1,0,1
1739,-4,5,13,5
1740,4,-7,-4,-6
1741,-1,2,0,4
1742,8,6,6,8
1743,4,1,1,11
1744,6,2,2,6
1745,10,0,10,12
1746,18,14,5,13
1747,11,9,6,7
1748,-1,-1,0,0
1749,10,10,0,10
1750,3,1,8,5
1751,4,3,6,10
1752,-1,12,3,1
1753,4,1,5,6
1754,7,7,-1,-4
1755,1,5,2,6
1756,-1,4,3,6
1757,17,-1,10,7
1758,1,-1,6,5
1759,5,4,6,11
1760,14,0,9,6
1761,3,-2,1,0
1762,5,6,6,8
1763,2,0,9,3
1764,4,6,2,5
1765,13,7,6,7
1766,8,13,9,8
1767,10,10,18,12
1768,8,9,10,14
1769,1,2,1,2
1770,0,1,2,2
1771,-3,-2,-10,0
1772,6,0,0,7
1773,-1,1,1,-1
1774,8,7,6,3
1775,12,10,13,11
1776,1,0,1,1
1777,10,17,4,14
1778,-5,0,0,4
1779,-2,4,3,9
1780,7,9,9,10
1781,3,0,2,3
1782,8,4,4,9
1783,2,3,3,3
1784,9,13,12,8
1785,13,3,6,4
1786,5,4,5,5
1787,5,5,5,9
1788,0,1,1,1
1789,5,6,3,7
1790,-5,-3,1,0
1791,3,0,4,4
1792,2,0,-2,0
1793,2,3,4,4
1794,16,12,14,16
1795,10,10,6,13
1796,3,3,4,4
1797,2,3,2,2
1798,1,2,3,2
1799,-2,0,-2,0
1800,6,7,7,8
1801,5,6,7,9
1802,0,0,0,4
1803,4,2,3,4
1804,3,5,5,14
1805,-1,0,0,0
1806,-4,10,10,6
1807,-16,-14,3,-5
1808,11,11,12,11
1809,5,6,4,5
1810,0,0,0,1
1811,0,2,3,9
1812,3,13,15,5
1813,1,2,1,2
1814,2,0,0,1
1815,1,4,1,2
1816,5,5,10,6
1817,5,7,7,4
1818,3,15,10,4
1819,6,7,8,9
1820,0,11,3,7
1821,10,-1,-5,6
1822,3,2,2,2
1823,-2,-3,1,6
1824,7,9,6,5
1825,6,9,10,15
1826,1,10,6,-6
1827,1,3,2,3
1828,9,4,7,8
1829,6,-21,-1,-8
1830,7,5,9,7
1831,7,8,8,8
1832,15,11,1,8
1833,6,7,5,7
1834,3,4,4,5
1835,10,11,16,8
1836,2,2,3,5
1837,3,2,2,2
1838,7,8,8,10
1839,1,0,5,5
1840,2,2,2,3
1841,-2,-1,-1,-1
1842,9,15,7,18
1843,6,2,9,6
1844,8,5,16,9
1845,17,18,9,14
1846,-2,-2,-2,-1
1847,1,2,2,3
1848,4,7,5,6
1849,2,11,-4,-4
1850,12,0,0,6
1851,7,8,11,13
1852,6,7,7,8
1853,9,12,26,15
1854,9,8,8,11
1855,12,10,7,9
1856,-1,2,-9,4
1857,3,4,4,4
1858,3,-1,0,9
1859,5,20,-2,6
1860,5,6,7,11
1861,5,5,6,6
1862,11,12,13,13
1863,1,11,4,7
1864,0,-4,1,0
1865,2,-6,8,8
1866,3,0,2,3
1867,8,-3,-5,-4
1868,1,4,0,4
1869,3,10,2,2
1870,5,5,3,6
1871,6,7,6,8
1872,6,7,7,8
1873,4,5,10,9
1874,2,6,-1,4
1875,0,8,5,5
1876,2,1,3,5
1877,9,10,6,6
1878,11,6,3,6
1879,15,9,7,-9
1880,-4,7,1,9
1881,7,5,5,13
1882,2,-1,14,6
1883,4,4,5,5
1884,6,6,8,4
1885,0,0,10,4
1886,-2,0,4,3
1887,8,5,6,7
1888,6,6,6,9
1889,7,8,9,8
1890,5,6,4,10
1891,6,10,9,8
1892,3,5,-2,8
1893,8,15,10,5
1894,11,12,7,19
1895,5,10,7,5
1896,0,1,1,2
1897,2,7,2,1
1898,-1,3,-4,2
1899,14,11,15,14
1900,6,6,7,9
1901,1,0,0,1
1902,3,3,4,4
1903,0,0,3,2
1904,6,4,2,9
1905,17,7,19,5
1906,10,9,6,22
1907,5,7,5,16
1908,15,16,10,10
1909,0,0,1,1
1910,10,7,7,11
1911,10,6,8,11
1912,1,2,2,3
1913,12,11,13,8
1914,4,7,2,6
1915,2,2,2,3
1916,5,1,9,12
1917,0,0,0,0
1918,5,3,3,5
1919,5,7,7,4
1920,6,7,9,8
1921,6,9,4,7
1922,6,9,-2,6
1923,6,10,7,4
1924,15,5,10,13
1925,-1,-3,-3,-4
1926,8,10,8,11
1927,6,7,7,7
1928,13,13,12,12
1929,6,7,10,6
1930,5,8,-6,-15
1931,13,10,2,3
1932,8,4,5,8
1933,9,10,9,11
1934,9,1,14,4
1935,10,1,12,5
1936,0,1,0,1
1937,-9,2,-3,5
1938,8,7,13,9
1939,8,8,20,15
1940,6,9,13,11
1941,9,12,1,14
1942,-2,8,1,20
1943,6,1,7,5
1944,-10,5,-4,-6
1945,12,0,-1,-3
1946,4,10,7,6
1947,-13,14,11,14
1948,2,2,2,2
1949,1,2,11,11
1950,4,5,7,8
1951,6,5,4,8
1952,7,4,5,7
1953,2,2,4,5
1954,1,5,-1,0
1955,-1,1,1,0
1956,10,14,8,6
1957,7,-1,14,7
1958,2,2,2,3
1959,6,3,-3,6
1960,5,6,3,2
1961,6,6,4,6
1962,-1,-1,0,-1
1963,6,7,10,6
1964,6,6,5,-9
1965,13,5,16,11
1966,-5,-8,4,16
1967,-9,7,-2,4
1968,-2,1,-5,-2
1969,5,4,4,4
1970,-2,12,5,-4
1971,0,2,3,4
1972,2,3,3,2
1973,0,1,-3,2
1974,1,2,2,2
1975,1,2,9,4
1976,1,0,4,3
1977,-1,4,0,8
1978,3,-2,5,4
1979,3,6,6,6
1980,0,4,6,4
1981,3,4,6,6
1982,5,5,5,6
1983,2,12,12,12
1984,2,2,3,3
1985,1,2,-7,1
1986,0,0,0,9
1987,1,3,2,2
1988,-3,4,1,1
1989,0,0,0,0
1990,5,7,5,6
1991,5,9,3,6
1992,3,7,5,7
1993,4,6,5,23
1994,1,3,-2,5
1995,-15,5,-2,9
1996,5,4,11,9
1997,17,4,10,10
1998,-1,12,5,6
1999,3,5,4,0
2000,6,6,6,9
2001,-2,-1,-1,-1
2002,10,3,0,5
2003,0,6,5,4
2004,14,8,11,5
2005,6,2,3,3
2006,7,7,7,10
2007,4,20,8,8
2008,0,0,0,0
2009,6,4,3,6
2010,-9,-1,-5,-7
2011,1,10,6,6
2012,-1,-2,4,5
2013,-1,1,-1,0
2014,2,5,5,-1
2015,1,1,1,1
2016,1,2,2,4
2017,7,7,9,11
2018,4,-2,-1,4
2019,-8,3,7,3
2020,2,5,4,12
2021,6,8,6,7
2022,3,2,-1,2
2023,7,7,7,15
2024,4,5,6,6
2025,2,3,2,3
2026,11,11,12,13
2027,0,1,0,1
2028,5,6,7,10
2029,7,7,7,8
2030,4,6,6,7
2031,8,-7,2,7
2032,0,1,2,-1
2033,4,10,16,14
2034,2,3,3,4
2035,9,0,2,9
2036,0,2,1,1
2037,2,11,11,13
2038,-1,4,-1,6
2039,7,14,10,9
2040,-1,1,2,18
2041,1,1,0,2
2042,0,6,4,0
2043,1,1,2,2
2044,3,3,3,3
2045,6,13,14,6
2046,5,9,0,13
2047,8,6,7,8
2048,8,8,0,9
2049,2,-11,-6,-1
2050,-2,-1,4,2
2051,1,3,2,3
2052,0,0,0,1
2053,0,-1,3,8
2054,0,1,1,3
2055,6,8,9,7
2056,9,15,13,15
2057,-1,-1,-1,1
2058,5,9,9,8
2059,6,6,5,6
2060,-2,1,-1,13
2061,3,16,6,7
2062,-3,6,6,7
2063,5,7,6,11
2064,1,1,2,1
2065,5,8,5,8
2066,5,-9,-10,1
2067,9,6,4,4
2068,2,3,2,2
2069,3,8,0,5
2070,-5,10,3,11
2071,15,10,10,11
2072,8,7,6,11
2073,-1,-1,-1,0
2074,8,4,3,6
2075,3,3,3,8
2076,3,16,0,1
2077,12,7,5,15
2078,8,7,8,10
2079,5,1,7,2
2080,6,7,6,8
2081,-5,2,9,10
2082,6,1,5,9
2083,8,6,8,17
2084,11,9,10,12
2085,5,6,7,6
2086,5,5,5,6
2087,2,13,9,13
2088,-1,-1,0,0
2089,5,4,8,4
2090,8,4,13,6
2091,7,7,2,10
2092,5,6,6,7
2093,5,15,6,12
2094,5,5,4,6
2095,4,6,6,15
2096,2,4,2,4
2097,9,16,10,12
2098,0,10,10,0
2099,-7,-2,-3,8
2100,-1,0,1,0
2101,7,7,9,7
2102,2,2,3,2
2103,5,6,7,9
2104,3,6,3,6
2105,5,6,6,6
2106,4,9,-1,12
2107,8,5,5,5
2108,7,7,6,6
2109,7,13,-4,3
2110,7,10,6,15
2111,7,7,9,8
2112,-3,-15,-4,-2
2113,16,-4,6,6
2114,4,5,6,6
2115,9,22,-3,6
2116,-3,1,9,9
2117,8,6,6,8
2118,5,9,11,9
2119,5,5,16,2
2120,-4,10,22,7
2121,3,2,3,4
2122,6,7,8,8
2123,12,10,2,17
2124,0,0,0,8
2125,6,5,5,8
2126,-6,6,2,16
2127,4,4,4,10
2128,2,3,3,4
2129,6,6,6,7
2130,6,8,7,8
2131,10,11,6,13
2132,3,3,4,4
2133,-5,-1,-1,9
2134,2,9,10,7
2135,4,2,5,2
2136,-1,-3,-4,-2
2137,4,3,3,4
2138,5,6,9,8
2139,1,2,3,5
2140,3,3,4,5
2141,0,1,1,1
2142,6,6,8,6
2143,3,5,5,6
2144,-2,0,2,2
2145,3,6,4,2
2146,4,5,5,5
2147,2,4,-6,1
2148,2,10,6,6
2149,3,0,13,1
2150,-2,1,1,1
2151,7,12,-1,5
2152,-2,-2,-2,0
2153,4,5,10,16
2154,0,0,1,0
2155,1,-2,2,11
2156,1,1,1,1
2157,2,2,3,2
2158,-1,1,3,0
2159,8,7,7,8
2160,11,11,-4,6
2161,-5,1,-6,2
2162,-22,-8,-13,-18
2163,-4,-7,-1,-1
2164,0,1,1,2
2165,7,12,3,2
2166,-3,-2,-2,-1
2167,6,9,4,13
2168,-1,0,0,1
2169,4,5,7,6
2170,2,-1,13,8
2171,5,5,7,8
2172,2,4,15,8
2173,3,7,4,6
2174,1,6,3,13
2175,11,8,6,13
2176,-1,5,1,2
2177,8,-1,9,8
2178,1,7,4,3
2179,10,10,13,15
2180,4,10,10,17
2181,3,3,3,4
2182,5,7,1,11
2183,12,11,4,6
2184,5,8,8,0
2185,2,19,7,8
2186,6,8,6,9
2187,0,2,4,2
2188,-2,-1,-1,0
2189,4,-7,3,4
2190,-1,6,3,6
2191,6,3,11,8
2192,6,5,4,7
2193,-17,-28,-7,-14
2194,11,5,10,9
2195,3,1,-2,7
2196,1,1,2,2
2197,0,3,4,5
2198,0,-11,-8,11
2199,-1,-2,-1,-1
2200,4,3,6,8
2201,2,2,1,3
2202,9,0,4,2
2203,-3,13,15,8
2204,0,0,0,0
2205,9,6,8,-1
2206,7,7,9,8
2207,4,5,6,5
2208,-2,3,2,12
2209,0,1,-1,-1
2210,-8,15,5,-4
2211,8,4,11,13
2212,-20,-8,6,3
2213,-4,2,4,0
2214,3,4,4,4
2215,10,4,3,0
2216,0,9,3,3
2217,8,9,7,8
2218,0,0,0,0
2219,6,7,4,7
2220,4,18,4,0
2221,1,1,2,2
2222,4,-5,4,0
2223,1,6,6,13
2224,6,7,6,7
2225,2,4,3,2
2226,5,5,6,6
2227,5,4,10,9
2228,7,8,5,8
2229,6,6,6,6
2230,15,13,10,15
2231,6,10,12,4
2232,11,7,6,6
2233,6,6,6,6
2234,4,4,3,6
2235,5,5,4,6
2236,15,4,4,11
2237,7,6,6,8
2238,3,9,10,15
2239,7,3,7,9
2240,16,-5,3,18
2241,4,7,8,6
2242,6,8,12,7
2243,0,0,0,0
2244,4,5,5,5
2245,-10,5,2,-6
2246,5,6,6,6
2247,8,10,8,8
2248,5,6,7,9
2249,-5,-4,-4,-5
2250,10,-3,-6,-5
2251,10,-1,10,12
2252,1,0,1,1
2253,4,2,7,11
2254,10,8,20,7
2255,5,6,2,6
2256,7,7,5,7
2257,-3,-1,-2,-1
2258,3,3,4,7
2259,2,1,3,2
2260,5,6,5,6
2261,22,8,19,15
2262,1,0,3,10
2263,-2,4,-1,0
2264,6,2,12,8
2265,-1,1,0,1
2266,-5,-2,-1,-9
2267,7,9,7,6
2268,-1,-1,-1,1
2269,11,7,8,8
2270,0,-1,-1,0
2271,1,2,3,3
2272,1,2,1,3
2273,3,13,6,7
2274,-3,-3,-3,-1
2275,-2,-2,-2,0
2276,8,-2,6,5
2277,-1,-2,3,-3
2278,6,3,7,4
2279,12,4,10,8
2280,6,5,7,9
2281,8,4,5,10
2282,6,8,9,9
2283,1,2,1,2
2284,10,3,7,6
2285,-2,2,0,1
2286,5,-1,1,8
2287,8,9,8,9
2288,6,8,8,9
2289,2,-1,1,6
2290,-4,1,4,2
2291,8,4,6,24
2292,3,4,4,4
2293,0,1,1,0
2294,9,8,7,-1
2295,12,9,13,10
2296,7,7,6,7
2297,6,-3,14,-12
2298,5,5,4,9
2299,-3,-2,-2,-1
2300,9,3,5,8
2301,2,1,3,3
2302,3,3,2,3
2303,4,4,4,4
2304,8,10,16,13
2305,6,9,7,9
2306,8,7,16,2
2307,7,7,7,8
2308,10,8,7,8
2309,9,6,6,7
2310,11,10,6,6
2311,5,7,10,7
2312,1,-13,0,-15
2313,1,0,1,0
2314,1,3,2,6
2315,7,6,7,8
2316,4,10,6,10
2317,-3,7,7,5
2318,11,6,9,13
2319,8,0,1,13
2320,0,1,-6,7
2321,10,9,7,6
2322,5,8,5,7
2323,-2,4,6,7
2324,0,1,1,2
2325,10,6,2,2
2326,6,5,3,6
2327,5,3,6,7
2328,11,7,11,6
2329,8,9,6,8
2330,2,2,3,3
2331,-2,-3,4,3
2332,3,3,4,5
2333,5,5,6,6
2334,10,3,9,10
2335,-1,11,0,10
2336,8,8,9,5
2337,2,3,3,3
2338,0,0,0,2
2339,-7,-3,0,-3
2340,3,4,4,4
2341,2,9,8,14
2342,-1,15,1,3
2343,0,0,0,0
2344,3,3,3,3
2345,-8,8,4,-1
2346,2,-1,4,3
2347,3,3,4,4
2348,0,1,5,6
2349,4,3,4,4
2350,0,3,1,11
2351,4,6,10,5
2352,1,10,1,7
2353,3,6,4,9
2354,5,6,6,6
2355,10,5,7,7
2356,6,8,5,5
2357,8,12,10,11
2358,8,2,1,2
2359,5,8,8,8
2360,4,5,0,1
2361,0,0,-1,0
2362,2,5,6,2
2363,4,5,5,6
2364,3,9,-8,9
2365,7,6,0,-5
2366,-1,1,10,12
2367,4,5,5,5
2368,3,3,3,4
2369,3,5,6,6
2370,6,11,8,5
2371,7,8,8,9
2372,5,6,6,6
2373,10,10,9,8
2374,1,4,5,2
2375,7,4,9,2
2376,10,4,1,5
2377,4,8,-1,8
2378,3,3,3,4
2379,2,1,2,2
2380,3,0,0,1
2381,1,1,2,3
2382,4,4,4,4
2383,0,0,1,1
2384,6,4,13,10
2385,6,8,7,8
2386,0,0,3,4
2387,8,8,7,9
2388,4,5,6,6
2389,0,-1,1,2
2390,4,3,5,5
2391,4,9,7,8
2392,8,8,6,11
2393,5,10,14,6
2394,5,8,9,6
2395,9,-1,0,2
2396,2,7,3,4
2397,6,6,5,7
2398,12,6,8,9
2399,6,7,8,7
2400,2,1,1,2
2401,8,3,5,9
2402,9,6,7,8
2403,0,1,1,-2
2404,4,5,0,5
2405,14,10,6,10
2406,-12,-1,-7,0
2407,4,10,10,12
2408,4,5,9,6
2409,-1,2,-1,1
2410,7,8,10,11
2411,5,8,8,6
2412,-2,8,-2,-3
2413,-3,0,4,3
2414,2,6,-8,5
2415,10,5,-2,0
2416,6,6,6,6
2417,9,2,-7,2
2418,5,6,4,7
2419,-15,10,5,-8
2420,-6,10,2,1
2421,5,4,4,6
2422,3,1,5,-3
2423,6,7,9,8
2424,6,9,6,9
2425,0,0,0,0
2426,6,7,8,10
2427,10,9,6,8
2428,2,8,0,-1
2429,6,10,7,4
2430,10,6,5,10
2431,0,0,0,0
2432,5,11,11,4
2433,4,4,3,4
2434,4,5,5,5
2435,4,4,3,4
2436,12,10,10,14
2437,7,2,4,5
2438,5,6,7,7
2439,13,4,4,3
2440,8,9,9,12
2441,3,5,5,4
2442,1,2,2,2
2443,10,2,4,3
2444,10,5,4,4
2445,8,7,-1,5
2446,1,2,4,3
2447,-1,8,11,15
2448,-3,-2,-4,-2
2449,1,3,-1,0
2450,3,4,2,3
2451,8,5,4,8
2452,9,9,9,10
2453,7,5,3,4
2454,0,2,2,5
2455,4,12,8,13
2456,6,8,8,7
2457,8,1,15,8
2458,4,7,6,6
2459,2,3,7,4
2460,9,5,10,6
2461,1,0,0,0
2462,5,7,6,6
2463,8,8,8,11
2464,3,4,5,4
2465,7,7,5,7
2466,10,1,-3,4
2467,7,5,9,19
2468,-27,-3,-13,8
2469,-10,-4,3,-15
2470,2,2,7,0
2471,2,-2,3,4
2472,7,7,0,5
2473,2,1,8,6
2474,-1,-5,-5,2
2475,1,3,2,3
2476,6,9,8,8
2477,2,17,12,0
2478,4,7,6,7
2479,5,3,9,5
2480,4,5,11,12
2481,0,0,0,0
2482,-1,-1,-1,0
2483,0,-1,0,0
2484,-3,1,-7,-1
2485,-3,5,2,-11
2486,1,1,1,7
2487,0,1,1,1
2488,10,5,15,8
2489,-1,-2,0,0
2490,2,3,2,5
2491,5,15,15,19
2492,4,5,12,12
2493,0,1,0,2
2494,10,16,9,7
2495,10,10,6,10
2496,5,8,6,10
2497,-3,4,7,3
2498,5,9,9,14
2499,9,6,6,8
2500,5,10,5,20
2501,4,7,7,16
2502,10,8,6,7
2503,15,7,4,6
2504,0,1,1,1
2505,5,6,2,7
2506,4,5,5,5
2507,8,8,7,7
2508,-1,0,4,1
2509,6,7,6,7
2510,4,3,-6,0
2511,5,5,6,8
2512,0,3,5,5
2513,7,11,11,11
2514,7,7,10,6
2515,4,5,7,5
2516,-2,0,-4,6
2517,2,0,2,-1
2518,6,7,7,7
2519,1,1,1,5
2520,6,16,3,5
2521,6,6,6,8
2522,10,17,13,9
2523,-1,0,-1,1
2524,0,0,10,0
2525,0,-4,5,17
2526,10,7,5,7
2527,-25,-8,10,-4
2528,14,8,15,13
2529,13,6,1,18
2530,-3,-2,-3,-1
2531,2,3,3,4
2532,9,5,6,7
2533,12,10,14,6
2534,6,4,9,5
2535,1,8,5,9
2536,3,8,12,9
2537,2,1,11,-2
2538,1,2,2,2
2539,6,-1,-2,2
2540,9,9,7,10
2541,4,8,7,0
2542,2,8,-1,6
2543,6,13,8,10
2544,5,4,7,11
2545,1,12,5,9
2546,7,6,5,8
2547,2,3,3,5
2548,5,6,6,6
2549,4,6,7,6
2550,-5,-2,0,-2
2551,2,2,3,4
2552,2,2,2,3
2553,9,-9,7,11
2554,-4,1,-2,2
2555,3,3,3,5
2556,7,5,8,7
2557,7,12,10,30
2558,9,12,6,8
2559,6,4,7,7
2560,6,8,8,7
2561,1,2,5,5
2562,7,3,1,14
2563,5,4,5,5
2564,5,5,6,0
2565,6,8,10,7
2566,4,5,7,6
2567,0,2,9,2
2568,22,13,12,16
2569,5,5,6,4
2570,9,10,8,10
2571,7,3,4,7
2572,16,10,5,10
2573,7,8,7,8
2574,13,6,8,16
2575,-2,5,2,6
2576,5,0,7,9
2577,-4,4,1,7
2578,0,-1,1,0
2579,-4,3,-10,1
2580,-1,0,0,1
2581,10,17,12,5
2582,6,5,8,12
2583,2,9,3,4
2584,0,0,0,1
2585,3,5,2,4
2586,2,11,0,7
2587,12,14,14,13
2588,3,2,3,4
2589,14,-6,3,10
2590,3,7,8,8
2591,5,7,8,8
2592,7,18,7,12
2593,6,9,8,10
2594,13,8,10,9
2595,3,3,2,5
2596,14,7,0,4
2597,12,7,9,7
2598,0,1,8,1
2599,1,0,0,0
2600,6,7,7,10
2601,14,12,5,9
2602,-16,-3,3,0
2603,5,5,5,7
2604,-2,-3,-3,-2
2605,3,6,5,5
2606,5,3,11,9
2607,-14,-14,-7,-7
2608,6,0,0,11
2609,9,8,5,7
2610,9,8,9,12
2611,6,10,10,9
2612,8,7,5,8
2613,11,9,10,6
2614,3,13,-3,10
2615,3,-1,1,7
2616,10,9,8,13
2617,5,5,3,2
2618,7,7,0,7
2619,11,4,7,11
2620,4,5,8,10
2621,1,2,3,2
2622,1,2,-3,10
2623,-5,5,2,11
2624,11,7,-11,7
2625,5,6,4,11
2626,10,11,8,14
2627,3,3,4,3
2628,2,3,2,3
2629,12,7,-7,-4
2630,8,8,6,9
2631,11,10,8,14
2632,11,19,6,7
2633,8,9,7,8
2634,8,9,1,2
2635,3,-1,10,7
2636,4,8,10,17
2637,10,13,5,11
2638,0,0,0,1
2639,6,10,6,9
2640,3,5,6,4
2641,-1,-4,-5,16
2642,1,4,4,3
2643,10,13,5,9
2644,5,7,6,6
2645,11,5,4,12
2646,5,0,0,0
2647,-3,-2,-2,-1
2648,4,6,8,16
2649,5,6,6,6
2650,0,0,10,10
2651,5,7,6,6
2652,7,9,10,7
2653,2,-3,5,11
2654,8,9,10,11
2655,9,9,6,6
2656,10,10,9,12
2657,5,3,2,4
2658,4,6,7,9
2659,3,15,-8,8
2660,-7,-2,-2,-2
2661,3,8,11,2
2662,5,3,10,4
2663,5,6,6,7
2664,5,1,4,13
2665,0,0,0,-1
2666,4,3,6,12
2667,13,17,9,9
2668,5,1,2,0
2669,5,3,9,3
2670,12,13,12,14
2671,10,10,3,7
2672,9,8,10,10
2673,6,6,4,6
2674,0,4,2,2
2675,5,6,4,7
2676,1,1,0,1
2677,13,19,14,15
2678,9,12,11,21
2679,1,10,7,8
2680,8,12,11,9
2681,7,8,9,8
2682,-11,-8,10,-13
2683,5,8,3,15
2684,11,10,12,10
2685,3,3,2,3
2686,5,6,12,12
2687,9,-2,2,6
2688,-1,3,-2,0
2689,-64,-64,-64,-62
2690,5,2,22,8
2691,3,5,3,5
2692,7,-7,7,4
2693,14,-2,2,8
2694,5,12,11,10
2695,6,7,2,9
2696,6,8,11,14
2697,2,3,3,4
2698,3,8,9,7
2699,19,11,6,1
2700,5,8,6,6
2701,2,2,3,3
2702,6,6,8,8
2703,6,6,5,6
2704,5,3,-1,6
2705,7,0,5,4
2706,0,1,1,10
2707,2,4,5,1
2708,1,0,2,-3
2709,8,8,9,6
2710,10,7,6,9
2711,10,11,7,8
2712,5,7,7,7
2713,8,3,4,11
2714,5,-1,10,12
2715,11,7,-15,-26
2716,7,6,4,7
2717,0,0,0,0
2718,9,8,6,10
2719,4,4,3,4
2720,6,6,5,7
2721,7,11,11,12
2722,4,0,16,12
2723,10,-6,8,9
2724,3,5,4,8
2725,7,7,6,8
2726,11,4,15,0
2727,-6,12,5,-4
2728,4,7,6,7
2729,14,2,0,2
2730,9,8,2,11
2731,-1,1,6,7
2732,2,2,2,6
2733,2,2,4,3
2734,0,0,0,0
2735,2,3,3,2
2736,10,6,6,0
2737,1,4,4,9
2738,12,11,9,5
2739,26,9,16,9
2740,19,4,2,15
2741,0,0,0,0
2742,8,11,11,10
2743,4,5,7,6
2744,-1,1,8,3
2745,8,6,7,5
2746,2,4,3,4
2747,9,13,8,20
2748,0,8,10,7
2749,3,3,2,5
2750,7,10,7,8
2751,5,6,6,6
2752,9,7,4,8
2753,8,7,5,11
2754,7,7,7,7
2755,7,6,3,6
2756,7,8,7,8
2757,7,11,7,17
2758,8,7,7,8
2759,6,7,3,5
2760,1,3,8,-1
2761,2,5,5,4
2762,2,3,3,-5
2763,4,6,10,8
2764,8,7,7,8
2765,7,6,5,8
2766,7,7,10,6
2767,0,0,11,0
2768,0,0,0,0
2769,0,2,4,9
2770,2,0,4,-1
2771,4,5,6,6
2772,6,7,10,11
2773,4,10,10,11
2774,1,2,2,2
2775,6,8,-1,11
2776,8,7,8,8
2777,4,5,12,14
2778,4,8,8,10
2779,2,2,2,1
2780,9,8,7,10
2781,1,-5,-1,1
2782,-4,1,3,6
2783,6,5,4,6
2784,2,3,9,7
2785,8,7,14,17
2786,1,4,7,8
2787,6,5,5,6
2788,3,9,10,8
2789,1,2,7,8
2790,0,0,0,0
2791,8,-2,6,2
2792,9,5,6,9
2793,2,1,3,3
2794,6,7,8,12
2795,7,-2,3,3
2796,7,7,8,7
2797,0,9,0,-1
2798,4,6,4,12
2799,2,4,4,3
2800,4,5,7,15
2801,-4,-1,-2,-1
2802,3,4,4,4
2803,5,-3,2,-3
2804,0,-1,2,0
2805,2,1,-1,5
2806,0,0,-1,0
2807,10,3,2,2
2808,-3,0,1,0
2809,0,0,1,1
2810,5,5,6,7
2811,0,0,0,0
2812,3,2,4,-2
2813,12,8,10,12
2814,5,6,6,7
2815,2,2,4,3
2816,6,8,9,8
2817,5,-2,5,6
2818,8,10,7,16
2819,0,11,9,1
2820,16,17,-1,2
2821,7,10,9,7
2822,7,9,13,13
2823,-4,-3,-2,-2
2824,7,6,3,8
2825,1,0,0,1
2826,7,6,4,7
2827,1,2,1,1
2828,1,1,1,1
2829,10,10,12,15
2830,1,4,-6,2
2831,10,8,10,9
2832,10,9,12,7
2833,-1,0,1,5
2834,4,4,4,5
2835,10,5,10,2
2836,9,7,6,7
2837,10,9,-3,-2
2838,0,6,6,12
2839,-8,6,7,3
2840,4,4,0,10
2841,7,11,10,10
2842,8,8,11,9
2843,5,0,-3,1
2844,6,5,3,3
2845,-11,-8,-13,-4
2846,4,5,6,2
2847,5,9,8,10
2848,6,7,8,7
2849,8,7,7,9
2850,0,1,1,1
2851,6,15,0,-2
2852,1,2,1,2
2853,5,10,4,5
2854,9,2,7,14
2855,7,10,8,7
2856,7,7,5,7
2857,6,11,6,-1
2858,10,22,3,6
2859,4,3,6,5
2860,3,3,-2,3
2861,1,2,0,1
2862,6,6,6,6
2863,6,6,0,7
2864,2,3,2,3
2865,-2,3,5,6
2866,7,5,7,13
2867,11,6,2,11
2868,13,9,8,7
2869,3,9,6,11
2870,8,11,13,11
2871,9,7,11,11
2872,1,1,1,2
2873,5,4,3,7
2874,11,0,10,11
2875,4,15,18,11
2876,12,21,10,12
2877,5,-1,-1,6
2878,10,4,10,7
2879,8,2,6,10
2880,10,11,8,8
2881,3,4,3,4
2882,-6,-4,-7,14
2883,6,5,1,5
2884,0,0,0,0
2885,-6,5,8,8
2886,7,6,10,6
2887,-2,-1,0,0
2888,1,1,2,2
2889,15,6,7,14
2890,-4,-4,9,0
2891,7,5,9,9
2892,6,5,6,7
2893,0,0,0,0
2894,4,9,10,9
2895,5,5,5,4
2896,9,2,11,13
2897,5,11,8,8
2898,4,4,4,6
2899,-1,-3,0,0
2900,3,1,5,10
2901,-1,-1,-1,0
2902,2,13,-4,4
2903,-3,-2,3,3
2904,-1,0,0,0
2905,9,8,9,3
2906,6,15,-1,9
2907,5,5,5,5
2908,7,0,0,-3
2909,0,0,0,0
2910,10,6,10,13
2911,13,7,2,9
2912,9,1,-8,-3
2913,0,-1,0,1
2914,5,7,6,10
2915,4,6,7,8
2916,8,15,10,20
2917,5,7,4,11
2918,-2,14,0,20
2919,5,5,5,5
2920,6,6,7,7
2921,-5,-3,-4,-4
2922,5,6,6,7
2923,3,3,3,3
2924,2,5,5,6
2925,0,-1,1,2
2926,-1,1,1,1
2927,3,3,3,2
2928,-2,-2,-2,-1
2929,4,5,3,5
2930,10,9,6,13
2931,7,5,13,6
2932,3,4,4,5
2933,10,5,2,5
2934,0,-1,0,1
2935,3,6,4,6
2936,5,6,5,8
2937,1,1,1,1
2938,0,1,1,1
2939,8,5,9,7
2940,0,0,0,0
2941,6,7,7,0
2942,-1,-2,0,1
2943,8,9,10,9
2944,17,13,16,12
2945,5,5,8,8
2946,4,7,2,5
2947,9,24,5,8
2948,4,8,7,6
2949,2,2,3,4
2950,0,0,-11,0
2951,8,6,10,6
2952,6,8,2,8
2953,7,9,4,20
2954,5,-6,-1,6
2955,-7,-3,4,0
2956,0,1,2,2
2957,4,1,-1,2
2958,6,8,6,7
2959,6,7,7,7
2960,5,4,4,5
2961,-10,-13,-1,2
2962,7,4,-2,-3
2963,5,21,9,15
2964,7,7,10,1
2965,-1,0,1,1
2966,-1,-7,-3,-3
2967,0,0,0,1
2968,-5,-1,-4,-5
2969,4,14,9,13
2970,0,7,-4,8
2971,6,7,-3,-1
2972,12,-7,5,1
2973,-1,-1,0,1
2974,0,8,13,0
2975,-1,0,1,1
2976,5,0,11,12
2977,-3,5,1,2
2978,11,3,8,10
2979,6,8,6,9
2980,9,6,5,10
2981,0,0,0,0
2982,6,4,4,9
2983,7,5,5,4
2984,0,1,1,1
2985,1,0,2,2
2986,5,10,10,6
2987,12,5,9,8
2988,8,5,7,7
2989,9,7,10,30
2990,6,5,8,6
2991,1,3,2,4
2992,-1,1,1,1
2993,1,1,2,4
2994,7,7,6,8
2995,6,5,5,9
2996,9,8,5,7
2997,4,5,5,6
2998,6,4,7,9
2999,-4,11,4,5
3000,1,5,12,6
3001,8,15,8,11
3002,5,8,5,5
3003,7,7,8,10
3004,7,4,0,3
3005,9,6,11,14
3006,7,4,5,7
3007,6,7,2,9
3008,0,9,-3,3
3009,7,-2,-2,3
3010,-8,5,9,-5
3011,6,6,7,7
3012,3,3,4,5
3013,-4,0,3,9
3014,0,6,-1,10
3015,13,10,7,5
3016,5,6,7,5
3017,2,2,1,2
3018,5,3,6,9
3019,0,7,0,0
3020,0,7,0,8
3021,4,4,4,4
3022,6,1,10,10
3023,5,11,-5,1
3024,5,6,5,6
3025,6,7,5,7
3026,1,0,0,1
3027,8,9,6,8
3028,-10,-1,0,-2
3029,5,9,10,10
3030,3,5,3,6
3031,0,1,5,5
3032,10,9,9,9
3033,-1,-3,2,6
3034,1,-1,5,-7
3035,2,-3,-3,0
3036,6,10,5,8
3037,5,6,7,7
3038,0,5,9,12
3039,9,8,10,5
3040,8,11,9,6
3041,5,5,6,5
3042,6,8,11,8
3043,3,0,2,7
3044,2,8,1,7
3045,4,5,5,5
3046,0,2,3,-1
3047,3,4,4,5
3048,0,0,3,6
3049,20,15,3,10
3050,-3,2,1,7
3051,6,16,10,18
3052,11,5,10,16
3053,8,9,4,-1
3054,4,3,9,9
3055,7,10,8,11
3056,2,5,1,8
3057,1,2,3,2
3058,6,9,9,11
3059,3,4,4,4
3060,1,1,2,1
3061,-6,1,-10,10
3062,5,8,4,6
3063,12,6,-1,4
3064,-3,6,4,1
3065,11,11,10,7
3066,4,6,3,8
3067,7,2,-4,-2
3068,1,11,9,7
3069,7,8,7,8
3070,7,7,6,9
3071,5,7,8,5
3072,12,12,13,19
3073,8,5,5,7
3074,13,9,4,1
3075,10,14,5,5
3076,4,4,5,5
3077,1,-1,1,3
3078,2,8,11,8
3079,2,1,3,3
3080,6,6,8,7
3081,1,1,1,1
3082,8,7,10,7
3083,8,1,-3,18
3084,1,0,-1,0
3085,3,4,5,5
3086,9,8,5,9
3087,8,11,1,10
3088,10,10,9,9
3089,1,1,2,1
3090,-14,-10,-18,-13
3091,4,4,4,4
3092,2,5,7,9
3093,12,4,4,7
3094,7,4,13,10
3095,6,4,4,6
3096,5,7,7,9
3097,3,3,3,3
3098,12,13,10,16
3099,2,2,2,2
3100,7,9,8,4
3101,6,9,8,9
3102,6,9,6,11
3103,6,6,6,7
3104,4,5,-3,3
3105,3,0,9,9
3106,3,8,4,3
3107,3,4,5,4
3108,7,10,7,15
3109,5,4,2,7
3110,6,6,6,8
3111,4,6,4,6
3112,-1,4,1,12
3113,7,11,4,15
3114,2,0,0,0
3115,2,8,7,10
3116,6,4,3,7
3117,-1,2,1,5
3118,-9,4,-6,12
3119,8,7,8,10
3120,3,0,-1,0
3121,1,0,3,-1
3122,5,4,11,4
3123,-1,-1,-1,-1
3124,8,1,1,8
3125,3,4,4,4
3126,8,7,9,7
3127,0,0,0,0
3128,7,7,8,6
3129,7,10,11,9
3130,7,14,16,17
3131,8,10,4,8
3132,4,8,3,11
3133,1,-3,6,4
3134,9,8,7,11
3135,2,3,0,5
3136,0,1,1,3
3137,-3,-1,-6,10
3138,1,8,5,13
3139,7,7,1,13
3140,8,6,0,2
3141,0,1,1,2
3142,6,4,8,3
3143,1,10,9,1
3144,0,1,1,1
3145,8,7,8,8
3146,9,8,5,8
3147,6,5,6,11
3148,11,10,6,9
3149,7,4,6,8
3150,7,7,6,8
3151,5,23,6,21
3152,-8,-3,-4,-2
3153,1,-1,0,1
3154,7,4,-4,5
3155,3,0,1,2
3156,4,4,4,4
3157,9,12,9,16
3158,9,6,7,12
3159,8,7,2,7
3160,9,2,-1,7
3161,5,6,8,7
3162,1,1,1,1
3163,5,6,7,7
3164,8,8,10,15
3165,5,2,2,5
3166,8,9,7,4
3167,7,6,5,8
3168,1,3,3,3
3169,1,6,12,9
3170,7,10,10,4
3171,1,3,3,3
3172,6,8,8,-1
3173,7,8,7,8
3174,-1,1,1,0
3175,3,4,4,5
3176,12,12,12,15
3177,-6,9,-1,22
3178,8,7,6,8
3179,-1,4,5,2
3180,4,4,9,7
3181,6,6,5,8
3182,4,5,15,16
3183,8,4,3,12
3184,8,8,4,4
3185,10,1,11,0
3186,5,6,6,7
3187,6,9,9,10
3188,6,6,5,6
3189,6,9,9,4
3190,4,5,6,5
3191,10,10,11,10
3192,7,5,0,7
3193,6,5,5,5
3194,2,10,4,6
3195,-1,-1,-2,-1
3196,3,-2,12,17
3197,5,14,14,4
3198,-3,-1,3,-1
3199,7,5,10,9
3200,6,-2,9,12
3201,7,7,10,12
3202,5,4,3,7
3203,9,6,3,8
3204,6,6,6,-1
3205,4,-5,6,-2
3206,7,4,6,7
3207,10,6,8,8
3208,9,9,12,8
3209,2,3,2,2
3210,4,2,15,3
3211,-4,-1,8,5
3212,2,3,3,4
3213,-3,-12,10,-4
3214,6,0,1,-3
3215,1,1,4,3
3216,14,-4,-3,12
3217,5,10,10,8
3218,13,9,7,8
3219,0,6,0,0
3220,9,7,7,8
3221,11,8,8,5
3222,2,3,3,4
3223,-1,0,2,6
3224,1,10,2,6
3225,13,4,1,-2
3226,10,11,7,10
3227,8,5,3,7
3228,11,13,9,14
3229,1,2,6,8
3230,5,8,8,12
3231,3,9,14,7
3232,1,1,4,0
3233,8,7,4,5
3234,10,13,3,4
3235,11,13,7,17
3236,-6,3,4,-2
3237,10,3,6,5
3238,2,-9,3,4
3239,8,3,8,8
3240,6,4,6,6
3241,1,2,2,2
3242,7,6,4,7
3243,0,2,-1,0
3244,4,5,3,4
3245,0,8,-4,-3
3246,6,6,4,7
3247,0,2,-1,-3
3248,0,3,4,-1
3249,6,10,11,11
3250,4,4,5,5
3251,-4,-2,-1,6
3252,8,7,5,8
3253,5,8,8,10
3254,1,15,7,6
3255,11,8,9,7
3256,13,-2,10,-4
3257,-8,-1,10,21
3258,1,7,3,6
3259,2,10,-1,10
3260,10,4,8,2
3261,9,4,4,20
3262,6,9,9,8
3263,-3,-2,-7,2
3264,5,5,3,10
3265,3,5,4,6
3266,0,8,0,6
3267,1,1,1,1
3268,0,4,2,3
3269,2,-9,1,22
3270,-3,-54,-61,-56
3271,8,14,3,9
3272,2,9,9,6
3273,4,5,4,9
3274,5,7,6,8
3275,0,0,-1,0
3276,5,10,11,10
3277,9,10,11,10
3278,12,9,5,12
3279,10,-11,10,-2
3280,0,2,1,2
3281,-4,7,7,-13
3282,9,5,8,10
3283,9,12,10,9
3284,3,0,3,3
3285,8,11,7,11
3286,6,7,7,8
3287,3,4,4,4
3288,4,0,8,6
3289,6,13,6,9
3290,10,11,11,11
3291,-5,-4,5,5
3292,1,2,4,11
3293,9,9,9,6
3294,7,10,14,10
3295,-10,-6,-1,9
3296,4,3,7,11
3297,11,9,11,11
3298,6,10,14,6
3299,14,8,11,28
3300,0,3,11,-1
3301,7,8,8,9
3302,1,7,13,5
3303,2,6,-2,-10
3304,2,3,6,2
3305,-14,9,-10,-4
3306,4,-3,13,10
3307,8,9,10,10
3308,0,0,1,3
3309,19,-6,9,3
3310,-1,0,-1,0
3311,-1,4,2,12
3312,8,10,10,19
3313,2,10,4,12
3314,-1,5,5,-3
3315,3,3,3,4
3316,3,8,15,11
3317,5,2,3,5
3318,6,6,4,4
3319,6,12,8,7
3320,8,10,14,14
3321,6,5,9,7
3322,4,4,1,5
3323,4,4,4,4
3324,1,-7,2,-3
3325,5,6,4,6
3326,6,7,3,8
3327,3,3,2,-2
3328,10,12,14,15
3329,6,5,6,15
3330,0,5,6,4
3331,13,10,8,14
3332,5,5,6,7
3333,7,7,15,11
3334,1,2,2,2
3335,2,3,3,4
3336,9,3,8,2
3337,6,7,8,6
3338,7,21,0,16
3339,3,3,3,4
3340,7,11,-1,3
3341,5,4,8,12
3342,-3,5,0,2
3343,3,4,3,4
3344,6,8,-3,4
3345,4,7,4,4
3346,11,5,14,8
3347,1,1,1,1
3348,16,14,6,19
3349,3,3,3,3
3350,0,4,5,5
3351,-9,-10,-2,8
3352,6,7,7,8
3353,7,1,4,9
3354,5,3,12,8
3355,3,5,10,8
3356,6,8,6,10
3357,6,13,10,13
3358,-1,6,7,8
3359,-4,14,-9,-2
3360,1,9,3,3
3361,-5,-12,3,31
3362,5,-3,5,15
3363,6,6,5,7
3364,8,9,8,12
3365,5,-1,-2,6
3366,-9,3,-7,0
3367,8,8,5,7
3368,7,10,7,8
3369,9,4,12,6
3370,3,12,3,5
3371,1,1,3,5
3372,11,10,10,8
3373,7,7,9,10
3374,1,0,0,0
3375,0,1,5,11
3376,11,11,10,8
3377,8,6,10,10
3378,-7,0,7,6
3379,6,7,6,7
3380,3,11,3,16
3381,5,-10,-12,-6
3382,3,6,3,7
3383,8,4,2,3
3384,3,1,6,8
3385,4,7,7,6
3386,-1,3,-2,0
3387,-4,-1,-3,-3
3388,4,6,2,4
3389,3,-3,-1,4
3390,-2,-6,-4,7
3391,4,7,7,7
3392,5,6,4,6
3393,7,3,5,6
3394,4,7,6,8
3395,8,0,5,8
3396,6,9,5,8
3397,8,8,10,10
3398,9,8,3,14
3399,5,3,3,-2
3400,5,9,8,11
3401,2,5,3,12
3402,-1,3,0,3
3403,1,-1,-2,1
3404,6,5,4,7
3405,4,7,9,8
3406,-7,0,1,-4
3407,4,-2,2,3
3408,10,11,15,0
3409,9,6,5,9
3410,2,9,8,14
3411,-1,-2,1,1
3412,-8,8,6,-3
3413,10,10,7,5
3414,8,5,7,6
3415,5,3,3,7
3416,0,0,0,0
3417,8,8,11,7
3418,7,6,4,8
3419,12,3,10,5
3420,-2,-2,-1,-1
3421,-3,1,-4,9
3422,-12,-8,-12,-5
3423,9,12,4,9
3424,6,4,6,5
3425,6,6,4,13
3426,10,10,11,7
3427,-1,0,0,1
3428,0,9,13,10
3429,4,7,4,8
3430,6,8,1,11
3431,0,4,5,10
3432,2,4,9,9
3433,9,-2,5,0
3434,0,1,1,1
3435,16,13,12,20
3436,-5,4,-3,1
3437,3,3,4,4
3438,-1,-1,-2,0
3439,10,12,13,4
3440,6,8,10,3
3441,5,6,3,6
3442,6,4,2,0
3443,-2,-7,3,2
3444,-3,-1,-1,-3
3445,3,0,7,6
3446,3,-4,-2,-1
3447,4,8,15,9
3448,0,2,2,2
3449,6,8,1,3
3450,-4,10,19,14
3451,21,11,18,18
3452,3,4,4,4
3453,3,6,3,-2
3454,8,-4,4,11
3455,6,10,14,1
3456,16,12,23,19
3457,-3,-2,-3,-2
3458,10,7,16,12
3459,-1,-7,8,6
3460,7,9,5,4
3461,-5,-5,5,-6
3462,10,6,10,8
3463,5,9,7,5
3464,9,9,8,4
3465,7,7,6,7
3466,-3,-1,2,2
3467,-1,0,-2,6
3468,2,16,7,3
3469,5,5,5,5
3470,2,3,3,3
3471,-2,0,0,1
3472,8,5,6,14
3473,2,2,4,3
3474,3,4,6,5
3475,0,-1,1,4
3476,17,8,10,11
3477,3,-2,7,7
3478,0,3,3,1
3479,-4,-1,-4,0
3480,7,5,7,6
3481,9,2,3,0
3482,13,12,5,8
3483,4,5,5,6
3484,-4,-3,-3,-2
3485,10,10,4,14
3486,18,7,8,4
3487,-3,3,-3,10
3488,9,1,8,8
3489,0,0,0,4
3490,4,2,8,7
3491,5,3,9,8
3492,6,5,6,6
3493,2,0,2,1
3494,9,9,2,5
3495,2,2,4,3
3496,2,3,4,3
3497,2,3,3,3
3498,9,14,9,9
3499,7,5,4,7
3500,-2,0,0,0
3501,8,6,6,9
3502,0,0,0,0
3503,7,3,3,7
3504,-1,3,0,1
3505,0,0,0,7
3506,4,8,7,6
3507,13,9,10,13
3508,-4,-2,4,-3
3509,4,7,4,4
3510,4,5,5,5
3511,9,10,-1,5
3512,6,11,7,12
3513,4,5,15,4
3514,6,6,6,7
3515,14,6,3,1
3516,2,1,3,1
3517,12,6,8,8
3518,0,10,11,3
3519,8,5,7,9
3520,6,7,8,8
3521,1,1,1,8
3522,15,5,14,10
3523,0,1,0,1
3524,7,5,11,10
3525,13,8,8,11
3526,0,-1,-1,0
3527,7,9,7,12
3528,-4,-10,17,-4
3529,0,1,1,1
3530,1,-1,1,1
3531,8,2,1,10
3532,-2,-1,0,0
3533,-4,-2,-1,6
3534,11,9,4,7
3535,-1,2,2,4
3536,8,10,7,1
3537,3,1,5,4
3538,7,6,9,8
3539,2,9,10,9
3540,-10,6,0,10
3541,6,4,2,6
3542,0,3,1,6
3543,3,5,12,7
3544,5,3,3,1
3545,-53,-65,-60,-60
3546,14,9,5,13
3547,3,4,4,5
3548,-20,-8,-11,-17
3549,8,12,4,5
3550,0,0,0,0
3551,6,14,7,8
3552,6,8,8,9
3553,-2,0,-1,-1
3554,0,5,7,7
3555,0,7,0,6
3556,3,13,12,-3
3557,3,5,5,5
3558,0,-1,0,0
3559,3,2,6,6
3560,3,2,16,12
3561,1,0,1,1
3562,7,4,2,9
3563,6,7,5,8
3564,3,3,3,4
3565,1,7,3,8
3566,12,6,11,8
3567,5,8,6,12
3568,0,2,-3,-1
3569,13,13,9,14
3570,12,13,13,13
3571,10,9,7,11
3572,1,0,0,0
3573,15,0,9,12
3574,1,0,1,1
3575,6,6,6,6
3576,12,7,8,14
3577,3,1,1,4
3578,1,-1,4,4
3579,5,0,7,12
3580,1,2,2,4
3581,6,7,6,7
3582,4,4,9,9
3583,8,3,7,6
3584,7,7,7,10
3585,3,4,4,9
3586,14,-2,-2,1
3587,-1,0,-4,-4
3588,17,8,6,10
3589,-8,0,7,-8
3590,4,5,10,7
3591,7,0,0,3
3592,3,3,4,3
3593,-1,9,2,-2
3594,15,7,8,8
3595,4,1,-4,0
3596,6,-1,-4,1
3597,0,4,6,7
3598,0,3,2,-2
3599,4,6,7,8
3600,6,3,10,11
3601,10,8,7,7
3602,1,2,3,3
3603,2,3,4,3
3604,2,0,7,3
3605,5,8,7,8
3606,7,7,7,8
3607,13,6,6,6
3608,-1,1,3,-3
3609,-8,0,0,3
3610,0,0,-1,1
3611,10,15,2,-2
3612,7,7,8,8
3613,-1,-1,1,2
3614,3,4,4,5
3615,7,8,6,9
3616,6,7,5,9
3617,15,13,9,5
3618,13,15,-1,1
3619,3,4,5,5
3620,6,7,7,10
3621,2,0,1,2
3622,7,7,5,7
3623,5,5,5,5
3624,8,5,6,9
3625,1,2,2,3
3626,5,8,8,9
3627,3,5,4,7
3628,-2,-12,-1,3
3629,1,5,-1,0
3630,6,5,9,7
3631,-4,-1,8,10
3632,8,6,10,5
3633,10,10,0,7
3634,0,0,7,0
3635,-9,-1,6,0
3636,12,0,14,6
3637,3,5,4,6
3638,-3,5,6,7
3639,9,7,6,8
3640,1,2,2,2
3641,10,6,1,6
3642,4,6,6,6
3643,0,4,0,-1
3644,4,5,5,6
3645,10,9,4,10
3646,7,9,10,-1
3647,-7,-12,1,-4
3648,3,4,3,4
3649,5,7,10,12
3650,1,0,0,1
3651,6,7,6,7
3652,-3,20,7,9
3653,0,-2,8,13
3654,5,8,5,8
3655,-1,2,1,0
3656,8,3,7,4
3657,5,3,10,8
3658,5,6,7,9
3659,1,2,-7,10
3660,0,0,-1,0
3661,4,12,0,13
3662,7,7,9,10
3663,1,2,2,2
3664,-1,-1,0,0
3665,1,2,2,4
3666,4,6,5,6
3667,6,-2,-3,1
3668,7,8,-6,-8
3669,5,10,6,11
3670,6,5,6,8
3671,8,9,7,9
3672,5,9,8,10
3673,7,7,5,7
3674,9,13,12,10
3675,4,13,8,7
3676,7,6,5,8
3677,7,5,11,0
3678,6,7,7,7
3679,0,0,1,0
3680,3,3,3,3
3681,-4,-3,-16,-18
3682,7,11,8,7
3683,4,4,4,5
3684,3,8,7,8
3685,5,6,6,2
3686,6,7,6,6
3687,14,8,5,13
3688,6,4,10,8
3689,1,1,1,6
3690,6,7,8,9
3691,3,12,-6,-1
3692,7,7,8,5
3693,7,-1,8,12
3694,10,7,6,17
3695,10,5,6,-2
3696,8,8,9,9
3697,6,8,5,9
3698,2,3,3,4
3699,10,16,7,19
3700,-2,3,2,1
3701,7,6,7,10
3702,1,12,-3,2
3703,8,6,10,5
3704,4,4,3,9
3705,1,1,2,4
3706,9,9,2,10
3707,1,1,3,6
3708,0,1,0,1
3709,-7,-16,8,3
3710,5,10,12,13
3711,0,2,5,11
3712,12,10,4,12
3713,5,6,7,7
3714,0,14,5,11
3715,5,6,7,10
3716,4,4,5,5
3717,2,5,3,8
3718,15,9,8,7
3719,9,8,5,6
3720,8,5,6,9
3721,0,2,1,1
3722,1,10,5,11
3723,5,7,9,10
3724,7,2,5,9
3725,7,11,4,9
3726,2,8,6,8
3727,2,3,2,3
3728,2,5,6,3
3729,8,9,5,9
3730,3,2,2,3
3731,-5,-1,-1,-4
3732,0,0,0,14
3733,-6,-2,1,-2
3734,0,0,-1,0
3735,0,2,2,0
3736,5,7,5,7
3737,-10,2,3,6
3738,15,5,-5,8
3739,2,-6,-3,7
3740,11,2,0,12
3741,6,6,4,6
3742,11,7,6,10
3743,-3,-4,2,-2
3744,5,13,16,5
3745,2,3,9,3
3746,5,6,10,7
3747,0,1,0,1
3748,5,5,10,7
3749,5,7,10,6
3750,8,3,4,7
3751,4,5,5,5
3752,0,0,0,7
3753,7,0,0,0
3754,3,3,3,3
3755,0,0,0,0
3756,-3,-2,-1,0
3757,2,2,3,3
3758,10,7,5,17
3759,3,7,7,14
3760,4,3,3,-4
3761,-1,-1,-1,1
3762,3,3,1,4
3763,5,5,5,5
3764,5,2,-2,0
3765,0,1,1,1
3766,-1,5,9,15
3767,6,8,13,10
3768,4,5,4,5
3769,2,2,1,3
3770,4,7,6,7
3771,7,12,9,10
3772,2,5,4,6
3773,6,8,6,8
3774,-2,0,6,-5
3775,2,1,3,2
3776,3,7,6,8
3777,5,5,5,6
3778,4,8,20,11
3779,4,5,6,6
3780,5,14,5,5
3781,-1,5,5,6
3782,11,6,7,7
3783,9,5,5,4
3784,8,0,8,14
3785,5,4,4,5
3786,-3,-2,1,-2
3787,6,10,8,4
3788,1,0,2,1
3789,5,4,-2,5
3790,11,6,8,8
3791,3,4,4,4
3792,2,3,3,3
3793,11,5,7,5
3794,0,0,0,0
3795,9,14,10,8
3796,2,3,3,4
3797,-5,-6,-1,0
3798,4,4,2,0
3799,-2,-3,2,6
3800,8,6,3,9
3801,3,5,1,3
3802,7,3,5,4
3803,6,7,6,9
3804,4,5,6,6
3805,7,11,9,7
3806,3,7,5,14
3807,8,7,4,6
3808,5,5,5,5
3809,10,10,8,10
3810,-2,0,0,1
3811,5,6,4,7
3812,6,7,10,8
3813,7,8,8,10
3814,14,9,12,12
3815,-10,3,14,3
3816,-1,-4,-2,1
3817,5,7,10,12
3818,4,4,5,5
3819,10,11,12,13
3820,3,8,6,0
3821,3,10,10,8
3822,7,6,3,7
3823,9,5,9,23
3824,6,2,1,7
3825,4,7,10,6
3826,3,-1,12,7
3827,7,5,5,6
3828,0,1,0,1
3829,9,8,7,10
3830,7,8,5,7
3831,-4,-6,-3,-1
3832,-12,-21,10,-11
3833,7,5,5,7
3834,-6,11,-5,2
3835,-8,1,-2,-4
3836,8,6,6,9
3837,8,6,12,16
3838,3,5,4,4
3839,14,7,0,10
3840,2,-1,-6,10
3841,0,11,-2,0
3842,6,7,6,7
3843,4,9,10,5
3844,2,2,3,4
3845,10,9,9,10
3846,-1,-1,-1,0
3847,-2,11,10,0
3848,9,10,7,14
3849,5,6,5,6
3850,7,3,1,7
3851,1,1,1,1
3852,2,2,3,-1
3853,8,12,10,12
3854,11,-1,4,-10
3855,5,8,3,3
3856,2,2,2,3
3857,5,10,7,8
3858,1,6,6,5
3859,5,4,4,4
3860,4,4,5,5
3861,4,2,2,1
3862,6,3,14,4
3863,5,4,4,4
3864,-5,-1,1,5
3865,6,5,4,5
3866,7,7,7,11
3867,8,4,1,8
3868,5,5,8,8
3869,7,4,7,8
3870,9,8,6,10
3871,3,4,3,4
3872,13,2,9,4
3873,-1,0,0,1
3874,10,9,6,9
3875,-8,3,1,6
3876,-4,7,5,9
3877,0,0,-4,0
3878,5,0,-4,7
3879,2,2,3,2
3880,7,5,5,9
3881,8,6,8,6
3882,-4,0,-1,-1
3883,6,7,9,7
3884,10,8,8,10
3885,10,14,9,11
3886,7,10,7,4
3887,4,5,6,6
3888,2,5,4,5
3889,5,3,5,9
3890,10,2,3,10
3891,10,8,8,0
3892,-1,4,-1,0
3893,5,14,-14,15
3894,3,7,4,3
3895,11,7,4,6
3896,1,0,1,1
3897,-10,11,3,7
3898,0,1,0,2
3899,5,5,5,5
3900,-3,8,-1,4
3901,6,10,2,18
3902,5,8,7,8
3903,8,9,10,10
3904,8,6,8,8
3905,4,4,4,5
3906,9,15,6,6
3907,2,2,2,2
3908,-2,5,-13,8
3909,-7,-10,1,14
3910,18,8,17,18
3911,-1,-2,-2,-2
3912,9,8,10,11
3913,11,10,10,12
3914,3,5,3,4
3915,-13,-7,-7,-10
3916,7,2,7,10
3917,8,1,1,7
3918,7,4,-2,11
3919,1,1,8,8
3920,4,20,9,12
3921,5,1,4,12
3922,11,10,7,7
3923,-3,-1,0,1
3924,6,6,5,4
3925,-2,2,5,3
3926,9,5,13,3
3927,5,5,6,6
3928,2,3,4,3
3929,4,4,3,1
3930,13,10,-4,7
3931,10,3,-2,1
3932,6,7,6,6
3933,-2,-1,-1,5
3934,3,1,3,4
3935,1,7,4,9
3936,9,7,1,3
3937,10,4,-3,8
3938,-1,2,4,6
3939,5,7,3,1
3940,8,2,5,6
3941,0,0,0,0
3942,7,3,7,7
3943,5,5,6,5
3944,-1,-2,-1,0
3945,7,18,5,0
3946,14,16,10,14
3947,-4,7,9,15
3948,9,2,7,5
3949,3,7,4,4
3950,9,10,8,11
3951,3,6,4,8
3952,12,4,7,10
3953,8,8,9,12
3954,4,5,5,6
3955,2,3,3,4
3956,6,1,3,2
3957,0,0,0,0
3958,-3,6,2,8
3959,0,-1,-1,5
3960,20,6,4,12
3961,7,10,10,0
3962,10,1,4,5
3963,6,3,3,7
3964,18,1,9,11
3965,4,19,5,4
3966,5,4,4,7
3967,9,13,9,12
3968,4,5,10,7
3969,-11,-13,-9,-11
3970,-3,4,3,9
3971,10,9,8,11
3972,1,6,5,16
3973,0,2,5,1
3974,7,3,5,8
3975,3,-4,-3,3
3976,-1,10,-1,6
3977,6,10,15,7
3978,2,3,2,3
3979,5,4,3,7
3980,1,1,1,6
3981,3,6,3,6
3982,3,3,3,3
3983,2,3,6,4
3984,10,13,8,18
3985,3,17,-9,-7
3986,2,5,11,4
3987,12,1,-3,12
3988,9,6,13,6
3989,-3,-10,-7,18
3990,-9,-8,14,-11
3991,0,1,1,2
3992,8,6,6,9
3993,7,7,7,7
3994,0,1,2,2
3995,2,7,4,6
3996,5,5,8,6
3997,-1,-5,-1,10
3998,-1,-1,-2,3
3999,4,5,5,5
4000,0,0,0,0
4001,1,5,9,11
4002,2,2,3,2
4003,7,3,0,21
4004,5,10,9,11
4005,5,5,5,6
4006,1,-29,-9,4
4007,4,10,7,14
4008,0,-3,0,3
4009,10,9,9,12
4010,0,2,2,0
4011,6,4,4,8
4012,13,6,9,7
4013,12,0,9,-2
4014,5,7,9,9
4015,-3,-3,-2,-2
4016,0,0,0,0
4017,3,2,2,3
4018,7,7,3,12
4019,1,1,0,1
4020,8,4,7,8
4021,11,10,6,10
4022,15,8,28,13
4023,2,7,6,9
4024,0,1,2,3
4025,5,11,11,7
4026,7,9,14,4
4027,1,2,3,3
4028,0,9,9,2
4029,10,23,6,4
4030,3,5,6,8
4031,8,1,11,8
4032,1,3,1,3
4033,8,6,9,7
4034,4,9,6,6
4035,8,8,1,5
4036,13,3,3,10
4037,1,2,3,2
4038,-1,-2,-3,0
4039,-3,3,0,6
4040,6,8,6,7
4041,0,-1,-5,10
4042,2,3,5,14
4043,7,0,14,10
4044,15,7,5,2
4045,0,2,2,3
4046,4,4,5,6
4047,0,0,0,4
4048,12,19,14,13
4049,12,9,1,7
4050,-14,1,9,1
4051,14,4,5,8
4052,5,3,3,-2
4053,-5,6,-2,4
4054,5,5,3,6
4055,-1,-1,-1,0
4056,4,-1,8,11
4057,10,5,0,-12
4058,2,2,3,3
4059,0,-3,-1,3
4060,19,12,8,3
4061,0,2,1,2
4062,4,6,6,8
4063,7,8,7,7
4064,10,17,8,8
4065,6,9,10,12
4066,2,3,5,5
4067,2,2,3,3
4068,1,0,1,2
4069,10,4,6,17
4070,-5,15,8,4
4071,5,6,6,7
4072,3,3,6,6
4073,9,10,8,8
4074,17,1,2,5
4075,5,9,10,15
4076,-2,-9,-18,0
4077,4,3,7,3
4078,2,4,4,4
4079,1,9,0,1
4080,-2,0,3,14
4081,4,1,-4,5
4082,8,9,3,7
4083,5,9,4,3
4084,6,8,6,14
4085,0,0,7,15
4086,0,10,10,8
4087,6,11,-13,9
4088,1,12,2,11
4089,5,10,9,9
4090,3,6,1,5
4091,5,3,3,4
4092,5,11,6,7
4093,2,-3,-1,0
4094,10,21,10,14
4095,8,10,7,19
4096,3,3,3,5
4097,0,13,2,11
4098,0,0,1,10
4099,-4,8,4,8
4100,0,-1,5,2
4101,7,9,6,9
4102,7,7,8,8
4103,11,11,8,21
4104,4,5,8,5
4105,1,7,9,6
4106,0,2,0,2
4107,7,6,2,15
4108,7,9,5,9
4109,2,-2,1,2
4110,-5,0,-7,3
4111,8,12,-2,16
4112,2,1,5,5
4113,0,12,6,7
4114,4,7,9,8
4115,2,2,4,5
4116,8,6,5,8
4117,6,1,9,8
4118,0,-2,15,3
4119,8,6,5,6
4120,3,3,2,4
4121,24,1,0,2
4122,3,3,3,4
4123,4,5,3,6
4124,5,0,7,4
4125,7,10,8,10
4126,0,3,4,3
4127,4,4,4,8
4128,6,0,-4,0
4129,0,2,2,2
4130,-3,9,4,9
4131,-1,4,-5,3
4132,1,1,1,1
4133,3,4,4,5
4134,5,6,5,6
4135,3,6,3,4
4136,3,3,3,4
4137,11,6,4,13
4138,5,9,5,10
4139,-14,-29,-21,-12
4140,1,2,2,3
4141,9,3,6,13
4142,3,4,6,5
4143,-10,-2,-6,1
4144,9,6,8,8
4145,1,2,0,0
4146,4,5,5,13
4147,2,1,7,10
4148,1,4,-1,10
4149,2,2,3,2
4150,1,1,1,1
4151,12,11,-3,10
4152,10,10,6,7
4153,-3,-1,-1,0
4154,5,6,6,7
4155,5,4,9,10
4156,-4,-9,-11,1
4157,-1,0,-1,0
4158,5,14,5,3
4159,5,6,5,6
4160,0,-1,16,-1
4161,6,7,3,6
4162,5,-6,2,5
4163,1,3,2,4
4164,7,16,14,12
4165,8,11,14,6
4166,2,1,6,14
4167,4,4,5,4
4168,-1,-1,-2,-1
4169,2,6,2,7
4170,3,4,5,7
4171,8,2,9,5
4172,4,8,10,19
4173,0,0,0,0
4174,0,-1,-2,3
4175,9,9,12,11
4176,-9,0,-1,0
4177,11,5,6,12
4178,-4,6,5,6
4179,3,7,4,8
4180,0,0,6,-9
4181,8,-5,-3,9
4182,4,7,9,7
4183,3,13,7,1
4184,-2,1,-1,3
4185,6,5,4,7
4186,7,10,16,7
4187,3,3,4,17
4188,12,5,6,10
4189,-7,3,-3,13
4190,5,2,5,6
4191,4,11,2,-2
4192,-11,0,2,11
4193,7,6,5,7
4194,4,6,5,7
4195,7,1,9,5
4196,3,4,10,-4
4197,4,8,7,6
4198,0,0,0,2
4199,11,3,4,4
4200,4,8,7,9
4201,3,7,9,3
4202,7,8,6,7
4203,11,9,8,-4
4204,11,12,11,13
4205,5,7,8,8
4206,-1,2,-1,1
4207,6,9,6,5
4208,10,7,8,9
4209,3,4,3,3
4210,10,8,-3,5
4211,-2,-4,-2,0
4212,3,8,6,10
4213,0,0,0,0
4214,-1,0,-2,-1
4215,5,0,6,4
4216,5,10,13,11
4217,8,20,12,17
4218,5,-1,3,3
4219,10,11,11,2
4220,-9,1,2,-15
4221,7,5,4,3
4222,0,6,0,-3
4223,5,18,10,4
4224,11,-3,6,9
4225,4,4,5,5
4226,5,6,5,6
4227,0,0,0,0
4228,5,9,6,7
4229,4,10,15,8
4230,0,0,0,0
4231,3,3,9,8
4232,-1,0,1,0
4233,6,7,7,10
4234,11,9,5,1
4235,2,4,6,9
4236,1,7,5,10
4237,7,8,-2,22
4238,0,2,2,2
4239,2,10,5,7
4240,7,7,6,7
4241,9,7,10,8
4242,9,2,8,7
4243,1,3,1,2
4244,7,8,8,9
4245,3,4,4,5
4246,5,11,10,9
4247,10,10,19,8
4248,7,7,11,7
4249,10,13,11,12
4250,14,6,10,14
4251,-2,-1,5,0
4252,14,-4,5,1
4253,9,9,15,6
4254,9,11,10,13
4255,5,3,6,6
4256,14,15,11,18
4257,0,0,0,0
4258,-6,6,-7,8
4259,7,0,9,7
4260,0,0,1,1
4261,3,10,11,8
4262,3,3,10,15
4263,10,-1,1,1
4264,8,8,8,10
4265,0,0,0,0
4266,6,5,3,6
4267,-1,6,16,1
4268,2,0,4,15
4269,8,8,11,12
4270,0,2,0,1
4271,6,7,5,8
4272,13,7,19,16
4273,9,8,8,4
4274,-4,5,10,-2
4275,10,10,2,10
4276,0,2,0,-1
4277,7,8,9,9
4278,11,12,12,12
4279,2,4,3,3
4280,6,8,8,10
4281,10,-17,3,7
4282,2,1,1,1
4283,6,11,2,10
4284,5,6,6,6
4285,12,6,14,14
4286,-1,0,1,0
4287,5,6,4,15
4288,10,-16,-3,-22
4289,4,5,0,5
4290,5,8,10,10
4291,6,13,12,12
4292,6,7,8,8
4293,0,0,0,1
4294,5,6,10,8
4295,4,3,5,6
4296,-3,-2,-3,-2
4297,1,2,4,4
4298,5,18,2,9
4299,4,3,13,9
4300,10,10,9,10
4301,5,5,6,6
4302,0,4,2,3
4303,2,9,2,0
4304,8,4,3,5
4305,13,13,20,12
4306,6,4,10,11
4307,5,6,4,7
4308,2,2,2,2
4309,0,-1,1,0
4310,1,1,1,1
4311,9,10,9,10
4312,-2,5,-4,2
4313,6,7,9,9
4314,8,9,14,8
4315,3,3,4,4
4316,12,12,-4,9
4317,1,-3,11,10
4318,6,6,7,7
4319,15,3,-3,11
4320,8,14,9,10
4321,-1,7,3,3
4322,8,9,8,9
4323,4,5,4,5
4324,0,2,3,3
4325,-2,2,1,-3
4326,6,8,5,7
4327,6,5,8,6
4328,4,8,8,10
4329,3,4,4,4
4330,0,6,3,10
4331,3,4,4,4
4332,14,12,7,16
4333,6,4,6,16
4334,0,3,1,3
4335,10,13,11,2
4336,11,7,10,12
4337,2,5,4,4
4338,9,15,10,7
4339,8,4,10,8
4340,16,5,17,8
4341,4,4,5,5
4342,5,6,6,6
4343,6,-3,3,11
4344,6,11,13,-6
4345,6,8,6,10
4346,1,1,1,1
4347,2,3,4,5
4348,6,9,5,11
4349,7,5,7,11
4350,3,4,4,4
4351,2,5,3,4
4352,8,0,0,2
4353,-1,1,5,-1
4354,-1,-15,-8,-7
4355,-6,-1,0,1
4356,4,4,4,5
4357,9,0,3,5
4358,9,14,4,15
4359,5,7,0,4
4360,1,0,4,3
4361,5,7,7,7
4362,11,9,10,6
4363,18,11,12,11
4364,4,5,4,6
4365,0,0,-1,0
4366,5,8,8,6
4367,-9,-6,-9,-5
4368,4,8,10,9
4369,5,5,6,6
4370,5,4,7,7
4371,-1,-5,-1,-7
4372,5,6,6,7
4373,3,4,5,4
4374,0,0,0,0
4375,0,0,1,4
4376,5,0,10,0
4377,-1,2,-6,-4
4378,6,6,8,8
4379,4,5,6,12
4380,1,6,8,15
4381,3,5,1,12
4382,-2,-1,1,-2
4383,12,3,4,2
4384,2,1,1,3
4385,6,6,3,10
4386,3,5,5,4
4387,9,4,15,10
4388,-8,-27,1,9
4389,6,7,9,10
4390,5,6,5,7
4391,10,6,4,8
4392,6,8,9,9
4393,9,10,13,6
4394,1,3,3,2
4395,4,5,4,8
4396,-2,-1,-2,-4
4397,1,1,1,1
4398,8,10,2,4
4399,3,4,4,5
4400,1,-2,2,0
4401,11,-12,6,11
4402,10,13,10,11
4403,5,8,4,15
4404,9,8,8,13
4405,14,7,7,5
4406,6,6,0,12
4407,8,0,3,4
4408,4,5,3,7
4409,-4,-11,4,7
4410,11,20,-1,2
4411,-3,-4,-3,-1
4412,4,3,3,5
4413,3,5,-1,-3
4414,5,6,8,12
4415,-6,2,1,-3
4416,1,1,2,2
4417,2,1,-4,10
4418,-3,-3,2,6
4419,4,5,5,5
4420,5,5,10,6
4421,6,5,5,3
4422,0,-10,1,1
4423,-6,5,8,4
4424,1,5,-6,9
4425,5,5,6,6
4426,-1,8,-3,5
4427,9,7,8,7
4428,0,1,1,1
4429,-1,-2,1,0
4430,1,-6,0,-6
4431,5,21,2,7
4432,3,4,7,5
4433,6,9,10,11
4434,-8,-9,2,3
4435,2,4,2,14
4436,-5,-1,-7,-5
4437,2,9,9,7
4438,8,7,6,7
4439,4,-4,0,-2
4440,4,10,5,8
4441,2,9,8,10
4442,0,7,9,7
4443,1,1,1,1
4444,-2,4,4,0
4445,7,5,5,7
4446,13,1,7,10
4447,5,8,11,13
4448,0,0,0,0
4449,11,13,7,10
4450,11,13,8,14
4451,7,10,16,12
4452,5,6,6,7
4453,4,6,10,12
4454,13,-4,-4,2
4455,5,6,6,6
4456,3,6,8,9
4457,-1,0,12,2
4458,7,7,8,14
4459,4,10,-5,4
4460,-1,-1,-1,0
4461,6,13,6,8
4462,4,4,6,4
4463,5,6,6,7
4464,-1,9,9,7
4465,2,5,6,7
4466,5,6,6,6
4467,6,7,8,8
4468,-1,0,0,0
4469,0,-2,6,-6
4470,8,4,13,7
4471,8,9,-5,-1
4472,-3,0,2,2
4473,11,9,9,6
4474,0,0,0,0
4475,0,-33,-15,-11
4476,6,8,6,8
4477,4,11,18,12
4478,9,5,5,8
4479,4,8,13,12
4480,6,4,5,5
4481,11,9,11,9
4482,5,8,6,5
4483,-1,-10,0,1
4484,13,7,11,8
4485,-16,-16,13,-12
4486,4,10,8,4
4487,2,2,3,3
4488,-3,-1,0,-3
4489,12,15,16,15
4490,-1,0,0,1
4491,4,4,4,6
4492,9,-2,-2,13
4493,1,9,1,7
4494,8,3,0,13
4495,1,2,3,3
4496,-2,4,4,-5
4497,-1,0,1,2
4498,-2,-3,-2,-3
4499,-1,1,6,2
4500,3,4,-1,-4
4501,0,15,7,10
4502,2,2,1,2
4503,7,-1,12,11
4504,4,6,5,5
4505,3,4,5,5
4506,0,2,3,3
4507,2,2,3,3
4508,4,11,9,4
4509,-6,4,13,-5
4510,3,5,2,2
4511,16,7,4,3
4512,-2,4,6,5
4513,2,1,-1,0
4514,3,4,3,5
4515,4,4,4,4
4516,7,7,10,9
4517,0,1,3,8
4518,-2,4,8,18
4519,3,16,8,13
4520,2,8,7,3
4521,0,0,0,0
4522,10,9,9,12
4523,4,-2,10,9
4524,8,9,3,10
4525,8,7,-4,3
4526,4,2,-3,18
4527,12,6,18,8
4528,6,6,7,8
4529,6,7,7,7
4530,4,5,6,6
4531,-3,1,5,-12
4532,6,7,7,7
4533,1,-4,0,-11
4534,9,8,5,3
4535,7,11,7,7
4536,7,6,2,8
4537,12,5,10,11
4538,12,10,8,9
4539,12,-4,9,-2
4540,-1,1,2,0
4541,5,8,5,15
4542,4,7,6,12
4543,11,12,11,11
4544,3,4,3,4
4545,9,2,6,14
4546,4,4,4,4
4547,4,6,-2,5
4548,14,11,12,14
4549,2,-2,2,4
4550,6,9,6,6
4551,4,7,9,5
4552,10,4,4,7
4553,7,6,7,9
4554,1,1,0,2
4555,13,5,8,13
4556,8,9,11,8
4557,8,10,11,12
4558,3,5,2,5
4559,5,4,2,4
4560,3,13,15,4
4561,3,4,5,4
4562,6,3,10,-3
4563,3,7,5,8
4564,1,1,2,2
4565,5,-1,-4,1
4566,0,4,0,6
4567,3,4,5,5
4568,0,0,0,1
4569,7,8,6,8
4570,-3,-2,-2,0
4571,5,3,5,-4
4572,0,-1,7,6
4573,5,3,3,7
4574,2,-4,13,7
4575,3,-6,-2,3
4576,4,7,7,5
4577,7,11,10,14
4578,0,0,0,0
4579,9,4,8,12
4580,3,3,3,4
4581,2,3,7,3
4582,0,1,1,2
4583,3,6,5,10
4584,12,6,-2,-4
4585,5,5,15,12
4586,5,-2,11,6
4587,0,1,1,1
4588,8,7,3,4
4589,1,6,3,1
4590,7,6,7,8
4591,6,6,14,18
4592,3,3,2,6
4593,3,9,2,11
4594,9,10,10,10
4595,4,5,8,7
4596,7,5,7,9
4597,18,-2,5,5
4598,4,-1,5,4
4599,4,1,5,4
4600,8,9,13,19
4601,1,3,1,5
4602,3,4,4,5
4603,-9,-6,-12,10
4604,18,10,9,10
4605,1,2,1,3
4606,6,-8,-9,-6
4607,-2,3,2,3
4608,11,9,8,18
4609,7,5,1,6
4610,10,4,6,13
4611,-4,-3,-3,3
4612,6,7,6,7
4613,0,1,1,1
4614,-6,13,5,-1
4615,12,1,7,18
4616,0,2,1,3
4617,13,6,8,11
4618,5,4,3,6
4619,3,4,-3,0
4620,2,7,15,6
4621,9,16,5,6
4622,3,3,7,0
4623,0,1,1,1
4624,11,14,7,12
4625,1,2,2,2
4626,9,6,9,4
4627,-5,-7,-7,-1
4628,6,5,8,8
4629,0,0,-8,10
4630,7,7,7,7
4631,9,10,10,10
4632,4,10,11,9
4633,1,1,0,1
4634,5,-2,-1,-1
4635,1,1,1,5
4636,2,2,2,3
4637,6,9,13,8
4638,11,15,13,10
4639,4,11,12,6
4640,12,3,6,6
4641,0,4,6,-1
4642,0,1,1,1
4643,8,5,16,13
4644,-1,11,0,4
4645,0,6,6,5
4646,1,2,3,2
4647,-3,0,0,4
4648,3,0,0,4
4649,8,-2,-2,2
4650,2,3,3,4
4651,5,10,9,11
4652,3,1,2,15
4653,3,5,2,5
4654,4,4,3,6
4655,6,6,6,6
4656,3,3,2,4
4657,6,5,3,8
4658,7,8,7,9
4659,-7,13,4,-6
4660,4,7,7,8
4661,4,4,3,8
4662,8,6,10,6
4663,4,6,5,-2
4664,1,6,2,2
4665,1,9,-4,5
4666,3,5,7,9
4667,1,9,0,1
4668,12,14,5,14
4669,4,-2,3,0
4670,-7,-11,-1,-8
4671,6,10,7,11
4672,6,-2,10,4
4673,3,3,3,4
4674,-1,-1,-4,0
4675,10,11,10,11
4676,7,8,7,7
4677,17,2,5,4
4678,0,-2,0,4
4679,1,0,0,1
4680,6,4,7,12
4681,-5,-6,-4,-2
4682,-3,2,0,4
4683,4,-2,5,4
4684,5,4,8,12
4685,-3,-4,-3,-2
4686,4,3,6,3
4687,2,1,1,2
4688,8,4,10,9
4689,0,1,2,1
4690,2,2,3,4
4691,5,4,7,7
4692,1,1,1,2
4693,-1,6,3,2
4694,8,12,12,11
4695,-5,7,2,-2
4696,7,9,8,9
4697,12,-3,1,3
4698,7,11,0,5
4699,0,-7,10,1
4700,10,5,11,-1
4701,2,2,5,7
4702,6,2,3,8
4703,15,6,8,12
4704,12,-1,4,0
4705,-5,0,2,3
4706,5,9,7,-1
4707,4,8,6,11
4708,11,10,14,17
4709,3,19,10,19
4710,6,7,7,8
4711,6,15,5,8
4712,0,6,4,-2
4713,2,2,4,3
4714,2,2,2,2
4715,0,2,0,0
4716,1,1,1,3
4717,4,13,-3,-6
4718,2,2,2,3
4719,2,2,2,5
4720,6,9,7,9
4721,16,11,13,11
4722,6,9,9,7
4723,-1,-1,-21,-20
4724,3,7,3,4
4725,7,3,15,19
4726,7,6,12,8
4727,-1,10,11,5
4728,13,14,5,7
4729,2,3,5,5
4730,7,3,13,7
4731,0,2,8,3
4732,2,1,2,2
4733,3,4,-19,0
4734,2,2,2,3
4735,8,14,9,3
4736,0,1,4,8
4737,-4,1,-1,6
4738,2,4,3,5
4739,-2,9,4,5
4740,5,6,6,6
4741,3,12,9,8
4742,7,10,8,12
4743,11,6,10,8
4744,2,9,1,5
4745,0,0,0,2
4746,-7,4,1,5
4747,6,17,9,7
4748,9,6,3,9
4749,5,0,11,24
4750,-2,-1,-1,0
4751,3,3,4,3
4752,-3,-3,-1,11
4753,-1,-2,0,1
4754,4,4,4,4
4755,-6,4,-17,-13
4756,18,7,6,13
4757,9,7,6,12
4758,5,6,7,7
4759,11,4,5,12
4760,9,6,8,9
4761,8,9,8,9
4762,-2,5,-2,-7
4763,3,9,6,8
4764,6,16,7,12
4765,-2,-6,-5,7
4766,3,-5,5,3
4767,7,10,5,23
4768,6,8,10,13
4769,10,11,10,11
4770,6,7,8,12
4771,14,7,7,5
4772,2,3,3,4
4773,1,2,2,2
4774,4,-2,-1,4
4775,7,6,3,10
4776,3,7,5,8
4777,-3,0,-6,0
4778,5,10,6,8
4779,-2,19,3,-5
4780,-5,4,-15,-18
4781,3,6,11,11
4782,7,9,-2,7
4783,3,2,2,2
4784,0,7,10,5
4785,-7,12,11,10
4786,-7,-10,-6,-3
4787,5,1,3,4
4788,1,7,10,5
4789,7,7,8,9
4790,6,4,0,7
4791,1,-4,7,6
4792,0,-1,-1,-1
4793,0,0,0,1
4794,6,7,5,6
4795,7,8,7,10
4796,9,10,10,8
4797,-5,8,6,-4
4798,6,6,10,8
4799,13,17,7,7
4800,0,0,0,0
4801,14,16,15,13
4802,-7,3,13,7
4803,9,6,8,8
4804,8,11,5,7
4805,8,17,16,11
4806,2,4,-2,6
4807,0,1,1,0
4808,4,13,8,10
4809,4,5,10,9
4810,1,6,0,10
4811,11,10,8,7
4812,11,8,6,8
4813,5,3,2,6
4814,-3,-1,-1,0
4815,6,4,7,9
4816,9,-1,7,9
4817,0,0,0,0
4818,10,13,12,18
4819,-1,10,-1,14
4820,-4,6,-4,6
4821,7,7,5,7
4822,3,4,-1,4
4823,4,4,0,4
4824,-61,-60,-4,-60
4825,6,7,7,7
4826,-1,-1,0,1
4827,-6,2,-6,11
4828,-3,-2,8,10
4829,5,4,3,10
4830,0,8,0,3
4831,-2,6,4,4
4832,-9,3,-7,2
4833,1,1,1,2
4834,-1,-1,0,-1
4835,8,10,7,16
4836,3,16,7,12
4837,0,1,2,1
4838,9,10,13,11
4839,4,3,6,8
4840,2,5,10,2
4841,0,0,0,1
4842,5,7,9,10
4843,7,9,9,10
4844,6,6,6,6
4845,6,5,5,6
4846,9,9,10,20
4847,10,8,7,7
4848,8,9,11,10
4849,4,8,9,7
4850,7,8,6,6
4851,-10,6,4,9
4852,2,11,7,8
4853,0,0,1,0
4854,5,9,15,11
4855,5,6,5,8
4856,2,2,4,3
4857,6,7,8,7
4858,7,17,5,15
4859,4,4,5,4
4860,0,0,0,1
4861,14,4,6,7
4862,5,13,14,6
4863,5,4,15,8
4864,3,7,-2,6
4865,0,1,1,0
4866,11,3,5,15
4867,7,4,4,-4
4868,7,9,7,9
4869,-6,-5,-2,3
4870,2,2,2,2
4871,9,11,14,16
4872,-3,0,0,0
4873,-9,-8,4,-7
4874,-1,-2,0,5
4875,9,8,6,9
4876,2,1,3,3
4877,1,2,2,3
4878,8,9,10,1
4879,-3,5,3,2
4880,-3,-4,3,13
4881,5,8,4,8
4882,1,4,2,2
4883,7,6,0,10
4884,4,5,6,7
4885,0,1,1,2
4886,6,10,16,9
4887,2,9,4,5
4888,5,6,6,6
4889,3,2,7,7
4890,8,8,10,8
4891,-7,6,3,-2
4892,11,7,8,8
4893,8,6,4,12
4894,13,3,10,25
4895,7,-2,7,10
4896,4,4,7,7
4897,5,-2,-2,0
4898,-1,-3,2,-8
4899,5,-1,-1,6
4900,0,5,-3,8
4901,2,2,3,3
4902,7,3,-1,7
4903,-4,2,-11,2
4904,4,6,4,4
4905,1,1,1,7
4906,-1,0,2,3
4907,3,2,3,3
4908,6,12,8,10
4909,5,5,5,5
4910,6,5,5,14
4911,7,13,10,14
4912,8,14,10,13
4913,3,15,1,14
4914,4,4,4,5
4915,2,0,0,4
4916,4,5,5,6
4917,4,-2,4,-2
4918,4,10,16,5
4919,4,5,4,6
4920,5,10,7,16
4921,12,3,3,6
4922,5,6,6,7
4923,-1,1,1,2
4924,4,5,4,6
4925,-1,0,0,0
4926,7,7,19,12
4927,6,4,-4,5
4928,6,10,10,8
4929,-1,0,-1,0
4930,6,4,7,7
4931,6,6,1,10
4932,2,10,7,0
4933,9,10,11,6
4934,11,15,13,10
4935,0,0,0,2
4936,5,5,5,5
4937,1,7,9,0
4938,5,6,7,7
4939,5,5,6,6
4940,7,7,6,7
4941,5,5,5,5
4942,17,11,17,20
4943,-1,0,1,-1
4944,5,5,2,13
4945,-1,-5,-6,9
4946,2,2,4,4
4947,1,2,1,1
4948,3,2,2,4
4949,5,0,-6,1
4950,-1,6,-1,2
4951,17,6,5,7
4952,-1,2,-6,10
4953,5,5,6,6
4954,2,3,3,4
4955,0,14,1,10
4956,7,9,7,5
4957,9,1,0,8
4958,3,7,7,5
4959,3,0,10,20
4960,1,0,0,0
4961,2,3,3,3
4962,14,10,-5,6
4963,0,1,1,1
4964,11,12,1,14
4965,0,0,0,0
4966,1,2,7,12
4967,8,3,4,4
4968,2,7,6,12
4969,1,0,1,0
4970,5,5,6,7
4971,14,9,9,15
4972,5,5,5,6
4973,7,1,1,8
4974,2,3,3,3
4975,6,8,5,9
4976,-1,0,-4,1
4977,6,11,6,12
4978,7,0,11,10
4979,-1,1,2,4
4980,4,4,3,4
4981,8,9,8,12
4982,8,8,6,8
4983,0,1,1,-1
4984,3,-3,5,-13
4985,8,6,10,11
4986,13,4,7,-3
4987,-1,3,3,2
4988,4,5,5,5
4989,7,10,3,12
4990,0,4,2,2
4991,2,1,1,2
4992,7,7,5,8
4993,5,4,4,7
4994,12,12,7,10
4995,5,10,11,14
4996,15,9,10,17
4997,6,11,14,8
4998,7,7,6,6
4999,4,14,10,2
5000,4,19,3,6
5001,5,3,7,6
5002,10,11,10,11
5003,11,22,13,0
5004,-1,2,3,14
5005,-9,18,-11,8
5006,8,12,12,11
5007,9,10,8,9
5008,2,2,2,2
5009,8,10,6,8
5010,6,2,3,17
5011,-4,-2,-2,2
5012,2,1,2,3
5013,4,4,5,4
5014,0,10,0,11
5015,2,2,3,3
5016,4,8,5,7
5017,14,13,12,11
5018,5,5,5,6
5019,6,5,6,10
5020,10,12,6,0
5021,5,8,3,4
5022,3,8,3,10
5023,6,2,4,11
5024,1,0,3,-2
5025,23,5,8,6
5026,-2,9,1,2
5027,1,1,1,0
5028,5,8,6,7
5029,2,2,2,3
5030,-2,-3,-3,-2
5031,8,10,10,15
5032,3,-1,7,5
5033,6,9,8,12
5034,-2,0,-2,-6
5035,3,5,5,5
5036,11,13,11,14
5037,5,5,7,7
5038,8,10,4,11
5039,2,2,2,2
5040,9,8,5,10
5041,5,5,2,8
5042,6,4,13,17
5043,9,11,10,4
5044,-3,-1,8,1
5045,7,7,8,9
5046,2,3,3,3
5047,9,0,0,18
5048,7,7,2,4
5049,9,8,16,11
5050,0,0,0,0
5051,2,-12,3,1
5052,1,5,1,3
5053,2,6,12,13
5054,4,15,8,13
5055,6,8,-1,2
5056,2,-3,7,3
5057,1,1,1,1
5058,1,1,-1,0
5059,-4,12,7,9
5060,-10,-2,-4,-15
5061,12,14,9,9
5062,5,5,4,6
5063,6,4,3,8
5064,5,6,6,6
5065,6,6,6,7
5066,4,9,10,14
5067,1,0,0,2
5068,4,7,9,6
5069,7,5,8,7
5070,1,0,0,2
5071,9,7,2,13
5072,5,9,8,8
5073,3,4,4,3
5074,-54,-60,-58,4
5075,-2,2,1,2
5076,9,10,2,8
5077,5,6,9,10
5078,8,0,0,10
5079,1,2,2,2
5080,13,3,7,3
5081,1,2,2,2
5082,0,4,11,10
5083,5,-3,15,11
5084,11,10,7,10
5085,6,5,6,8
5086,4,4,5,5
5087,4,3,4,6
5088,4,5,5,6
5089,-2,3,11,-1
5090,10,15,9,10
5091,3,-2,5,0
5092,10,8,10,12
5093,4,10,-5,13
5094,4,6,8,9
5095,0,1,0,9
5096,9,3,3,11
5097,6,13,-6,11
5098,10,11,7,5
5099,8,7,8,15
5100,5,6,8,8
5101,9,9,9,9
5102,0,2,-1,0
5103,4,6,5,7
5104,-1,2,4,-1
5105,6,0,11,9
5106,6,1,8,7
5107,5,3,2,6
5108,6,10,8,12
5109,8,9,3,11
5110,1,10,1,15
5111,4,8,4,9
5112,4,9,8,13
5113,9,8,7,13
5114,5,4,5,6
5115,1,2,1,1
5116,2,15,1,9
5117,0,4,0,5
5118,5,5,9,11
5119,5,7,7,6
5120,7,7,4,8
5121,5,4,5,8
5122,5,6,6,6
5123,-2,4,-2,8
5124,15,3,0,7
5125,-6,-7,2,5
5126,4,9,7,10
5127,0,0,0,1
5128,3,8,-2,-2
5129,0,4,5,10
5130,5,3,2,-3
5131,6,8,10,9
5132,4,4,9,14
5133,1,2,0,1
5134,4,5,4,8
5135,10,12,15,5
5136,0,3,7,6
5137,-29,10,-3,-2
5138,7,5,10,13
5139,7,7,4,7
5140,6,7,7,9
5141,2,2,3,3
5142,6,11,12,12
5143,11,10,15,12
5144,4,5,4,5
5145,-3,-2,-2,-1
5146,3,4,4,4
5147,4,2,0,25
5148,0,3,1,1
5149,5,3,3,7
5150,1,2,1,3
5151,9,5,-6,7
5152,0,4,-3,-4
5153,21,22,8,18
5154,3,5,4,5
5155,6,7,6,7
5156,-67,-66,-67,-66
5157,8,10,10,13
5158,6,12,9,4
5159,2,19,-2,-7
5160,1,2,2,1
5161,2,-9,13,-3
5162,0,5,-2,8
5163,3,10,3,7
5164,0,0,0,0
5165,7,10,5,7
5166,1,3,-1,3
5167,6,6,8,8
5168,6,4,3,6
5169,-3,0,-1,0
5170,-3,5,1,-3
5171,6,8,5,8
5172,3,3,4,4
5173,-4,7,7,0
5174,5,7,3,6
5175,8,4,6,8
5176,9,9,9,9
5177,2,8,11,5
5178,5,10,7,0
5179,4,2,1,9
5180,-3,-1,-1,-1
5181,4,-2,7,4
5182,11,9,16,14
5183,2,4,3,9
5184,0,0,0,0
5185,13,17,10,12
5186,0,1,1,0
5187,3,4,6,6
5188,-2,0,6,9
5189,10,5,6,7
5190,5,4,6,7
5191,0,-1,-2,2
5192,11,3,10,8
5193,4,5,5,5
5194,4,5,7,0
5195,1,9,8,10
5196,4,8,9,7
5197,1,2,3,3
5198,8,6,6,14
5199,-1,-1,-1,-5
5200,4,5,6,6
5201,9,13,8,9
5202,7,9,3,9
5203,5,3,4,5
5204,-2,1,9,4
5205,6,10,15,5
5206,5,3,6,4
5207,3,4,5,11
5208,3,10,2,3
5209,2,3,2,5
5210,13,8,3,5
5211,1,1,1,1
5212,7,12,8,19
5213,4,12,6,11
5214,4,10,2,4
5215,-9,-4,1,-10
5216,6,10,9,13
5217,3,2,5,3
5218,2,2,3,2
5219,8,8,10,9
5220,4,2,-3,2
5221,7,3,1,1
5222,-7,6,6,8
5223,4,5,5,6
5224,2,2,5,-10
5225,6,4,4,7
5226,2,2,3,4
5227,2,2,2,2
5228,5,7,7,6
5229,8,6,8,7
5230,1,1,1,2
5231,7,8,3,5
5232,9,7,6,12
5233,5,6,6,7
5234,6,6,7,7
5235,14,-13,0,-3
5236,20,7,0,18
5237,0,0,1,0
5238,2,1,0,8
5239,2,3,7,17
5240,4,5,5,5
5241,4,4,4,4
5242,2,3,2,3
5243,5,5,3,6
5244,10,9,12,11
5245,6,6,5,7
5246,4,5,3,0
5247,1,0,0,1
5248,0,10,-5,-2
5249,4,4,3,5
5250,1,-2,-3,18
5251,9,8,10,9
5252,11,8,5,8
5253,4,5,5,7
5254,7,6,3,4
5255,-4,0,0,-1
5256,-7,-11,-22,-22
5257,3,3,3,3
5258,4,-1,20,4
5259,5,19,14,5
5260,1,1,4,2
5261,7,8,6,8
5262,5,4,4,4
5263,8,8,0,4
5264,2,3,1,3
5265,6,10,5,4
5266,-12,5,-3,-3
5267,2,3,4,4
5268,11,9,7,5
5269,4,7,-4,7
5270,12,9,9,11
5271,6,8,6,8
5272,6,7,7,7
5273,-6,-2,-4,-4
5274,9,4,18,14
5275,-8,-16,0,4
5276,2,6,0,10
5277,6,6,5,7
5278,4,-1,8,16
5279,3,-4,11,22
5280,7,6,3,8
5281,8,0,7,2
5282,-1,7,6,1
5283,2,2,3,3
5284,2,-5,-10,5
5285,8,10,7,12
5286,-2,-1,-1,-3
5287,11,12,11,14
5288,10,7,8,3
5289,10,9,10,8
5290,5,5,3,6
5291,3,4,3,4
5292,0,2,0,14
5293,10,3,12,20
5294,2,2,-3,-12
5295,10,8,7,13
5296,14,7,9,6
5297,10,9,5,12
5298,9,3,12,16
5299,7,9,2,10
5300,7,8,6,9
5301,8,8,7,9
5302,3,2,3,2
5303,11,2,10,8
5304,-1,2,0,1
5305,6,4,7,13
5306,9,11,8,12
5307,10,5,7,10
5308,7,7,6,8
5309,-7,-5,-44,-1
5310,7,6,4,8
5311,5,3,12,0
5312,8,-2,2,11
5313,3,3,3,7
5314,5,6,4,6
5315,2,3,3,4
5316,3,6,9,14
5317,11,15,12,19
5318,10,6,7,10
5319,1,9,8,4
5320,9,2,9,7
5321,4,6,6,6
5322,5,8,7,8
5323,6,6,6,9
5324,4,4,4,4
5325,1,2,-6,-3
5326,7,7,10,14
5327,0,0,0,7
5328,2,6,5,8
5329,1,3,4,-1
5330,0,0,0,0
5331,4,4,4,4
5332,3,3,4,3
5333,7,6,6,7
5334,2,7,8,3
5335,4,4,5,4
5336,6,3,9,10
5337,5,5,8,11
5338,7,3,7,5
5339,-1,-6,-8,-1
5340,-4,4,2,8
5341,0,4,9,6
5342,3,3,5,5
5343,1,2,8,2
5344,17,9,11,8
5345,2,8,4,0
5346,7,7,7,8
5347,0,0,-3,12
5348,-11,-1,11,13
5349,3,8,0,3
5350,6,7,7,8
5351,6,8,12,6
5352,5,7,11,10
5353,6,6,7,7
5354,4,3,3,3
5355,5,12,-6,12
5356,4,6,14,7
5357,8,12,10,11
5358,0,9,9,13
5359,-2,-2,1,0
5360,2,7,-1,5
5361,1,1,5,0
5362,-18,-12,-25,-29
5363,6,11,10,17
5364,2,3,3,4
5365,3,7,2,9
5366,3,3,5,5
5367,6,5,3,6
5368,3,3,3,4
5369,8,9,7,9
5370,6,6,4,6
5371,12,12,6,10
5372,4,7,4,6
5373,-3,4,3,4
5374,8,11,6,30
5375,9,6,7,5
5376,13,4,5,14
5377,4,9,12,4
5378,-17,-16,-4,-6
5379,0,-5,-5,-5
5380,2,3,3,3
5381,3,-11,-2,2
5382,17,7,9,16
5383,-3,4,14,7
5384,6,9,10,7
5385,9,3,2,10
5386,11,3,9,11
5387,3,2,-1,4
5388,14,6,3,-6
5389,-5,-5,12,-4
5390,5,0,0,1
5391,3,4,4,4
5392,3,9,15,11
5393,-1,-4,9,8
5394,5,7,8,8
5395,6,8,7,8
5396,-2,0,1,1
5397,7,7,5,8
5398,9,9,2,6
5399,7,-2,8,6
5400,5,5,6,6
5401,6,7,9,9
5402,6,10,8,9
5403,16,19,1,8
5404,7,15,4,5
5405,8,4,8,12
5406,7,8,7,9
5407,5,4,5,7
5408,5,19,17,2
5409,2,3,2,6
5410,7,5,5,15
5411,3,4,4,5
5412,-8,9,-4,3
5413,10,10,12,9
5414,4,4,5,5
5415,4,6,1,5
5416,4,4,4,5
5417,10,10,10,11
5418,10,16,4,-4
5419,7,9,-4,10
5420,5,5,6,6
5421,9,9,9,9
5422,1,1,1,2
5423,13,10,17,14
5424,-66,-66,-67,-66
5425,1,8,3,4
5426,4,5,5,3
5427,0,9,3,-4
5428,-9,-4,-2,1
5429,16,6,11,22
5430,9,7,16,8
5431,8,10,9,10
5432,1,1,8,19
5433,2,6,3,4
5434,3,3,4,5
5435,-9,-6,0,-1
5436,10,9,10,4
5437,-2,-1,-1,-1
5438,2,-1,2,3
5439,1,3,8,1
5440,4,4,11,5
5441,7,6,10,3
5442,3,15,10,4
5443,11,7,21,9
5444,4,9,2,-2
5445,4,1,3,3
5446,0,1,2,2
5447,0,0,0,6
5448,8,8,9,9
5449,2,3,2,2
5450,1,1,2,2
5451,-2,2,6,3
5452,7,5,5,8
5453,4,4,4,5
5454,1,5,4,-1
5455,12,8,9,6
5456,6,6,4,7
5457,4,0,-1,12
5458,13,7,10,7
5459,10,9,4,9
5460,6,2,4,6
5461,1,-2,-4,17
5462,5,8,7,10
5463,7,1,10,5
5464,0,-1,2,2
5465,14,7,2,7
5466,-10,1,4,-1
5467,6,4,4,8
5468,8,3,6,2
5469,5,2,-3,6
5470,10,11,7,11
5471,4,11,7,7
5472,8,5,11,12
5473,19,-1,-1,-5
5474,12,4,7,4
5475,8,9,8,9
5476,5,5,6,7
5477,5,5,6,6
5478,9,-3,2,-8
5479,7,4,5,7
5480,11,15,16,4
5481,0,0,0,-1
5482,-2,5,13,6
5483,5,3,-5,5
5484,2,4,4,1
5485,12,6,6,14
5486,3,8,4,13
5487,6,3,-2,1
5488,0,1,0,1
5489,8,8,8,3
5490,3,-5,-14,-13
5491,-1,-2,1,1
5492,2,9,3,9
5493,2,6,-6,4
5494,10,8,7,14
5495,2,4,3,4
5496,1,2,1,3
5497,2,-3,0,-2
5498,10,-7,8,8
5499,5,7,12,6
5500,3,6,8,7
5501,7,6,6,6
5502,1,-3,1,1
5503,-7,6,2,2
5504,-6,7,6,11
5505,1,2,2,2
5506,7,6,3,7
5507,8,7,6,9
5508,14,1,10,8
5509,6,4,6,6
5510,4,3,4,9
5511,4,4,3,4
5512,3,2,4,3
5513,10,15,4,7
5514,-1,1,-5,2
5515,0,1,0,3
5516,-3,-3,-2,2
5517,6,14,12,5
5518,0,0,0,0
5519,4,-6,-4,1
5520,9,7,7,7
5521,0,-1,-1,0
5522,0,2,9,6
5523,7,8,6,10
5524,6,7,6,7
5525,5,13,13,6
5526,0,1,1,1
5527,3,4,4,4
5528,-2,12,6,-6
5529,9,9,7,11
5530,8,13,11,16
5531,6,6,6,6
5532,1,2,2,3
5533,-2,3,5,10
5534,6,6,6,8
5535,13,14,19,11
5536,1,2,2,2
5537,7,5,5,7
5538,0,-7,0,19
5539,6,6,6,7
5540,6,-7,15,13
5541,2,2,3,3
5542,0,0,0,1
5543,6,4,11,10
5544,2,6,0,8
5545,12,8,5,7
5546,3,2,2,4
5547,3,2,2,5
5548,-4,4,5,10
5549,1,0,0,3
5550,5,11,0,5
5551,11,10,6,10
5552,8,9,11,6
5553,5,6,6,6
5554,-2,0,-3,5
5555,3,8,8,4
5556,4,5,5,5
5557,6,10,-4,15
5558,8,5,10,9
5559,2,1,0,1
5560,2,5,-1,5
5561,3,17,7,4
5562,1,2,3,4
5563,3,9,5,8
5564,7,8,6,8
5565,3,5,3,3
5566,-26,-8,-8,-35
5567,7,8,8,7
5568,4,5,7,7
5569,2,4,7,2
5570,1,1,5,-3
5571,13,13,5,12
5572,-12,-1,-6,-11
5573,0,0,0,7
5574,11,15,16,16
5575,10,10,6,9
5576,-6,17,6,6
5577,6,7,19,10
5578,7,7,7,11
5579,2,5,12,-5
5580,4,11,11,9
5581,7,9,3,2
5582,5,6,5,6
5583,5,7,5,8
5584,-5,6,-3,11
5585,5,8,10,13
5586,3,3,4,4
5587,2,3,2,3
5588,8,17,3,-3
5589,5,6,6,6
5590,-1,-14,13,3
5591,6,6,6,6
5592,0,2,3,5
5593,5,-1,1,10
5594,12,12,11,12
5595,-1,-1,-1,2
5596,4,7,4,1
5597,7,7,6,11
5598,5,4,4,4
5599,3,8,8,6
5600,0,3,8,10
5601,8,-5,11,8
5602,6,9,6,13
5603,9,4,6,19
5604,1,10,9,9
5605,7,7,7,8
5606,3,5,2,4
5607,0,0,0,0
5608,6,10,5,10
5609,2,6,11,1
5610,0,2,1,1
5611,6,2,-6,2
5612,3,5,6,5
5613,4,0,6,12
5614,7,5,3,8
5615,-1,4,0,-1
5616,6,20,2,7
5617,0,3,5,3
5618,4,10,4,13
5619,9,7,8,8
5620,4,5,5,6
5621,10,7,14,13
5622,0,1,1,1
5623,1,-5,0,-10
5624,5,5,7,4
5625,6,6,9,3
5626,13,5,5,-6
5627,9,6,5,6
5628,9,9,4,8
5629,9,2,2,3
5630,2,8,4,8
5631,-1,12,2,6
5632,-1,-1,0,0
5633,4,-2,7,6
5634,3,1,3,1
5635,3,5,3,10
5636,-8,0,0,0
5637,5,6,10,7
5638,-1,-1,-4,0
5639,1,-10,-2,-2
5640,6,10,10,5
5641,3,4,0,4
5642,10,6,5,9
5643,6,7,7,8
5644,5,6,6,6
5645,6,7,5,9
5646,-6,-7,-8,16
5647,17,12,29,7
5648,3,6,11,17
5649,0,2,1,4
5650,9,9,10,10
5651,2,2,3,3
5652,7,6,7,8
5653,9,12,15,11
5654,-4,-4,-5,-3
5655,4,6,5,4
5656,1,-1,5,13
5657,4,4,4,5
5658,4,9,10,6
5659,11,10,6,11
5660,2,3,3,3
5661,13,7,19,24
5662,-6,8,5,0
5663,8,10,9,12
5664,1,1,4,5
5665,12,6,13,6
5666,6,6,7,6
5667,8,5,5,6
5668,-4,15,9,8
5669,1,0,0,0
5670,8,5,6,1
5671,11,6,7,10
5672,2,3,3,3
5673,2,1,4,3
5674,6,7,8,8
5675,4,5,5,5
5676,-63,-60,-60,-56
5677,13,4,8,14
5678,8,2,10,5
5679,6,6,13,11
5680,7,4,3,8
5681,-2,4,10,10
5682,5,6,4,7
5683,6,7,0,5
5684,6,8,7,7
5685,11,12,17,5
5686,4,5,5,4
5687,5,7,6,8
5688,5,4,4,4
5689,4,6,13,12
5690,-3,0,-12,8
5691,6,7,1,8
5692,2,8,10,2
5693,14,15,18,9
5694,7,10,9,9
5695,4,4,4,4
5696,11,12,9,14
5697,8,9,8,4
5698,1,0,0,10
5699,13,5,7,6
5700,2,3,3,4
5701,5,6,4,4
5702,-2,-2,-2,1
5703,5,6,5,6
5704,1,0,5,13
5705,3,4,3,5
5706,6,-2,2,2
5707,21,-7,7,15
5708,0,1,2,2
5709,7,0,0,7
5710,-4,-12,-3,1
5711,-2,9,0,7
5712,-11,-8,-3,5
5713,4,5,14,6
5714,-4,1,-1,2
5715,4,3,5,3
5716,1,4,4,1
5717,7,10,7,11
5718,-2,3,16,6
5719,5,5,6,6
5720,6,9,7,3
5721,12,7,10,11
5722,6,9,7,7
5723,5,5,5,5
5724,10,-2,4,11
5725,-2,-3,-4,-1
5726,5,4,7,8
5727,-5,-4,-4,-4
5728,1,10,8,15
5729,3,3,3,3
5730,6,4,5,7
5731,8,10,9,10
5732,5,7,6,9
5733,-12,-13,2,0
5734,6,10,6,15
5735,10,2,6,15
5736,4,4,5,5
5737,6,7,10,5
5738,0,0,14,8
5739,7,-4,2,6
5740,20,27,6,15
5741,18,8,8,8
5742,4,5,5,5
5743,6,0,-19,1
5744,3,4,3,4
5745,7,2,-6,1
5746,7,7,6,7
5747,10,13,7,9
5748,4,-1,7,8
5749,1,-7,-5,4
5750,5,-5,-1,2
5751,9,5,12,14
5752,3,3,3,3
5753,0,2,0,1
5754,7,4,-8,-2
5755,3,-1,3,-4
5756,3,3,4,5
5757,-4,-5,-3,-1
5758,7,7,5,-3
5759,11,15,17,20
5760,1,0,5,8
5761,13,5,8,7
5762,7,12,4,5
5763,5,5,3,6
5764,-1,0,0,1
5765,5,6,6,6
5766,13,10,13,15
5767,-2,-1,-1,0
5768,3,4,5,5
5769,2,5,2,19
5770,10,-1,9,11
5771,0,1,0,0
5772,0,0,12,0
5773,12,3,13,5
5774,5,8,5,9
5775,1,4,12,0
5776,2,3,3,4
5777,2,3,3,3
5778,-3,3,2,10
5779,8,9,6,8
5780,4,5,1,8
5781,4,8,-17,0
5782,2,4,13,7
5783,10,5,5,10
5784,5,5,5,6
5785,4,7,8,15
5786,9,-3,1,2
5787,14,0,0,10
5788,0,9,9,10
5789,-2,-2,-2,-1
5790,6,3,3,1
5791,8,13,10,16
5792,8,10,9,12
5793,0,3,1,4
5794,5,8,7,9
5795,6,10,9,8
5796,6,7,10,7
5797,1,2,2,3
5798,2,1,2,7
5799,2,2,-2,-1
5800,11,3,6,5
5801,11,12,11,14
5802,5,5,6,6
5803,-1,4,0,4
5804,3,2,3,4
5805,-4,1,4,14
5806,3,4,3,3
5807,6,8,6,8
5808,6,5,3,7
5809,1,1,0,0
5810,9,8,9,12
5811,3,2,2,3
5812,9,9,9,9
5813,0,1,1,1
5814,2,10,9,9
5815,3,4,5,3
5816,2,5,-2,4
5817,7,6,4,7
5818,0,13,9,3
5819,9,4,10,4
5820,5,4,4,4
5821,7,6,7,13
5822,1,1,2,7
5823,10,9,10,7
5824,5,10,1,4
5825,4,4,4,5
5826,8,8,6,4
5827,4,5,4,5
5828,1,1,1,1
5829,11,6,0,4
5830,6,13,4,13
5831,3,6,5,7
5832,1,10,0,5
5833,4,8,3,10
5834,11,5,8,8
5835,2,2,6,13
5836,1,2,2,2
5837,-9,0,-10,-10
5838,3,11,9,9
5839,4,3,3,4
5840,3,3,3,3
5841,7,0,2,11
5842,5,9,8,9
5843,5,6,1,6
5844,15,3,16,15
5845,1,-4,8,8
5846,0,-1,14,7
5847,-5,-4,2,1
5848,-3,-2,-3,-2
5849,3,3,4,4
5850,6,7,7,7
5851,-1,1,-2,1
5852,0,-5,0,3
5853,1,2,1,2
5854,3,1,2,3
5855,5,6,6,6
5856,-1,6,-4,6
5857,10,4,13,8
5858,6,7,7,8
5859,1,6,5,2
5860,5,6,6,6
5861,5,3,4,0
5862,1,3,1,5
5863,3,11,-5,11
5864,5,5,5,6
5865,5,11,8,5
5866,7,6,4,13
5867,-3,-3,-3,-2
5868,6,5,3,5
5869,7,7,-7,21
5870,2,4,3,4
5871,6,9,0,6
5872,-2,-1,-2,0
5873,7,12,8,11
5874,11,8,4,10
5875,0,2,7,6
5876,2,11,4,11
5877,14,0,6,14
5878,-1,0,0,1
5879,1,1,2,2
5880,2,9,19,8
5881,0,2,0,3
5882,-2,1,-1,0
5883,6,7,7,8
5884,8,5,13,14
5885,14,3,11,9
5886,1,1,2,2
5887,9,5,10,6
5888,11,0,5,2
5889,4,0,-2,-1
5890,-4,0,1,2
5891,2,2,6,-2
5892,2,11,4,11
5893,-1,3,1,7
5894,3,3,4,4
5895,3,4,6,11
5896,4,13,10,6
5897,4,0,-1,4
5898,6,5,3,4
5899,3,9,4,15
5900,4,5,4,5
5901,1,1,1,2
5902,7,7,8,9
5903,12,10,8,12
5904,7,12,7,12
5905,5,5,4,6
5906,3,4,4,4
5907,7,3,1,4
5908,7,8,7,13
5909,4,4,5,5
5910,0,0,0,0
5911,4,5,7,12
5912,12,10,5,13
5913,-3,-2,-2,-1
5914,8,3,7,6
5915,11,15,4,8
5916,10,2,5,8
5917,7,8,6,7
5918,0,0,1,1
5919,3,3,3,3
5920,9,18,9,22
5921,13,3,8,-7
5922,2,2,4,4
5923,-1,-1,-1,-1
5924,10,9,7,13
5925,4,3,4,7
5926,7,6,7,7
5927,11,4,3,3
5928,1,1,0,0
5929,4,8,2,9
5930,8,7,8,8
5931,-1,0,-1,0
5932,-4,-6,1,0
5933,8,12,11,11
5934,10,5,5,8
5935,4,0,3,3
5936,-1,-14,-13,-13
5937,13,16,7,17
5938,12,9,11,9
5939,-4,10,9,10
5940,4,8,9,6
5941,5,-4,10,4
5942,-2,-2,-3,1
5943,8,3,7,7
5944,7,8,6,7
5945,0,6,6,6
5946,4,4,-21,-6
5947,5,6,6,6
5948,10,3,9,12
5949,10,-1,1,-7
5950,1,3,5,4
5951,3,2,3,3
5952,10,11,9,11
5953,6,15,11,4
5954,15,3,-3,4
5955,7,8,6,9
5956,7,8,8,8
5957,6,5,12,14
5958,1,0,4,5
5959,1,-1,7,0
5960,0,1,1,1
5961,5,5,6,6
5962,-2,4,3,-1
5963,8,9,12,5
5964,2,2,2,2
5965,3,-6,7,3
5966,1,0,-1,7
5967,2,6,2,-1
5968,5,8,5,8
5969,-1,-2,2,6
5970,14,13,12,12
5971,11,-6,5,12
5972,8,2,-4,3
5973,7,7,6,9
5974,4,7,7,-1
5975,6,5,9,11
5976,-1,6,8,7
5977,-1,-3,7,12
5978,10,7,3,8
5979,5,9,8,5
5980,0,0,0,1
5981,3,2,4,5
5982,3,4,4,4
5983,3,4,3,4
5984,12,7,3,10
5985,5,5,4,5
5986,10,12,11,13
5987,-13,1,-6,5
5988,3,4,-2,6
5989,5,4,3,7
5990,10,12,18,10
5991,0,10,0,1
5992,5,8,7,9
5993,1,2,0,2
5994,5,6,7,7
5995,4,5,6,7
5996,5,6,5,6
5997,5,1,2,8
5998,6,6,6,7
5999,4,11,5,7
6000,1,0,1,0
6001,13,7,7,-1
6002,0,1,1,1
6003,5,3,4,-2
6004,-5,-6,-5,-9
6005,-1,-1,-1,-1
6006,13,3,-3,0
6007,5,4,4,7
6008,0,0,5,10
6009,5,7,4,14
6010,1,1,0,-1
6011,0,0,0,1
6012,6,6,5,9
6013,4,4,5,5
6014,8,6,9,10
6015,9,7,5,8
6016,1,4,-1,7
6017,10,10,20,8
6018,9,8,7,10
6019,-2,-3,-4,2
6020,4,8,11,4
6021,5,5,4,6
6022,7,9,8,10
6023,-2,-1,-3,-1
6024,16,9,13,9
6025,18,13,7,5
6026,11,9,1,3
6027,8,9,10,10
6028,4,8,-1,4
6029,8,1,1,7
6030,5,4,5,5
6031,4,6,-3,7
6032,6,13,11,17
6033,-10,-2,0,12
6034,6,5,5,4
6035,-1,-2,3,0
6036,11,13,11,9
6037,4,7,12,11
6038,2,3,3,3
6039,3,3,3,3
6040,1,4,-3,1
6041,4,6,5,6
6042,9,2,8,13
6043,4,3,7,10
6044,3,5,7,8
6045,4,5,5,6
6046,-1,1,1,1
6047,-2,-1,-2,-2
6048,-3,-5,1,-2
6049,7,12,4,7
6050,4,9,5,7
6051,-2,2,4,9
6052,5,5,3,6
6053,-1,1,-1,0
6054,4,1,6,5
6055,1,1,0,1
6056,19,9,6,13
6057,3,7,9,0
6058,2,3,3,1
6059,3,7,4,6
6060,10,19,13,13
6061,1,2,2,2
6062,8,7,0,8
6063,3,0,1,2
6064,3,3,1,4
6065,4,5,6,6
6066,4,5,4,5
6067,1,-1,-1,1
6068,4,4,0,6
6069,5,4,4,5
6070,6,8,2,7
6071,5,6,8,7
6072,9,5,11,15
6073,2,7,-1,-4
6074,3,3,4,5
6075,1,2,7,3
6076,6,6,7,8
6077,13,10,15,14
6078,4,4,14,4
6079,3,4,5,5
6080,6,14,5,11
6081,5,7,8,8
6082,7,4,-4,23
6083,6,4,10,3
6084,13,6,7,14
6085,9,4,6,12
6086,-2,-2,-1,-1
6087,13,8,10,8
6088,0,2,4,0
6089,0,0,0,1
6090,0,0,0,0
6091,-1,8,2,-2
6092,2,2,3,3
6093,-6,4,0,3
6094,2,6,6,7
6095,3,3,3,3
6096,19,3,3,10
6097,11,7,6,16
6098,3,9,3,10
6099,3,4,3,4
6100,8,8,9,10
6101,-1,-1,-1,0
6102,-1,-1,3,3
6103,11,8,13,9
6104,14,10,16,3
6105,9,7,7,9
6106,10,-8,3,-2
6107,1,8,-1,4
6108,3,-3,5,1
6109,-3,-4,-1,-5
6110,4,4,3,5
6111,3,10,4,7
6112,5,-2,7,1
6113,9,10,9,9
6114,5,7,7,7
6115,5,10,10,7
6116,-3,2,-1,-7
6117,1,8,5,6
6118,4,3,4,0
6119,8,13,8,9
6120,14,4,11,11
6121,2,3,3,3
6122,1,2,2,3
6123,-5,10,-5,12
6124,5,10,10,8
6125,-3,3,0,23
6126,5,8,2,10
6127,3,4,3,4
6128,5,8,10,10
6129,-11,-19,-11,-3
6130,5,17,10,7
6131,7,15,13,7
6132,3,4,4,4
6133,5,5,5,6
6134,11,8,10,7
6135,5,10,8,9
6136,1,2,2,2
6137,5,6,8,3
6138,5,7,0,6
6139,6,11,7,4
6140,4,4,10,9
6141,4,4,4,5
6142,-4,0,1,1
6143,3,3,8,10
6144,3,3,2,2
6145,7,10,10,18
6146,-2,-2,-3,0
6147,3,10,4,10
6148,5,5,15,6
6149,1,1,1,2
6150,2,8,6,12
6151,4,5,5,5
6152,-3,-3,9,4
6153,8,7,6,12
6154,1,5,-1,-8
6155,8,16,-1,-1
6156,10,10,9,10
6157,9,8,5,16
6158,6,6,9,10
6159,8,10,7,4
6160,8,14,4,11
6161,2,3,-5,4
6162,2,7,5,11
6163,1,0,2,8
6164,11,11,10,13
6165,7,8,8,9
6166,3,4,4,4
6167,7,10,10,10
6168,8,4,3,6
6169,11,5,0,3
6170,13,3,5,9
6171,11,3,-3,0
6172,2,2,3,3
6173,5,5,3,6
6174,5,7,4,5
6175,2,5,1,4
6176,9,8,9,11
6177,6,6,6,7
6178,4,5,6,6
6179,15,14,6,15
6180,3,12,10,4
6181,4,0,4,4
6182,9,7,8,7
6183,2,10,3,11
6184,0,0,0,0
6185,0,3,18,1
6186,3,3,4,4
6187,3,5,17,8
6188,1,1,2,2
6189,7,-6,8,10
6190,11,10,6,12
6191,4,5,-3,0
6192,8,3,13,11
6193,9,16,13,9
6194,3,-5,-4,4
6195,-4,1,-8,-7
6196,-7,-6,-6,-1
6197,0,4,2,2
6198,3,4,4,5
6199,-2,-2,-1,-2
6200,7,8,8,8
6201,6,-6,8,12
6202,1,2,1,-1
6203,0,2,2,8
6204,9,7,13,13
6205,4,6,10,5
6206,2,4,4,2
6207,11,5,18,12
6208,7,8,7,8
6209,-1,1,1,2
6210,1,0,0,9
6211,6,6,5,5
6212,-1,-1,-1,0
6213,17,1,20,17
6214,6,6,2,1
6215,4,13,12,4
6216,7,5,4,7
6217,16,5,5,7
6218,5,7,3,-2
6219,4,5,-4,4
6220,-4,5,2,2
6221,-1,-1,0,1
6222,-4,-1,0,-1
6223,0,6,6,7
6224,8,8,5,11
6225,0,0,0,3
6226,3,5,6,6
6227,8,8,0,2
6228,5,4,4,8
6229,2,2,1,2
6230,-9,1,-9,6
6231,7,9,-3,-1
6232,1,11,4,-1
6233,5,3,1,5
6234,13,3,4,12
6235,8,8,8,11
6236,6,6,6,6
6237,1,1,1,1
6238,-1,-2,-4,-1
6239,5,9,4,6
6240,5,10,9,17
6241,5,7,5,10
6242,5,2,2,6
6243,4,7,6,9
6244,6,10,13,7
6245,7,1,10,7
6246,13,-2,4,7
6247,6,5,3,2
6248,4,3,4,4
6249,12,23,13,5
6250,6,9,4,8
6251,4,4,4,5
6252,9,7,9,8
6253,5,3,9,3
6254,-1,4,6,8
6255,0,1,0,-2
6256,8,10,11,18
6257,-1,2,0,0
6258,2,-1,-2,2
6259,1,8,3,3
6260,9,6,4,8
6261,7,6,14,11
6262,6,4,3,8
6263,0,3,13,14
6264,4,5,5,5
6265,1,1,1,1
6266,1,1,2,1
6267,3,5,9,10
6268,3,2,-5,0
6269,8,5,5,8
6270,0,11,10,14
6271,7,-3,7,9
6272,4,5,5,5
6273,2,13,4,13
6274,8,7,10,11
6275,10,0,4,3
6276,14,3,7,8
6277,7,5,6,8
6278,0,0,10,8
6279,4,2,4,5
6280,5,5,-5,0
6281,5,18,10,18
6282,4,4,0,4
6283,6,6,5,8
6284,7,17,10,10
6285,-2,5,12,2
6286,7,7,8,8
6287,5,7,8,5
6288,10,5,5,5
6289,2,5,4,5
6290,0,1,-1,0
6291,4,6,7,6
6292,10,6,6,6
6293,8,11,7,11
6294,9,7,14,22
6295,7,11,11,8
6296,0,0,-8,0
6297,5,6,7,6
6298,5,6,4,1
6299,3,4,3,4
6300,3,8,-1,0
6301,6,7,8,8
6302,19,-8,6,4
6303,5,4,2,7
6304,3,3,3,3
6305,0,1,0,1
6306,1,1,0,0
6307,-1,-1,-1,0
6308,4,10,10,12
6309,2,3,1,2
6310,1,0,1,1
6311,-1,20,0,0
6312,10,10,7,11
6313,4,3,11,4
6314,3,3,8,6
6315,-2,-2,-4,4
6316,0,1,2,0
6317,7,3,9,20
6318,-9,-5,1,5
6319,17,12,12,13
6320,8,0,8,6
6321,0,-1,2,-1
6322,2,2,3,2
6323,4,5,5,5
6324,-1,-2,-1,-1
6325,10,8,10,8
6326,1,7,3,7
6327,11,5,6,8
6328,7,7,10,9
6329,6,9,4,2
6330,-3,3,-9,12
6331,-3,-6,-8,-3
6332,3,1,3,7
6333,4,4,5,5
6334,7,8,8,8
6335,7,10,5,9
6336,3,-2,12,14
6337,4,0,0,4
6338,7,2,7,7
6339,-1,7,0,11
6340,-5,12,7,-4
6341,14,0,0,0
6342,16,14,15,18
6343,0,0,0,0
6344,0,3,3,3
6345,5,9,12,8
6346,8,11,8,5
6347,16,0,12,14
6348,1,2,1,2
6349,13,10,5,17
6350,7,9,7,11
6351,7,5,10,10
6352,-15,2,2,8
6353,3,3,2,5
6354,4,11,6,-3
6355,4,7,-2,3
6356,7,5,8,6
6357,4,7,3,14
6358,0,5,-1,10
6359,0,-3,-14,-18
6360,7,10,7,15
6361,-2,1,2,4
6362,5,-9,13,-2
6363,5,6,4,6
6364,-5,3,-3,-1
6365,5,10,8,9
6366,12,7,5,14
6367,9,5,9,11
6368,3,11,2,11
6369,4,-1,-1,3
6370,14,8,16,9
6371,12,20,9,14
6372,1,3,5,7
6373,2,0,0,1
6374,3,3,5,4
6375,0,0,10,0
6376,-8,-8,5,2
6377,10,9,8,13
6378,2,3,3,3
6379,19,6,4,16
6380,0,0,6,2
6381,4,4,4,4
6382,5,-1,6,13
6383,-2,-2,-1,-3
6384,6,8,1,11
6385,-1,-1,-1,0
6386,9,5,8,1
6387,13,13,8,13
6388,0,1,6,-1
6389,5,9,5,6
6390,-7,0,-5,1
6391,1,6,7,8
6392,9,12,2,-2
6393,-8,3,1,0
6394,1,0,0,1
6395,1,2,2,3
6396,6,1,2,6
6397,2,2,2,2
6398,5,5,12,11
6399,-4,-1,3,7
6400,4,4,5,4
6401,10,9,2,2
6402,1,10,10,5
6403,3,0,5,-1
6404,1,2,2,3
6405,5,10,9,10
6406,0,3,10,6
6407,-6,-3,8,-9
6408,1,7,8,28
6409,9,6,4,7
6410,2,2,2,2
6411,4,5,9,13
6412,8,9,25,13
6413,9,2,6,6
6414,6,8,8,8
6415,0,2,3,0
6416,16,8,17,9
6417,7,7,8,8
6418,1,3,3,3
6419,9,18,9,14
6420,4,4,5,5
6421,7,12,7,17
6422,14,-4,-1,0
6423,7,15,-9,4
6424,2,1,1,9
6425,1,6,5,4
6426,7,6,8,7
6427,7,1,-5,14
6428,0,9,17,11
6429,2,13,5,-2
6430,6,4,3,6
6431,-2,-4,-2,-3
6432,4,6,3,8
6433,8,12,5,10
6434,2,2,2,3
6435,6,0,2,7
6436,17,15,7,1
6437,10,6,7,10
6438,3,9,15,1
6439,8,7,12,11
6440,7,5,5,7
6441,-3,-6,12,2
6442,10,4,5,1
6443,-1,1,-1,5
6444,7,6,7,9
6445,5,10,10,6
6446,-66,-65,-66,-64
6447,3,5,-3,5
6448,0,10,7,3
6449,5,8,8,5
6450,2,3,5,4
6451,0,-1,-1,-1
6452,3,4,1,4
6453,3,3,4,3
6454,-1,13,5,2
6455,11,10,7,12
6456,6,11,8,12
6457,3,3,4,3
6458,10,7,10,15
6459,18,11,1,7
6460,4,5,2,3
6461,9,7,3,9
6462,-3,3,4,14
6463,0,0,2,-1
6464,-5,6,0,6
6465,6,6,6,7
6466,10,6,9,5
6467,16,3,-4,8
6468,13,9,9,13
6469,2,6,3,-7
6470,3,4,5,4
6471,-9,0,-1,-4
6472,0,-15,1,18
6473,4,1,6,3
6474,6,6,6,17
6475,13,10,3,16
6476,3,3,3,3
6477,8,-2,-1,6
6478,0,0,0,5
6479,1,1,1,4
6480,5,14,13,12
6481,5,5,5,9
6482,4,6,6,6
6483,4,5,5,5
6484,2,2,3,3
6485,0,0,6,4
6486,-1,-1,4,1
6487,0,10,8,4
6488,6,6,7,7
6489,4,6,6,6
6490,-5,4,0,0
6491,7,7,10,-3
6492,1,1,1,7
6493,4,10,-4,3
6494,14,3,6,3
6495,7,6,6,10
6496,0,6,-4,9
6497,1,3,1,2
6498,11,8,7,3
6499,8,-8,4,14
6500,6,4,5,5
6501,0,4,1,0
6502,4,6,5,6
6503,10,5,11,8
6504,5,6,7,6
6505,-50,-60,-52,-51
6506,-6,-4,2,-2
6507,5,7,8,8
6508,7,7,7,8
6509,3,10,4,3
6510,5,6,7,7
6511,8,7,7,6
6512,4,4,5,6
6513,7,2,3,11
6514,2,12,-1,6
6515,1,2,2,1
6516,-3,-1,0,4
6517,-1,1,0,1
6518,11,12,12,11
6519,11,11,12,12
6520,-11,9,-1,2
6521,2,15,3,-6
6522,8,9,2,13
6523,12,15,11,6
6524,7,3,7,10
6525,5,4,10,8
6526,5,10,9,7
6527,7,2,4,2
6528,11,5,8,14
6529,3,4,7,5
6530,10,2,-5,2
6531,5,7,11,7
6532,0,10,10,4
6533,6,6,7,5
6534,8,7,7,7
6535,4,7,6,7
6536,12,7,14,7
6537,3,7,8,9
6538,7,9,12,9
6539,0,0,10,15
6540,8,12,12,9
6541,7,9,11,21
6542,-2,-1,-2,0
6543,0,0,7,0
6544,3,5,1,2
6545,6,7,7,9
6546,8,7,5,16
6547,7,6,3,8
6548,7,10,6,6
6549,6,15,15,6
6550,1,5,0,3
6551,-1,6,8,6
6552,6,6,4,7
6553,9,6,3,12
6554,11,15,12,21
6555,3,3,4,4
6556,1,2,2,-2
6557,-1,4,3,-6
6558,5,4,6,4
6559,-3,-2,-3,-1
6560,7,5,6,2
6561,2,1,-1,0
6562,0,3,2,2
6563,7,8,6,8
6564,2,2,-2,2
6565,0,10,5,7
6566,1,1,2,3
6567,8,7,0,10
6568,7,7,8,8
6569,7,8,0,7
6570,5,6,6,6
6571,5,9,11,5
6572,-2,-1,-1,0
6573,-6,8,2,6
6574,2,11,5,3
6575,4,5,4,5
6576,3,10,9,6
6577,-3,-5,-8,-3
6578,14,16,14,14
6579,10,10,10,11
6580,5,5,5,5
6581,1,1,0,0
6582,4,6,-3,9
6583,9,13,3,11
6584,8,8,8,10
6585,5,5,3,6
6586,0,2,1,1
6587,9,10,5,4
6588,9,7,9,12
6589,-1,2,8,7
6590,1,2,0,0
6591,8,11,14,14
6592,2,1,6,12
6593,6,7,7,9
6594,2,1,2,2
6595,7,6,5,9
6596,4,18,11,15
6597,14,4,11,11
6598,20,21,1,18
6599,8,7,6,8
6600,-1,-1,1,0
6601,6,4,-3,14
6602,3,7,5,7
6603,5,1,1,9
6604,1,3,1,2
6605,3,3,4,3
6606,12,3,4,9
6607,-1,13,-4,-1
6608,6,8,5,13
6609,12,10,12,9
6610,2,-1,-2,14
6611,6,10,8,6
6612,5,12,6,7
6613,3,-2,-1,3
6614,5,10,6,7
6615,2,2,2,3
6616,11,3,9,11
6617,6,2,9,6
6618,2,2,2,4
6619,2,2,3,3
6620,1,4,4,3
6621,5,20,11,8
6622,10,11,9,11
6623,6,7,7,7
6624,1,0,2,8
6625,-1,16,-3,8
6626,5,-9,9,12
6627,-5,6,-1,-10
6628,2,2,2,3
6629,10,9,8,9
6630,12,10,0,6
6631,5,6,4,7
6632,6,10,10,10
6633,5,8,3,8
6634,1,1,1,0
6635,7,7,5,13
6636,7,6,10,3
6637,9,7,9,8
6638,0,9,9,7
6639,10,-1,5,8
6640,8,8,7,8
6641,10,12,3,10
6642,4,1,0,0
6643,4,7,8,13
6644,3,4,5,5
6645,6,7,7,7
6646,0,0,0,2
6647,5,-5,-9,5
6648,0,0,0,9
6649,10,11,13,14
6650,2,-2,0,2
6651,0,1,1,1
6652,6,7,8,8
6653,7,9,10,5
6654,6,7,8,7
6655,10,3,5,13
6656,5,10,5,5
6657,2,3,3,4
6658,6,9,6,5
6659,13,9,6,15
6660,5,6,6,6
6661,3,10,7,8
6662,2,3,2,4
6663,6,7,8,8
6664,9,7,4,11
6665,6,7,8,11
6666,-2,10,4,0
6667,-1,-4,-4,0
6668,2,3,3,3
6669,3,3,4,4
6670,4,13,12,11
6671,2,3,0,12
6672,-1,-17,1,3
6673,1,6,2,5
6674,3,2,2,2
6675,0,-1,10,5
6676,7,2,5,5
6677,5,7,7,7
6678,0,7,8,11
6679,4,2,0,9
6680,-14,-10,-21,-3
6681,6,6,4,7
6682,14,12,12,14
6683,5,6,5,7
6684,5,10,8,8
6685,4,-1,3,1
6686,11,1,7,6
6687,13,15,15,15
6688,5,-5,13,-1
6689,6,5,7,5
6690,2,3,2,3
6691,3,3,0,5
6692,5,5,5,6
6693,1,2,2,3
6694,6,9,7,10
6695,3,9,2,3
6696,-3,-2,-11,9
6697,6,7,4,7
6698,6,8,4,7
6699,5,5,4,6
6700,6,7,6,4
6701,12,12,14,6
6702,2,2,2,7
6703,10,7,7,9
6704,8,3,3,7
6705,10,4,8,10
6706,6,11,11,8
6707,5,0,12,5
6708,4,10,-1,4
6709,5,5,6,7
6710,-2,10,6,-3
6711,4,4,8,7
6712,-6,-5,-6,-3
6713,4,1,15,8
6714,6,6,10,6
6715,5,5,8,5
6716,7,7,7,9
6717,6,8,7,8
6718,-1,0,1,0
6719,3,7,6,9
6720,3,3,6,11
6721,-12,-6,7,11
6722,7,7,8,8
6723,7,8,7,8
6724,5,4,5,10
6725,6,8,8,8
6726,8,12,8,18
6727,2,9,2,3
6728,8,11,10,11
6729,2,11,4,6
6730,1,0,1,0
6731,11,10,19,13
6732,10,8,7,9
6733,2,5,2,8
6734,2,-5,-7,1
6735,5,6,8,6
6736,10,9,11,10
6737,10,8,7,-6
6738,12,2,4,6
6739,5,7,4,6
6740,10,1,-3,-3
6741,6,6,8,9
6742,3,4,4,6
6743,2,2,3,2
6744,5,0,0,3
6745,8,15,6,13
6746,0,1,0,0
6747,4,9,9,8
6748,0,0,0,1
6749,-1,0,0,0
6750,5,5,5,5
6751,-3,1,1,6
6752,3,16,7,9
6753,-2,-2,-2,0
6754,-2,0,2,2
6755,3,-2,-8,1
6756,3,4,9,5
6757,7,4,0,7
6758,3,6,9,12
6759,5,8,5,7
6760,7,9,7,9
6761,3,2,3,3
6762,5,5,5,6
6763,2,2,1,4
6764,-1,2,-2,9
6765,7,5,3,7
6766,5,10,6,12
6767,-8,-4,1,-10
6768,10,7,3,9
6769,4,5,6,6
6770,1,1,2,2
6771,7,10,8,6
6772,2,2,3,4
6773,9,13,10,11
6774,-1,4,3,2
6775,8,8,8,8
6776,-4,18,11,11
6777,2,2,3,6
6778,-8,-1,-3,3
6779,12,13,8,12
6780,2,1,1,4
6781,1,0,-1,-2
6782,15,9,9,5
6783,-28,-4,-7,3
6784,3,9,0,18
6785,12,11,12,17
6786,4,0,3,1
6787,5,11,8,9
6788,5,5,5,5
6789,4,2,16,12
6790,0,0,8,1
6791,-1,-1,-1,1
6792,7,8,2,4
6793,7,10,3,10
6794,11,5,10,13
6795,-3,3,7,1
6796,6,1,1,6
6797,5,10,4,14
6798,-1,1,1,1
6799,12,9,8,-1
6800,18,11,8,16
6801,8,9,3,9
6802,1,1,2,2
6803,3,11,5,11
6804,8,8,8,11
6805,2,4,2,3
6806,12,-5,-6,1
6807,6,7,5,6
6808,11,9,8,12
6809,4,13,4,4
6810,10,10,11,11
6811,7,8,8,7
6812,3,0,5,6
6813,13,9,18,4
6814,5,5,6,5
6815,6,8,7,10
6816,6,5,4,7
6817,10,5,9,10
6818,8,8,8,7
6819,2,8,-4,5
6820,-2,-2,-2,-1
6821,-3,-4,-4,-1
6822,11,6,7,13
6823,9,8,-7,2
6824,4,11,7,11
6825,5,6,6,6
6826,7,9,8,8
6827,2,3,3,3
6828,6,10,12,11
6829,-3,-4,2,0
6830,2,4,4,2
6831,2,-1,5,4
6832,5,7,10,11
6833,13,13,12,15
6834,1,1,1,4
6835,9,3,6,5
6836,9,0,5,9
6837,6,7,4,11
6838,5,8,6,13
6839,12,10,5,-7
6840,5,5,3,5
6841,5,3,13,21
6842,6,8,12,1
6843,3,1,2,4
6844,3,5,19,7
6845,20,5,9,13
6846,-1,3,-3,4
6847,3,10,8,13
6848,10,8,9,15
6849,-2,-1,0,1
6850,3,4,4,5
6851,6,7,7,8
6852,0,0,0,0
6853,4,8,1,5
6854,7,-1,-1,-5
6855,8,7,6,9
6856,1,4,6,2
6857,7,6,6,12
6858,8,4,8,6
6859,13,13,10,13
6860,2,1,7,7
6861,-1,1,1,0
6862,6,7,7,8
6863,7,7,6,9
6864,0,2,1,1
6865,-5,3,10,3
6866,-1,11,4,4
6867,4,6,6,8
6868,4,5,5,5
6869,0,0,0,0
6870,7,10,10,8
6871,4,10,15,16
6872,13,6,10,13
6873,11,11,11,12
6874,-3,7,-3,2
6875,2,7,8,7
6876,-3,-1,-4,-3
6877,3,-1,12,6
6878,10,5,14,11
6879,4,-4,1,3
6880,6,2,2,10
6881,5,6,5,11
6882,8,10,1,9
6883,3,7,-3,3
6884,5,4,7,8
6885,1,7,16,2
6886,-3,2,4,11
6887,-5,0,3,5
6888,7,7,6,9
6889,6,6,5,5
6890,2,4,3,2
6891,2,2,4,3
6892,4,3,3,4
6893,1,1,0,0
6894,13,1,4,8
6895,13,15,10,19
6896,-14,-4,0,-4
6897,1,11,5,1
6898,3,0,6,5
6899,2,8,4,3
6900,1,11,3,0
6901,13,8,7,11
6902,6,4,3,7
6903,6,9,0,4
6904,1,1,1,2
6905,5,4,6,15
6906,10,9,7,7
6907,6,6,1,3
6908,12,9,4,-9
6909,7,9,10,7
6910,6,16,10,9
6911,-5,4,-9,-17
6912,-5,7,4,6
6913,8,-1,-4,8
6914,-1,0,1,7
6915,15,9,5,15
6916,-3,-1,-4,4
6917,5,7,4,7
6918,-5,-5,-4,12
6919,0,6,12,0
6920,6,11,7,7
6921,4,3,4,4
6922,12,14,14,9
6923,9,4,10,6
6924,6,11,11,4
6925,-6,-11,-9,0
6926,-12,-2,1,-6
6927,2,2,3,2
6928,-2,10,-4,1
6929,0,0,-2,1
6930,-31,-21,-28,-19
6931,12,8,13,4
6932,8,15,7,-1
6933,13,10,4,10
6934,7,6,5,8
6935,5,6,6,10
6936,1,6,5,3
6937,-2,0,2,1
6938,-1,1,0,-15
6939,0,1,1,1
6940,1,2,3,2
6941,1,3,3,4
6942,-14,-6,-16,4
6943,3,4,5,5
6944,8,-2,9,9
6945,2,2,0,5
6946,1,1,5,3
6947,14,10,6,14
6948,6,5,3,5
6949,7,7,7,7
6950,4,3,2,3
6951,14,5,8,10
6952,4,6,5,5
6953,4,6,4,6
6954,-8,2,8,21
6955,0,9,0,10
6956,1,-1,11,-1
6957,0,2,2,4
6958,23,7,6,20
6959,4,3,5,8
6960,13,9,2,12
6961,11,9,15,16
6962,7,3,5,4
6963,-4,8,0,13
6964,2,2,6,5
6965,2,9,4,6
6966,12,1,7,14
6967,3,3,3,3
6968,7,4,8,6
6969,9,11,8,7
6970,-6,0,2,-1
6971,2,0,2,2
6972,-1,-1,3,0
6973,5,10,4,12
6974,8,13,9,16
6975,0,1,1,3
6976,7,7,0,7
6977,5,12,10,11
6978,-5,-2,1,-4
6979,1,-4,-14,-1
6980,6,7,4,7
6981,5,1,12,2
6982,8,9,5,5
6983,4,7,9,9
6984,0,0,0,0
6985,-8,3,0,15
6986,5,8,13,8
6987,4,6,11,14
6988,-3,-2,-3,-3
6989,2,-8,2,0
6990,14,8,11,11
6991,6,6,3,14
6992,3,11,10,5
6993,-2,9,-8,4
6994,8,8,9,9
6995,6,11,12,17
6996,15,4,11,10
6997,7,1,9,11
6998,19,7,8,14
6999,7,7,7,7
7000,9,2,5,3
7001,6,6,11,5
7002,-6,13,-1,7
7003,4,10,10,5
7004,3,2,5,4
7005,4,8,5,6
7006,-7,-9,2,-1
7007,0,12,2,8
7008,8,7,10,11
7009,2,21,8,8
7010,2,5,5,6
7011,-5,9,5,4
7012,0,1,1,1
7013,4,2,4,6
7014,-2,1,6,3
7015,8,8,5,7
7016,8,8,7,9
7017,6,6,2,5
7018,10,11,12,12
7019,6,5,7,7
7020,0,1,1,-2
7021,1,0,1,1
7022,9,13,10,13
7023,4,4,5,7
7024,7,8,4,4
7025,10,6,19,18
7026,6,5,0,8
7027,11,2,6,11
7028,-5,-4,-2,-2
7029,1,1,2,1
7030,3,2,3,3
7031,9,6,8,11
7032,8,9,9,10
7033,9,8,7,10
7034,11,1,6,-1
7035,8,11,12,12
7036,0,0,0,0
7037,15,4,7,4
7038,4,5,6,5
7039,7,8,3,9
7040,1,-1,2,0
7041,11,5,5,6
7042,16,7,10,4
7043,0,15,0,7
7044,1,0,-3,2
7045,2,1,2,2
7046,4,5,5,6
7047,14,4,4,-5
7048,5,2,4,3
7049,4,8,3,7
7050,2,2,2,3
7051,2,8,4,4
7052,0,1,1,1
7053,7,7,5,9
7054,5,3,3,3
7055,5,4,5,5
7056,0,0,0,0
7057,6,9,12,3
7058,0,0,0,0
7059,4,12,6,2
7060,2,1,7,-10
7061,12,12,10,15
7062,11,10,9,9
7063,1,-2,2,2
7064,11,10,8,7
7065,2,2,2,2
7066,3,4,3,3
7067,-3,-1,2,1
7068,10,1,8,7
7069,6,8,10,8
7070,7,5,4,8
7071,9,3,-5,3
7072,12,8,-2,3
7073,2,0,1,-5
7074,3,4,5,5
7075,2,3,3,3
7076,1,7,5,10
7077,11,8,12,8
7078,1,3,1,1
7079,5,6,5,6
7080,1,0,-1,0
7081,15,6,8,11
7082,4,3,3,4
7083,6,2,7,5
7084,10,9,16,9
7085,6,7,8,7
7086,0,-4,7,5
7087,-3,-1,-1,1
7088,3,6,5,6
7089,1,3,3,3
7090,7,11,8,12
7091,7,8,5,8
7092,1,1,1,2
7093,-2,0,0,-1
7094,2,2,3,4
7095,0,5,0,9
7096,3,5,5,6
7097,7,4,3,5
7098,3,6,-6,0
7099,14,6,9,14
7100,9,6,9,18
7101,0,9,2,5
7102,5,6,7,7
7103,5,7,8,8
7104,7,6,6,1
7105,14,21,19,31
7106,4,2,-3,-1
7107,4,4,9,7
7108,6,17,8,10
7109,-15,-23,-1,-5
7110,4,16,17,0
7111,-3,10,1,8
7112,4,4,6,4
7113,5,9,8,9
7114,5,11,6,6
7115,18,16,6,15
7116,9,9,4,10
7117,4,19,8,8
7118,7,6,7,7
7119,-1,1,1,1
7120,0,-1,3,6
7121,-14,-20,-3,1
7122,6,6,17,11
7123,5,7,-4,-3
7124,7,8,7,6
7125,10,11,12,12
7126,8,8,6,10
7127,-4,-1,4,16
7128,1,0,0,3
7129,6,11,9,8
7130,6,6,4,6
7131,13,6,14,5
7132,17,3,5,1
7133,4,5,5,6
7134,7,7,7,11
7135,-3,-3,-3,-1
7136,5,10,10,9
7137,3,4,3,2
7138,-1,1,4,15
7139,13,13,10,6
7140,0,0,0,0
7141,0,1,1,1
7142,9,7,13,10
7143,1,3,2,3
7144,-5,4,5,7
7145,2,3,5,3
7146,-2,-2,1,1
7147,-2,3,2,8
7148,3,7,1,12
7149,4,2,0,6
7150,4,3,2,6
7151,-2,1,4,0
7152,4,19,4,4
7153,4,9,8,6
7154,3,5,4,5
7155,2,6,5,5
7156,7,3,3,8
7157,10,8,8,10
7158,-3,-5,-4,1
7159,3,-1,9,5
7160,7,18,20,16
7161,-1,7,5,12
7162,0,1,1,1
7163,6,0,4,9
7164,6,3,4,9
7165,3,4,4,5
7166,6,5,7,7
7167,-3,3,7,11
7168,7,5,6,7
7169,4,4,5,5
7170,2,1,7,2
7171,1,-3,-6,4
7172,-12,8,-8,0
7173,6,7,9,10
7174,10,1,0,0
7175,9,11,6,6
7176,2,3,2,3
7177,6,10,1,24
7178,9,11,1,7
7179,5,4,4,3
7180,5,11,8,10
7181,7,3,9,4
7182,5,6,3,5
7183,0,5,-1,-1
7184,3,5,5,4
7185,0,-2,-4,10
7186,6,12,10,6
7187,0,7,6,8
7188,0,0,1,2
7189,10,4,-4,14
7190,6,4,7,14
7191,4,1,4,7
7192,0,0,-2,0
7193,4,5,3,5
7194,5,6,6,10
7195,0,-4,0,-1
7196,6,6,7,6
7197,9,11,0,21
7198,-38,-18,-43,-26
7199,7,9,9,9
7200,-1,-2,6,-1
7201,5,5,-3,5
7202,-2,1,0,8
7203,0,4,3,2
7204,11,3,2,0
7205,0,3,0,2
7206,5,8,5,10
7207,5,5,3,6
7208,1,2,7,4
7209,-1,3,19,4
7210,-5,-5,-5,-2
7211,5,6,7,7
7212,4,5,5,6
7213,4,4,4,6
7214,-5,6,9,9
7215,7,6,5,13
7216,11,6,8,4
7217,7,7,5,7
7218,3,7,5,8
7219,9,18,14,4
7220,2,3,3,3
7221,-4,-4,0,9
7222,6,7,6,10
7223,3,11,6,13
7224,5,5,8,8
7225,8,6,1,8
7226,0,0,0,7
7227,-2,-2,-1,-1
7228,0,0,0,7
7229,7,7,7,7
7230,7,6,4,8
7231,5,5,5,6
7232,0,6,11,5
7233,8,10,1,7
7234,7,4,-2,0
7235,-1,0,0,0
7236,4,5,6,5
7237,-2,-2,3,5
7238,4,5,5,5
7239,2,4,3,3
7240,1,2,1,2
7241,5,4,1,2
7242,5,6,5,7
7243,4,5,6,6
7244,3,-2,10,10
7245,4,7,6,7
7246,3,4,3,4
7247,12,16,15,5
7248,5,5,6,6
7249,4,5,4,4
7250,3,8,8,0
7251,4,6,4,8
7252,0,0,-12,3
7253,11,12,5,11
7254,9,10,13,9
7255,4,6,5,23
7256,6,6,6,7
7257,4,15,5,17
7258,2,6,8,11
7259,10,4,6,7
7260,4,5,5,5
7261,0,1,0,1
7262,6,8,9,7
7263,0,0,0,0
7264,6,9,7,9
7265,10,12,7,5
7266,6,7,7,8
7267,11,17,12,6
7268,7,5,0,10
7269,9,-3,5,6
7270,7,7,5,7
7271,-6,12,13,15
7272,8,7,9,14
7273,0,0,0,0
7274,0,2,0,2
7275,2,1,2,-1
7276,6,12,4,3
7277,9,10,16,9
7278,17,15,17,27
7279,5,7,5,4
7280,-2,5,10,2
7281,2,3,3,3
7282,4,11,6,19
7283,19,3,5,8
7284,4,13,1,13
7285,10,11,7,8
7286,5,11,7,8
7287,-5,17,5,4
7288,-2,-2,-2,-1
7289,7,3,10,5
7290,-4,-3,-3,-3
7291,0,0,0,0
7292,6,4,5,6
7293,2,2,2,3
7294,-4,3,4,2
7295,8,6,5,8
7296,-3,0,-1,2
7297,3,4,3,6
7298,9,8,12,4
7299,9,9,8,13
7300,-2,10,15,5
7301,9,4,6,9
7302,9,9,7,10
7303,3,2,9,-2
7304,4,5,3,5
7305,12,10,13,13
7306,7,6,11,5
7307,0,1,1,1
7308,8,8,9,-2
7309,9,6,5,9
7310,9,12,3,5
7311,-1,-1,-1,0
7312,6,9,6,6
7313,2,2,3,2
7314,-1,2,-2,-3
7315,8,19,9,12
7316,7,4,1,9
7317,2,2,2,1
7318,8,0,5,4
7319,8,9,9,3
7320,7,9,-2,8
7321,13,9,11,14
7322,5,9,8,7
7323,6,6,7,4
7324,0,0,-1,0
7325,3,13,2,2
7326,-1,4,5,4
7327,-6,3,-9,0
7328,9,9,9,9
7329,-3,-3,-3,0
7330,3,4,4,4
7331,6,7,6,7
7332,1,9,8,5
7333,5,6,7,7
7334,2,5,3,0
7335,0,0,13,0
7336,5,7,7,9
7337,2,3,3,4
7338,7,5,4,7
7339,15,14,19,21
7340,0,0,-1,-1
7341,0,0,1,2
7342,1,1,2,1
7343,6,10,10,16
7344,3,3,2,3
7345,7,9,9,8
7346,7,6,6,8
7347,4,8,4,15
7348,6,7,7,8
7349,7,8,8,9
7350,3,0,4,5
7351,6,7,4,8
7352,12,8,10,9
7353,8,7,9,8
7354,-2,-3,-2,-2
7355,3,7,6,4
7356,1,2,2,2
7357,9,18,9,17
7358,2,2,2,2
7359,6,5,7,6
7360,0,0,0,2
7361,17,5,3,2
7362,2,2,2,2
7363,6,9,5,13
7364,3,2,-7,12
7365,1,2,5,3
7366,10,5,3,12
7367,3,4,1,4
7368,4,9,7,12
7369,6,8,8,9
7370,1,-13,4,-1
7371,7,3,0,2
7372,10,-6,4,12
7373,4,5,6,5
7374,6,7,6,7
7375,4,7,4,4
7376,0,1,7,6
7377,1,1,1,1
7378,-2,15,-6,-2
7379,1,0,0,1
7380,-5,-1,-2,1
7381,9,-1,5,1
7382,3,4,4,4
7383,-9,0,-12,1
7384,2,3,3,4
7385,5,5,10,5
7386,-1,0,2,6
7387,6,6,4,9
7388,-1,2,10,11
7389,0,6,2,3
7390,11,8,6,14
7391,4,17,13,12
7392,4,-2,7,3
7393,9,12,10,8
7394,5,10,8,7
7395,-62,-62,-63,-60
7396,8,7,5,16
7397,8,8,6,8
7398,5,7,7,7
7399,-1,10,6,7
7400,-5,-11,-1,7
7401,3,11,6,11
7402,2,3,1,1
7403,13,11,6,18
7404,0,4,7,6
7405,15,1,2,8
7406,10,18,11,15
7407,-1,0,-1,0
7408,13,7,7,6
7409,9,15,12,13
7410,1,2,5,7
7411,15,6,13,8
7412,-2,-3,-2,3
7413,7,10,-1,3
7414,-4,6,6,7
7415,-1,3,6,9
7416,4,6,-1,12
7417,6,7,5,8
7418,3,11,11,3
7419,7,-7,13,6
7420,1,2,1,2
7421,-7,-7,-4,-3
7422,6,5,5,6
7423,20,10,17,17
7424,4,3,9,9
7425,-18,-1,-21,-22
7426,1,-4,-8,5
7427,5,6,7,7
7428,11,8,3,8
7429,6,3,4,8
7430,0,1,0,0
7431,7,8,8,8
7432,13,15,6,12
7433,8,5,21,-3
7434,6,2,5,7
7435,6,5,4,6
7436,0,0,0,0
7437,0,-1,2,2
7438,-3,-2,-3,-1
7439,5,5,5,5
7440,-15,9,-2,23
7441,-1,2,1,5
7442,4,2,2,2
7443,-1,2,-2,-4
7444,-3,4,3,2
7445,6,14,12,7
7446,8,10,-9,2
7447,4,4,5,5
7448,4,11,1,4
7449,4,4,6,5
7450,-1,7,5,6
7451,5,17,5,6
7452,9,9,8,10
7453,4,2,5,5
7454,-15,16,4,4
7455,-1,-1,-2,0
7456,1,2,2,3
7457,5,9,8,4
7458,3,1,3,5
7459,8,6,5,4
7460,-1,-1,-2,1
7461,5,3,10,5
7462,5,2,8,-3
7463,10,7,6,9
7464,9,5,-3,9
7465,-3,-5,-1,-2
7466,5,7,5,7
7467,1,0,1,7
7468,0,7,3,12
7469,10,9,5,3
7470,10,3,0,8
7471,1,1,2,1
7472,9,8,3,11
7473,0,6,10,4
7474,4,6,5,9
7475,11,5,13,7
7476,9,7,7,9
7477,6,7,6,6
7478,0,6,5,0
7479,0,2,1,2
7480,3,2,0,2
7481,8,13,5,5
7482,5,5,5,5
7483,-1,0,1,1
7484,-3,-6,-13,-7
7485,13,8,6,10
7486,4,5,11,7
7487,9,-7,9,3
7488,-8,-3,0,10
7489,9,10,10,12
7490,8,18,1,9
7491,-1,0,14,9
7492,5,5,8,11
7493,11,8,10,7
7494,4,9,13,6
7495,-7,-3,0,-1
7496,8,7,5,9
7497,1,0,1,0
7498,2,-1,-1,1
7499,7,7,6,8
7500,6,6,3,6
7501,9,9,9,10
7502,9,27,11,9
7503,11,7,8,11
7504,-2,9,2,1
7505,5,5,9,9
7506,3,4,4,5
7507,-1,0,0,2
7508,3,3,3,4
7509,-1,1,1,1
7510,8,5,7,6
7511,5,11,8,5
7512,10,11,6,7
7513,6,7,7,7
7514,1,3,3,3
7515,1,6,4,7
7516,9,11,9,7
7517,0,0,1,0
7518,0,1,0,2
7519,2,2,3,3
7520,-7,2,0,2
7521,4,6,1,6
7522,9,7,7,8
7523,7,12,10,7
7524,9,6,7,7
7525,0,12,1,14
7526,6,7,4,9
7527,10,7,10,13
7528,0,0,2,5
7529,7,1,4,3
7530,1,4,20,-2
7531,7,3,6,10
7532,4,8,7,7
7533,7,8,9,8
7534,11,10,10,8
7535,3,6,-5,3
7536,1,1,4,4
7537,10,6,5,1
7538,-6,17,2,7
7539,-2,-1,-2,-1
7540,0,0,0,2
7541,6,9,6,3
7542,-1,-1,-1,1
7543,8,12,1,2
7544,2,2,2,3
7545,6,6,6,2
7546,13,10,6,-1
7547,8,6,2,7
7548,-4,-4,0,2
7549,1,2,2,2
7550,-7,1,-8,2
7551,5,8,0,2
7552,5,3,4,8
7553,0,11,-8,2
7554,2,2,2,3
7555,0,0,0,0
7556,2,2,3,6
7557,8,8,8,8
7558,2,3,3,4
7559,4,9,6,2
7560,2,10,9,13
7561,4,4,5,6
7562,0,-8,9,0
7563,5,8,7,7
7564,7,9,9,8
7565,13,11,13,16
7566,6,-4,8,6
7567,3,10,10,8
7568,12,6,11,11
7569,1,1,1,0
7570,0,1,1,2
7571,8,6,6,8
7572,5,12,9,7
7573,0,0,1,1
7574,3,3,7,5
7575,1,3,3,3
7576,4,6,5,5
7577,14,5,6,11
7578,1,7,2,1
7579,3,2,3,2
7580,5,2,5,2
7581,8,7,8,9
7582,6,11,7,4
7583,-1,-2,1,14
7584,5,7,10,5
7585,14,4,5,8
7586,3,8,6,6
7587,-2,-11,4,6
7588,4,12,16,7
7589,1,1,-2,1
7590,-2,13,7,15
7591,2,3,3,4
7592,-15,-15,-21,-3
7593,11,4,10,14
7594,4,16,5,11
7595,14,9,15,5
7596,-3,8,6,-10
7597,10,11,0,4
7598,6,5,6,1
7599,3,4,5,4
7600,5,6,9,7
7601,-3,5,-1,-1
7602,-3,4,4,8
7603,10,16,5,6
7604,8,15,-2,5
7605,-1,2,2,12
7606,13,7,0,6
7607,-63,-55,-54,-55
7608,-4,0,-1,0
7609,3,4,4,3
7610,3,7,4,6
7611,0,1,1,1
7612,3,2,2,3
7613,5,6,5,6
7614,8,10,8,9
7615,5,6,6,7
7616,4,6,-3,6
7617,6,-5,7,11
7618,4,9,2,6
7619,4,10,8,14
7620,5,6,9,8
7621,1,1,0,4
7622,0,0,0,7
7623,-1,1,6,-5
7624,0,0,0,5
7625,-1,3,3,3
7626,9,2,7,2
7627,6,10,8,10
7628,6,7,8,7
7629,2,2,2,3
7630,10,10,9,11
7631,1,-1,5,7
7632,6,10,9,8
7633,2,3,3,3
7634,13,7,4,11
7635,6,0,-6,0
7636,2,2,2,2
7637,11,4,0,-2
7638,6,7,7,8
7639,10,4,15,10
7640,8,9,3,11
7641,6,4,5,8
7642,7,7,6,6
7643,3,5,7,5
7644,5,12,10,8
7645,11,10,8,11
7646,5,5,9,4
7647,7,7,4,4
7648,-4,4,5,1
7649,-10,-3,4,-2
7650,4,-11,4,4
7651,1,2,2,3
7652,3,5,4,5
7653,8,1,0,2
7654,2,0,2,2
7655,-2,-6,-1,5
7656,5,6,6,6
7657,-2,2,8,8
7658,4,13,8,5
7659,-48,-36,-35,-6
7660,3,-5,9,2
7661,9,7,8,12
7662,1,1,1,2
7663,-9,9,0,2
7664,14,6,-6,6
7665,11,14,0,3
7666,5,9,7,8
7667,5,7,8,12
7668,9,12,7,11
7669,6,6,6,7
7670,1,9,4,3
7671,6,7,-1,5
7672,5,5,5,6
7673,-1,0,0,0
7674,0,9,-1,7
7675,11,14,16,12
7676,3,4,5,5
7677,5,4,6,6
7678,9,10,8,10
7679,10,2,2,10
7680,-2,0,2,0
7681,4,3,7,6
7682,5,5,4,6
7683,3,4,4,4
7684,2,-2,4,-6
7685,7,5,4,7
7686,-2,0,5,7
7687,6,7,7,7
7688,7,2,7,6
7689,6,15,0,2
7690,6,7,4,7
7691,2,3,3,4
7692,7,6,6,7
7693,9,10,9,14
7694,6,8,10,17
7695,5,13,10,10
7696,2,-3,7,-1
7697,8,8,8,10
7698,0,-3,8,5
7699,11,13,5,-3
7700,-2,-1,-1,1
7701,13,16,10,9
7702,5,8,17,7
7703,5,7,6,7
7704,9,6,2,8
7705,2,10,4,10
7706,0,2,0,1
7707,2,3,3,4
7708,17,-2,7,7
7709,7,7,2,1
7710,6,9,7,9
7711,1,-2,4,3
7712,-16,-6,-14,-6
7713,7,4,5,7
7714,0,2,2,2
7715,5,8,5,7
7716,4,7,4,8
7717,4,-1,8,8
7718,13,10,9,14
7719,3,-1,7,5
7720,4,4,3,2
7721,1,1,2,3
7722,12,8,2,11
7723,5,7,-1,7
7724,7,5,8,10
7725,0,4,3,11
7726,11,9,8,9
7727,1,1,2,2
7728,5,1,8,7
7729,6,6,3,5
7730,4,7,4,4
7731,5,6,4,7
7732,3,2,2,3
7733,8,14,10,13
7734,13,6,9,7
7735,2,3,3,4
7736,12,4,0,-1
7737,5,8,10,7
7738,5,7,6,5
7739,-3,8,1,0
7740,-2,0,-8,-1
7741,6,6,9,9
7742,3,3,5,5
7743,6,7,4,5
7744,5,2,3,0
7745,4,6,-2,4
7746,1,2,1,2
7747,7,0,13,1
7748,7,7,8,9
7749,12,8,10,15
7750,5,6,6,8
7751,2,-2,-1,2
7752,3,4,5,5
7753,13,6,3,0
7754,8,6,5,10
7755,4,4,4,6
7756,3,4,4,4
7757,-2,1,4,0
7758,0,0,-3,6
7759,2,3,3,1
7760,4,5,6,6
7761,4,8,10,5
7762,0,0,0,0
7763,-5,2,0,-5
7764,16,6,0,14
7765,8,11,10,7
7766,1,-3,3,3
7767,11,15,11,10
7768,9,-5,4,16
7769,1,4,8,14
7770,4,9,2,9
7771,-2,4,-2,3
7772,-4,0,4,8
7773,8,1,1,7
7774,0,-1,-4,0
7775,-2,5,12,4
7776,9,8,8,9
7777,10,10,12,11
7778,8,12,4,5
7779,9,14,4,7
7780,7,7,7,8
7781,-5,-16,0,4
7782,0,1,1,2
7783,-6,8,-1,3
7784,4,4,4,4
7785,4,5,4,5
7786,7,7,10,8
7787,9,10,9,13
7788,16,8,6,12
7789,3,6,6,6
7790,6,7,8,7
7791,0,0,10,6
7792,10,7,7,6
7793,0,3,3,6
7794,7,6,8,12
7795,-3,9,2,-5
7796,9,7,7,11
7797,13,9,0,0
7798,11,0,2,25
7799,8,7,9,7
7800,4,7,12,4
7801,5,6,6,7
7802,6,8,2,7
7803,8,7,15,13
7804,1,0,1,3
7805,2,3,4,3
7806,6,9,8,10
7807,8,7,9,7
7808,4,4,7,8
7809,6,5,17,8
7810,0,-2,2,2
7811,1,-5,2,2
7812,-1,0,0,1
7813,8,8,7,6
7814,2,2,3,5
7815,4,4,4,4
7816,6,14,6,11
7817,3,4,5,5
7818,12,11,9,15
7819,11,5,7,7
7820,-2,-1,-1,4
7821,2,2,3,4
7822,2,4,2,3
7823,13,12,13,20
7824,13,10,4,6
7825,4,7,4,6
7826,12,8,7,7
7827,5,7,7,7
7828,8,5,8,10
7829,2,2,3,5
7830,6,1,-2,5
7831,20,7,9,18
7832,3,9,10,9
7833,6,3,4,7
7834,5,-1,-4,-8
7835,5,2,10,9
7836,2,10,13,10
7837,5,5,7,0
7838,5,6,6,6
7839,6,7,10,5
7840,0,1,0,0
7841,8,3,8,7
7842,8,2,6,5
7843,5,5,-10,3
7844,8,0,1,8
7845,6,7,7,9
7846,0,8,5,13
7847,5,8,11,6
7848,2,-1,-4,6
7849,3,8,14,0
7850,2,1,1,2
7851,6,10,7,9
7852,-62,-61,-59,-60
7853,3,2,1,3
7854,1,2,2,3
7855,4,6,2,7
7856,5,12,13,15
7857,3,5,5,6
7858,6,7,7,19
7859,-1,1,0,1
7860,6,4,2,-3
7861,5,9,8,9
7862,0,4,4,6
7863,2,0,9,9
7864,-2,-1,2,10
7865,5,6,7,6
7866,3,3,4,4
7867,12,0,0,0
7868,2,-5,-7,0
7869,10,10,1,13
7870,6,10,8,9
7871,-10,-6,-8,-9
7872,3,3,5,3
7873,5,6,7,7
7874,6,6,3,6
7875,7,1,-4,-3
7876,1,-2,-7,1
7877,0,5,7,11
7878,-4,6,3,4
7879,7,0,7,6
7880,-10,9,3,5
7881,5,9,9,8
7882,10,7,10,7
7883,-7,2,5,-1
7884,5,5,3,9
7885,3,-3,-15,-2
7886,2,12,10,-2
7887,5,7,8,6
7888,5,4,8,9
7889,2,7,6,10
7890,2,0,0,7
7891,4,6,1,7
7892,6,6,3,9
7893,3,-3,10,6
7894,3,5,4,7
7895,5,16,10,21
7896,1,0,2,7
7897,7,5,23,4
7898,12,17,16,18
7899,7,6,8,7
7900,2,11,4,10
7901,4,4,4,5
7902,9,9,14,23
7903,4,8,5,6
7904,5,4,7,8
7905,5,6,6,6
7906,2,4,4,4
7907,6,18,8,7
7908,4,3,5,5
7909,5,7,7,7
7910,6,5,7,8
7911,5,10,7,8
7912,12,12,14,17
7913,0,0,0,0
7914,11,0,0,10
7915,8,20,8,15
7916,8,7,6,8
7917,5,7,8,8
7918,8,4,3,6
7919,9,9,9,9
7920,0,6,5,7
7921,2,3,-1,3
7922,7,10,4,11
7923,2,3,3,4
7924,9,10,5,0
7925,3,4,4,5
7926,3,4,3,4
7927,0,1,4,14
7928,5,6,6,7
7929,9,11,9,11
7930,5,5,4,7
7931,4,10,10,7
7932,3,3,2,4
7933,3,4,3,14
7934,3,8,11,12
7935,6,13,4,8
7936,8,7,8,9
7937,-1,-1,-1,1
7938,-27,-14,-8,-24
7939,1,2,2,2
7940,1,0,1,2
7941,-1,0,0,0
7942,4,4,5,5
7943,8,8,11,14
7944,11,7,12,15
7945,6,7,7,7
7946,5,3,5,0
7947,0,0,0,0
7948,12,-6,4,11
7949,4,5,3,14
7950,8,11,8,12
7951,10,6,8,11
7952,3,8,3,10
7953,3,4,5,0
7954,-2,0,2,2
7955,1,1,0,1
7956,4,7,5,7
7957,5,6,6,7
7958,13,11,13,14
7959,6,6,4,7
7960,8,7,10,9
7961,7,0,8,5
7962,1,7,7,7
7963,0,0,0,2
7964,7,3,-4,4
7965,4,1,4,-1
7966,8,8,7,8
7967,14,4,3,11
7968,6,9,5,6
7969,8,7,2,6
7970,11,7,7,5
7971,1,0,-1,1
7972,-1,4,11,11
7973,10,8,7,8
7974,2,6,0,3
7975,2,3,0,3
7976,13,2,7,9
7977,1,2,2,2
7978,2,3,2,3
7979,9,5,4,2
7980,7,11,8,13
7981,4,5,6,6
7982,4,4,4,5
7983,4,5,5,4
7984,2,-11,-3,2
7985,5,12,-6,9
7986,4,4,5,5
7987,7,8,8,9
7988,2,3,2,4
7989,2,2,2,2
7990,2,2,2,2
7991,14,13,11,10
7992,8,6,9,12
7993,4,17,11,9
7994,1,5,4,5
7995,6,3,7,8
7996,3,0,2,5
7997,0,-5,-9,-7
7998,4,0,11,8
7999,-5,1,-2,3
8000,-2,-1,-3,-1
8001,0,1,1,1
8002,13,12,2,11
8003,-2,2,9,5
8004,7,8,6,9
8005,4,8,9,6
8006,10,8,9,11
8007,12,9,6,5
8008,4,2,9,9
8009,5,-11,5,6
8010,0,-1,0,0
8011,5,9,7,13
8012,9,9,11,9
8013,4,4,5,5
8014,8,8,8,9
8015,11,12,9,12
8016,3,3,2,2
8017,10,10,12,4
8018,11,8,4,5
8019,6,9,10,5
8020,12,9,8,11
8021,5,5,6,6
8022,2,2,3,1
8023,4,4,5,6
8024,4,11,5,7
8025,7,9,10,6
8026,-2,9,-1,2
8027,9,5,6,0
8028,0,1,1,0
8029,-3,5,2,3
8030,10,13,7,8
8031,-2,1,-1,0
8032,-2,6,3,3
8033,-2,1,-2,-1
8034,2,4,4,6
8035,10,15,9,5
8036,5,5,5,6
8037,5,5,6,6
8038,0,3,3,16
8039,-2,-9,-4,-3
8040,2,7,-4,-1
8041,5,6,4,6
8042,1,1,1,2
8043,4,5,2,4
8044,0,0,0,0
8045,6,7,3,-3
8046,7,7,8,7
8047,3,2,3,3
8048,8,9,10,14
8049,3,4,3,3
8050,2,1,-2,-8
8051,4,4,5,4
8052,6,12,10,4
8053,6,2,2,1
8054,8,16,4,7
8055,9,8,4,3
8056,7,7,16,9
8057,2,7,10,4
8058,-2,-1,8,-10
8059,4,-2,0,1
8060,6,7,7,8
8061,8,3,7,6
8062,14,13,4,5
8063,5,6,7,6
8064,5,5,6,6
8065,1,2,2,2
8066,7,6,8,12
8067,7,5,5,8
8068,1,13,7,1
8069,-54,-60,-4,-62
8070,4,3,4,5
8071,14,-1,17,8
8072,3,5,4,6
8073,1,0,0,2
8074,6,7,10,12
8075,5,11,5,8
8076,1,2,11,5
8077,8,6,5,9
8078,9,8,8,11
8079,0,10,-6,2
8080,20,10,8,10
8081,9,15,8,1
8082,4,8,9,7
8083,5,2,4,5
8084,7,9,10,7
8085,2,1,3,3
8086,-12,-2,2,8
8087,6,5,4,6
8088,5,3,7,14
8089,7,7,6,7
8090,11,10,10,5
8091,-9,0,-9,4
8092,-3,1,-7,1
8093,6,3,6,8
8094,12,11,-3,17
8095,-5,-7,-4,4
8096,9,10,6,10
8097,7,6,8,9
8098,5,7,7,7
8099,7,-3,-3,5
8100,2,1,2,3
8101,4,5,4,20
8102,10,12,9,0
8103,9,4,0,4
8104,1,3,3,4
8105,10,1,10,10
8106,7,12,10,7
8107,7,4,5,5
8108,4,8,10,12
8109,12,16,8,10
8110,8,4,10,6
8111,3,4,4,4
8112,6,11,9,10
8113,12,12,5,3
8114,-1,-2,5,4
8115,4,7,9,4
8116,-9,-8,-9,-8
8117,1,1,1,2
8118,-1,-9,0,0
8119,6,4,7,8
8120,14,12,6,17
8121,-2,0,0,0
8122,5,9,16,15
8123,10,6,3,7
8124,5,2,1,0
8125,9,9,8,11
8126,3,4,5,4
8127,4,3,5,6
8128,10,11,11,15
8129,9,6,10,-2
8130,8,-2,2,18
8131,-14,-3,-3,-9
8132,3,5,6,3
8133,1,0,2,3
8134,5,-1,5,4
8135,2,0,19,12
8136,3,-9,-13,2
8137,6,8,5,7
8138,3,10,4,20
8139,4,5,6,5
8140,10,12,11,10
8141,2,3,3,5
8142,8,7,6,9
8143,1,0,3,8
8144,3,7,9,4
8145,2,5,8,5
8146,9,10,8,12
8147,2,3,0,3
8148,5,3,4,9
8149,3,6,7,13
8150,10,6,5,8
8151,0,3,6,16
8152,9,8,7,7
8153,5,7,6,6
8154,8,8,6,7
8155,5,4,1,0
8156,10,10,10,10
8157,7,3,10,9
8158,3,8,1,16
8159,3,3,7,0
8160,1,6,11,17
8161,-2,10,4,4
8162,5,9,5,5
8163,0,7,-5,6
8164,5,8,15,7
8165,7,8,7,8
8166,8,8,7,9
8167,0,6,1,6
8168,7,10,7,5
8169,2,8,13,10
8170,2,17,8,17
8171,8,10,10,5
8172,2,-3,9,0
8173,9,1,1,1
8174,6,5,5,9
8175,10,6,7,5
8176,4,3,7,3
8177,2,6,4,4
8178,7,7,5,6
8179,3,4,3,4
8180,2,2,5,6
8181,5,5,5,6
8182,7,3,-7,2
8183,5,6,8,12
8184,-2,-2,-1,-1
8185,12,13,3,12
8186,5,12,7,7
8187,10,9,6,17
8188,-5,-6,1,-18
8189,3,0,3,4
8190,11,11,11,11
8191,-3,0,13,-11
8192,6,2,5,3
8193,1,2,2,3
8194,4,4,5,5
8195,10,15,7,13
8196,8,7,9,2
8197,16,9,1,13
8198,3,4,4,4
8199,7,8,8,10
8200,11,9,7,8
8201,12,3,2,18
8202,-4,9,9,8
8203,8,8,6,6
8204,3,3,3,4
8205,6,7,7,3
8206,6,4,13,5
8207,8,3,10,2
8208,10,2,6,5
8209,3,18,10,8
8210,10,-2,3,3
8211,2,1,2,3
8212,4,8,10,5
8213,-2,-6,-5,1
8214,7,7,8,8
8215,6,6,7,6
8216,4,5,5,6
8217,6,3,10,9
8218,8,8,8,10
8219,4,3,8,5
8220,-1,7,2,12
8221,11,-10,-5,-9
8222,1,5,5,4
8223,7,7,6,9
8224,-9,-7,-9,-8
8225,0,6,-4,19
8226,0,7,7,7
8227,0,7,4,5
8228,2,3,1,1
8229,-2,-7,-2,6
8230,5,5,3,10
8231,10,9,9,6
8232,5,12,15,18
8233,-2,-6,10,0
8234,8,7,8,7
8235,6,6,5,6
8236,5,5,5,6
8237,6,9,8,13
8238,6,6,6,6
8239,1,6,8,10
8240,4,15,12,5
8241,-1,5,0,5
8242,0,1,1,1
8243,5,0,-4,12
8244,1,0,0,1
8245,7,11,5,8
8246,1,0,0,2
8247,6,0,2,0
8248,8,4,6,8
8249,9,10,9,13
8250,10,10,10,17
8251,1,2,1,2
8252,7,9,11,2
8253,10,12,9,10
8254,-1,-1,-2,0
8255,1,6,5,5
8256,6,6,8,12
8257,1,1,1,1
8258,1,5,8,20
8259,3,3,3,4
8260,7,11,11,7
8261,4,3,0,2
8262,2,3,-2,2
8263,4,16,7,2
8264,-7,-7,-5,0
8265,1,3,9,18
8266,6,4,4,4
8267,2,5,4,5
8268,5,6,10,12
8269,0,1,2,1
8270,3,4,0,6
8271,4,12,6,7
8272,6,7,8,7
8273,1,1,1,1
8274,-10,4,5,3
8275,6,8,10,8
8276,6,7,7,8
8277,2,-1,0,3
8278,3,14,0,3
8279,6,4,8,8
8280,9,11,17,11
8281,6,6,10,10
8282,3,3,3,3
8283,1,1,1,0
8284,20,11,11,-1
8285,2,9,0,1
8286,10,10,11,11
8287,4,6,7,22
8288,8,2,1,9
8289,8,5,3,8
8290,11,14,10,13
8291,5,11,20,14
8292,4,4,4,5
8293,4,12,3,5
8294,3,0,13,-5
8295,5,-3,6,3
8296,4,-5,-1,1
8297,0,0,5,2
8298,4,5,3,4
8299,-12,6,9,0
8300,6,5,5,9
8301,16,10,11,2
8302,0,0,1,2
8303,3,4,4,4
8304,20,10,11,-1
8305,-5,-3,-15,1
8306,2,3,2,2
8307,5,6,6,15
8308,0,16,6,7
8309,3,3,3,4
8310,5,4,7,10
8311,8,7,9,7
8312,5,-6,-4,2
8313,11,15,4,19
8314,-2,0,5,13
8315,6,7,7,7
8316,10,10,1,5
8317,14,2,10,14
8318,7,11,4,7
8319,0,3,0,1
8320,6,7,10,11
8321,1,0,5,3
8322,11,8,11,13
8323,1,0,1,1
8324,9,8,8,16
8325,-1,2,2,5
8326,-3,10,-1,13
8327,0,0,0,0
8328,2,-2,8,-2
8329,1,0,-1,2
8330,-3,1,1,0
8331,7,8,5,13
8332,5,10,11,12
8333,10,6,9,9
8334,3,4,4,4
8335,3,5,3,2
8336,2,3,3,3
8337,11,15,4,4
8338,6,7,5,8
8339,5,6,6,6
8340,1,3,-5,-7
8341,2,5,-4,6
8342,4,5,5,6
8343,2,4,3,5
8344,5,10,10,7
8345,-1,8,-8,1
8346,9,9,7,10
8347,12,8,4,10
8348,8,9,6,8
8349,3,6,12,6
8350,-5,1,16,1
8351,3,11,10,9
8352,7,2,6,3
8353,7,6,7,6
8354,-3,0,5,3
8355,19,6,4,13
8356,5,0,4,3
8357,5,8,10,17
8358,4,18,6,6
8359,1,4,4,4
8360,-1,-3,1,10
8361,9,5,16,14
8362,7,9,4,0
8363,5,6,7,7
8364,-1,2,-3,2
8365,0,0,0,1
8366,5,10,10,15
8367,0,1,2,1
8368,5,6,6,6
8369,1,1,1,3
8370,12,9,2,13
8371,4,10,8,7
8372,0,-3,2,-3
8373,0,1,1,0
8374,10,8,9,10
8375,14,13,9,11
8376,5,3,3,9
8377,-1,0,-2,0
8378,2,3,11,10
8379,3,3,4,4
8380,4,-1,-2,16
8381,0,0,0,0
8382,-10,-7,-4,-7
8383,8,8,8,10
8384,6,6,6,5
8385,-3,1,10,14
8386,0,9,2,2
8387,-18,-12,-13,-12
8388,11,0,1,1
8389,4,6,10,11
8390,5,4,9,13
8391,11,5,-9,-12
8392,7,7,9,4
8393,7,8,7,8
8394,7,6,10,6
8395,7,2,-4,-1
8396,5,-3,12,23
8397,4,2,0,3
8398,5,5,8,10
8399,5,5,5,6
8400,-2,-1,-2,0
8401,18,10,7,6
8402,7,4,4,18
8403,0,14,10,5
8404,11,17,9,10
8405,4,5,4,5
8406,6,-1,2,1
8407,1,1,2,2
8408,15,7,4,13
8409,4,3,-1,-10
8410,4,6,3,5
8411,4,5,5,5
8412,4,0,8,2
8413,10,6,11,11
8414,11,7,15,20
8415,1,3,7,3
8416,-7,0,3,0
8417,2,4,0,1
8418,10,10,10,10
8419,-3,1,4,2
8420,12,7,6,8
8421,7,9,9,8
8422,1,1,0,1
8423,2,0,2,-2
8424,2,16,2,5
8425,10,13,10,13
8426,5,-5,-3,11
8427,6,7,10,7
8428,6,-1,6,5
8429,12,17,13,15
8430,0,4,0,6
8431,4,0,1,0
8432,2,9,6,12
8433,7,7,8,10
8434,2,-12,7,-7
8435,7,1,6,11
8436,0,-10,-2,7
8437,-1,0,0,1
8438,12,20,2,8
8439,-2,-1,-1,0
8440,2,4,4,4
8441,10,11,9,12
8442,9,8,3,8
8443,6,7,7,12
8444,4,7,6,14
8445,4,6,-1,0
8446,8,8,9,18
8447,-28,10,2,-20
8448,12,21,5,0
8449,-2,9,13,7
8450,1,1,1,1
8451,0,7,-2,3
8452,8,7,6,9
8453,3,3,3,3
8454,6,16,12,19
8455,3,3,3,4
8456,6,7,6,7
8457,6,8,5,12
8458,1,7,7,12
8459,0,0,5,0
8460,1,1,1,2
8461,18,7,9,16
8462,2,-1,-1,3
8463,3,12,9,8
8464,-4,1,-2,3
8465,3,2,7,9
8466,6,6,8,5
8467,5,5,7,8
8468,10,5,6,6
8469,11,15,8,16
8470,8,11,6,9
8471,2,2,5,-1
8472,6,7,7,8
8473,15,5,-5,9
8474,1,2,2,2
8475,7,10,11,8
8476,7,5,4,3
8477,2,3,2,3
8478,3,9,6,4
8479,-64,-64,-42,-13
8480,4,4,5,5
8481,1,-1,1,1
8482,8,9,9,11
8483,2,0,-2,0
8484,6,-1,7,7
8485,0,10,7,10
8486,-5,5,-1,9
8487,13,10,-5,7
8488,6,13,14,6
8489,9,9,10,9
8490,1,1,2,1
8491,-3,13,0,-3
8492,3,4,1,3
8493,5,6,9,6
8494,7,6,3,6
8495,5,10,9,8
8496,1,0,0,1
8497,1,0,1,3
8498,7,9,10,8
8499,12,2,0,7
8500,0,9,4,14
8501,4,17,-5,6
8502,15,5,6,6
8503,-3,-3,4,-3
8504,6,9,11,9
8505,11,6,13,7
8506,10,7,8,9
8507,-6,-7,-1,-4
8508,10,4,9,10
8509,4,4,6,2
8510,5,5,6,5
8511,-2,-1,5,2
8512,-3,1,6,-1
8513,5,9,3,13
8514,9,8,7,10
8515,13,13,7,7
8516,0,-2,8,7
8517,5,4,2,6
8518,6,9,1,6
8519,5,6,6,6
8520,14,10,7,13
8521,9,6,4,6
8522,5,10,8,9
8523,11,6,10,10
8524,2,5,9,11
8525,6,7,6,6
8526,-2,2,-1,1
8527,4,13,5,6
8528,10,9,10,13
8529,11,17,0,10
8530,1,12,10,7
8531,5,5,5,5
8532,5,7,10,8
8533,-1,0,1,0
8534,2,10,0,5
8535,5,6,7,6
8536,9,4,-15,1
8537,6,11,10,6
8538,5,5,5,10
8539,8,8,-2,7
8540,-20,3,0,-10
8541,8,9,8,9
8542,7,5,5,7
8543,9,10,0,5
8544,7,11,5,10
8545,2,2,3,6
8546,0,2,2,2
8547,5,8,10,7
8548,-3,8,10,-4
8549,13,19,10,21
8550,-3,12,8,4
8551,6,7,8,9
8552,7,10,4,15
8553,1,2,2,2
8554,-3,3,6,5
8555,3,4,2,4
8556,0,0,2,0
8557,5,6,3,-2
8558,4,7,5,6
8559,6,12,6,10
8560,-1,-1,1,0
8561,0,-1,2,0
8562,8,17,3,-4
8563,7,6,4,4
8564,4,-4,3,12
8565,1,1,0,1
8566,2,4,5,3
8567,7,9,8,10
8568,-2,1,7,3
8569,6,6,4,8
8570,3,13,20,8
8571,8,8,8,5
8572,1,3,-2,5
8573,3,13,10,9
8574,6,6,8,8
8575,3,4,4,4
8576,-1,5,1,5
8577,-3,-6,7,-2
8578,14,10,12,17
8579,3,3,-1,5
8580,6,9,7,11
8581,2,-6,10,15
8582,6,8,10,11
8583,0,0,0,1
8584,-1,0,0,1
8585,3,3,2,3
8586,0,0,0,0
8587,5,6,5,6
8588,-2,11,-6,10
8589,1,1,1,2
8590,4,7,4,8
8591,3,-3,7,3
8592,-15,-8,-4,0
8593,4,5,5,6
8594,4,10,2,3
8595,9,10,9,12
8596,8,0,5,7
8597,0,6,-6,6
8598,5,10,9,9
8599,9,9,7,9
8600,6,7,8,7
8601,0,-6,-7,0
8602,5,6,7,7
8603,0,1,1,2
8604,7,4,7,10
8605,0,5,6,8
8606,7,6,5,8
8607,1,1,1,1
8608,-1,11,-1,-11
8609,11,8,16,6
8610,5,3,2,8
8611,6,8,10,9
8612,-4,8,-2,16
8613,11,12,11,13
8614,0,13,4,9
8615,2,2,1,-4
8616,1,-3,5,8
8617,12,9,9,16
8618,7,5,6,8
8619,3,5,4,5
8620,10,13,12,9
8621,10,10,6,8
8622,9,6,6,11
8623,5,-1,-3,2
8624,-1,2,7,3
8625,9,10,11,13
8626,17,17,13,16
8627,5,4,6,5
8628,4,5,5,6
8629,9,10,5,10
8630,12,2,11,4
8631,4,3,5,4
8632,1,1,1,2
8633,3,-2,0,4
8634,-1,-1,8,-1
8635,2,2,8,5
8636,7,16,11,12
8637,0,11,4,2
8638,7,8,8,8
8639,4,8,8,12
8640,2,1,5,2
8641,5,5,5,5
8642,-9,-1,-2,1
8643,1,-2,1,-3
8644,6,6,7,7
8645,4,7,5,5
8646,7,7,7,8
8647,10,5,14,6
8648,10,8,5,12
8649,7,8,8,6
8650,2,-4,13,11
8651,7,7,7,9
8652,5,9,10,8
8653,7,6,8,8
8654,-2,-2,-1,0
8655,10,9,8,7
8656,16,3,13,19
8657,4,0,6,0
8658,5,0,10,-2
8659,8,9,8,10
8660,12,12,5,13
8661,-1,15,11,8
8662,-3,-4,-1,-17
8663,0,0,0,1
8664,5,6,2,8
8665,3,5,10,8
8666,8,8,7,9
8667,4,9,0,1
8668,15,13,6,11
8669,6,10,7,7
8670,8,-1,5,4
8671,0,0,1,1
8672,5,6,6,8
8673,0,0,1,0
8674,7,13,7,0
8675,2,2,2,3
8676,12,3,-1,10
8677,8,1,5,5
8678,12,13,10,13
8679,6,7,4,12
8680,5,4,4,5
8681,-1,3,4,1
8682,8,5,10,10
8683,2,7,11,3
8684,20,3,7,13
8685,-1,-1,-6,3
8686,3,3,1,1
8687,-1,-1,-1,0
8688,6,7,5,6
8689,11,5,4,10
8690,4,0,0,4
8691,8,7,10,8
8692,-3,9,9,15
8693,1,1,1,1
8694,4,6,7,10
8695,0,1,0,1
8696,13,10,12,11
8697,7,4,7,7
8698,-1,1,6,21
8699,5,5,3,7
8700,3,4,6,9
8701,7,10,7,7
8702,5,4,3,5
8703,9,4,9,4
8704,8,1,1,4
8705,3,4,2,3
8706,-2,3,1,1
8707,6,7,7,8
8708,6,5,4,7
8709,12,10,10,10
8710,5,4,5,6
8711,-2,-1,0,4
8712,3,-2,9,16
8713,0,0,1,1
8714,3,8,4,15
8715,0,2,2,2
8716,9,10,5,9
8717,1,1,1,1
8718,1,2,2,3
8719,-2,8,5,3
8720,5,7,7,8
8721,14,3,6,4
8722,9,8,1,8
8723,11,12,7,10
8724,10,10,9,11
8725,0,5,12,7
8726,4,5,6,5
8727,5,3,7,-3
8728,5,7,5,3
8729,2,2,2,2
8730,5,5,4,7
8731,3,7,10,10
8732,-3,-2,-2,-1
8733,3,3,4,3
8734,8,12,3,8
8735,7,11,1,6
8736,-2,-1,12,-8
8737,-8,2,-2,5
8738,6,4,4,9
8739,0,6,0,1
8740,-9,0,6,0
8741,7,14,5,5
8742,7,7,5,9
8743,5,5,5,5
8744,14,7,-1,3
8745,1,-1,2,0
8746,5,6,6,7
8747,11,7,15,12
8748,2,7,10,23
8749,5,9,11,15
8750,1,2,2,2
8751,7,7,6,8
8752,-1,7,8,8
8753,1,2,11,20
8754,14,2,8,9
8755,5,3,6,2
8756,8,12,4,5
8757,7,7,-5,0
8758,9,10,15,10
8759,12,8,10,10
8760,-1,0,-1,2
8761,6,6,6,7
8762,-1,0,7,3
8763,11,8,14,13
8764,5,-3,-2,7
8765,6,4,5,14
8766,1,1,1,0
8767,6,9,0,6
8768,3,4,5,10
8769,14,3,3,8
8770,-1,1,1,0
8771,-1,3,4,2
8772,8,7,9,5
8773,9,5,7,8
8774,-2,8,-50,8
8775,8,8,9,9
8776,-64,-63,-64,-61
8777,5,6,5,6
8778,6,7,7,7
8779,5,4,1,12
8780,5,10,19,16
8781,4,5,8,6
8782,3,6,5,3
8783,10,23,-13,8
8784,7,19,2,10
8785,9,-1,12,-1
8786,4,5,5,6
8787,1,1,1,2
8788,3,4,5,6
8789,-12,12,12,15
8790,1,1,1,2
8791,5,6,5,6
8792,1,3,1,2
8793,4,1,4,6
8794,5,16,-10,9
8795,8,8,8,8
8796,8,11,5,6
8797,6,6,7,9
8798,0,7,-2,8
8799,8,6,6,8
8800,8,4,6,10
8801,6,0,-10,13
8802,1,-4,-1,1
8803,14,9,12,15
8804,2,3,3,3
8805,0,1,0,1
8806,9,9,9,9
8807,-1,1,0,1
8808,1,2,3,2
8809,7,2,1,10
8810,0,4,1,18
8811,5,8,7,6
8812,12,13,10,10
8813,6,9,1,11
8814,2,2,4,0
8815,6,7,7,8
8816,-1,8,10,3
8817,3,3,2,6
8818,7,8,9,10
8819,4,5,7,6
8820,-5,-1,-9,1
8821,8,2,4,2
8822,7,6,5,8
8823,4,4,4,7
8824,7,5,8,8
8825,5,7,9,9
8826,9,9,8,9
8827,6,12,8,-6
8828,1,1,2,2
8829,9,10,12,10
8830,7,7,4,8
8831,9,10,7,10
8832,1,1,1,1
8833,-6,-3,5,3
8834,7,14,10,9
8835,4,7,10,5
8836,3,-1,3,6
8837,6,5,5,5
8838,-2,3,-4,2
8839,0,1,-1,0
8840,10,7,16,8
8841,11,5,10,2
8842,3,4,5,3
8843,4,4,4,12
8844,-1,-3,3,1
8845,3,4,4,7
8846,1,0,1,0
8847,12,10,9,17
8848,14,13,8,8
8849,0,-1,1,0
8850,1,1,2,2
8851,8,6,5,9
8852,-1,8,-3,5
8853,7,7,5,9
8854,5,-13,0,20
8855,4,3,4,4
8856,10,11,8,10
8857,6,5,11,12
8858,2,2,2,2
8859,7,8,12,16
8860,2,9,2,5
8861,6,10,0,11
8862,4,7,4,4
8863,1,2,2,3
8864,3,-2,-1,1
8865,9,1,3,7
8866,14,7,7,15
8867,4,7,8,5
8868,1,-2,-4,-2
8869,7,10,15,10
8870,5,5,6,6
8871,1,0,1,1
8872,18,0,6,13
8873,8,8,9,9
8874,10,9,16,16
8875,1,4,4,4
8876,7,8,8,9
8877,-3,-1,2,-1
8878,7,9,11,10
8879,5,16,1,17
8880,8,12,12,14
8881,7,9,7,6
8882,4,4,4,5
8883,13,6,4,5
8884,8,7,9,13
8885,6,8,9,9
8886,7,0,5,16
8887,-26,-10,-11,-30
8888,1,1,2,2
8889,-5,0,25,2
8890,-21,-5,1,-18
8891,0,0,1,0
8892,3,1,-2,2
8893,5,10,6,12
8894,3,3,1,10
8895,15,10,9,6
8896,4,5,1,1
8897,8,-4,12,6
8898,11,10,8,11
8899,4,10,6,5
8900,0,0,3,1
8901,3,3,4,3
8902,7,6,4,1
8903,5,5,6,3
8904,1,-2,-1,1
8905,1,1,0,9
8906,-1,-1,-1,2
8907,12,1,5,11
8908,4,6,5,5
8909,13,11,12,0
8910,4,10,9,11
8911,2,-5,2,5
8912,10,9,2,8
8913,2,12,3,6
8914,7,4,3,6
8915,4,6,2,10
8916,5,6,6,6
8917,5,9,10,7
8918,2,2,3,3
8919,0,0,1,2
8920,4,9,10,8
8921,0,0,0,0
8922,7,22,2,9
8923,1,4,2,5
8924,9,10,9,10
8925,4,5,4,5
8926,3,3,3,4
8927,1,0,-1,0
8928,7,9,12,14
8929,-1,-3,0,10
8930,10,8,5,13
8931,4,6,4,9
8932,3,1,4,1
8933,-1,-3,2,0
8934,-3,1,-1,-1
8935,6,4,10,9
8936,9,10,2,10
8937,6,6,10,8
8938,7,2,1,1
8939,6,7,8,8
8940,7,7,7,8
8941,-8,7,7,5
8942,11,10,10,9
8943,-1,-1,-1,7
8944,12,1,21,16
8945,4,5,10,12
8946,0,-1,9,10
8947,3,4,4,4
8948,-2,0,-8,1
8949,1,2,2,2
8950,2,3,2,3
8951,3,2,4,5
8952,6,7,6,7
8953,0,-1,1,1
8954,17,0,3,-2
8955,13,2,2,2
8956,0,0,1,2
8957,8,6,10,21
8958,7,5,4,8
8959,4,5,6,5
8960,5,5,4,6
8961,-2,0,0,1
8962,7,10,10,13
8963,0,2,-1,0
8964,0,1,1,2
8965,20,7,10,17
8966,5,9,10,17
8967,6,5,7,6
8968,6,16,7,1
8969,9,13,9,10
8970,8,2,6,6
8971,0,7,-2,-6
8972,7,5,4,6
8973,-6,-5,-5,-4
8974,0,6,-1,8
8975,6,5,5,8
8976,2,2,2,2
8977,2,2,2,3
8978,1,3,-10,-2
8979,4,5,6,6
8980,7,6,6,9
8981,1,-1,0,1
8982,-4,8,4,9
8983,7,5,6,10
8984,2,5,10,9
8985,3,7,5,18
8986,2,3,3,4
8987,6,13,10,8
8988,6,10,1,4
8989,0,0,0,14
8990,-4,-2,-3,6
8991,12,7,17,15
8992,5,4,5,5
8993,3,3,4,3
8994,1,0,1,1
8995,6,10,7,9
8996,6,6,3,4
8997,3,6,15,10
8998,9,3,8,9
8999,4,5,5,7
9000,9,11,13,13
9001,6,4,5,7
9002,7,15,6,0
9003,7,5,10,11
9004,6,1,14,-2
9005,7,8,10,7
9006,3,3,6,1
9007,4,3,4,4
9008,-2,5,-6,-3
9009,7,7,5,8
9010,6,3,8,11
9011,3,4,3,4
9012,8,8,6,8
9013,1,2,3,2
9014,9,14,11,12
9015,1,1,4,4
9016,7,1,3,10
9017,5,5,5,5
9018,10,12,7,8
9019,3,15,6,2
9020,5,7,7,7
9021,6,8,3,6
9022,1,5,-2,3
9023,7,6,5,8
9024,5,6,7,7
9025,-4,-4,-4,-2
9026,4,5,5,5
9027,3,-9,-5,5
9028,10,8,9,7
9029,6,4,4,7
9030,-10,1,-1,3
9031,5,5,10,12
9032,6,8,6,9
9033,5,8,8,7
9034,4,3,6,5
9035,6,7,8,8
9036,8,-1,-2,14
9037,1,2,4,2
9038,1,2,2,2
9039,2,8,9,5
9040,-1,-5,3,4
9041,3,3,3,4
9042,5,1,1,0
9043,3,4,3,4
9044,-2,-1,-2,-2
9045,6,6,10,9
9046,-6,-3,-1,-1
9047,5,10,-1,6
9048,8,0,-2,6
9049,5,0,0,12
9050,4,-5,2,10
9051,7,11,8,9
9052,-1,0,0,1
9053,9,10,4,9
9054,-1,3,2,10
9055,2,1,3,2
9056,5,7,6,6
9057,12,3,6,7
9058,1,0,1,1
9059,1,1,0,2
9060,6,4,4,5
9061,1,1,2,2
9062,0,0,1,1
9063,-3,-2,-2,-1
9064,8,0,-4,-1
9065,4,5,7,7
9066,0,0,0,0
9067,4,5,3,5
9068,10,8,8,7
9069,1,-3,7,4
9070,6,6,6,8
9071,-5,4,3,0
9072,2,2,5,4
9073,17,5,1,7
9074,-6,4,0,0
9075,2,11,5,6
9076,6,8,14,9
9077,9,2,3,7
9078,1,0,0,1
9079,6,3,3,7
9080,8,7,10,7
9081,4,6,2,3
9082,-12,-11,-12,-9
9083,4,11,9,8
9084,7,7,8,9
9085,0,1,-3,1
9086,3,8,6,7
9087,8,14,12,5
9088,0,1,2,2
9089,0,0,-4,0
9090,7,6,5,9
9091,7,5,3,9
9092,-6,7,-9,3
9093,1,0,3,8
9094,-2,-1,0,0
9095,13,10,12,-2
9096,14,17,16,18
9097,-17,-27,-29,-14
9098,9,8,8,13
9099,4,1,1,1
9100,7,7,6,9
9101,-2,-1,-1,1
9102,3,2,2,2
9103,5,5,3,4
9104,8,1,7,1
9105,0,2,2,2
9106,5,8,4,9
9107,3,2,3,2
9108,-7,12,-7,1
9109,19,18,21,12
9110,3,4,10,15
9111,2,5,2,8
9112,13,8,2,8
9113,3,-3,9,2
9114,9,3,5,19
9115,0,2,2,5
9116,2,3,2,4
9117,0,1,1,2
9118,6,6,3,7
9119,4,5,5,5
9120,10,4,4,6
9121,9,10,14,17
9122,3,6,7,8
9123,1,1,1,2
9124,5,5,5,9
9125,6,8,8,8
9126,-5,3,11,6
9127,3,5,2,-4
9128,11,0,-5,7
9129,2,2,3,3
9130,12,7,9,12
9131,6,1,1,8
9132,10,4,4,6
9133,14,1,11,5
9134,5,5,5,5
9135,2,2,6,12
9136,6,7,5,7
9137,1,0,-1,3
9138,7,8,16,7
9139,7,5,9,5
9140,0,0,2,0
9141,6,9,7,10
9142,3,3,4,3
9143,7,4,7,7
9144,10,4,10,9
9145,4,4,3,3
9146,11,8,-3,12
9147,9,9,10,11
9148,7,7,7,6
9149,-2,8,0,2
9150,9,12,11,10
9151,4,9,-3,-1
9152,2,6,4,5
9153,10,9,7,4
9154,7,8,8,8
9155,6,-11,-1,1
9156,3,16,3,18
9157,6,8,9,8
9158,8,-1,3,-8
9159,7,6,10,12
9160,0,-1,10,3
9161,-1,0,0,0
9162,5,5,6,10
9163,7,3,8,7
9164,6,7,-1,5
9165,-7,8,9,1
9166,6,5,4,7
9167,-2,4,7,5
9168,-2,12,18,6
9169,4,2,-2,5
9170,2,3,3,3
9171,5,8,1,11
9172,8,5,19,7
9173,7,13,6,5
9174,-2,4,1,1
9175,1,2,2,2
9176,7,7,5,8
9177,2,3,3,3
9178,3,4,4,4
9179,7,0,3,5
9180,7,1,2,7
9181,9,12,8,10
9182,5,7,7,9
9183,0,11,-11,-7
9184,3,1,-3,4
9185,4,3,4,4
9186,2,2,3,3
9187,6,5,5,6
9188,10,6,2,2
9189,5,10,8,13
9190,11,24,10,9
9191,6,5,3,7
9192,2,2,2,3
9193,-1,-2,-2,0
9194,17,15,5,6
9195,0,12,10,0
9196,15,3,5,-3
9197,-2,10,-5,-1
9198,5,4,3,19
9199,-9,-24,-1,-4
9200,1,1,1,3
9201,6,7,10,9
9202,1,9,2,4
9203,1,1,0,0
9204,6,9,8,16
9205,0,2,6,12
9206,12,0,0,10
9207,7,8,21,8
9208,-10,-6,4,-5
9209,5,6,7,9
9210,10,6,10,10
9211,7,6,7,8
9212,5,7,6,8
9213,20,11,4,6
9214,5,-2,0,6
9215,12,10,7,8
9216,8,8,6,8
9217,-1,-2,12,8
9218,-6,6,-9,10
9219,2,-9,6,5
9220,-1,-2,1,5
9221,6,7,7,5
9222,-1,2,4,3
9223,9,6,6,14
9224,7,2,9,5
9225,7,11,18,9
9226,15,15,13,3
9227,0,1,0,2
9228,4,15,9,8
9229,5,8,7,9
9230,-1,13,10,10
9231,9,12,2,8
9232,11,8,7,13
9233,0,3,4,3
9234,7,12,11,6
9235,9,8,9,9
9236,12,13,13,14
9237,10,13,3,8
9238,7,5,8,5
9239,11,6,8,8
9240,3,4,3,7
9241,5,6,4,7
9242,3,4,4,5
9243,1,-1,5,6
9244,4,-9,-10,-2
9245,2,3,4,4
9246,6,11,6,-3
9247,7,4,4,7
9248,0,-1,0,1
9249,5,5,14,11
9250,7,6,9,7
9251,-1,6,7,6
9252,0,-2,0,5
9253,1,1,1,6
9254,4,6,14,-3
9255,-1,15,6,2
9256,5,9,6,9
9257,5,4,2,10
9258,4,7,7,9
9259,0,-2,-1,1
9260,3,9,4,7
9261,4,22,11,12
9262,1,1,-1,0
9263,9,2,1,-8
9264,6,3,3,7
9265,9,8,11,8
9266,0,0,2,1
9267,7,7,6,10
9268,11,10,4,7
9269,3,1,8,7
9270,4,8,8,6
9271,5,6,4,6
9272,-1,-1,1,0
9273,1,2,2,2
9274,15,6,7,15
9275,7,15,-5,6
9276,11,9,6,11
9277,4,14,5,13
9278,6,10,11,4
9279,5,7,6,6
9280,7,8,8,9
9281,10,12,10,12
9282,5,9,5,13
9283,11,13,9,8
9284,3,6,2,3
9285,0,2,4,1
9286,-1,1,4,1
9287,8,18,12,17
9288,7,11,9,10
9289,-4,2,-4,-1
9290,2,18,7,17
9291,9,4,5,2
9292,2,6,2,6
9293,11,9,9,12
9294,6,4,2,7
9295,5,5,0,3
9296,-2,-1,-2,2
9297,2,3,3,3
9298,-2,-2,-3,-1
9299,-12,2,0,2
9300,-3,-2,-6,-3
9301,4,7,10,8
9302,7,6,8,8
9303,0,0,0,-1
9304,0,1,0,0
9305,7,6,7,10
9306,-1,5,2,3
9307,-2,-1,-1,1
9308,5,7,10,8
9309,10,12,7,9
9310,4,-6,2,3
9311,1,6,7,4
9312,3,-4,5,9
9313,2,2,2,4
9314,4,2,20,5
9315,2,1,3,2
9316,3,0,-4,-5
9317,3,9,3,-2
9318,4,5,4,3
9319,18,0,10,7
9320,-4,-4,1,-4
9321,6,7,3,7
9322,3,4,3,4
9323,7,5,5,9
9324,2,2,2,2
9325,-3,-3,-4,4
9326,6,9,8,7
9327,0,0,-2,-1
9328,4,4,5,5
9329,2,-3,2,3
9330,15,9,-3,12
9331,8,7,6,10
9332,3,2,3,5
9333,1,10,0,0
9334,4,5,3,5
9335,4,2,8,6
9336,2,12,12,9
9337,8,8,7,9
9338,9,13,9,14
9339,-1,7,8,4
9340,3,5,9,15
9341,0,5,0,0
9342,6,9,8,9
9343,4,4,3,4
9344,10,15,7,10
9345,-1,3,3,9
9346,5,6,10,9
9347,9,9,14,11
9348,1,5,4,5
9349,5,7,5,5
9350,-1,-2,-1,-1
9351,12,18,0,13
9352,3,12,10,6
9353,16,9,17,9
9354,6,8,8,11
9355,5,10,5,6
9356,1,1,2,2
9357,3,2,1,2
9358,2,5,6,10
9359,8,4,1,5
9360,-3,3,6,9
9361,2,2,1,3
9362,9,8,6,18
9363,2,9,-10,9
9364,5,10,10,9
9365,0,0,1,1
9366,12,7,1,4
9367,8,8,7,8
9368,7,8,5,8
9369,4,6,-2,6
9370,5,5,6,5
9371,16,4,-2,1
9372,-5,1,-2,-1
9373,-1,4,4,4
9374,5,-13,1,9
9375,9,3,10,3
9376,7,13,7,8
9377,5,2,6,5
9378,0,1,1,16
9379,1,9,9,12
9380,-1,0,0,0
9381,5,8,8,5
9382,0,0,0,0
9383,3,4,4,4
9384,5,3,5,4
9385,2,4,2,1
9386,0,0,0,10
9387,1,4,7,6
9388,0,0,0,6
9389,-5,-3,-4,-2
9390,8,9,7,9
9391,3,3,4,4
9392,7,-5,4,6
9393,1,1,1,0
9394,4,4,4,5
9395,6,7,6,6
9396,9,9,7,9
9397,0,0,0,1
9398,6,6,8,6
9399,-1,4,6,5
9400,0,3,2,14
9401,7,0,3,1
9402,-1,0,3,2
9403,6,5,9,-2
9404,3,4,11,0
9405,-2,7,3,6
9406,0,7,13,10
9407,5,5,6,6
9408,2,-1,3,4
9409,1,4,0,-7
9410,4,9,0,16
9411,1,2,2,3
9412,0,5,5,11
9413,-3,0,4,3
9414,3,3,4,4
9415,12,12,10,6
9416,10,16,5,7
9417,0,1,1,2
9418,1,5,3,-6
9419,6,10,11,8
9420,8,8,9,9
9421,4,5,5,4
9422,1,-1,2,1
9423,10,10,10,11
9424,8,2,6,2
9425,1,-7,-2,5
9426,0,11,8,4
9427,8,6,6,8
9428,6,6,7,7
9429,0,6,0,11
9430,-2,1,1,-2
9431,3,4,4,4
9432,6,6,7,7
9433,5,11,10,8
9434,5,6,6,6
9435,5,10,8,19
9436,0,10,-1,-4
9437,5,6,7,12
9438,6,9,5,6
9439,10,10,13,9
9440,0,2,0,5
9441,5,5,6,6
9442,-8,-1,10,9
9443,10,4,3,12
9444,3,4,2,6
9445,7,4,4,7
9446,5,3,4,5
9447,4,4,-5,4
9448,6,1,8,3
9449,6,6,8,9
9450,3,4,6,6
9451,6,11,3,2
9452,4,11,11,3
9453,5,20,9,9
9454,0,1,1,2
9455,18,8,9,4
9456,3,8,1,4
9457,-3,2,0,2
9458,7,3,-1,4
9459,10,3,4,8
9460,14,7,10,15
9461,9,6,5,11
9462,4,5,6,6
9463,5,8,7,6
9464,4,4,5,5
9465,0,11,-1,3
9466,2,-3,0,1
9467,0,-1,0,2
9468,9,10,10,15
9469,6,4,0,-3
9470,0,0,1,0
9471,0,1,1,1
9472,1,2,1,-1
9473,-3,-2,-2,-2
9474,5,8,8,11
9475,2,11,3,5
9476,9,5,6,12
9477,7,2,8,5
9478,3,2,1,4
9479,7,6,9,8
9480,4,6,6,6
9481,-3,-2,-2,-1
9482,-24,7,-23,7
9483,-4,2,9,-1
9484,5,7,6,5
9485,11,7,5,8
9486,4,8,9,7
9487,5,6,9,8
9488,4,4,4,4
9489,10,0,-8,-2
9490,1,-2,1,5
9491,8,8,9,10
9492,5,5,10,9
9493,9,10,10,10
9494,6,3,-3,7
9495,4,7,6,6
9496,1,2,3,5
9497,5,6,6,6
9498,1,0,-2,-2
9499,3,12,7,5
9500,12,7,0,10
9501,6,15,6,5
9502,-5,-5,-5,-3
9503,9,-5,4,0
9504,-22,-12,-15,-36
9505,12,10,8,6
9506,13,12,8,14
9507,6,7,9,8
9508,7,-6,3,-3
9509,3,10,3,10
9510,5,7,7,10
9511,4,6,5,8
9512,5,6,6,8
9513,7,6,5,9
9514,3,0,6,2
9515,3,5,9,5
9516,4,-3,4,1
9517,1,7,4,11
9518,12,3,6,18
9519,-1,2,-4,-2
9520,0,2,-1,0
9521,4,8,8,4
9522,0,17,2,4
9523,3,4,4,4
9524,5,16,14,20
9525,11,6,8,11
9526,1,2,1,2
9527,10,1,4,-1
9528,7,7,7,7
9529,0,-1,0,0
9530,4,4,5,5
9531,-7,7,9,5
9532,6,7,3,7
9533,3,-9,-9,-1
9534,0,1,3,12
9535,6,0,0,-2
9536,5,6,6,6
9537,4,6,10,8
9538,7,16,15,11
9539,6,7,6,7
9540,4,6,-9,2
9541,1,2,2,3
9542,4,7,5,7
9543,-1,-3,9,25
9544,6,7,7,8
9545,7,8,8,9
9546,4,9,5,7
9547,-1,-1,-1,-1
9548,-1,0,0,1
9549,16,5,5,9
9550,9,11,13,10
9551,3,3,4,4
9552,5,9,8,6
9553,12,6,6,9
9554,-4,0,-2,2
9555,-1,5,4,12
9556,-5,-1,2,-1
9557,1,-5,5,11
9558,-3,-9,-9,3
9559,11,8,17,13
9560,5,-4,3,-4
9561,0,-1,0,0
9562,3,4,4,5
9563,5,5,5,6
9564,4,5,5,6
9565,8,-1,10,2
9566,12,8,1,12
9567,1,5,2,-3
9568,4,4,8,6
9569,5,6,6,7
9570,1,-2,-1,-2
9571,-1,-3,-1,-1
9572,10,3,5,-4
9573,2,0,8,3
9574,9,9,8,9
9575,4,9,6,6
9576,2,2,2,2
9577,6,5,3,7
9578,4,-4,8,6
9579,7,-4,9,8
9580,6,7,6,6
9581,4,1,5,10
9582,9,10,8,14
9583,1,1,1,5
9584,0,5,0,5
9585,1,3,2,4
9586,7,7,8,9
9587,4,5,5,4
9588,6,7,6,8
9589,6,4,10,9
9590,3,2,13,13
9591,5,11,10,12
9592,0,1,1,1
9593,5,5,3,7
9594,5,10,8,10
9595,3,3,4,4
9596,8,10,12,10
9597,0,0,0,0
9598,4,4,4,5
9599,7,0,0,0
9600,7,-2,-1,-6
9601,3,-1,5,6
9602,3,9,5,9
9603,3,-10,-9,4
9604,10,9,10,4
9605,12,12,7,5
9606,-2,-1,-2,-1
9607,3,3,6,7
9608,3,0,-2,7
9609,15,-4,-5,10
9610,19,13,11,0
9611,1,2,1,3
9612,0,-1,0,0
9613,8,10,8,10
9614,8,10,5,7
9615,5,7,6,4
9616,4,4,9,13
9617,0,2,8,6
9618,11,16,12,11
9619,0,-6,-8,-1
9620,9,9,2,3
9621,1,5,1,-1
9622,4,4,2,-1
9623,3,6,15,8
9624,12,11,11,10
9625,-1,0,0,1
9626,-9,11,10,8
9627,9,0,4,6
9628,10,5,10,9
9629,5,4,3,6
9630,5,4,1,4
9631,6,6,6,9
9632,4,8,1,11
9633,8,11,11,11
9634,-2,-10,14,-6
9635,0,-1,1,1
9636,-1,2,-2,4
9637,4,5,10,5
9638,6,7,0,7
9639,3,4,4,5
9640,-2,-2,1,-1
9641,4,6,5,5
9642,8,9,4,4
9643,2,3,4,9
9644,-1,-1,-1,-1
9645,-1,-1,3,1
9646,6,7,8,20
9647,12,11,13,16
9648,-2,-2,2,-3
9649,9,6,6,7
9650,12,1,-13,11
9651,10,0,5,6
9652,3,0,0,4
9653,3,4,3,5
9654,9,6,5,12
9655,5,2,10,7
9656,2,10,-10,7
9657,8,-9,10,4
9658,7,8,9,9
9659,9,7,6,10
9660,-1,6,4,2
9661,3,-3,4,2
9662,-9,-7,-7,-7
9663,7,2,3,8
9664,3,2,3,4
9665,4,5,5,5
9666,9,5,4,1
9667,2,2,1,2
9668,12,-1,2,14
9669,7,4,2,6
9670,4,13,4,8
9671,0,-1,1,1
9672,11,9,9,10
9673,4,9,8,1
9674,4,6,5,7
9675,1,1,4,2
9676,7,11,9,5
9677,4,4,4,4
9678,12,4,8,29
9679,8,1,16,0
9680,-10,-2,4,9
9681,1,11,3,7
9682,0,3,4,2
9683,7,10,1,8
9684,5,11,10,8
9685,0,1,0,13
9686,2,5,9,6
9687,0,2,2,2
9688,0,0,0,0
9689,10,10,-5,-9
9690,5,10,7,6
9691,15,1,-12,8
9692,1,6,5,7
9693,6,14,17,13
9694,1,3,2,6
9695,2,8,8,14
9696,3,1,3,1
9697,7,6,9,6
9698,4,2,-8,4
9699,8,3,8,6
9700,6,9,6,12
9701,7,6,7,9
9702,0,0,4,12
9703,5,5,3,8
9704,3,3,1,6
9705,-60,-62,-59,-58
9706,3,6,8,13
9707,-12,-5,8,2
9708,7,5,5,11
9709,1,3,2,2
9710,5,7,11,7
9711,-9,-2,7,-12
9712,-1,-3,2,0
9713,1,0,2,0
9714,1,1,1,2
9715,5,8,6,14
9716,4,11,13,4
9717,6,5,4,8
9718,9,6,8,9
9719,1,6,10,6
9720,-1,-2,-1,1
9721,9,10,11,14
9722,9,5,11,20
9723,6,6,4,9
9724,-1,-6,-3,-9
9725,5,7,7,7
9726,2,6,8,10
9727,1,1,1,11
9728,6,6,-3,5
9729,5,10,10,8
9730,0,1,1,3
9731,-1,7,9,9
9732,6,5,1,10
9733,3,3,4,3
9734,2,9,1,27
9735,12,16,12,7
9736,4,14,5,6
9737,7,9,7,8
9738,7,7,7,10
9739,1,2,2,1
9740,1,1,1,1
9741,12,15,11,14
9742,6,9,6,5
9743,3,5,6,3
9744,6,6,10,6
9745,1,7,5,0
9746,7,8,6,8
9747,16,7,10,6
9748,5,6,7,7
9749,0,0,-2,-4
9750,9,-1,13,11
9751,8,5,3,6
9752,4,5,5,4
9753,9,7,7,8
9754,8,-1,7,3
9755,11,8,6,8
9756,2,4,11,4
9757,3,2,3,4
9758,5,11,8,22
9759,9,14,15,12
9760,5,6,7,7
9761,14,19,8,8
9762,6,5,4,7
9763,-2,-1,-2,0
9764,-63,1,-4,-61
9765,3,1,2,4
9766,9,3,4,5
9767,6,10,7,6
9768,2,12,-3,1
9769,2,0,-5,6
9770,10,1,-3,-2
9771,3,5,2,4
9772,2,10,2,3
9773,6,6,10,7
9774,2,3,2,2
9775,4,4,4,5
9776,7,8,8,8
9777,11,3,8,12
9778,6,15,7,11
9779,-1,9,7,4
9780,6,5,5,7
9781,3,8,5,3
9782,3,3,9,4
9783,1,2,1,2
9784,2,3,2,3
9785,6,6,10,10
9786,5,7,9,9
9787,8,10,7,8
9788,9,8,5,0
9789,6,6,6,5
9790,7,9,7,7
9791,1,0,-4,-4
9792,13,11,0,-2
9793,10,9,9,9
9794,10,1,5,-4
9795,4,-3,5,3
9796,3,4,4,4
9797,6,7,6,10
9798,3,4,6,12
9799,-7,0,8,1
9800,5,5,5,5
9801,6,7,7,8
9802,6,6,4,7
9803,8,7,10,6
9804,5,8,6,6
9805,5,10,8,11
9806,-12,4,-8,-15
9807,0,-3,11,24
9808,1,6,7,9
9809,4,5,5,5
9810,8,6,-2,13
9811,5,4,5,5
9812,5,7,9,10
9813,4,4,3,5
9814,-3,9,5,6
9815,1,2,2,4
9816,-2,4,-7,-5
9817,8,8,7,9
9818,7,7,6,8
9819,4,5,5,6
9820,7,6,5,14
9821,-1,0,0,0
9822,1,-2,5,4
9823,1,7,-2,-12
9824,5,10,9,8
9825,17,18,16,11
9826,3,13,7,3
9827,13,7,14,15
9828,6,-1,4,7
9829,12,7,3,5
9830,12,9,12,12
9831,2,3,4,4
9832,0,0,0,10
9833,7,2,2,-7
9834,-5,-6,-2,12
9835,7,7,9,8
9836,6,4,-7,0
9837,0,-2,13,6
9838,7,3,7,7
9839,14,6,2,0
9840,2,6,1,7
9841,4,4,4,5
9842,4,11,4,9
9843,3,2,3,3
9844,2,3,3,9
9845,7,7,7,8
9846,-1,1,0,1
9847,1,8,-11,0
9848,7,8,7,8
9849,7,15,9,12
9850,2,13,3,6
9851,5,6,6,6
9852,3,3,3,3
9853,5,6,4,7
9854,10,10,8,10
9855,3,9,6,4
9856,4,6,6,-1
9857,5,8,14,7
9858,1,0,7,-4
9859,7,6,6,9
9860,-8,0,-9,15
9861,0,6,-1,-1
9862,4,5,2,3
9863,3,18,13,15
9864,-6,6,4,-6
9865,7,5,10,11
9866,9,5,1,4
9867,-1,-1,-1,-1
9868,1,1,2,2
9869,6,9,1,6
9870,8,9,4,13
9871,13,6,1,6
9872,3,4,4,4
9873,7,7,10,10
9874,3,6,8,12
9875,6,1,4,0
9876,7,7,5,6
9877,5,5,6,6
9878,3,7,8,9
9879,5,14,7,8
9880,4,3,2,3
9881,9,11,10,11
9882,5,5,6,6
9883,12,13,10,16
9884,9,12,7,6
9885,10,15,8,10
9886,-4,1,7,14
9887,3,6,11,17
9888,0,0,1,0
9889,-6,-10,-32,-1
9890,-1,-5,-2,4
9891,0,0,0,0
9892,4,5,5,6
9893,-5,14,4,-10
9894,15,8,18,2
9895,6,7,7,8
9896,-8,-10,2,0
9897,-2,0,6,12
9898,-8,-12,-18,-20
9899,-1,-4,1,3
9900,11,8,4,19
9901,7,13,6,13
9902,1,2,2,1
9903,13,13,1,3
9904,5,6,8,10
9905,8,11,12,11
9906,7,1,9,8
9907,-1,2,1,6
9908,8,10,4,9
9909,4,4,5,5
9910,3,4,6,9
9911,6,7,7,8
9912,11,11,3,12
9913,7,6,6,7
9914,-1,4,1,6
9915,2,3,2,1
9916,3,-1,5,4
9917,7,4,13,5
9918,0,0,10,6
9919,3,6,1,0
9920,7,3,3,7
9921,1,1,1,1
9922,4,4,5,6
9923,7,7,7,8
9924,0,0,0,1
9925,7,6,8,8
9926,2,6,6,3
9927,4,5,2,6
9928,6,9,10,8
9929,5,8,7,7
9930,5,6,7,6
9931,-3,6,6,-5
9932,6,18,9,7
9933,14,11,10,0
9934,0,-2,-1,5
9935,3,-4,5,7
9936,-4,5,0,5
9937,8,8,7,8
9938,9,7,16,8
9939,-1,0,-1,6
9940,3,3,3,6
9941,0,2,2,2
9942,13,16,2,18
9943,7,7,2,2
9944,9,8,8,10
9945,8,10,9,6
9946,8,10,5,14
9947,-2,8,4,7
9948,6,6,8,6
9949,1,4,5,6
9950,14,10,11,10
9951,1,0,9,4
9952,7,5,4,3
9953,12,9,9,9
9954,1,2,1,2
9955,0,-9,7,16
9956,6,11,7,8
9957,1,9,3,22
9958,6,2,4,5
9959,-3,1,3,5
9960,6,6,5,7
9961,9,15,7,10
9962,10,11,9,12
9963,8,8,6,8
9964,-15,3,3,-17
9965,4,5,3,5
9966,0,0,-1,1
9967,5,6,7,6
9968,-10,4,-9,6
9969,5,1,1,10
9970,0,1,1,2
9971,-1,5,10,0
9972,4,3,3,3
9973,0,1,2,2
9974,8,7,12,-1
9975,8,6,7,9
9976,5,7,6,7
9977,-5,10,8,10
9978,11,11,11,12
9979,2,3,3,5
9980,2,2,2,2
9981,4,4,12,12
9982,5,5,9,7
9983,6,11,4,7
9984,-8,-4,9,2
9985,-2,4,2,-2
9986,6,13,7,10
9987,7,7,7,8
9988,5,13,6,6
9989,7,6,5,7
9990,9,25,8,12
9991,5,7,7,7
9992,13,3,10,15
9993,9,8,8,10
9994,-6,4,-4,-17
9995,3,-4,4,19
9996,4,6,5,5
9997,-1,-1,-1,-2
9998,4,8,1,8
9999,8,6,-5,5
10000,3,6,18,15
