Country Name,Country Code,Indicator Name,Indicator Code,1960,1961,1962,1963,1964,1965,1966,1967,1968,1969,1970,1971,1972,1973,1974,1975,1976,1977,1978,1979,1980,1981,1982,1983,1984,1985,1986,1987,1988,1989,1990,1991,1992,1993,1994,1995,1996,1997,1998,1999,2000,2001,2002,2003,2004,2005,2006,2007,2008,2009,2010,2011,2012,2013,2014,2015,2016,2017,2018,2019,2020,2021,2022,2023,2024,2025
Aruba,ABW,Employment in agriculture (% of total employment) (modeled ILO estimate),SL.AGR.EMPL.ZS,,,,,,,,,,,,,,,,,,,,,,,,,,,,,,,,,,,,,,,,,,,,,,,,,,,,,,,,,,,,,,,,,,
Africa Eastern and Southern,AFE,Employment in agriculture (% of total employment) (modeled ILO estimate),SL.AGR.EMPL.ZS,,,,,,,,,,,,,,,,,,,,,,,,,,,,,,,,60.94921521,61.57754169,61.66282623,61.83130521,61.85100783,61.53964631,61.64721551,61.70267283,61.72598027,61.81923262,61.89130134,62.16520745,62.27598302,62.06697485,61.93248729,61.60143187,61.25625278,61.01274651,60.893676,60.30009144,59.96651427,59.4760403,59.66860385,59.17705644,58.58598774,58.12163669,57.57353727,56.69578989,55.8302173,57.63719915,58.0981989,57.12336187,57.21789395,56.36994032,55.93748808
Afghanistan,AFG,Employment in agriculture (% of total employment) (modeled ILO estimate),SL.AGR.EMPL.ZS,,,,,,,,,,,,,,,,,,,,,,,,,,,,,,,,65.3339443,65.26722918,65.31703641,65.50639676,64.83103631,64.45952507,64.09078872,63.87402774,63.66591563,63.4507736,64.52316888,62.58579637,62.04282973,61.98169247,60.79200834,60.35062746,58.74190779,58.06529139,54.88426197,51.8564248,51.31749292,48.76416758,46.57779586,43.90516958,43.64874086,43.41172373,43.00296791,43.60691346,43.87716869,45.98340939,50.23176912,51.53627755,51.29132646,51.45441188,51.62898974
Africa Western and Central,AFW,Employment in agriculture (% of total employment) (modeled ILO estimate),SL.AGR.EMPL.ZS,,,,,,,,,,,,,,,,,,,,,,,,,,,,,,,,59.26084591,59.08579249,59.12397908,59.04747787,58.92506058,58.60101351,58.2005651,57.78634727,57.44935697,57.01744728,56.68423408,56.33567501,55.83281517,55.10779296,54.53428282,53.9239781,53.24583703,52.44827999,51.54919575,50.35376819,49.43970766,48.36501113,47.22665967,46.5331718,46.05314829,46.05717871,45.33562423,44.61350889,43.66749346,44.66326745,43.89004757,42.68382984,42.14085664,41.5898324,41.0463684
Angola,AGO,Employment in agriculture (% of total employment) (modeled ILO estimate),SL.AGR.EMPL.ZS,,,,,,,,,,,,,,,,,,,,,,,,,,,,,,,,29.11495355,29.69415266,30.29094842,30.85808671,30.62510936,30.51372232,30.32497034,30.19534493,30.80912901,30.9094482,30.724062,30.55461672,30.67204162,30.88851751,33.09810904,35.21285883,37.28661995,39.42342921,41.57916165,44.10377963,46.51135531,48.58361065,50.62460141,52.76289105,52.70021022,52.92132086,53.00894251,53.30914131,53.42332335,55.55973365,56.70750877,52.4847585,52.40662858,52.15474709,51.94938949
Albania,ALB,Employment in agriculture (% of total employment) (modeled ILO estimate),SL.AGR.EMPL.ZS,,,,,,,,,,,,,,,,,,,,,,,,,,,,,,,,40.82891385,40.48444923,40.92543471,41.20418808,42.67790788,45.76967233,44.33530693,45.50512005,47.15398114,46.47050189,46.37099502,45.65329436,45.95511691,46.22916413,46.34175213,45.69351183,45.13123539,44.62612483,44.72079629,42.85469979,45.44001675,46.13069197,43.96167489,41.90482789,41.09194231,39.67758242,37.81159284,37.05995517,36.23513255,35.86191634,33.80477085,33.75424773,32.03858258,31.42586955,30.77228324
Andorra,AND,Employment in agriculture (% of total employment) (modeled ILO estimate),SL.AGR.EMPL.ZS,,,,,,,,,,,,,,,,,,,,,,,,,,,,,,,,,,,,,,,,,,,,,,,,,,,,,,,,,,,,,,,,,,
Arab World,ARB,Employment in agriculture (% of total employment) (modeled ILO estimate),SL.AGR.EMPL.ZS,,,,,,,,,,,,,,,,,,,,,,,,,,,,,,,,33.87083181,33.44585411,32.34329974,31.70918059,31.5444791,30.82841445,30.00752951,29.29302193,28.9146719,28.76474262,27.84433987,26.98772361,26.90072208,26.94402513,26.01447601,25.2915386,24.75677855,23.57848233,22.64403007,21.70444183,21.28189887,20.42974436,20.08451689,19.5198424,18.60971974,18.03473735,17.92878597,16.94583077,16.69129034,16.96867269,16.75058114,16.25065454,13.89878084,13.72228825,13.4820351
United Arab Emirates,ARE,Employment in agriculture (% of total employment) (modeled ILO estimate),SL.AGR.EMPL.ZS,,,,,,,,,,,,,,,,,,,,,,,,,,,,,,,,6.254136649,6.16345407,6.048571699,5.940165424,5.82040754,5.805967279,5.766011945,5.73197443,5.760238542,5.753149085,5.348504478,4.97783053,4.595691813,4.258534437,3.956043188,3.656423075,3.382778969,3.124722866,3.084978564,3.05898168,3.036061213,2.998888835,2.938206296,2.874243435,2.78072931,2.71998308,2.678121418,2.633334241,2.586114675,2.058254531,1.649242536,1.563249603,1.516139328,1.478205954,1.437851783
Argentina,ARG,Employment in agriculture (% of total employment) (modeled ILO estimate),SL.AGR.EMPL.ZS,,,,,,,,,,,,,,,,,,,,,,,,,,,,,,,,14.31624652,13.83208862,13.35244938,12.90702586,12.74623288,12.37052295,11.97722298,11.67645642,11.57904129,11.44752224,11.40697808,11.61312488,11.25144435,10.73734935,10.27047485,9.82702639,9.445488705,9.169911796,9.044341261,8.710791724,8.533942514,8.388206178,8.227696101,8.174669576,7.978108613,7.939768711,7.767799978,7.724214883,7.61304715,7.766809612,7.75008754,7.564841025,7.365229998,7.248468913,7.000941598
Armenia,ARM,Employment in agriculture (% of total employment) (modeled ILO estimate),SL.AGR.EMPL.ZS,,,,,,,,,,,,,,,,,,,,,,,,,,,,,,,,46.14740863,47.4278992,48.21785471,48.40063535,48.42711445,48.40448761,48.37915151,48.26697627,48.11122766,48.01142054,47.7251147,47.15611143,45.57431379,43.99502265,42.15421419,40.38331611,38.52202856,38.01294649,38.32114698,38.19771129,37.78965348,36.63312235,35.04310938,34.82581748,35.32880108,33.5987516,31.34359798,32.78639504,30.58632177,29.38669553,28.34416398,29.24435346,28.06661545,27.48096872,26.97156053
American Samoa,ASM,Employment in agriculture (% of total employment) (modeled ILO estimate),SL.AGR.EMPL.ZS,,,,,,,,,,,,,,,,,,,,,,,,,,,,,,,,,,,,,,,,,,,,,,,,,,,,,,,,,,,,,,,,,,
Antigua and Barbuda,ATG,Employment in agriculture (% of total employment) (modeled ILO estimate),SL.AGR.EMPL.ZS,,,,,,,,,,,,,,,,,,,,,,,,,,,,,,,,,,,,,,,,,,,,,,,,,,,,,,,,,,,,,,,,,,
Australia,AUS,Employment in agriculture (% of total employment) (modeled ILO estimate),SL.AGR.EMPL.ZS,,,,,,,,,,,,,,,,,,,,,,,,,,,,,,,,5.945757194,5.629016358,5.697696046,5.461243337,5.32130482,5.396859039,5.469698994,5.40271661,5.494802032,5.411927347,5.296983312,4.886063524,4.368066114,4.174068977,3.999277415,3.813070784,3.711926838,3.604026432,3.52855954,3.526283416,3.08249792,3.063913616,2.865277588,2.798319706,2.636508034,2.619983242,2.596053351,2.616850532,2.558297445,2.765997776,2.498412187,2.197427577,2.14974802,2.230524686,2.176120346
Austria,AUT,Employment in agriculture (% of total employment) (modeled ILO estimate),SL.AGR.EMPL.ZS,,,,,,,,,,,,,,,,,,,,,,,,,,,,,,,,7.341819076,7.0432018,6.871261871,6.677872356,6.804719982,6.885531523,6.377302014,6.005697931,5.760395676,5.586648467,5.368601275,5.315052011,5.08424121,4.950243743,5.274581154,5.244479955,5.526852737,5.451274964,5.567568011,5.42975286,4.937554912,4.675245327,4.575711527,4.836887569,4.531005865,4.348161379,3.929852961,3.694108921,3.656139927,3.863831427,3.734809299,3.538559544,3.117193714,2.827108994,2.766473073
Azerbaijan,AZE,Employment in agriculture (% of total employment) (modeled ILO estimate),SL.AGR.EMPL.ZS,,,,,,,,,,,,,,,,,,,,,,,,,,,,,,,,44.9207261,48.01201257,45.31160434,44.12260087,43.72116698,44.37739022,43.85916478,42.91125537,42.31392238,41.00957744,39.95424909,40.18517532,38.20239238,39.53689212,39.31744701,39.5468871,38.54912406,39.59320698,38.12479079,38.22998182,37.88277601,37.65333722,37.10054805,36.75345734,36.35585242,36.33689323,36.35063888,36.26135655,35.94952058,35.93290332,35.86967604,35.76929625,35.13855838,34.69167751,34.22683987
Burundi,BDI,Employment in agriculture (% of total employment) (modeled ILO estimate),SL.AGR.EMPL.ZS,,,,,,,,,,,,,,,,,,,,,,,,,,,,,,,,91.18786143,91.25607916,91.35771515,91.51838118,92.0125466,92.37136494,92.42019483,92.20861429,92.08429098,91.93755168,91.63084172,91.24097225,91.09999935,90.84383407,90.60923922,90.11748729,89.65624291,89.20998249,88.88336759,88.39823461,87.86237501,87.29139623,86.71359066,86.18503824,86.41391994,86.31853446,86.30984938,85.72718123,85.0375348,85.31949656,85.66012853,85.68185755,85.58789862,85.39441085,85.34105809
Belgium,BEL,Employment in agriculture (% of total employment) (modeled ILO estimate),SL.AGR.EMPL.ZS,,,,,,,,,,,,,,,,,,,,,,,,,,,,,,,,2.759097156,2.695972798,2.64430112,2.888427969,2.678604066,2.741080768,2.656529036,2.237788662,2.393017863,1.907885289,1.379630271,1.789770487,1.72109681,2.218832623,2.038950434,1.954273352,1.856315697,1.552810329,1.487030482,1.351972817,1.300524381,1.171998545,1.359840731,1.218170742,1.176526179,1.251344608,1.178525305,0.862860777,1.081451291,1.007507298,1.091253899,1.071412811,1.085494555,1.008949179,0.98472244
Benin,BEN,Employment in agriculture (% of total employment) (modeled ILO estimate),SL.AGR.EMPL.ZS,,,,,,,,,,,,,,,,,,,,,,,,,,,,,,,,46.57168718,46.52506303,46.38032142,46.33967519,45.89351717,45.839416,45.57079665,45.50558239,45.31717464,44.94282233,44.66919147,44.51816889,44.36316332,44.25554732,44.36148285,44.23222206,43.79833536,43.50297682,43.63313819,43.74190809,43.62627984,43.71564833,43.31963494,42.91235005,43.19170463,43.32565299,42.94458865,42.31637276,41.986516,43.30848826,43.43636938,42.67110074,41.85706748,41.05039673,40.24104511
Burkina Faso,BFA,Employment in agriculture (% of total employment) (modeled ILO estimate),SL.AGR.EMPL.ZS,,,,,,,,,,,,,,,,,,,,,,,,,,,,,,,,81.91188995,82.00615171,81.89232579,81.89697496,81.07094217,79.80997954,78.75920959,77.7616789,76.52076721,75.75858051,74.67183217,73.65780712,72.28096634,71.06563728,69.58987868,68.14328816,67.0661116,66.27654066,65.26605524,63.77331473,62.38252186,61.07673318,59.840935,58.72250563,57.6106552,56.16077119,54.58259939,53.03560697,51.57013244,52.94879148,53.40183617,53.11110636,52.6974361,52.23364217,51.7754423
Bangladesh,BGD,Employment in agriculture (% of total employment) (modeled ILO estimate),SL.AGR.EMPL.ZS,,,,,,,,,,,,,,,,,,,,,,,,,,,,,,,,69.92131885,69.71018231,69.39547551,68.87560559,68.01808744,66.9869682,67.29938909,67.51579159,67.56903808,67.5956893,63.66376629,59.42198021,54.8136737,53.17507411,51.35968883,50.48572685,49.7149098,48.98554348,48.32775565,47.59254823,46.77359577,45.91806779,45.09918325,44.40462161,43.54234234,42.66474642,40.59730441,40.76579789,40.84013232,42.54767641,43.46571579,43.66870128,45.36633937,44.73603405,44.26012511
Bulgaria,BGR,Employment in agriculture (% of total employment) (modeled ILO estimate),SL.AGR.EMPL.ZS,,,,,,,,,,,,,,,,,,,,,,,,,,,,,,,,9.504939472,9.962235062,10.57093442,11.1940301,11.86436873,12.4940101,13.1728692,13.74118872,13.44746929,13.19635994,9.69357019,10.70514123,11.13950644,10.74526846,8.938781072,8.107978639,7.544348191,7.625505827,6.885145844,6.689306444,6.477723544,6.535681229,6.491082771,7.267330612,6.8064114,6.900656382,7.190024404,6.714853779,6.788471417,6.583847775,6.422348274,6.551441523,6.245148924,4.844314756,4.689221556
Bahrain,BHR,Employment in agriculture (% of total employment) (modeled ILO estimate),SL.AGR.EMPL.ZS,,,,,,,,,,,,,,,,,,,,,,,,,,,,,,,,2.426623427,2.309019293,2.178924215,2.090391465,2.00265537,1.921886075,1.847205149,1.768829932,1.702287799,1.639467969,1.567605306,1.522779043,1.472743335,1.411807237,1.354992453,1.296675691,1.238627743,1.183066392,1.141572651,1.087567261,1.090384402,1.085737581,1.082119372,1.078176639,1.074516852,1.044932079,1.020055406,0.993353469,0.963344658,0.952586068,0.936349392,0.909630376,0.881003289,0.855980347,0.834352491
"Bahamas, The",BHS,Employment in agriculture (% of total employment) (modeled ILO estimate),SL.AGR.EMPL.ZS,,,,,,,,,,,,,,,,,,,,,,,,,,,,,,,,5.253755774,5.251136139,5.458745279,5.430470477,4.33832291,4.991848621,3.83856418,3.530071336,4.031967426,4.108961177,4.202768225,3.711595214,2.999398278,4.431786191,3.494095068,2.505712666,2.30294397,2.937040918,2.881125745,3.285372511,3.742030299,3.132063636,2.675696802,2.240112373,1.880082073,1.58535663,1.31296091,1.090582806,0.911046438,0.933908799,0.921271344,0.862211753,0.830583581,0.801096998,0.774970911
Bosnia and Herzegovina,BIH,Employment in agriculture (% of total employment) (modeled ILO estimate),SL.AGR.EMPL.ZS,,,,,,,,,,,,,,,,,,,,,,,,,,,,,,,,26.92241451,26.34761532,25.99081086,25.890921,25.75154371,25.83857139,25.61460629,25.16270359,24.7962578,24.26089063,23.78996959,23.38677723,22.96778528,22.62676913,22.20015989,21.70019272,20.9764923,21.76685606,22.4343329,20.86315001,20.78185844,21.75122328,20.00364853,18.14802628,18.97939028,19.04881806,19.99703023,16.73461854,19.04041199,12.81884681,18.55051564,18.02188504,17.57254912,17.11601901,16.70899257
Belarus,BLR,Employment in agriculture (% of total employment) (modeled ILO estimate),SL.AGR.EMPL.ZS,,,,,,,,,,,,,,,,,,,,,,,,,,,,,,,,22.42410535,23.39165177,22.76389844,22.21713776,22.51514006,22.04925766,21.09436336,20.27157335,19.72793575,19.00471599,18.34487195,17.66354871,16.86682639,15.92772847,15.05060699,14.18645182,13.4175721,12.60995407,12.28973848,11.65420201,11.18346711,10.83064249,10.49900253,10.19375395,9.738285475,9.738285399,10.69645997,11.31473776,11.05710527,10.8923635,10.9072111,10.10831284,10.1121848,9.746537871,9.478374773
Belize,BLZ,Employment in agriculture (% of total employment) (modeled ILO estimate),SL.AGR.EMPL.ZS,,,,,,,,,,,,,,,,,,,,,,,,,,,,,,,,29.23138343,28.67166351,28.17578475,27.44031054,27.15332717,28.68160963,29.91011373,25.01569085,27.47148686,25.95576845,24.57842825,23.26515098,21.99704599,20.77132677,19.55385745,19.33588247,19.07948347,18.89640716,18.75265957,18.59273305,18.41845547,18.16798853,17.89586278,17.67060951,18.08201981,18.56176153,17.4176185,17.4213821,16.86045838,17.75065452,17.52641149,17.0795172,16.83667037,16.38994621,16.13293087
Bermuda,BMU,Employment in agriculture (% of total employment) (modeled ILO estimate),SL.AGR.EMPL.ZS,,,,,,,,,,,,,,,,,,,,,,,,,,,,,,,,,,,,,,,,,,,,,,,,,,,,,,,,,,,,,,,,,,
Bolivia,BOL,Employment in agriculture (% of total employment) (modeled ILO estimate),SL.AGR.EMPL.ZS,,,,,,,,,,,,,,,,,,,,,,,,,,,,,,,,35.1513079,37.6212984,35.83782355,33.71011971,38.3101448,37.64273187,38.90199067,37.90354147,37.33018026,36.60995848,41.75943055,39.68984339,32.72855351,32.72869602,36.15130534,37.00849119,33.74350712,28.96456425,27.91424375,29.80401986,31.50875159,29.24611746,31.10482607,29.1229458,27.99139298,27.52454354,28.26611505,28.75702632,25.19918806,27.8784641,27.64741891,24.80813518,25.07890482,24.92251932,24.71438968
Brazil,BRA,Employment in agriculture (% of total employment) (modeled ILO estimate),SL.AGR.EMPL.ZS,,,,,,,,,,,,,,,,,,,,,,,,,,,,,,,,16.10121499,16.42363552,16.21704706,15.91116134,15.70643229,14.70628233,14.55393043,13.89355231,14.3766741,14.20783574,14.13813465,14.22001042,14.3769496,14.82801991,14.3285034,13.36262797,12.46845332,11.67160106,11.27870231,10.51536186,9.913597837,9.848147381,10.0260697,9.306504343,9.332391557,9.797929389,9.191430689,9.056943223,8.877277985,9.314074563,9.495608968,8.731440371,8.202818339,7.715652346,7.627825927
Barbados,BRB,Employment in agriculture (% of total employment) (modeled ILO estimate),SL.AGR.EMPL.ZS,,,,,,,,,,,,,,,,,,,,,,,,,,,,,,,,4.797868466,5.481658677,4.814465745,4.633625756,4.031629653,4.810554462,4.66458906,3.906161399,3.782246277,3.256316399,3.648817808,3.539137374,4.018890566,3.892776338,2.757859492,4.151782112,3.479392562,3.184842057,3.332549319,3.293818359,3.186454781,3.123137622,3.032867195,2.953828725,2.890273321,2.86173727,3.105405248,3.095003335,2.827677004,2.969970131,2.93088432,2.851642145,1.369698511,1.301936719,1.245334406
Brunei Darussalam,BRN,Employment in agriculture (% of total employment) (modeled ILO estimate),SL.AGR.EMPL.ZS,,,,,,,,,,,,,,,,,,,,,,,,,,,,,,,,2.628632267,2.537638229,2.447129131,2.361270189,2.261427426,2.188524781,2.113098361,2.03211895,1.977109373,1.91296421,1.839375679,1.797101821,1.763798412,1.731926334,1.703380537,1.670166842,1.636361549,1.612948915,1.571382303,1.544715001,1.521741471,1.490791702,1.460181375,1.431752611,1.40279844,1.380152051,1.358534846,1.060781623,1.953582684,1.336498048,1.405736889,1.516534213,1.27134853,1.236551222,1.20105853
Bhutan,BTN,Employment in agriculture (% of total employment) (modeled ILO estimate),SL.AGR.EMPL.ZS,,,,,,,,,,,,,,,,,,,,,,,,,,,,,,,,67.66120141,67.14468797,66.70712394,66.37774153,65.95989964,65.58579234,65.29276398,64.96062992,64.5991736,64.26421776,63.91098383,63.49459979,63.14842718,62.7467307,62.29980405,62.05244661,61.51503078,61.14164094,60.44867571,59.64250906,60.14821651,58.3528041,56.34438084,56.65095547,57.98565469,56.57254976,55.45268818,54.00028425,51.12590599,49.91540965,49.85916064,43.95574587,43.81348653,43.20375008,42.36998548
Botswana,BWA,Employment in agriculture (% of total employment) (modeled ILO estimate),SL.AGR.EMPL.ZS,,,,,,,,,,,,,,,,,,,,,,,,,,,,,,,,12.57834651,12.32624397,12.11077305,11.82427504,11.50813722,11.16096689,13.09866078,15.49658968,15.06605299,14.78560577,8.900217217,11.99707474,15.87412313,18.01705579,20.16920849,22.39149013,21.06478982,19.93313041,19.12329341,18.40561172,17.87818588,17.75747863,16.93305621,16.41463696,16.53336258,15.97705632,15.59454888,15.27428222,14.88865213,19.44340398,17.59337714,17.63843614,17.99888008,18.10637027,18.02850487
Central African Republic,CAF,Employment in agriculture (% of total employment) (modeled ILO estimate),SL.AGR.EMPL.ZS,,,,,,,,,,,,,,,,,,,,,,,,,,,,,,,,63.69081275,64.94070018,65.33589437,65.09534295,64.71480246,65.68913027,65.4637695,65.28309126,64.89757526,65.59436144,65.43421462,65.28098733,66.47151682,65.98319565,66.1426916,65.84388028,65.53781161,65.59026163,64.42330052,63.65040486,63.30512652,62.65060241,65.63131049,65.57822601,64.91991432,64.53627046,64.14990251,63.93551149,63.62063946,65.41851696,66.11721643,66.02752398,65.87037791,66.05277869,66.06010293
Canada,CAN,Employment in agriculture (% of total employment) (modeled ILO estimate),SL.AGR.EMPL.ZS,,,,,,,,,,,,,,,,,,,,,,,,,,,,,,,,3.48927373,3.451329487,3.482525943,3.348042872,3.153489428,3.112287431,3.007308438,2.990999502,2.805978339,2.515504718,2.160140519,2.116884656,2.107054533,2.023166329,2.122048524,2.081789148,1.95752994,1.914595196,1.901445914,1.778424997,1.768167414,1.724597135,1.802621004,1.727555874,1.643941216,1.947892404,1.516201808,1.518865519,1.537961777,1.550650277,1.36487111,1.306556145,1.271543036,1.129521603,1.104707242
Central Europe and the Baltics,CEB,Employment in agriculture (% of total employment) (modeled ILO estimate),SL.AGR.EMPL.ZS,,,,,,,,,,,,,,,,,,,,,,,,,,,,,,,,20.87545571,20.79756245,20.4424189,19.99810482,19.50575202,18.82163473,18.32296424,18.17349445,18.15018941,17.87720081,17.25692496,15.81344589,15.63171919,14.42897213,13.88745301,12.79651582,11.99385689,11.41138517,11.18239299,11.48301574,11.13786187,11.00245284,10.5839398,10.22086978,9.57876719,8.722749582,8.515962649,8.096782126,7.736716565,7.765704047,7.407074123,7.199651582,7.097861343,6.072712526,5.853277403
Switzerland,CHE,Employment in agriculture (% of total employment) (modeled ILO estimate),SL.AGR.EMPL.ZS,,,,,,,,,,,,,,,,,,,,,,,,,,,,,,,,4.489833068,4.503632285,4.818815404,4.896178059,4.73639968,4.641762589,4.81754439,4.926490004,5.091797988,4.640718024,4.453918388,4.094140782,4.080765266,3.752945022,3.718795229,3.666435784,3.899546156,4.074483486,3.343292997,3.554490285,3.614360362,3.480598628,3.528621752,3.528261715,3.387508168,3.271349219,3.135421455,3.010642134,2.537950046,2.503192864,2.334318324,2.218389383,2.241920247,2.295343552,2.241764953
Channel Islands,CHI,Employment in agriculture (% of total employment) (modeled ILO estimate),SL.AGR.EMPL.ZS,,,,,,,,,,,,,,,,,,,,,,,,,,,,,,,,4.552416078,4.440238982,4.326543502,4.211538765,4.097107374,3.981557156,3.867285595,3.754920008,3.646170125,3.542356462,3.445463521,3.35266375,3.268828824,3.189066059,3.11625042,3.048746749,2.988508877,2.931688039,2.880702794,2.836511609,2.793116819,2.752232262,2.708785467,2.661429316,2.612372872,2.560603107,2.507841004,2.454188894,2.399940095,2.296939932,2.267446917,2.213994998,2.161109879,2.10944439,2.060989473
Chile,CHL,Employment in agriculture (% of total employment) (modeled ILO estimate),SL.AGR.EMPL.ZS,,,,,,,,,,,,,,,,,,,,,,,,,,,,,,,,16.72259088,15.83166313,14.48722042,14.15755356,13.70404653,13.42551274,12.58613552,12.57673555,12.6009632,12.60780682,11.85195409,11.76726444,11.84961255,11.38872263,10.95388982,10.55644823,10.14554175,9.734162512,9.531897236,9.190777713,8.852276226,8.494830564,7.71172871,7.510919939,7.450556218,7.51260627,7.415226652,7.256072078,7.030796495,7.184743931,6.547620335,6.327570901,6.208365942,6.225460077,6.0655245
China,CHN,Employment in agriculture (% of total employment) (modeled ILO estimate),SL.AGR.EMPL.ZS,,,,,,,,,,,,,,,,,,,,,,,,,,,,,,,,59.64008519,58.50010885,56.4004374,54.29990286,52.20010777,50.50035858,49.9004536,49.79967504,50.09944339,50.03956127,50.00000758,49.99999327,49.09948914,46.90025213,44.80019631,42.60048811,40.80004427,39.60007094,38.09988476,36.70061036,34.7997907,33.60059229,31.4002857,29.5004728,28.30047173,27.42212491,26.68358262,25.75149533,24.72198966,23.59985968,22.86877804,24.08010856,22.8008772,22.21649829,21.67686233
Cote d'Ivoire,CIV,Employment in agriculture (% of total employment) (modeled ILO estimate),SL.AGR.EMPL.ZS,,,,,,,,,,,,,,,,,,,,,,,,,,,,,,,,49.85142024,49.82605309,49.79666914,49.60036395,49.26611596,48.88210266,48.28883161,48.05720326,47.84277494,47.90698675,48.14228134,48.37910103,48.71991222,48.2554133,48.03755039,47.84821576,47.70913449,47.40959535,47.0279227,46.63430525,47.18377403,46.27182771,45.31016929,47.85796395,50.53674009,52.92405057,50.50790459,48.40415068,45.94493909,47.67347581,48.22129241,47.9817803,47.0773578,46.25877922,45.36650598
Cameroon,CMR,Employment in agriculture (% of total employment) (modeled ILO estimate),SL.AGR.EMPL.ZS,,,,,,,,,,,,,,,,,,,,,,,,,,,,,,,,64.99663013,65.28209295,65.70467567,65.72598451,65.54323605,65.27524014,65.01218121,64.69786642,64.37376082,64.07110088,63.73837812,63.33834194,62.66296824,61.7149965,60.83376373,60.33109272,59.82734581,58.25462821,56.67997694,55.09999366,53.28503522,51.42114868,49.47918244,47.61304243,46.6540419,45.70445232,44.81125632,43.89191919,43.04507001,44.03199974,43.83430309,43.32585188,42.90332668,42.3734959,41.85397586
"Congo, Dem. Rep.",COD,Employment in agriculture (% of total employment) (modeled ILO estimate),SL.AGR.EMPL.ZS,,,,,,,,,,,,,,,,,,,,,,,,,,,,,,,,58.59613516,60.64699776,62.62333967,63.98728614,64.42543744,63.94173193,65.24252208,65.62225095,66.7172978,67.00509942,67.81194407,67.39555584,66.91403241,66.29757404,65.6947472,65.29233477,64.84097319,64.38510713,64.46773909,63.70178813,63.12775094,62.64160695,61.81884471,60.86056274,60.18409745,60.31026193,60.2408046,59.67688332,59.35840948,60.93011663,61.41428195,60.38282971,59.52426887,58.89929185,58.52446973
"Congo, Rep.",COG,Employment in agriculture (% of total employment) (modeled ILO estimate),SL.AGR.EMPL.ZS,,,,,,,,,,,,,,,,,,,,,,,,,,,,,,,,43.34277057,43.19043633,43.17331314,44.09996538,43.90195779,43.23452135,43.37861433,43.06794107,43.24168431,42.27670149,41.74722842,41.23437978,40.9880041,40.62307362,39.96862453,38.80492037,39.25597116,38.62736452,37.44103965,36.47299858,36.14293687,35.01342043,35.06953571,34.29788559,34.22678546,35.06129111,35.93035244,36.37559115,36.20679112,37.42742806,37.50973947,37.31051589,37.1038479,36.75812197,36.35235193
Colombia,COL,Employment in agriculture (% of total employment) (modeled ILO estimate),SL.AGR.EMPL.ZS,,,,,,,,,,,,,,,,,,,,,,,,,,,,,,,,19.94024647,19.85140559,19.57788805,19.26736022,19.04162087,19.04748556,18.87865878,19.06768464,19.62977521,19.85513384,19.91660082,19.1861959,19.75512174,18.9835261,19.39617813,18.58606745,17.52767233,17.19748665,17.84997619,17.50763107,17.01341993,16.60766373,16.04765256,15.48424128,15.38750012,15.38212304,15.98798164,16.02833726,15.18296221,15.81228229,15.11437548,14.63932185,14.39649711,14.25382277,14.15758184
Comoros,COM,Employment in agriculture (% of total employment) (modeled ILO estimate),SL.AGR.EMPL.ZS,,,,,,,,,,,,,,,,,,,,,,,,,,,,,,,,57.98384996,57.35834047,57.19173258,57.82390511,57.62544487,57.84988686,57.55127467,57.51773838,57.41149842,56.47710924,56.31052904,56.11435112,55.89377437,55.64094113,54.15840744,52.58235778,50.95130351,49.05010289,47.34232252,45.49835167,43.56601215,41.75315157,39.81704763,38.00591109,37.8024454,37.11931907,36.18063839,35.23767686,34.56336335,35.69514066,35.21265149,34.93234755,34.61863809,34.0654344,33.55665413
Cabo Verde,CPV,Employment in agriculture (% of total employment) (modeled ILO estimate),SL.AGR.EMPL.ZS,,,,,,,,,,,,,,,,,,,,,,,,,,,,,,,,27.49600985,26.51210486,25.92415079,24.80388907,23.84794543,22.95407719,22.05734286,21.19150868,20.68289245,19.83278242,19.40718335,18.87439407,18.42572912,17.74240644,17.17318473,16.61932555,15.82176095,15.33777816,15.32973992,15.10952144,14.80927167,14.7203754,14.60021639,14.44296109,14.2477811,13.91888347,13.52371763,11.83846107,10.60456857,11.16971562,11.11136728,10.28016232,9.899731895,9.566992882,9.245180832
Costa Rica,CRI,Employment in agriculture (% of total employment) (modeled ILO estimate),SL.AGR.EMPL.ZS,,,,,,,,,,,,,,,,,,,,,,,,,,,,,,,,21.30717992,20.05729623,18.76773668,17.60795513,17.75607442,17.46481774,17.12977196,16.71171339,16.2934184,16.94738002,16.56812198,16.84313684,16.11319851,15.76909312,16.13463872,14.87707364,14.08799557,13.17885366,12.94387189,14.60285967,14.2323507,13.62103087,13.13496069,14.71150989,15.79032429,15.71519049,15.36154028,15.78343334,15.30814326,16.54449661,15.20460533,13.40603901,13.41114516,11.77393592,11.48927457
Caribbean small states,CSS,Employment in agriculture (% of total employment) (modeled ILO estimate),SL.AGR.EMPL.ZS,,,,,,,,,,,,,,,,,,,,,,,,,,,,,,,,18.62479,18.34315508,17.84073147,18.03651223,16.652791,15.7963132,15.05937062,13.88182482,13.70005236,12.87760428,12.73258455,11.75546207,11.14322878,10.49188892,10.03318132,9.847050245,9.176259092,9.146625493,9.111760273,8.920798447,8.724045422,8.506372253,8.208020835,8.149194907,8.062220332,7.930354742,7.73773162,7.705161738,7.414025214,7.865650784,7.86499393,7.296850168,7.019452924,6.780170924,6.659580388
Cuba,CUB,Employment in agriculture (% of total employment) (modeled ILO estimate),SL.AGR.EMPL.ZS,,,,,,,,,,,,,,,,,,,,,,,,,,,,,,,,22.89206187,23.25453872,23.79353759,23.35856216,22.94507611,22.94507973,22.94509642,22.5211334,22.06413497,22.06413193,21.65645358,21.65645558,21.65646049,21.16473427,20.24987314,20.02060594,18.74192063,18.57443336,18.72773545,18.60080332,19.68822477,19.26073871,18.61429607,18.89955532,18.48465997,18.12829151,17.74643089,17.36882371,17.020105,17.03762758,16.6917369,16.3361694,16.13878171,15.84334618,15.52796033
Curacao,CUW,Employment in agriculture (% of total employment) (modeled ILO estimate),SL.AGR.EMPL.ZS,,,,,,,,,,,,,,,,,,,,,,,,,,,,,,,,,,,,,,,,,,,,,,,,,,,,,,,,,,,,,,,,,,
Cayman Islands,CYM,Employment in agriculture (% of total employment) (modeled ILO estimate),SL.AGR.EMPL.ZS,,,,,,,,,,,,,,,,,,,,,,,,,,,,,,,,,,,,,,,,,,,,,,,,,,,,,,,,,,,,,,,,,,
Cyprus,CYP,Employment in agriculture (% of total employment) (modeled ILO estimate),SL.AGR.EMPL.ZS,,,,,,,,,,,,,,,,,,,,,,,,,,,,,,,,6.407398839,6.150325929,5.982388538,5.547934076,5.386579262,5.219245506,5.045656404,4.839239844,4.664821753,5.404352108,4.838389449,5.254421663,5.186528259,4.825803224,4.73844096,4.260478005,4.385030137,4.231117373,3.929497205,3.795264005,3.828275077,2.912485048,3.105401179,4.430080577,3.995238223,3.64348114,2.527479269,2.165708545,2.410747231,2.731680564,2.853292221,2.373388974,2.460778573,2.197117279,2.154609149
Czechia,CZE,Employment in agriculture (% of total employment) (modeled ILO estimate),SL.AGR.EMPL.ZS,,,,,,,,,,,,,,,,,,,,,,,,,,,,,,,,7.673874148,7.450149882,7.240094443,6.507632906,6.236142702,5.870941051,5.446252658,5.170180387,4.878246488,4.661799832,4.457556091,4.259130954,4.065365775,3.876877388,3.679111807,3.495569768,3.330203811,3.174291914,3.116933265,3.096179509,2.989133502,3.050231742,3.030360805,2.748540565,2.925509059,2.901495044,2.802951993,2.802192992,2.663770827,2.61002349,2.547547837,2.676377481,2.907602149,2.815811039,2.708943177
Germany,DEU,Employment in agriculture (% of total employment) (modeled ILO estimate),SL.AGR.EMPL.ZS,,,,,,,,,,,,,,,,,,,,,,,,,,,,,,,,3.643547763,3.556140435,3.492412239,3.248763443,3.170177835,2.934779853,2.942206317,2.779925294,2.863905342,2.637522869,2.615992566,2.487096448,2.424626946,2.35515518,2.325801394,2.511448884,2.292267464,1.623613971,1.642135205,1.618302578,1.721341775,1.573844076,1.458944632,1.43811499,1.399786476,1.30724055,1.277759371,1.269109245,1.187406077,1.11355469,1.211834285,1.272258582,1.211683902,1.093095277,1.071045168
Djibouti,DJI,Employment in agriculture (% of total employment) (modeled ILO estimate),SL.AGR.EMPL.ZS,,,,,,,,,,,,,,,,,,,,,,,,,,,,,,,,1.949100207,1.944511354,2.009790131,2.020468222,2.047492257,2.105718689,2.124989881,2.135135395,2.105873795,2.101142446,2.090288121,2.059025395,2.024095608,1.993255306,1.965910687,1.917958651,1.884886743,1.823169231,1.790288569,1.729967433,1.645045617,1.582864715,1.526619132,1.471970725,1.410535535,1.353625654,1.324248715,1.291992664,1.257804311,1.310322236,1.308698999,1.283185603,1.238399832,1.190060222,1.151068236
Dominica,DMA,Employment in agriculture (% of total employment) (modeled ILO estimate),SL.AGR.EMPL.ZS,,,,,,,,,,,,,,,,,,,,,,,,,,,,,,,,,,,,,,,,,,,,,,,,,,,,,,,,,,,,,,,,,,
Denmark,DNK,Employment in agriculture (% of total employment) (modeled ILO estimate),SL.AGR.EMPL.ZS,,,,,,,,,,,,,,,,,,,,,,,,,,,,,,,,5.384345038,5.259159319,5.139505452,5.045388713,4.394457997,3.877169936,3.736924268,3.70658606,3.321649906,3.668213487,3.548268,3.212889262,3.294945688,3.271719899,3.182519779,3.088320935,2.963791639,2.705828807,2.759324524,2.543726146,2.394462527,2.637173345,2.593600425,2.480181167,2.491576645,2.334161835,2.110620029,2.191663494,2.222960869,2.102750589,2.039321082,2.117066859,2.020274412,1.666495817,1.62047542
Dominican Republic,DOM,Employment in agriculture (% of total employment) (modeled ILO estimate),SL.AGR.EMPL.ZS,,,,,,,,,,,,,,,,,,,,,,,,,,,,,,,,18.2030422,17.82579779,17.47200952,17.1745244,16.85382892,16.50948808,16.61081883,14.0378952,14.45995822,14.09558353,12.96236548,13.74373925,12.84964219,12.82541906,12.3185195,12.33068179,11.54391545,11.38370801,11.8097811,11.1336778,10.78725587,10.14815689,9.918145737,10.08824258,9.824355264,9.024197596,9.683244865,9.435350563,8.883313773,8.952876482,8.008800716,7.774460485,7.385707401,7.18908385,7.008883332
Algeria,DZA,Employment in agriculture (% of total employment) (modeled ILO estimate),SL.AGR.EMPL.ZS,,,,,,,,,,,,,,,,,,,,,,,,,,,,,,,,22.31731961,22.20145192,22.33021311,22.45699769,22.38193921,22.25013726,22.33668547,21.94863265,21.89817142,21.99771634,21.71797665,21.75130084,21.72203221,21.34047463,19.64639978,17.99758679,16.36890841,14.92733498,13.34393579,11.99941188,10.77195498,10.35446403,9.929968879,9.345166496,8.850977016,8.536151723,10.1612924,10.11045203,10.00537958,10.46522817,10.28368245,10.16970432,9.847864544,9.661798723,9.484602932
East Asia & Pacific (excluding high income),EAP,Employment in agriculture (% of total employment) (modeled ILO estimate),SL.AGR.EMPL.ZS,,,,,,,,,,,,,,,,,,,,,,,,,,,,,,,,58.39055305,57.41910851,55.57595248,53.80685442,51.87903074,50.3078394,49.52232705,49.69325956,49.79947892,49.66691972,49.31498678,49.227271,48.56119499,46.48596903,44.80878207,42.80281675,41.28947621,40.25468028,39.06287202,37.90504611,36.43484459,35.42267408,33.56546459,31.86896585,30.6580745,29.64964601,28.89597134,27.96212414,26.90795511,26.19252629,25.40014601,26.41203462,25.08361705,24.44524455,23.89361406
Early-demographic dividend,EAR,Employment in agriculture (% of total employment) (modeled ILO estimate),SL.AGR.EMPL.ZS,,,,,,,,,,,,,,,,,,,,,,,,,,,,,,,,52.09238207,51.83250522,51.47676992,51.22464854,50.71668967,50.05834917,49.54183508,49.47883232,49.13527809,48.88058951,48.15794792,47.62758773,46.93712846,45.75184443,44.96165857,44.05769787,43.24005181,42.70891989,41.9877472,41.1403349,40.00544692,38.75936541,38.12895032,37.44076523,36.5362172,35.74589219,34.92695137,34.01109382,33.53557367,35.80287352,35.30051356,34.55232306,34.68178105,33.91288586,33.36514604
East Asia & Pacific,EAS,Employment in agriculture (% of total employment) (modeled ILO estimate),SL.AGR.EMPL.ZS,,,,,,,,,,,,,,,,,,,,,,,,,,,,,,,,52.79355198,51.86771481,50.202217,48.59527064,46.86585427,45.45147942,44.73882791,45.01254772,45.1368815,45.00986575,44.7057533,44.63943857,44.06519183,42.19830959,40.67633397,38.86465079,37.50329754,36.57822959,35.56044565,34.51681896,33.17576655,32.25455935,30.54976644,28.99570103,27.89097928,26.95599894,26.25185597,25.39138725,24.42347243,23.75877496,23.07581519,23.94204002,22.74619378,22.14952573,21.65466672
Europe & Central Asia (excluding high income),ECA,Employment in agriculture (% of total employment) (modeled ILO estimate),SL.AGR.EMPL.ZS,,,,,,,,,,,,,,,,,,,,,,,,,,,,,,,,33.11891124,33.14379498,32.35088188,33.00222897,33.94207455,33.94101939,33.41447583,33.41517377,33.16540059,32.02554322,32.04312188,30.97843991,30.11572465,28.26455793,26.92408658,25.96866569,25.30437769,24.95076665,24.37391924,24.27163849,24.21579244,23.72907426,23.38487803,23.15053114,22.57068734,22.08448491,21.76275929,21.09260805,20.48873695,20.47443022,20.16659202,20.66311492,19.84767771,19.52177905,19.14503734
Europe & Central Asia,ECS,Employment in agriculture (% of total employment) (modeled ILO estimate),SL.AGR.EMPL.ZS,,,,,,,,,,,,,,,,,,,,,,,,,,,,,,,,15.49420994,15.66882892,15.3959854,15.59366362,15.52120662,15.17846999,14.36327031,14.0990891,14.44542019,13.89704465,13.29343263,12.66914048,12.31593698,11.46585442,11.10416079,10.68381454,10.15146184,9.783909099,9.631477173,9.668191559,9.644439224,9.479214047,9.305997754,9.127817567,8.889481241,8.667716957,8.391157866,8.137893815,7.909664272,7.86653901,7.812510817,7.304739835,7.035655954,6.800173578,6.674430722
Ecuador,ECU,Employment in agriculture (% of total employment) (modeled ILO estimate),SL.AGR.EMPL.ZS,,,,,,,,,,,,,,,,,,,,,,,,,,,,,,,,29.12461535,27.20177371,28.88466679,28.18602841,26.02110103,27.24448481,27.89551893,28.96412418,29.16379218,31.58691495,31.13206227,31.19670512,31.40872643,32.03757566,31.98743948,31.57554551,30.42213238,29.88977863,30.47772101,29.80080453,29.80235355,29.09734238,27.7670807,26.38955505,27.31719386,28.0593782,28.81562135,29.96121381,30.86106527,31.79465403,32.18548284,31.5251824,29.99781063,32.58733518,32.48122319
"Egypt, Arab Rep.",EGY,Employment in agriculture (% of total employment) (modeled ILO estimate),SL.AGR.EMPL.ZS,,,,,,,,,,,,,,,,,,,,,,,,,,,,,,,,39.73196957,39.15794922,36.17062044,36.06484153,34.86422968,32.17597539,32.25186648,30.67764708,29.57005837,30.53347965,29.43109994,28.39937025,30.78999089,32.77086157,31.86186875,32.15089224,32.69313319,31.8580351,30.1243452,28.41687047,29.39457114,27.21995007,28.10323145,27.69046071,25.98338572,25.57382492,25.06179157,21.68119889,21.15802594,20.37913004,19.28917125,18.93423571,18.28801364,17.97657241,17.52464435
Euro area,EMU,Employment in agriculture (% of total employment) (modeled ILO estimate),SL.AGR.EMPL.ZS,,,,,,,,,,,,,,,,,,,,,,,,,,,,,,,,7.285721931,7.023500401,6.73507816,6.529900475,6.244624511,6.037276829,5.950501612,5.65078694,5.419442789,5.126996901,4.972220199,4.827599071,4.755416628,4.446688376,4.386918539,4.316538297,4.011587835,3.510576237,3.601381609,3.579547067,3.488648972,3.442427935,3.373665266,3.301064227,3.19425357,3.148725449,3.049443314,2.933565517,2.914554483,2.836116836,2.953060039,2.895879787,2.768259018,2.637534212,2.578266979
Eritrea,ERI,Employment in agriculture (% of total employment) (modeled ILO estimate),SL.AGR.EMPL.ZS,,,,,,,,,,,,,,,,,,,,,,,,,,,,,,,,59.49382122,60.21039068,58.24654123,56.16566458,56.31328865,55.37753793,54.13567281,54.42134435,54.45234062,54.6306261,53.85587484,53.44860268,54.6607651,54.99514088,55.88941111,56.39629888,56.37217608,57.86600816,57.30406354,57.40499407,56.0895954,55.83646349,57.75406915,54.89163405,57.35167894,56.20125609,57.97830934,56.07254826,55.56687396,57.01563902,57.40750814,56.81801354,56.35535339,55.99170233,55.47604115
Spain,ESP,Employment in agriculture (% of total employment) (modeled ILO estimate),SL.AGR.EMPL.ZS,,,,,,,,,,,,,,,,,,,,,,,,,,,,,,,,10.61745042,9.71666619,9.781674036,9.490253214,8.987095632,8.359541868,8.044179764,7.699313037,7.207323992,6.687966807,6.554450059,6.004056716,5.704883516,5.484383934,5.299369012,4.9136237,4.361807483,3.911075565,4.043762179,4.102494525,3.844767271,4.24607226,4.334452123,4.267382967,3.987975991,4.179302974,4.31084381,4.069323601,4.113826376,3.905077136,4.075384756,4.014533329,3.497822434,3.473291575,3.374397835
Estonia,EST,Employment in agriculture (% of total employment) (modeled ILO estimate),SL.AGR.EMPL.ZS,,,,,,,,,,,,,,,,,,,,,,,,,,,,,,,,20.08104918,18.93737528,16.7811881,14.88182285,10.73164745,10.25329679,9.686655913,9.300158674,8.575393093,6.362001676,6.34431023,6.596521001,6.235577765,5.062290058,5.193257389,5.063968747,4.776484904,3.901570932,4.054587246,4.216999858,4.412398975,4.493346681,4.262016629,3.858270108,4.031556073,3.899798927,3.625760186,3.43204355,3.340087783,3.082251162,2.684173375,2.603676066,2.594255395,3.06860272,2.956841058
Ethiopia,ETH,Employment in agriculture (% of total employment) (modeled ILO estimate),SL.AGR.EMPL.ZS,,,,,,,,,,,,,,,,,,,,,,,,,,,,,,,,77.15090984,78.04244073,77.35190886,77.18925986,76.97663957,76.22015103,76.25197283,76.71182028,76.36788202,76.59807115,76.66637523,77.30198705,78.36861446,77.94898356,78.12076878,77.38344433,76.53693262,75.76482023,75.10487341,73.83644028,72.71007869,72.08559006,71.03364142,69.55681733,67.95541594,66.41937042,64.7196824,63.36608202,61.81041463,63.62802228,63.46601449,62.96528725,62.17450844,61.00844694,60.14324197
European Union,EUU,Employment in agriculture (% of total employment) (modeled ILO estimate),SL.AGR.EMPL.ZS,,,,,,,,,,,,,,,,,,,,,,,,,,,,,,,,10.0415315,9.846362433,9.588473388,9.365784706,9.06567406,8.754415477,8.565667371,8.317071501,8.08635793,7.767062253,7.467309297,6.955340089,6.865944585,6.379385339,6.22544565,5.959460806,5.593480059,5.118931179,5.111491912,5.165633448,5.013099967,4.984420389,4.853228959,4.730239283,4.515863126,4.310600337,4.19405504,4.015828849,3.914617682,3.866418597,3.879008446,3.788041043,3.662273694,3.326968044,3.230730015
Fragile and conflict affected situations,FCS,Employment in agriculture (% of total employment) (modeled ILO estimate),SL.AGR.EMPL.ZS,,,,,,,,,,,,,,,,,,,,,,,,,,,,,,,,53.49722531,53.82178062,53.85907102,54.11325491,54.58626263,54.34797258,54.16775485,54.21133204,54.20532051,54.10461329,53.86287863,53.71688939,53.4496014,52.80441278,52.26153033,51.69523447,51.19902496,50.7110343,50.26872447,49.56987244,49.06954381,48.64558905,48.0654659,47.3938274,46.86763494,46.60200796,46.35496567,45.91559376,45.53719438,46.62149421,46.40667589,47.15344947,46.98726006,46.5016673,46.09186543
Finland,FIN,Employment in agriculture (% of total employment) (modeled ILO estimate),SL.AGR.EMPL.ZS,,,,,,,,,,,,,,,,,,,,,,,,,,,,,,,,8.897704248,9.024608259,8.905129889,8.734062797,7.757687876,7.893085212,7.778010534,7.113551081,6.380629262,6.208080254,5.837027056,5.526985098,5.276497734,5.009052934,4.918303093,4.820357309,4.607777289,4.388304881,4.57888327,4.568064073,4.345953776,4.151757296,4.094450973,4.160119597,4.329245184,3.903678295,3.742376592,3.466394608,3.671753416,3.717649215,3.950428093,3.90347487,3.616680811,3.569784859,3.493378151
Fiji,FJI,Employment in agriculture (% of total employment) (modeled ILO estimate),SL.AGR.EMPL.ZS,,,,,,,,,,,,,,,,,,,,,,,,,,,,,,,,36.22456807,35.67180549,35.32345081,34.82390536,34.42514353,33.86775212,35.56022285,31.18299,30.39287485,30.29972259,29.93730059,29.50805259,29.2376387,28.64699817,28.24579916,29.51417148,31.13875515,32.57172669,34.13439423,35.42622955,36.6328717,38.02103933,39.12165723,40.43360389,40.13172137,39.98818814,39.22523991,38.54250422,38.22050507,39.26207622,39.03715686,37.61840589,36.76444288,36.10800521,35.63910996
France,FRA,Employment in agriculture (% of total employment) (modeled ILO estimate),SL.AGR.EMPL.ZS,,,,,,,,,,,,,,,,,,,,,,,,,,,,,,,,5.403572827,5.280278625,5.164077378,4.919605925,4.637796225,4.574037665,4.396579078,4.182674555,4.02326219,3.928590206,3.858190578,3.917220956,4.033990707,3.670938119,3.576297866,3.653412203,3.411251368,2.759540725,2.949195556,2.916289631,2.929356051,2.935199684,3.074686039,2.845328551,2.744928818,2.871901001,2.605673347,2.4966528,2.51529494,2.350048258,2.51483563,2.592542889,2.505512074,2.391377972,2.334129385
Faroe Islands,FRO,Employment in agriculture (% of total employment) (modeled ILO estimate),SL.AGR.EMPL.ZS,,,,,,,,,,,,,,,,,,,,,,,,,,,,,,,,,,,,,,,,,,,,,,,,,,,,,,,,,,,,,,,,,,
"Micronesia, Fed. Sts.",FSM,Employment in agriculture (% of total employment) (modeled ILO estimate),SL.AGR.EMPL.ZS,,,,,,,,,,,,,,,,,,,,,,,,,,,,,,,,,,,,,,,,,,,,,,,,,,,,,,,,,,,,,,,,,,
Gabon,GAB,Employment in agriculture (% of total employment) (modeled ILO estimate),SL.AGR.EMPL.ZS,,,,,,,,,,,,,,,,,,,,,,,,,,,,,,,,43.56236691,43.7901674,43.46997997,42.61238986,41.49313726,40.54772737,39.61372187,38.98922334,39.69298623,39.65270589,39.38809503,39.37039618,39.10202704,38.86802333,38.40805656,38.55202463,37.7720443,37.75880709,37.59396278,36.33736119,35.13159946,34.17051858,33.18487225,32.39989921,31.74031744,31.25697709,30.88077124,30.47967391,30,30.2531522,29.64821581,29.43764615,29.31502615,29.08091432,28.86569795
United Kingdom,GBR,Employment in agriculture (% of total employment) (modeled ILO estimate),SL.AGR.EMPL.ZS,,,,,,,,,,,,,,,,,,,,,,,,,,,,,,,,2.417566935,2.349175052,2.277074827,2.312656652,2.285121591,2.168870797,2.064421429,1.913477621,1.73130777,1.709622309,1.551590192,1.54428426,1.3920815,1.422608466,1.379925508,1.352271506,1.365626662,1.4413854,1.109407977,1.217339822,1.221580901,1.189117726,1.06099351,1.244160471,1.144584027,1.137880438,1.15856167,1.067536451,1.085455746,0.981318894,0.896359083,0.755797615,0.876663094,0.872993244,0.851258698
Georgia,GEO,Employment in agriculture (% of total employment) (modeled ILO estimate),SL.AGR.EMPL.ZS,,,,,,,,,,,,,,,,,,,,,,,,,,,,,,,,47.64335895,48.5121146,49.19295903,49.27567383,49.0633626,48.41556744,47.9147462,47.63110049,51.14215955,51.0870384,51.730287,52.78142966,54.06193367,53.16667603,53.46063332,54.63000548,52.92015231,52.41845752,52.0772456,50.82238339,51.32777587,49.88453511,50.08845202,48.87352631,46.8993943,46.7033384,46.01746423,41.87005174,41.14184463,41.05472179,39.74745957,36.94498923,35.63388949,34.7666736,33.95124283
Ghana,GHA,Employment in agriculture (% of total employment) (modeled ILO estimate),SL.AGR.EMPL.ZS,,,,,,,,,,,,,,,,,,,,,,,,,,,,,,,,71.77985398,71.0120999,70.26007797,69.51027838,68.62417576,67.75516865,66.67732801,65.7253984,64.76271729,64.00293761,63.57351146,63.09144322,62.57215697,62.01863671,61.31053775,60.72790219,58.08427806,55.00949202,52.1108614,48.84121883,47.07663796,45.76022839,44.3403448,43.89519636,43.42614107,42.86078844,42.01842445,39.89655089,37.65803562,37.41596276,35.96900474,36.32024388,36.00717853,35.18645376,34.57358344
Gibraltar,GIB,Employment in agriculture (% of total employment) (modeled ILO estimate),SL.AGR.EMPL.ZS,,,,,,,,,,,,,,,,,,,,,,,,,,,,,,,,,,,,,,,,,,,,,,,,,,,,,,,,,,,,,,,,,,
Guinea,GIN,Employment in agriculture (% of total employment) (modeled ILO estimate),SL.AGR.EMPL.ZS,,,,,,,,,,,,,,,,,,,,,,,,,,,,,,,,72.89511039,72.67904409,72.50880752,72.54171233,72.47930199,72.30233386,71.99855582,71.71816863,71.52122206,71.28935303,70.86987428,70.37812424,68.96318221,68.00539814,66.77619553,65.781373,64.07968819,62.60227934,61.59100186,59.83618066,57.72968012,55.82466211,53.9073313,52.03166906,51.72317679,50.31346364,49.26334263,48.59158493,48.26737039,49.7789512,49.97029286,49.66451127,49.02420382,48.23993869,47.35837299
"Gambia, The",GMB,Employment in agriculture (% of total employment) (modeled ILO estimate),SL.AGR.EMPL.ZS,,,,,,,,,,,,,,,,,,,,,,,,,,,,,,,,32.49425801,32.36727166,32.30491646,32.66197906,32.90437854,32.63699325,32.46709623,32.21022693,32.02130348,31.67981261,31.335332,31.73178222,31.4030128,31.00491808,31.38049388,31.27362595,30.99583826,30.78472966,30.30843975,29.88276668,30.7029529,30.53146628,30.38990669,30.7787787,30.57453196,30.6353996,30.07211737,29.16266206,28.43433099,29.77117547,30.06860295,29.40391639,29.06751724,28.30386194,27.55411967
Guinea-Bissau,GNB,Employment in agriculture (% of total employment) (modeled ILO estimate),SL.AGR.EMPL.ZS,,,,,,,,,,,,,,,,,,,,,,,,,,,,,,,,68.49118887,68.59362788,68.80412607,68.79446442,68.6215556,67.97378389,67.2011001,68.4620587,67.57396823,67.47708033,67.13842973,67.13668,67.26251693,67.26880879,66.92346674,66.77989546,66.71447443,66.63178783,66.45628574,66.19584878,65.69144258,66.07359091,65.86768244,65.79496541,65.56525432,65.1057553,64.834721,64.50692219,64.38139754,65.16089075,64.28741066,62.66353635,62.21148301,61.70081017,61.07259853
Equatorial Guinea,GNQ,Employment in agriculture (% of total employment) (modeled ILO estimate),SL.AGR.EMPL.ZS,,,,,,,,,,,,,,,,,,,,,,,,,,,,,,,,70.88482789,70.55922728,70.29843923,69.7724012,69.36727234,68.73697007,66.66749556,65.86844947,64.87080637,63.67395208,61.70597801,60.71431304,59.93868184,58.08110153,56.97842694,56.5066696,55.2925491,54.01570323,54.19596492,55.44959808,55.09315428,54.50292848,54.9084934,54.80649292,55.39957745,56.01474904,56.58089578,55.3999561,55.83560057,56.17918437,55.5219312,55.19483303,55.43554061,55.10656912,55.32346428
Greece,GRC,Employment in agriculture (% of total employment) (modeled ILO estimate),SL.AGR.EMPL.ZS,,,,,,,,,,,,,,,,,,,,,,,,,,,,,,,,19.67331117,19.43461165,19.24826299,19.28781528,19.29361906,19.75252086,19.47845032,17.3213063,17.28565812,16.67496901,15.25582385,14.47428689,14.13315209,11.43566937,11.2907068,10.96549859,10.56681865,10.62013224,11.08649705,11.87424575,11.75102518,12.34262871,13.1533563,13.09401881,12.50071392,11.92892374,11.67255734,11.85299042,11.15072828,10.28791287,11.35771181,11.15625576,11.47594951,10.98833815,10.67778903
Grenada,GRD,Employment in agriculture (% of total employment) (modeled ILO estimate),SL.AGR.EMPL.ZS,,,,,,,,,,,,,,,,,,,,,,,,,,,,,,,,,,,,,,,,,,,,,,,,,,,,,,,,,,,,,,,,,,
Greenland,GRL,Employment in agriculture (% of total employment) (modeled ILO estimate),SL.AGR.EMPL.ZS,,,,,,,,,,,,,,,,,,,,,,,,,,,,,,,,,,,,,,,,,,,,,,,,,,,,,,,,,,,,,,,,,,
Guatemala,GTM,Employment in agriculture (% of total employment) (modeled ILO estimate),SL.AGR.EMPL.ZS,,,,,,,,,,,,,,,,,,,,,,,,,,,,,,,,36.07953777,35.93636401,35.81153839,35.67476711,35.50402654,35.43865497,35.28967408,35.1145249,36.15685719,37.26224901,37.15599251,37.01813058,36.82308889,36.63499908,35.24199651,33.74768375,33.43858234,33.21542566,33.2703274,33.09305391,37.07062966,32.05216693,31.83986146,31.53354298,31.87572334,29.37738657,31.77956422,32.91627217,31.08465781,30.59535999,29.17459169,27.1415723,29.80793023,29.44784572,29.05277205
Guam,GUM,Employment in agriculture (% of total employment) (modeled ILO estimate),SL.AGR.EMPL.ZS,,,,,,,,,,,,,,,,,,,,,,,,,,,,,,,,4.19191403,4.07226009,3.954379321,3.825421407,3.704087985,3.586045893,3.463377575,3.354382712,3.248445959,3.136606223,3.040466756,2.947224126,2.862762238,2.764443225,2.678828467,2.617600753,2.543593025,2.470930233,2.403838967,2.335256023,2.271550017,2.205430366,2.141871131,2.080343313,2.024022922,1.972466209,1.920228079,1.874420825,1.82416775,1.795052368,1.768961562,1.716708368,1.664624324,1.612022604,1.561184871
Guyana,GUY,Employment in agriculture (% of total employment) (modeled ILO estimate),SL.AGR.EMPL.ZS,,,,,,,,,,,,,,,,,,,,,,,,,,,,,,,,38.82395129,37.55186639,36.23930682,34.79890437,33.85504426,32.29906423,30.97981097,30.20202305,28.56198334,27.50474678,25.95804253,24.69960999,24.60853148,24.17002299,24.45403019,23.341825,21.9359434,21.559264,20.73591687,19.87219236,18.82666036,18.0719575,17.53239631,17.32001765,17.27332583,16.7512848,16.34771515,15.91465274,15.29819834,15.6308605,15.08370562,13.98222651,13.17311007,12.5633147,12.21371126
High income,HIC,Employment in agriculture (% of total employment) (modeled ILO estimate),SL.AGR.EMPL.ZS,,,,,,,,,,,,,,,,,,,,,,,,,,,,,,,,8.186621329,8.106197573,7.842942968,7.729322033,7.485779281,7.209094711,6.655817986,6.489469295,6.731195543,6.483491712,6.002259357,5.67466809,5.493834951,5.171224836,5.06145465,4.880727358,4.599737158,4.416090448,4.362149356,4.352676142,4.239518815,4.131506339,3.982730235,3.889097635,3.819666755,3.728962272,3.567755613,3.468155793,3.40448775,3.403857119,3.317685462,3.231718094,3.122343317,2.971214543,2.891844247
"Hong Kong SAR, China",HKG,Employment in agriculture (% of total employment) (modeled ILO estimate),SL.AGR.EMPL.ZS,,,,,,,,,,,,,,,,,,,,,,,,,,,,,,,,0.947538844,0.811146248,0.752871203,0.727808602,0.665864754,0.470683523,0.385892723,0.345090834,0.342112325,0.334823027,0.251992329,0.325764583,0.25244115,0.297776665,0.298642743,0.275936057,0.209872053,0.269224036,0.265039115,0.255461374,0.248054848,0.242062033,0.236061469,0.230303146,0.225410395,0.219834625,0.214225585,0.20873165,0.205572641,0.201727428,0.198803564,0.195344754,0.191104186,0.186011325,0.182377496
Honduras,HND,Employment in agriculture (% of total employment) (modeled ILO estimate),SL.AGR.EMPL.ZS,,,,,,,,,,,,,,,,,,,,,,,,,,,,,,,,28.53304728,28.6332242,28.0157232,27.67075791,27.74106002,28.61170807,27.44418413,25.34891306,25.79321321,26.67967868,27.59384849,29.36839035,27.97219185,25.77455119,25.42915148,27.7631559,26.27801826,25.98877746,27.15502425,28.03060377,26.8998846,28.51363052,26.23119797,21.11631009,21.04918544,19.88318004,23.94360441,23.53982366,22.5219035,23.57207157,22.80019045,21.46372074,22.98224366,22.62752305,22.42376356
Heavily indebted poor countries (HIPC),HPC,Employment in agriculture (% of total employment) (modeled ILO estimate),SL.AGR.EMPL.ZS,,,,,,,,,,,,,,,,,,,,,,,,,,,,,,,,66.98624745,67.48123298,67.42631612,67.44652607,67.39407744,67.01345148,66.9064789,66.74875597,66.575944,66.51280473,66.59797773,66.46125369,66.21670338,65.86874435,65.64967857,65.17820041,64.516727,63.77407723,63.0872618,61.99424648,61.38778704,60.537946,60.26072733,59.52705625,58.96659458,58.51003627,57.76004526,56.74125524,55.48866565,57.41431995,57.7270103,57.30577431,57.40598883,56.69274122,56.20829376
Croatia,HRV,Employment in agriculture (% of total employment) (modeled ILO estimate),SL.AGR.EMPL.ZS,,,,,,,,,,,,,,,,,,,,,,,,,,,,,,,,21.99731738,22.02619328,21.72114597,21.06419105,20.42893146,19.78122122,17.77137861,17.34931251,17.026691,16.54154942,15.99360599,15.5508121,16.86526813,16.96513237,17.30006847,14.2423302,12.35412683,12.81690141,13.32426642,14.25434098,14.58830358,11.91585058,10.38373335,9.361760416,9.160021333,7.475187012,7.00580824,6.14942722,6.104272602,6.248007591,6.724679534,5.814695862,4.659982853,4.486440387,4.327733519
Haiti,HTI,Employment in agriculture (% of total employment) (modeled ILO estimate),SL.AGR.EMPL.ZS,,,,,,,,,,,,,,,,,,,,,,,,,,,,,,,,53.18056561,53.54043347,53.60366639,54.20583867,53.11198733,52.46485017,52.10125641,51.83720186,51.57112376,51.26559673,51.04035252,50.72737277,50.42629321,50.27870613,50.05849494,49.74777458,49.34050521,48.95558769,48.38822929,48.54491266,47.9800018,47.69007787,47.08101775,46.63486715,46.25501326,45.93354364,45.59556886,45.25876938,45.16551061,46.56413834,46.83484311,46.85529101,46.6744947,46.71346988,46.61452731
Hungary,HUN,Employment in agriculture (% of total employment) (modeled ILO estimate),SL.AGR.EMPL.ZS,,,,,,,,,,,,,,,,,,,,,,,,,,,,,,,,11.14261651,10.7877327,8.816197833,8.430982965,7.747095457,7.936550982,7.536244019,7.083810208,6.712551806,6.240619211,5.97504198,5.908865672,5.201247449,5.085846757,4.701364032,4.601418928,4.430632203,4.314572715,4.609028937,4.540579538,4.885853351,5.063690509,4.777321147,4.67524522,4.900139978,5.039768892,5.036684321,4.906343615,4.732335605,4.741540838,4.380822651,4.347834281,4.4277798,4.244298565,4.113682579
IBRD only,IBD,Employment in agriculture (% of total employment) (modeled ILO estimate),SL.AGR.EMPL.ZS,,,,,,,,,,,,,,,,,,,,,,,,,,,,,,,,49.72110874,49.21050023,48.06790304,47.10019159,46.03225577,45.03590956,44.41241787,44.29870621,44.37119767,44.15471636,43.71602552,43.41302333,42.76923172,41.22909255,39.95869734,38.48527979,37.25471621,36.43986508,35.55007732,34.61739509,33.31814905,32.22058049,31.02933641,29.8455964,28.9559,28.2044129,27.57085821,26.79483958,26.06793844,26.95418347,26.4075233,26.62458953,26.10963434,25.52167702,25.05362594
IDA & IBRD total,IBT,Employment in agriculture (% of total employment) (modeled ILO estimate),SL.AGR.EMPL.ZS,,,,,,,,,,,,,,,,,,,,,,,,,,,,,,,,51.57152792,51.20588881,50.27380503,49.55698184,48.61640895,47.73995418,47.16895568,47.17064651,47.21452931,47.04897023,46.58761028,46.22811169,45.56878819,44.23998956,43.12816979,41.87264927,40.80093721,40.09487098,39.30052495,38.42188673,37.35179443,36.37449555,35.42052281,34.3947158,33.60565177,33.01230613,32.36051173,31.60849924,30.97572535,32.04010417,31.56951821,31.67043442,31.24430308,30.66442986,30.27197931
IDA total,IDA,Employment in agriculture (% of total employment) (modeled ILO estimate),SL.AGR.EMPL.ZS,,,,,,,,,,,,,,,,,,,,,,,,,,,,,,,,60.35950516,60.56332487,60.45077675,60.69428894,60.16343139,59.64498372,59.14769442,59.49098733,59.28863726,59.21876891,58.51062404,57.75990102,56.91046423,56.33614125,55.74852923,55.2071077,54.60334546,54.11658029,53.39840335,52.48609925,52.05865761,51.4412044,51.04372369,50.45078088,49.84622845,49.56270017,48.63260805,47.75342074,47.22470941,48.27985394,48.15031175,47.45429846,47.4117778,46.76023571,46.31044588
IDA blend,IDB,Employment in agriculture (% of total employment) (modeled ILO estimate),SL.AGR.EMPL.ZS,,,,,,,,,,,,,,,,,,,,,,,,,,,,,,,,48.9676225,49.15201139,49.12792005,49.958857,48.98851521,48.76356683,47.74663656,48.5236936,48.36483015,48.47347173,48.26667448,48.08545844,47.82365941,47.61886949,47.19274261,46.87457485,46.49396826,46.41750127,45.36170176,44.65482314,44.2396067,43.53793354,42.80460609,42.44116691,41.86618985,42.2520481,41.15949916,39.99633883,39.83355723,40.06594146,38.96745392,37.67198406,37.35727465,36.87649451,36.37348455
Indonesia,IDN,Employment in agriculture (% of total employment) (modeled ILO estimate),SL.AGR.EMPL.ZS,,,,,,,,,,,,,,,,,,,,,,,,,,,,,,,,47.65529363,46.93778908,46.08237979,45.07504336,43.97731797,43.11255373,42.60959831,45.06115132,45.25956972,45.34807776,43.83394084,44.4511073,46.47675056,43.41881559,44.11385474,42.15503866,41.36760217,40.7045813,40.05627636,38.7302728,36.81212289,35.56047564,34.69023207,34.00469468,32.77702957,31.55533292,30.52220244,29.44649008,28.46313361,29.30874817,28.98719982,29.28486299,28.77922806,27.96007498,27.29691246
IDA only,IDX,Employment in agriculture (% of total employment) (modeled ILO estimate),SL.AGR.EMPL.ZS,,,,,,,,,,,,,,,,,,,,,,,,,,,,,,,,66.30595016,66.54583697,66.36576101,66.30340003,65.97673468,65.33648452,65.16234253,65.26798963,65.07006762,64.9375153,63.99170274,62.9590129,61.811027,61.05880858,60.38149998,59.72138894,59.0278876,58.34332834,57.84225118,56.82843833,56.38887272,55.83646532,55.63208892,54.94927493,54.35762954,53.70894355,52.81565265,52.04895957,51.31068192,52.79946991,53.28935652,52.96318608,53.26000647,52.58331194,52.16744872
Isle of Man,IMN,Employment in agriculture (% of total employment) (modeled ILO estimate),SL.AGR.EMPL.ZS,,,,,,,,,,,,,,,,,,,,,,,,,,,,,,,,,,,,,,,,,,,,,,,,,,,,,,,,,,,,,,,,,,
India,IND,Employment in agriculture (% of total employment) (modeled ILO estimate),SL.AGR.EMPL.ZS,,,,,,,,,,,,,,,,,,,,,,,,,,,,,,,,63.12831954,62.89833364,62.66306381,62.37124038,61.97442848,61.51338086,61.15862545,60.64795746,59.87802668,59.6073101,58.89080922,58.20785645,57.16465054,55.99945732,55.02045331,54.2730179,53.36886844,52.8791884,51.94442662,51.05607024,49.07530592,47.08815446,46.24188398,45.25471112,44.27969369,43.20485059,42.26710647,41.29499892,40.651815,44.6754952,44.07918689,42.86099915,43.51358112,42.35477389,41.62512809
Not classified,INX,Employment in agriculture (% of total employment) (modeled ILO estimate),SL.AGR.EMPL.ZS,,,,,,,,,,,,,,,,,,,,,,,,,,,,,,,,,,,,,,,,,,,,,,,,,,,,,,,,,,,,,,,,,,
Ireland,IRL,Employment in agriculture (% of total employment) (modeled ILO estimate),SL.AGR.EMPL.ZS,,,,,,,,,,,,,,,,,,,,,,,,,,,,,,,,13.90533744,13.49630298,13.09678099,12.57958819,12.00830691,11.23869356,10.91284629,9.102651286,8.641130117,7.951303087,7.104557854,7.031063684,6.495169784,6.372622568,5.893978475,5.632962923,5.441004168,5.286226136,5.591152039,5.751254203,5.723730767,5.786114028,5.777019638,5.441301258,5.321012264,5.280527125,5.045899333,4.763072459,4.428817825,4.479688891,4.811988715,3.86204409,4.632277126,3.954099356,3.853200908
"Iran, Islamic Rep.",IRN,Employment in agriculture (% of total employment) (modeled ILO estimate),SL.AGR.EMPL.ZS,,,,,,,,,,,,,,,,,,,,,,,,,,,,,,,,21.9860973,21.79804547,21.75045154,21.6707097,21.49461445,21.10430533,21.00329459,20.86508436,20.67476011,20.32422156,20.04995504,19.53380918,19.00045741,18.71768082,18.38901592,18.08190373,18.46372724,18.25493073,18.32628075,16.31909611,15.90273674,16.61609472,16.63878307,16.43108791,16.62620005,16.16946148,16.06968641,16.02930155,16.33336714,16.09999964,14.92883154,14.54837085,14.07247777,13.76607765,13.62390474
Iraq,IRQ,Employment in agriculture (% of total employment) (modeled ILO estimate),SL.AGR.EMPL.ZS,,,,,,,,,,,,,,,,,,,,,,,,,,,,,,,,17.9331648,17.69421803,17.46298534,17.21755509,16.95201308,16.352411,15.64036971,14.44047995,13.93838319,13.39737267,12.96778873,13.06365785,12.92186218,12.77731827,12.58927964,12.24739785,11.94848689,11.59553556,11.19146862,10.90683026,10.63555795,10.15141405,9.787312041,9.626779619,9.464414081,8.94797936,9.027874882,8.890883918,8.529546676,8.758555002,8.619053519,8.478008471,8.360636911,8.177225978,8.168728362
Iceland,ISL,Employment in agriculture (% of total employment) (modeled ILO estimate),SL.AGR.EMPL.ZS,,,,,,,,,,,,,,,,,,,,,,,,,,,,,,,,10.18881109,10.45257681,9.19228803,9.061365078,9.573485204,9.976419124,9.084378399,8.647512724,8.916442253,8.713279922,7.711823839,7.369149349,6.984402707,6.320955499,6.530155625,6.313821695,5.919115665,4.603550359,4.833888657,5.586936369,5.488924595,5.548518575,4.444907722,4.535578634,4.238852635,3.895010524,3.756229738,4.029561183,4.036136687,4.043349183,4.094226973,4.092560289,3.776731839,3.700401058,3.606554613
Israel,ISR,Employment in agriculture (% of total employment) (modeled ILO estimate),SL.AGR.EMPL.ZS,,,,,,,,,,,,,,,,,,,,,,,,,,,,,,,,2.611754698,2.606375507,2.631353408,2.471458225,2.383131094,2.068190077,1.948717298,1.862075103,1.889334436,1.748413719,1.611433445,1.600071534,1.501120015,1.647701314,1.619379916,1.428329395,1.306980601,1.394084219,1.36634433,1.315797215,1.143483261,1.108167808,1.243037593,1.11131467,1.020581178,1.017955798,1.004248929,0.922922007,0.920851321,0.91495778,0.795749002,0.780042319,0.812389287,0.783764744,0.759711919
Italy,ITA,Employment in agriculture (% of total employment) (modeled ILO estimate),SL.AGR.EMPL.ZS,,,,,,,,,,,,,,,,,,,,,,,,,,,,,,,,8.420412381,8.00077997,7.082703669,6.897877185,6.583002265,6.128943139,5.88060355,5.765783215,5.421227814,5.231848757,5.210186978,4.925359661,4.715997806,4.13690494,4.198307328,4.272577156,3.967048368,3.699080532,3.690755921,3.768187608,3.680748895,3.692458566,3.601346924,3.643046037,3.751371638,3.884449852,3.782815025,3.739097534,3.878308804,4.011614956,4.050173131,3.787695838,3.594375852,3.425912424,3.347217385
Jamaica,JAM,Employment in agriculture (% of total employment) (modeled ILO estimate),SL.AGR.EMPL.ZS,,,,,,,,,,,,,,,,,,,,,,,,,,,,,,,,28.95543323,28.65784799,25.9086538,25.24611591,24.46738614,23.93761174,22.50681097,22.31457,21.93228734,22.27492793,22.16174904,21.52834055,21.76102942,19.7943065,19.43022291,19.60183273,19.00389003,18.68370474,20.25390186,20.30628016,17.6237325,18.10925975,18.22082866,18.45138191,17.74490745,16.72246706,16.76079976,16.26110645,15.23063871,15.93642451,15.73788589,14.8541755,14.55031414,14.24518639,13.94077487
Jordan,JOR,Employment in agriculture (% of total employment) (modeled ILO estimate),SL.AGR.EMPL.ZS,,,,,,,,,,,,,,,,,,,,,,,,,,,,,,,,4.710858246,4.594204729,4.553647744,4.507629549,4.443611147,4.411646772,4.355928414,4.298793092,4.229021328,4.147102429,4.048541234,3.940038562,4.048294627,4.114481851,3.967094413,3.877337912,3.781902159,3.656545763,3.553617023,3.502235746,3.448296906,3.386779338,3.374300736,3.407518469,3.438128417,3.428683422,3.375154144,3.742408743,3.356140075,3.304737178,3.279820153,3.302202267,3.278557723,3.202291997,3.115719277
Japan,JPN,Employment in agriculture (% of total employment) (modeled ILO estimate),SL.AGR.EMPL.ZS,,,,,,,,,,,,,,,,,,,,,,,,,,,,,,,,7.191256925,6.868234684,6.388539162,6.2216505,6.114958249,5.906925197,5.746894736,5.671219882,5.588104388,5.45064111,5.225809659,4.990271236,4.976591841,4.938520733,4.766307819,4.617605468,4.588260778,4.575873618,4.567595007,4.425937708,4.15668546,4.060189979,3.886641674,3.813138286,3.783305692,3.660477038,3.597336688,3.512658967,3.375438876,3.257056919,3.166518073,3.095026104,3.005134676,2.882450076,2.813711498
Kazakhstan,KAZ,Employment in agriculture (% of total employment) (modeled ILO estimate),SL.AGR.EMPL.ZS,,,,,,,,,,,,,,,,,,,,,,,,,,,,,,,,37.99804226,38.11452935,38.40709992,38.67270668,38.74258622,38.39685231,37.97993188,37.80822342,37.24797823,36.58818781,35.51777065,35.47824013,35.25403065,33.50134793,32.4052465,31.53508527,31.22452434,30.16015852,29.01662524,28.28286281,26.45393229,25.53953384,24.19432799,21.89618848,18.0128552,16.32810462,15.36328719,14.3163639,13.76178494,13.45753739,12.82834359,12.36019744,12.02484236,11.64724327,11.31958669
Kenya,KEN,Employment in agriculture (% of total employment) (modeled ILO estimate),SL.AGR.EMPL.ZS,,,,,,,,,,,,,,,,,,,,,,,,,,,,,,,,61.29487185,61.42367599,61.49014695,61.32765416,61.09141266,60.77739445,60.73905473,60.51084287,60.39877082,60.38294759,59.8806071,59.65333706,59.29171626,58.75259493,58.11206059,57.41870254,56.69131783,56.59387415,56.3777818,55.64189544,55.13470711,54.4794911,53.89495697,53.13949761,52.50569177,51.86868195,51.29255479,50.39528936,49.7343374,51.21149102,51.23546762,47.82709162,47.15564608,46.5026257,45.78842672
Kyrgyz Republic,KGZ,Employment in agriculture (% of total employment) (modeled ILO estimate),SL.AGR.EMPL.ZS,,,,,,,,,,,,,,,,,,,,,,,,,,,,,,,,24.7869961,27.08280219,27.78340677,30.58306139,35.79712975,35.78376487,37.00777727,37.71629918,41.44072337,42.30609272,42.15131283,38.02497706,32.22334024,28.13724368,27.76566388,25.73812339,24.18969033,23.81943642,23.45624831,23.22546991,23.76148891,22.95822953,23.17064968,24.0687553,22.50523321,20.69509832,20.34977061,19.99671738,16.35675752,17.67164442,16.81400708,17.01220987,16.77096557,16.00731676,15.44538565
Cambodia,KHM,Employment in agriculture (% of total employment) (modeled ILO estimate),SL.AGR.EMPL.ZS,,,,,,,,,,,,,,,,,,,,,,,,,,,,,,,,75.3344172,75.08357996,75.2598687,77.73622804,77.53425573,77.3068518,71.79330535,77.54224921,75.50271503,73.47631246,68.93379329,67.77640073,66.12842597,64.30184821,62.12899912,60.10592752,58.12695833,55.92059561,58.03858061,54.78567984,56.54766259,53.19923855,49.5226832,45.99601691,42.46842399,37.54026289,38.20638913,38.99925603,39.86809626,36.89997773,37.1315873,36.19064154,35.3046177,34.16495577,33.40474602
Kiribati,KIR,Employment in agriculture (% of total employment) (modeled ILO estimate),SL.AGR.EMPL.ZS,,,,,,,,,,,,,,,,,,,,,,,,,,,,,,,,,,,,,,,,,,,,,,,,,,,,,,,,,,,,,,,,,,
St. Kitts and Nevis,KNA,Employment in agriculture (% of total employment) (modeled ILO estimate),SL.AGR.EMPL.ZS,,,,,,,,,,,,,,,,,,,,,,,,,,,,,,,,,,,,,,,,,,,,,,,,,,,,,,,,,,,,,,,,,,
"Korea, Rep.",KOR,Employment in agriculture (% of total employment) (modeled ILO estimate),SL.AGR.EMPL.ZS,,,,,,,,,,,,,,,,,,,,,,,,,,,,,,,,15.48033684,13.34310693,12.82228565,11.93530727,11.18465046,10.58364955,10.23650695,11.45235366,10.79913149,10.43663968,9.904621786,9.234135383,8.636742406,7.900379072,7.478113304,7.183263117,6.884146659,6.720455233,6.590169871,6.190723272,5.959891701,5.750848154,5.603118082,5.228108619,5.108909975,4.81840662,4.784430735,4.996521798,5.142987646,5.371206784,5.346995335,5.431801703,5.324328422,5.196808707,5.103827689
Kuwait,KWT,Employment in agriculture (% of total employment) (modeled ILO estimate),SL.AGR.EMPL.ZS,,,,,,,,,,,,,,,,,,,,,,,,,,,,,,,,2.431489267,2.374599469,2.267228195,2.162084647,2.078904009,2.134433977,2.180864249,2.221240871,2.297972777,2.366106335,2.419234312,2.465418007,2.504696306,2.604157921,2.702956126,2.645731878,2.58045307,2.512653638,2.468834502,2.440659739,2.403806721,2.356023417,2.310950303,2.265344448,2.198648879,2.149368792,2.109004638,2.093679734,2.039168133,2.015313657,1.990926944,1.967326136,1.950506318,1.927137432,1.891269175
Latin America & Caribbean (excluding high income),LAC,Employment in agriculture (% of total employment) (modeled ILO estimate),SL.AGR.EMPL.ZS,,,,,,,,,,,,,,,,,,,,,,,,,,,,,,,,21.83540291,21.93304598,21.7060802,21.11283789,20.80370999,20.17653535,20.36043523,19.23273029,19.66957308,19.09747748,19.22790083,19.10098451,18.7634977,18.57331584,18.23975947,17.53257115,16.76216514,16.1591352,16.13353789,15.75751169,15.54850289,15.30663403,15.15497579,14.71813092,14.67902439,14.79066361,14.78797227,14.72109679,14.29966745,15.30904017,14.93398136,14.12723294,13.62478415,13.33566192,13.18601557
Lao PDR,LAO,Employment in agriculture (% of total employment) (modeled ILO estimate),SL.AGR.EMPL.ZS,,,,,,,,,,,,,,,,,,,,,,,,,,,,,,,,90.11322662,90.05219755,89.86555678,89.60845826,89.32883644,88.85241199,88.54639972,87.94612475,87.37468246,86.85024043,86.28600252,85.68811895,85.07298171,84.264368,83.51652175,82.68958668,81.81552274,80.82650934,79.85226838,78.93133507,77.88616858,76.72244633,75.43096914,74.19215274,72.96495323,71.85091457,70.52910192,69.86388412,69.35875761,69.95522828,69.85773241,69.56597333,69.38769807,68.9120737,68.59698902
Lebanon,LBN,Employment in agriculture (% of total employment) (modeled ILO estimate),SL.AGR.EMPL.ZS,,,,,,,,,,,,,,,,,,,,,,,,,,,,,,,,7.265713699,6.830606953,6.507259418,6.254080512,6.04246542,5.757185517,5.681186478,5.549800391,5.514826879,5.431776637,5.302803875,5.179992406,5.056849358,4.881228538,4.775787929,4.69848333,4.487163727,4.282804375,4.059063698,3.891007358,3.820941938,3.75269644,3.775565838,3.83707399,3.809424827,3.695369158,3.599389288,3.541697868,3.563223847,3.622808771,3.576268456,3.56999226,3.51300056,,
Liberia,LBR,Employment in agriculture (% of total employment) (modeled ILO estimate),SL.AGR.EMPL.ZS,,,,,,,,,,,,,,,,,,,,,,,,,,,,,,,,51.45837898,55.0026271,58.38553413,60.6465614,62.59535017,60.83038223,55.61630936,53.25186183,51.11102866,48.41688256,48.7755253,48.66586176,52.04320425,51.44085498,50.94376669,50.10330785,48.99517843,47.88857941,47.02016325,45.76845746,44.63400528,43.21340312,41.59349379,41.33319049,41.07451238,41.32325301,40.6293936,40.56371546,41.33003497,43.22869829,43.77637705,43.32151216,42.58561675,41.87435977,41.12090183
Libya,LBY,Employment in agriculture (% of total employment) (modeled ILO estimate),SL.AGR.EMPL.ZS,,,,,,,,,,,,,,,,,,,,,,,,,,,,,,,,14.97605673,14.96452353,15.0915961,14.88643773,14.85986351,14.5786713,14.14692077,14.09406595,13.97807947,13.81153958,13.78990449,13.98880833,13.42524214,13.22187582,12.69373711,12.36706112,11.92288169,11.89332223,11.78354412,11.46199541,11.10310769,11.20014103,11.5257243,11.81787574,11.59560886,11.50159113,10.77707498,10.44552788,10.6903458,10.96765724,10.81958446,11.0324941,10.5958299,10.52005259,9.99748359
St. Lucia,LCA,Employment in agriculture (% of total employment) (modeled ILO estimate),SL.AGR.EMPL.ZS,,,,,,,,,,,,,,,,,,,,,,,,,,,,,,,,23.26343814,22.91007682,22.57465443,25.71452224,24.68877185,23.62428471,19.01639344,21.55049505,20.24743402,19.65941574,16.27181828,13.2642938,13.47134035,15.23820684,12.81211234,13.12720981,12.88288935,12.58748997,12.38744084,12.09388046,11.77194307,11.54171421,11.36519803,11.09974425,10.85121235,10.58566096,10.34665456,11.34915895,9.972684142,9.323300521,11.08149829,10.62088429,9.929237842,7.673673431,7.473522007
Latin America & Caribbean,LCN,Employment in agriculture (% of total employment) (modeled ILO estimate),SL.AGR.EMPL.ZS,,,,,,,,,,,,,,,,,,,,,,,,,,,,,,,,21.13532521,21.1254202,20.82656967,20.39531672,20.08278422,19.5004282,19.5023774,18.43346275,18.84484567,18.34318121,18.40680652,18.3193585,18.05631907,17.84198459,17.48423949,16.77396049,16.02226005,15.4717304,15.4577405,15.11591186,14.87032502,14.62183408,14.45009466,14.03230648,13.97400979,14.05077096,14.14393901,14.12994019,13.77728185,14.75423504,14.39420533,13.60957952,13.14115941,12.8645688,12.72021418
Least developed countries: UN classification,LDC,Employment in agriculture (% of total employment) (modeled ILO estimate),SL.AGR.EMPL.ZS,,,,,,,,,,,,,,,,,,,,,,,,,,,,,,,,67.90970879,68.09001463,68.03231116,68.02134638,67.60426179,67.01444329,66.788082,66.88935693,66.68002648,66.42911431,65.3952345,64.32923237,63.18658673,62.5012829,61.92276603,61.31605632,60.77534837,60.27236617,59.85730994,58.95231156,58.62986382,57.97192314,57.78089111,57.13653161,56.50039569,55.88670271,54.94591952,54.20116177,53.51239545,54.99039856,55.61954428,55.16590662,55.50772535,54.87653691,54.45848923
Low income,LIC,Employment in agriculture (% of total employment) (modeled ILO estimate),SL.AGR.EMPL.ZS,,,,,,,,,,,,,,,,,,,,,,,,,,,,,,,,64.14626012,64.7798453,65.10618767,65.04525226,65.29925299,65.13723526,65.23255717,65.13405815,64.91608987,64.89844206,64.70522941,64.26766572,63.80812641,63.38979969,63.01435683,62.46546234,61.96021122,61.34757905,60.92134389,59.94882656,59.69364754,59.30248978,59.80163057,59.49828102,59.36034943,59.10593055,58.71540661,58.01200327,57.03781199,59.15060878,59.916873,59.3964435,59.94570575,59.13171761,58.80276866
Liechtenstein,LIE,Employment in agriculture (% of total employment) (modeled ILO estimate),SL.AGR.EMPL.ZS,,,,,,,,,,,,,,,,,,,,,,,,,,,,,,,,,,,,,,,,,,,,,,,,,,,,,,,,,,,,,,,,,,
Sri Lanka,LKA,Employment in agriculture (% of total employment) (modeled ILO estimate),SL.AGR.EMPL.ZS,,,,,,,,,,,,,,,,,,,,,,,,,,,,,,,,38.99972452,40.47696155,36.20978202,39.03309148,35.31176515,32.09699448,34.44750093,38.40670456,38.11402644,37.65340086,37.84126743,37.50239179,37.33191173,36.01634727,34.62354604,33.83986854,33.07912756,32.63940675,32.22478384,31.53661368,30.77750269,30.99421839,29.62724924,28.12643648,28.66242183,27.10064957,26.07381029,25.49788775,25.32719963,27.12405917,27.27567906,26.49276677,26.45602547,26.31741609,25.85675806
Lower middle income,LMC,Employment in agriculture (% of total employment) (modeled ILO estimate),SL.AGR.EMPL.ZS,,,,,,,,,,,,,,,,,,,,,,,,,,,,,,,,59.25713813,59.06408126,58.73318568,58.60873367,58.02175057,57.37552874,56.60114211,56.39774481,55.93813931,55.73116263,54.95519391,54.12018935,53.02507284,52.13269302,51.17353881,50.40073762,49.58620498,49.07907579,48.19160413,47.41935152,46.32519706,45.00024096,44.2631875,43.50008281,42.5769504,41.83665982,40.87906132,39.82382139,39.1729292,41.26327441,40.62427232,39.79420426,39.79729947,39.03780004,38.41934034
Low & middle income,LMY,Employment in agriculture (% of total employment) (modeled ILO estimate),SL.AGR.EMPL.ZS,,,,,,,,,,,,,,,,,,,,,,,,,,,,,,,,53.59628005,53.10681527,52.04811043,51.15454376,50.12901716,49.19031723,48.64776513,48.60873968,48.56337981,48.39172053,47.95793591,47.59466025,46.85220138,45.48843894,44.30473525,43.01165167,41.94514053,41.21420645,40.33356763,39.40944506,38.28983522,37.26112227,36.24858296,35.19365782,34.37995239,33.77872792,33.12343299,32.34049427,31.67573093,32.74003435,32.24445386,32.35408623,31.91665424,31.32698693,30.90077184
Lesotho,LSO,Employment in agriculture (% of total employment) (modeled ILO estimate),SL.AGR.EMPL.ZS,,,,,,,,,,,,,,,,,,,,,,,,,,,,,,,,38.59975907,38.2069873,37.72232601,37.10055147,36.7145209,35.91522071,35.74175324,36.07667112,36.3523966,36.0080638,35.85140961,35.60446301,35.12030127,34.99071859,34.43946852,33.66884907,33.16209196,32.50495319,32.61867956,31.92900266,31.39441157,30.73204179,30.59642908,30.21886935,29.89058301,29.7518775,30.19760876,30.2905438,29.83429087,31.48842031,32.03265299,31.67704754,31.53987868,31.12436417,30.87622482
Late-demographic dividend,LTE,Employment in agriculture (% of total employment) (modeled ILO estimate),SL.AGR.EMPL.ZS,,,,,,,,,,,,,,,,,,,,,,,,,,,,,,,,50.22938985,49.58629826,47.96382708,46.62130679,44.98038761,43.68714679,42.8947472,42.85759173,43.14788448,42.97427365,42.60954765,42.31528222,41.53592009,39.82964402,38.18400505,36.3651301,34.82964772,33.7792523,32.7205902,31.7208768,30.42279931,29.54512533,27.88068109,26.25397064,25.27168003,24.51972829,23.83458604,23.06278965,22.10951056,21.47967168,20.79609992,21.47080433,20.22485374,19.60773946,19.15647225
Lithuania,LTU,Employment in agriculture (% of total employment) (modeled ILO estimate),SL.AGR.EMPL.ZS,,,,,,,,,,,,,,,,,,,,,,,,,,,,,,,,23.30015178,23.25141114,23.06146729,22.57552014,22.02994871,21.45099648,20.60267691,19.55704748,19.98894489,19.24116011,17.57325353,18.64134778,18.71286378,16.28421916,14.27111147,13.8324957,11.32535608,8.064592063,8.983898759,8.830502422,8.48610049,8.796715784,8.422825597,9.166032138,9.069002153,7.975520156,7.784080518,7.182592432,6.43624095,5.689795684,5.312820961,5.455572913,5.05918983,4.845184046,4.662907738
Luxembourg,LUX,Employment in agriculture (% of total employment) (modeled ILO estimate),SL.AGR.EMPL.ZS,,,,,,,,,,,,,,,,,,,,,,,,,,,,,,,,3.398768873,3.299635102,3.19661337,3.15504409,3.872010422,2.644238006,2.34147316,2.918991737,1.952569214,2.443441858,1.528770727,1.968790025,2.722485991,1.960702819,1.735389423,1.828546631,1.844423924,1.665238911,1.372406555,1.152134411,1.225638543,1.335705364,1.539533628,1.545031933,1.078930497,1.427632336,1.071203302,1.075927651,0.74961046,0.759476618,1.195889749,1.058656386,0.946506467,0.897461718,0.878170498
Latvia,LVA,Employment in agriculture (% of total employment) (modeled ILO estimate),SL.AGR.EMPL.ZS,,,,,,,,,,,,,,,,,,,,,,,,,,,,,,,,19.88058163,19.68009372,19.18358281,18.55668635,18.07464276,17.47739991,21.58408348,19.02832447,17.49156807,14.92557176,15.47087912,16.22873538,14.24365719,13.30126965,12.05116959,11.4610399,10.17992805,7.956997142,8.750822765,8.614473798,8.895142981,8.373285636,8.056183475,7.503685548,7.93915516,7.691805672,6.689769358,6.901918393,6.811826959,7.401521297,5.640926575,6.228897738,5.835223212,6.92469718,6.663651745
"Macao SAR, China",MAC,Employment in agriculture (% of total employment) (modeled ILO estimate),SL.AGR.EMPL.ZS,,,,,,,,,,,,,,,,,,,,,,,,,,,,,,,,0.399664797,0.395499318,0.395836301,0.397224543,0.399604243,0.400242056,0.400125134,0.40024245,0.400164221,0.399871886,0.3998697,0.400011022,0.399813998,0.399823245,0.400115907,0.399890704,0.399907661,0.399922906,0.400088493,0.400107813,0.400044736,0.400111919,0.399908875,0.3998833,0.399972342,0.400096319,0.399932126,0.400037855,0.400020241,0.400051092,0.39495792,0.399914413,0.389049698,0.381106587,0.373797815
St. Martin (French part),MAF,Employment in agriculture (% of total employment) (modeled ILO estimate),SL.AGR.EMPL.ZS,,,,,,,,,,,,,,,,,,,,,,,,,,,,,,,,,,,,,,,,,,,,,,,,,,,,,,,,,,,,,,,,,,
Morocco,MAR,Employment in agriculture (% of total employment) (modeled ILO estimate),SL.AGR.EMPL.ZS,,,,,,,,,,,,,,,,,,,,,,,,,,,,,,,,51.99764184,50.99807832,49.75111112,49.46053785,49.08315333,50.66689757,45.54794867,44.96565108,47.112376,45.13293513,44.63268993,44.13068803,43.68047504,45.543522,45.16162125,43.07348186,41.95158273,41.49843482,41.07096028,40.47349816,39.78666119,39.21809334,38.27107984,36.81213731,36.05378221,34.8158408,33.79455531,32.77393884,31.62216226,31.99151686,31.23376474,29.30427949,29.09715698,28.26839632,27.89221716
Monaco,MCO,Employment in agriculture (% of total employment) (modeled ILO estimate),SL.AGR.EMPL.ZS,,,,,,,,,,,,,,,,,,,,,,,,,,,,,,,,,,,,,,,,,,,,,,,,,,,,,,,,,,,,,,,,,,
Moldova,MDA,Employment in agriculture (% of total employment) (modeled ILO estimate),SL.AGR.EMPL.ZS,,,,,,,,,,,,,,,,,,,,,,,,,,,,,,,,37.8248655,36.16944701,39.3341282,41.40869749,42.10289439,42.83130916,41.55525674,45.6760211,48.89633401,50.86541629,51.02422471,49.63845934,49.44768338,49.48337251,49.1152938,48.82155167,50.01771554,49.74854737,51.13904172,54.59993976,54.38716093,55.37450553,56.34521035,58.75775365,59.56082395,60.39058522,59.36167871,59.15377021,57.29717937,55.90716126,56.59837587,55.38075674,51.12346374,50.83886542,50.50204769
Madagascar,MDG,Employment in agriculture (% of total employment) (modeled ILO estimate),SL.AGR.EMPL.ZS,,,,,,,,,,,,,,,,,,,,,,,,,,,,,,,,78.45675079,78.51461302,78.57802234,78.80508443,78.76654371,78.81750792,78.7687986,78.75950414,78.76020035,78.758946,78.79198356,81.28628292,81.67130865,81.91193638,81.96409486,80.19920254,78.17773524,75.99109578,75.1124212,73.30574321,71.25639324,68.87287996,71.21509861,73.09183264,74.64427487,73.81722252,72.85045875,72.00463302,70.8804309,71.44016876,71.06172016,70.06644883,69.89153612,69.5182429,69.20890032
Maldives,MDV,Employment in agriculture (% of total employment) (modeled ILO estimate),SL.AGR.EMPL.ZS,,,,,,,,,,,,,,,,,,,,,,,,,,,,,,,,27.4856691,27.14955127,26.81635214,26.36354263,25.6194609,24.26487426,22.79344801,21.3951671,20.09572157,18.81484261,18.83021182,18.25346023,17.79294513,17.14892594,17.19911613,16.04349939,15.37200377,14.58432262,14.02140504,13.26575898,12.42438826,11.8586342,11.15672007,10.41625652,9.838354577,9.236575443,10.50208806,11.79998699,13.252015,13.31642737,13.02857537,12.39038335,12.02139188,11.63265306,11.30506682
"Middle East, North Africa, Afghanistan & Pakistan",MEA,Employment in agriculture (% of total employment) (modeled ILO estimate),SL.AGR.EMPL.ZS,,,,,,,,,,,,,,,,,,,,,,,,,,,,,,,,33.61566202,33.69932461,33.02508342,33.55206004,32.33063299,31.93208981,30.66022378,31.34230513,31.14400048,31.41511605,30.93239298,30.3474359,30.26718136,30.58630233,30.00227054,29.68854834,29.46617064,29.26852789,28.26968618,27.56705885,27.4657574,26.79803332,26.52150099,26.12562732,25.26212066,25.33719137,24.45720581,23.08426015,23.28690043,23.4997094,23.03561015,22.43726402,22.11070943,21.94814544,21.75375373
Mexico,MEX,Employment in agriculture (% of total employment) (modeled ILO estimate),SL.AGR.EMPL.ZS,,,,,,,,,,,,,,,,,,,,,,,,,,,,,,,,25.95151602,25.93888593,25.90276836,24.63625563,23.5488308,21.97525974,23.47496312,19.42288688,20.33439546,17.52443173,17.57560516,17.29259681,16.41635451,15.56501162,15.26273419,14.59520238,14.32174,14.23263324,14.3230206,14.45008726,14.04553867,14.09729905,14.01565378,14.12206073,13.77875517,13.44140914,13.48629985,13.19771731,12.890886,13.11761351,13.31181505,12.64955204,11.96475876,11.60582379,11.40042554
Marshall Islands,MHL,Employment in agriculture (% of total employment) (modeled ILO estimate),SL.AGR.EMPL.ZS,,,,,,,,,,,,,,,,,,,,,,,,,,,,,,,,,,,,,,,,,,,,,,,,,,,,,,,,,,,,,,,,,,
Middle income,MIC,Employment in agriculture (% of total employment) (modeled ILO estimate),SL.AGR.EMPL.ZS,,,,,,,,,,,,,,,,,,,,,,,,,,,,,,,,52.99596099,52.4379686,51.29153385,50.34288582,49.23134579,48.23962421,47.65576025,47.61360386,47.5695835,47.38253682,46.92611047,46.55481621,45.78339588,44.35010544,43.10226231,41.74934925,40.63360105,39.87895121,38.94526923,38.0100573,36.80278869,35.73830469,34.57655048,33.46623506,32.59813205,31.95144917,31.25377143,30.42749101,29.75307915,30.65778,30.07583882,30.18278005,29.75828812,29.1924674,28.71707487
North Macedonia,MKD,Employment in agriculture (% of total employment) (modeled ILO estimate),SL.AGR.EMPL.ZS,,,,,,,,,,,,,,,,,,,,,,,,,,,,,,,,24.44834847,24.30099908,24.31134152,24.31206749,24.14286207,24.07418928,23.96739265,23.8292106,23.67650246,23.42343302,23.15821653,22.84664653,21.12399676,17.23950337,19.49679927,19.04126452,17.88644118,19.31301,17.97764548,18.12926511,18.18923011,17.25676437,18.73587958,18.4641818,17.81953687,16.38860907,15.70936165,14.77299758,13.42216199,11.52637571,11.07542285,9.517588756,7.770773605,8.762522157,8.502724954
Mali,MLI,Employment in agriculture (% of total employment) (modeled ILO estimate),SL.AGR.EMPL.ZS,,,,,,,,,,,,,,,,,,,,,,,,,,,,,,,,59.85663717,60.04823009,60.05074873,59.88522789,59.96301188,59.67402974,59.49884171,59.21163646,59.09440341,59.34541222,58.76073019,58.98176622,58.72232497,59.30821641,60.22476455,61.09873523,63.41084123,65.37473483,67.12290095,66.74169502,66.58884426,67.23081183,67.20530329,66.70152681,62.26587213,64.90268237,63.12610702,63.00286995,57.35298633,68.06183447,66.62786602,64.21084066,63.84591216,63.53573262,63.01371418
Malta,MLT,Employment in agriculture (% of total employment) (modeled ILO estimate),SL.AGR.EMPL.ZS,,,,,,,,,,,,,,,,,,,,,,,,,,,,,,,,2.670449428,2.599883035,2.524625142,2.436099351,2.348600545,2.274050433,2.193236715,2.110550714,2.03177841,1.900972591,2.168776483,2.163055046,2.270339409,2.212040758,2.141810175,2.073438245,1.857961988,1.786495021,1.452209437,1.315984118,1.144961307,1.043995773,1.264285023,1.268903091,1.416212019,1.138876498,0.973355133,0.997408673,1.016937043,1.131704866,0.883909985,0.826971561,1.110399242,0.907523742,0.87654802
Myanmar,MMR,Employment in agriculture (% of total employment) (modeled ILO estimate),SL.AGR.EMPL.ZS,,,,,,,,,,,,,,,,,,,,,,,,,,,,,,,,70.25075494,69.04944866,68.89915319,68.68644237,66.76028341,65.16137651,63.35448539,62.75974636,61.97662526,60.72708162,59.92394186,58.88064263,57.42291852,56.34941284,55.24844296,54.27397389,53.47985532,52.75717622,52.14374857,51.94887518,52.22552472,52.27907335,52.15713589,52.17132885,51.68999946,51.54390058,51.33677566,48.93752375,49.75660784,46.46756068,46.58993958,45.81937821,45.24539696,45.35681787,44.9546146
"Middle East, North Africa, Afghanistan & Pakistan (excluding high income)",MNA,Employment in agriculture (% of total employment) (modeled ILO estimate),SL.AGR.EMPL.ZS,,,,,,,,,,,,,,,,,,,,,,,,,,,,,,,,35.90595214,36.08537299,35.44336992,36.08954326,34.83794695,34.41202711,33.03060859,33.81129374,33.6146374,33.99744278,33.52833843,32.94127899,32.89873263,33.27834119,32.71819635,32.48252889,32.4009963,32.37761202,31.3511465,30.60721605,30.68164583,30.17020391,30.02297456,29.70584455,28.92633461,29.14934249,28.13380461,26.56789479,26.78599964,27.10167081,26.48815792,25.9004298,25.67427466,25.62301109,25.41540672
Montenegro,MNE,Employment in agriculture (% of total employment) (modeled ILO estimate),SL.AGR.EMPL.ZS,,,,,,,,,,,,,,,,,,,,,,,,,,,,,,,,10.61508355,10.52741771,10.44056852,10.35287256,10.26455971,10.17124509,10.07221589,9.964056087,9.853439887,9.744779582,9.604556339,9.458452403,9.332596477,8.999288105,8.630178872,8.666884674,8.654709202,7.454646436,6.495576111,5.590322499,5.549369436,5.655426119,4.513145416,5.676333504,7.719695597,7.742827358,7.936365754,8.018739756,7.149503386,7.50498496,6.384173929,4.269518644,4.459288474,4.34649317,4.192709434
Mongolia,MNG,Employment in agriculture (% of total employment) (modeled ILO estimate),SL.AGR.EMPL.ZS,,,,,,,,,,,,,,,,,,,,,,,,,,,,,,,,48.09023985,50.05332419,50.24252808,50.43729668,51.65899385,52.10045707,54.31186907,55.1303291,54.98586302,54.57461757,53.88278184,50.79067494,52.37241525,50.96096306,49.5423938,47.91253453,47.89649515,44.94587893,42.70660994,39.92233355,39.46616934,37.71330525,36.10444789,34.29007236,34.82598805,36.74301202,35.0813285,32.82515355,32.29944951,29.52683247,29.64587442,28.82769041,28.3916817,27.25975205,27.00385436
Northern Mariana Islands,MNP,Employment in agriculture (% of total employment) (modeled ILO estimate),SL.AGR.EMPL.ZS,,,,,,,,,,,,,,,,,,,,,,,,,,,,,,,,,,,,,,,,,,,,,,,,,,,,,,,,,,,,,,,,,,
Mozambique,MOZ,Employment in agriculture (% of total employment) (modeled ILO estimate),SL.AGR.EMPL.ZS,,,,,,,,,,,,,,,,,,,,,,,,,,,,,,,,84.27844731,84.53134578,84.16584937,84.1268272,84.21410439,83.92796093,83.50879301,83.01185624,82.37969227,82.28801091,81.50027592,80.90190025,80.45579615,79.9134625,79.49268077,78.80038791,78.18014516,77.6604583,77.15669037,76.52122077,75.76587685,74.88236242,74.03904604,73.1010644,72.11619853,71.81861154,71.9473676,71.85283411,71.77058402,73.17930993,73.51387798,73.47945295,73.05117543,73.07319855,73.00608122
Mauritania,MRT,Employment in agriculture (% of total employment) (modeled ILO estimate),SL.AGR.EMPL.ZS,,,,,,,,,,,,,,,,,,,,,,,,,,,,,,,,47.54837755,47.48256262,47.14580365,47.54884034,46.74167978,46.16925075,46.40580118,46.05767405,45.80280525,46.03766768,45.97181022,45.52391388,44.60244818,43.77024315,42.5472182,40.77729227,40.75469528,40.50202156,40.18627713,39.53105663,38.77388031,38.17408799,37.55638256,36.94892946,36.3004239,36.10258292,35.36478327,34.7485877,34.01031281,35.22033022,35.26747531,34.45947682,33.40511553,32.79617626,32.12272441
Mauritius,MUS,Employment in agriculture (% of total employment) (modeled ILO estimate),SL.AGR.EMPL.ZS,,,,,,,,,,,,,,,,,,,,,,,,,,,,,,,,19.64706881,18.97179665,18.57785062,18.21118279,17.76251767,17.27942611,16.65153926,15.89000379,15.02211683,14.41064992,14.0088034,12.93443666,12.42150574,9.77006312,9.469618689,9.182342005,8.833264655,8.641040795,8.53981046,8.154616576,7.292317104,7.240543899,6.751731884,6.939589147,7.121287902,6.809071937,6.568105644,5.849727937,5.262929212,5.317858143,5.339416415,5.467114838,5.071736964,4.893921971,4.711005873
Malawi,MWI,Employment in agriculture (% of total employment) (modeled ILO estimate),SL.AGR.EMPL.ZS,,,,,,,,,,,,,,,,,,,,,,,,,,,,,,,,72.94918774,73.87118959,73.25779288,73.11785634,72.06641285,71.63166457,71.25420532,71.11034758,71.05087321,71.12950319,71.82696009,71.84661925,71.39163548,70.92155583,70.65894115,70.24859143,69.25548862,68.55380745,67.71787963,67.06887609,66.6337088,66.58354097,66.05838434,65.59443692,65.34248974,65.16824077,64.80758066,64.36192735,63.88452208,64.91984957,65.25022322,65.41572463,65.29945517,65.23861992,64.97751643
Malaysia,MYS,Employment in agriculture (% of total employment) (modeled ILO estimate),SL.AGR.EMPL.ZS,,,,,,,,,,,,,,,,,,,,,,,,,,,,,,,,18.90549594,18.31807699,17.74561558,17.23749386,16.7059272,16.1473119,14.30835598,15.65404176,15.28006554,15.26920508,15.13182366,14.92748366,14.26776946,14.55583647,14.63755328,14.6324628,14.73004618,13.9589004,13.49621805,13.3024806,11.87723752,13.25114925,12.69298148,12.57000181,12.46907789,11.36710056,11.29393409,10.627439,10.22403843,10.47022524,10.28929484,10.01059286,9.749666584,9.436943381,9.18230249
North America,NAC,Employment in agriculture (% of total employment) (modeled ILO estimate),SL.AGR.EMPL.ZS,,,,,,,,,,,,,,,,,,,,,,,,,,,,,,,,2.991629186,2.956319449,2.816685164,2.971446414,2.938464671,2.898491793,2.798913819,2.739076486,2.621261195,2.40802056,2.230131051,2.083006073,1.945390765,1.881697736,1.834429307,1.806017208,1.70558824,1.73816328,1.750139491,1.843987797,1.860208164,1.794166327,1.737478829,1.764709185,1.869571035,1.901844056,1.843534145,1.787035365,1.76137307,1.725271276,1.629872635,1.585794969,1.536159509,1.519441304,1.477614353
Namibia,NAM,Employment in agriculture (% of total employment) (modeled ILO estimate),SL.AGR.EMPL.ZS,,,,,,,,,,,,,,,,,,,,,,,,,,,,,,,,45.31310454,44.44532772,44.22092718,43.67059942,41.02730917,38.30725066,35.50254567,33.14546759,30.74398824,28.39177361,28.28909184,27.96242277,27.56550688,27.06027992,27.49340932,27.47808598,27.54844931,27.82658929,28.43494212,28.68435826,27.99586909,27.3678472,31.39229115,29.32097534,24.40875392,20.07127729,21.38718733,22.59061556,22.8546922,23.59259508,23.4867407,23.23155466,22.94209264,22.64117311,22.33820392
New Caledonia,NCL,Employment in agriculture (% of total employment) (modeled ILO estimate),SL.AGR.EMPL.ZS,,,,,,,,,,,,,,,,,,,,,,,,,,,,,,,,7.843742286,7.713994361,7.568910652,7.443693694,7.300954009,7.215965224,6.71303992,6.300425958,5.887377219,5.488022456,5.106540585,4.729401943,4.368457474,4.032853946,3.708076481,3.394822666,3.12074365,2.849188658,2.61894785,2.395907109,2.189515101,2.009139756,1.846186214,1.702440078,1.562352131,1.444062007,1.324921682,1.0591133,1.902836521,1.905817376,1.88105559,1.84127149,1.809513957,1.800202405,1.781739101
Niger,NER,Employment in agriculture (% of total employment) (modeled ILO estimate),SL.AGR.EMPL.ZS,,,,,,,,,,,,,,,,,,,,,,,,,,,,,,,,75.07517227,75.15791529,75.32177834,75.42888395,75.48858842,75.72348631,75.824024,75.50663908,75.72644491,76.01962736,75.88810052,75.83131694,75.9357569,76.09934944,75.88668451,75.72358138,75.7283095,75.44230493,75.48701805,75.12865135,75.17473758,74.54775806,74.54811031,74.36875143,74.49566259,74.56542318,74.63383923,74.48608106,74.45325446,75.32903392,74.95327954,73.86677276,74.19077857,73.46135774,72.99250827
Nigeria,NGA,Employment in agriculture (% of total employment) (modeled ILO estimate),SL.AGR.EMPL.ZS,,,,,,,,,,,,,,,,,,,,,,,,,,,,,,,,53.83514493,53.50463221,53.65564524,53.75207362,53.81209858,53.58041959,53.36769972,53.03930855,52.8267853,52.27524522,51.88271225,51.5185652,50.85652773,49.82310818,49.14668201,48.39283417,47.67120146,46.95746745,46.10007006,44.97057611,43.98900551,42.88661777,41.55488158,40.60327161,40.07420398,39.98477992,39.74132923,39.40786954,38.98911583,38.82486403,37.27049031,35.2524059,34.70480131,34.10114337,33.5336954
Nicaragua,NIC,Employment in agriculture (% of total employment) (modeled ILO estimate),SL.AGR.EMPL.ZS,,,,,,,,,,,,,,,,,,,,,,,,,,,,,,,,32.75672004,33.45793129,33.30149821,34.29756373,34.58392037,34.84221887,35.56985058,35.73197661,35.84979005,36.87665805,36.55195675,35.6809478,34.63694937,34.46098666,32.99157085,33.28946013,33.72976074,32.25036825,32.74633297,32.62447104,32.48691715,32.22039249,31.76920775,31.39027924,30.99048955,30.53484245,30.20030276,30.42543061,30.64651827,31.6903507,31.65900059,31.47563583,31.00245026,30.66936696,30.47233735
Netherlands,NLD,Employment in agriculture (% of total employment) (modeled ILO estimate),SL.AGR.EMPL.ZS,,,,,,,,,,,,,,,,,,,,,,,,,,,,,,,,4.289792526,4.181790557,4.07403794,3.985772657,3.828896616,3.780490694,3.705618385,3.489616448,3.210886148,3.282897461,3.122090905,2.936365176,3.040629878,3.312999472,3.701350145,3.339255951,3.214921793,2.720543085,3.002465691,2.769840718,2.726062519,2.657156152,2.186703227,2.296107228,2.236427806,2.192571657,2.224721555,2.055949416,2.010147446,2.050381031,2.146897672,1.845267034,1.812735347,1.746277451,1.704164348
Norway,NOR,Employment in agriculture (% of total employment) (modeled ILO estimate),SL.AGR.EMPL.ZS,,,,,,,,,,,,,,,,,,,,,,,,,,,,,,,,5.769814037,5.513946332,5.513399154,5.254791348,5.455839826,5.381959141,5.086669357,4.737603288,4.598534422,4.290429613,4.086633122,3.948497561,3.829546736,3.584471276,3.299822448,3.200836795,3.029941073,2.64611286,2.806052632,2.483852477,2.477791987,2.180672356,2.313712134,2.226646694,2.058665817,2.055789038,2.177085546,2.054195962,2.077110591,2.027451692,2.41754836,2.317821276,2.395274566,2.563212826,2.500616169
Nepal,NPL,Employment in agriculture (% of total employment) (modeled ILO estimate),SL.AGR.EMPL.ZS,,,,,,,,,,,,,,,,,,,,,,,,,,,,,,,,39.68604471,39.02076805,38.16495646,36.97038314,36.10323482,35.15654172,35.48313032,35.79341891,35.84345491,35.34174317,34.91557911,34.95809545,34.41847873,33.7599528,33.18037971,32.58081184,31.94733909,31.34993139,30.53842297,29.78398118,29.26995196,28.57597505,27.9683472,27.03305413,26.33651087,26.09844513,25.43581347,24.50655855,23.77319342,24.95275821,24.99208444,24.32071545,23.95069725,23.48393698,22.9119744
Nauru,NRU,Employment in agriculture (% of total employment) (modeled ILO estimate),SL.AGR.EMPL.ZS,,,,,,,,,,,,,,,,,,,,,,,,,,,,,,,,,,,,,,,,,,,,,,,,,,,,,,,,,,,,,,,,,,
New Zealand,NZL,Employment in agriculture (% of total employment) (modeled ILO estimate),SL.AGR.EMPL.ZS,,,,,,,,,,,,,,,,,,,,,,,,,,,,,,,,10.76800175,10.83939566,10.57752702,10.36624903,9.673581954,9.416533713,8.643364936,8.540076827,9.421126032,8.705339644,9.13044833,8.823552403,8.184165351,7.566742038,7.156600251,7.196610924,7.165968738,6.985278858,6.637577467,6.870513752,6.929355467,6.819705535,6.428143064,6.227123658,6.11557732,6.5955718,6.311859648,5.889128049,5.825409067,6.012055391,6.067907387,6.012133986,5.611350489,5.533283225,5.418263756
OECD members,OED,Employment in agriculture (% of total employment) (modeled ILO estimate),SL.AGR.EMPL.ZS,,,,,,,,,,,,,,,,,,,,,,,,,,,,,,,,9.744108296,9.446106294,9.073175926,9.014614201,8.757280347,8.533640776,8.42162545,8.046592547,7.879025007,7.29356375,7.213873173,6.90590998,6.709430942,6.264676528,6.058995242,5.833267725,5.614568026,5.479326312,5.536261802,5.624063465,5.58480092,5.531284835,5.405526776,5.326986022,5.261291273,5.146314044,5.116578928,4.990134739,4.85859475,4.807579217,4.807208647,4.635995047,4.474403141,4.337349079,4.271604379
Oman,OMN,Employment in agriculture (% of total employment) (modeled ILO estimate),SL.AGR.EMPL.ZS,,,,,,,,,,,,,,,,,,,,,,,,,,,,,,,,9.843602479,9.617577691,9.39226845,8.685910781,7.96796124,7.298805507,7.034190278,6.80701745,6.626797829,6.393056694,6.66712059,6.996647104,7.346038201,7.666088516,7.979767973,8.231545293,8.426379237,8.616679169,6.759195453,5.157733881,5.268887674,5.316912072,5.346855445,5.353020467,5.284145913,4.92359231,4.662343967,4.360343409,4.792428833,5.248982273,6.171843618,6.220504507,6.143040558,6.054039,5.947802822
Other small states,OSS,Employment in agriculture (% of total employment) (modeled ILO estimate),SL.AGR.EMPL.ZS,,,,,,,,,,,,,,,,,,,,,,,,,,,,,,,,24.48673112,23.87549534,23.1106563,22.52192886,21.5311737,21.28454947,20.99927408,20.81897153,20.122628,18.94576226,18.87188908,19.08092207,18.9947927,18.35162846,18.21864506,17.95228,17.56132444,17.05534704,17.066756,16.89756992,16.58168601,16.11182838,15.69785168,15.52986966,15.59736858,15.14083972,14.79212251,14.3884671,13.93919125,14.25414967,14.14438588,14.27582061,14.26486779,13.98753209,13.9095087
Pakistan,PAK,Employment in agriculture (% of total employment) (modeled ILO estimate),SL.AGR.EMPL.ZS,,,,,,,,,,,,,,,,,,,,,,,,,,,,,,,,40.65758828,41.42764976,40.86659218,43.39212842,40.08818057,40.08577844,37.37947858,40.59236251,40.59069653,41.67417081,41.67426126,41.4514551,41.450487,42.45111051,42.44975006,42.7541639,42.97484809,44.04839107,42.61388333,42.6724151,42.81859339,42.58678017,42.23656445,42.23319986,41.01001561,42.2680832,39.87472449,37.41642655,38.30890085,38.31148205,37.0980335,36.7314142,36.77403981,36.54414238,36.22954919
Panama,PAN,Employment in agriculture (% of total employment) (modeled ILO estimate),SL.AGR.EMPL.ZS,,,,,,,,,,,,,,,,,,,,,,,,,,,,,,,,29.35140443,27.14276512,25.19476913,21.88486782,22.81642984,22.13526792,20.559384,19.62665102,19.28546766,18.79046247,19.9400864,19.19022601,19.32960314,17.77574204,17.41307804,17.7097032,16.43035313,19.81060134,19.95251144,19.29787004,18.36987092,18.54211928,18.17369643,17.47979239,16.35606517,17.09367167,16.16240138,15.85774026,16.05760906,16.17026053,15.66503588,14.33677141,14.7076644,16.35678958,16.04023308
Peru,PER,Employment in agriculture (% of total employment) (modeled ILO estimate),SL.AGR.EMPL.ZS,,,,,,,,,,,,,,,,,,,,,,,,,,,,,,,,33.15427128,33.5741721,33.21597004,32.01602495,31.39051353,31.34671005,30.86047505,31.18534208,31.27861023,31.20659573,31.36445156,30.84088102,30.44650186,29.9512162,29.2205718,28.29697436,27.18922507,26.48366635,25.82289419,24.90351275,25.15274076,24.27149914,24.14726772,24.4819804,25.07779875,25.11936679,24.30677247,24.24328788,23.70151057,31.58783817,25.92526359,25.668784,23.96683086,23.41928611,23.13457279
Philippines,PHL,Employment in agriculture (% of total employment) (modeled ILO estimate),SL.AGR.EMPL.ZS,,,,,,,,,,,,,,,,,,,,,,,,,,,,,,,,44.07941508,44.2872369,44.59955144,43.47120848,42.84223852,40.40644461,39.0398024,37.30615939,37.52686239,35.78090929,35.55798547,35.35278593,34.84347671,34.2945755,33.76838323,33.21405333,32.56641436,32.3662291,32.37740275,31.53207568,31.27910843,30.82973713,29.7178644,29.07971814,27.85138647,26.72341288,25.18068913,24.03416553,22.60547988,24.50813705,24.32550579,22.83635183,22.03709201,21.18587219,20.48788849
Palau,PLW,Employment in agriculture (% of total employment) (modeled ILO estimate),SL.AGR.EMPL.ZS,,,,,,,,,,,,,,,,,,,,,,,,,,,,,,,,,,,,,,,,,,,,,,,,,,,,,,,,,,,,,,,,,,
Papua New Guinea,PNG,Employment in agriculture (% of total employment) (modeled ILO estimate),SL.AGR.EMPL.ZS,,,,,,,,,,,,,,,,,,,,,,,,,,,,,,,,28.42184191,27.69017506,26.98180805,26.94401553,27.30573173,26.74616964,27.15143713,27.41554919,27.63002987,28.20512001,28.17954071,28.36497351,28.2771305,28.01722067,27.63313787,27.1896502,26.51498656,26.61983896,26.08704194,25.79872731,26.79130467,27.5534519,28.44143025,28.59250219,29.31769227,30.16358253,31.24177012,32.55008395,33.4428019,36.02959128,37.64827861,38.66096028,38.07816835,37.46450536,36.86247684
Poland,POL,Employment in agriculture (% of total employment) (modeled ILO estimate),SL.AGR.EMPL.ZS,,,,,,,,,,,,,,,,,,,,,,,,,,,,,,,,26.27002084,25.92412233,25.45594982,24.877127,23.55108263,23.01580728,21.55712832,20.88162534,20.23927213,19.60725765,19.49934952,19.30474416,19.03172287,18.81281201,18.17029491,16.5377202,15.45870025,14.67493775,13.94001436,13.70934339,13.55660504,13.22153515,12.62334257,12.08406167,11.53418477,10.58417749,10.2217445,9.618487606,9.15364542,9.586761493,9.096477318,8.930699504,8.486683566,6.502307196,6.222566466
Pre-demographic dividend,PRE,Employment in agriculture (% of total employment) (modeled ILO estimate),SL.AGR.EMPL.ZS,,,,,,,,,,,,,,,,,,,,,,,,,,,,,,,,60.80222514,60.96650672,61.08959311,61.21703871,61.198736,60.86492873,60.66807182,60.39960555,60.28004922,60.03877761,59.8612834,59.59612469,59.2139086,58.7198735,58.35670894,57.87791687,57.4615825,57.02465281,56.45397616,55.50830971,55.00999516,54.12123971,53.8043572,53.2278962,52.82823929,52.65020971,52.22416346,51.58383375,50.78588888,52.18980348,52.14801728,50.91934454,50.68628852,50.1122628,49.66665004
Puerto Rico (US),PRI,Employment in agriculture (% of total employment) (modeled ILO estimate),SL.AGR.EMPL.ZS,,,,,,,,,,,,,,,,,,,,,,,,,,,,,,,,3.945480273,3.81411823,3.747169718,3.876043242,3.191512653,2.994867608,3.133487784,2.728088874,2.425918544,2.099780364,2.246892337,2.179753149,2.2219492,2.353257146,2.304820011,1.599914761,1.2589409,1.659118941,1.622553863,1.57951992,1.532451245,1.484695601,1.440362988,1.399166061,1.359574295,1.34176619,1.328249478,1.313748402,1.292722153,1.316253703,1.296904657,1.243373451,1.203772013,1.169470857,1.139005617
"Korea, Dem. People's Rep.",PRK,Employment in agriculture (% of total employment) (modeled ILO estimate),SL.AGR.EMPL.ZS,,,,,,,,,,,,,,,,,,,,,,,,,,,,,,,,52.54117904,53.42932291,54.04460351,54.49488844,55.03599047,55.50245558,56.29573156,56.48543924,55.85265355,55.76094727,55.33010707,55.12263731,54.81804609,54.52917617,54.030468,54.07301943,54.10787734,53.70927656,53.73076172,53.70589157,53.57626732,53.35251718,53.12416548,52.89543854,52.90907688,52.38909446,52.73132976,53.12882539,52.91948848,54.4715698,55.10165145,54.97139816,54.49325847,54.29546312,54.07926443
Portugal,PRT,Employment in agriculture (% of total employment) (modeled ILO estimate),SL.AGR.EMPL.ZS,,,,,,,,,,,,,,,,,,,,,,,,,,,,,,,,6.558800075,6.395336732,6.297983723,6.409717784,6.241931133,6.682804787,7.350833839,7.7575405,7.03253407,6.951626,7.270025564,6.918223549,7.133508623,6.706821783,6.563352292,6.469578137,6.42664352,6.194814274,6.203254822,6.054370508,5.458870202,5.850636455,5.497316756,4.558887603,3.95165683,3.615537581,3.351747402,3.144709822,2.877348322,2.866348326,2.826387869,3.097652277,3.107064163,2.855848747,2.776225898
Paraguay,PRY,Employment in agriculture (% of total employment) (modeled ILO estimate),SL.AGR.EMPL.ZS,,,,,,,,,,,,,,,,,,,,,,,,,,,,,,,,28.47467681,28.72638911,28.60123064,28.41272476,28.05511921,28.34517839,28.26913112,28.82993176,29.61124656,32.46916715,33.16023182,33.8280868,31.32630183,32.75007266,32.01626998,30.30915386,28.66880372,25.29626724,27.95718403,25.62073682,25.51699312,26.14073843,22.82329719,22.08357747,19.70204535,21.32410601,20.55290491,20.07689317,18.72224596,21.27451834,19.71426078,17.41287695,17.17141776,16.2162088,15.96537369
West Bank and Gaza,PSE,Employment in agriculture (% of total employment) (modeled ILO estimate),SL.AGR.EMPL.ZS,,,,,,,,,,,,,,,,,,,,,,,,,,,,,,,,14.48545807,14.40713932,14.3047714,14.22766326,13.92148794,13.97792142,13.34971304,12.88292554,12.40081958,12.48179274,12.46731821,15.36202251,16.28043232,16.35723501,15.08253089,16.72840313,16.03325,13.36214904,11.86184283,11.90444056,12.30032416,11.58975352,10.68182986,10.5234485,8.764300886,7.468455033,6.819142029,6.435119492,6.152739293,6.452877772,6.798581965,6.343351054,,,
Pacific island small states,PSS,Employment in agriculture (% of total employment) (modeled ILO estimate),SL.AGR.EMPL.ZS,,,,,,,,,,,,,,,,,,,,,,,,,,,,,,,,38.15102569,37.56927722,37.26331816,36.69880997,36.12911176,35.75586029,36.66493407,34.55735621,34.2708478,34.99479642,35.22455467,35.83209769,35.93063758,35.69066393,35.308926,35.85675745,36.67150507,37.18606813,38.01942631,38.82636187,39.22331077,40.09604805,40.70066086,41.18635959,40.83819229,40.3908095,39.7463463,39.26751876,38.81141953,40.46581867,40.6854787,39.98486818,39.47879863,39.07098407,38.75580798
Post-demographic dividend,PST,Employment in agriculture (% of total employment) (modeled ILO estimate),SL.AGR.EMPL.ZS,,,,,,,,,,,,,,,,,,,,,,,,,,,,,,,,6.638106423,6.473074409,6.170126602,6.053168453,5.948332011,5.75560809,5.628907656,5.540988783,5.369910826,5.160349557,4.941454431,4.760865037,4.612502012,4.409530897,4.263451504,4.141558473,3.957452034,3.800207996,3.794984984,3.779864444,3.700937954,3.610778989,3.510891059,3.461955168,3.444845125,3.411886975,3.34643278,3.267579905,3.189907514,3.147858045,3.112462889,2.651485327,2.566510665,2.484479593,2.422767755
French Polynesia,PYF,Employment in agriculture (% of total employment) (modeled ILO estimate),SL.AGR.EMPL.ZS,,,,,,,,,,,,,,,,,,,,,,,,,,,,,,,,2.583485388,2.557095728,2.533099069,2.513005311,2.482499438,2.855443189,3.297690604,3.760487044,3.877338626,4.402039537,4.282037011,3.871429871,3.486256961,3.444647809,3.541644219,3.652566439,3.51485407,3.386673527,2.608580373,2.729726724,2.789835096,2.743418966,2.6891746,2.628921045,2.563683553,2.491526715,2.407526111,2.334316137,2.252113111,2.255487489,2.226579977,2.143965396,2.067533151,1.992649754,1.918150168
Qatar,QAT,Employment in agriculture (% of total employment) (modeled ILO estimate),SL.AGR.EMPL.ZS,,,,,,,,,,,,,,,,,,,,,,,,,,,,,,,,4.348532731,4.253195587,4.178650489,4.054729864,3.95213751,3.832228306,3.673972074,3.247202111,2.906697403,2.600695003,2.293539483,2.442082492,2.602642593,2.748149716,2.866767168,2.968001117,2.352706714,1.569832904,1.573994052,1.46158116,1.361603034,1.354753781,1.380146916,1.310394037,1.232973666,1.215844254,1.246206701,1.335382162,1.534004109,1.335771203,1.307907728,1.739710406,1.690644845,1.662081675,1.620350557
Romania,ROU,Employment in agriculture (% of total employment) (modeled ILO estimate),SL.AGR.EMPL.ZS,,,,,,,,,,,,,,,,,,,,,,,,,,,,,,,,30.58473636,30.71746451,30.75122758,30.62659651,31.84189299,29.47093922,29.30646338,30.38015212,32.3961887,33.6054364,32.7996686,26.31956863,26.30829603,21.73512081,21.48793431,20.0536182,19.16457154,18.4796689,18.79171765,20.37735371,18.92627258,19.30033976,18.92240523,18.18956532,16.01628108,14.13856135,13.89863091,13.55311561,12.7807372,12.25508994,11.75176614,11.25209336,11.91474412,11.26391257,10.94551661
Russian Federation,RUS,Employment in agriculture (% of total employment) (modeled ILO estimate),SL.AGR.EMPL.ZS,,,,,,,,,,,,,,,,,,,,,,,,,,,,,,,,14.01657723,15.12808384,15.27282744,15.8527538,15.47681804,14.97729046,11.90784835,11.44737255,14.72119282,14.21408716,11.80495476,11.10751002,10.58870376,9.799730497,9.94091024,9.681149442,8.679512238,8.360931661,8.102502828,7.832655183,7.760298786,7.40096465,7.077546902,6.768492947,6.789523995,6.768901747,5.95768569,5.943822113,5.893242019,6.064910703,5.920477683,5.804269633,5.459268789,5.237228251,5.108977259
Rwanda,RWA,Employment in agriculture (% of total employment) (modeled ILO estimate),SL.AGR.EMPL.ZS,,,,,,,,,,,,,,,,,,,,,,,,,,,,,,,,79.42533678,79.11498732,80.02568119,80.46367172,80.42243338,80.86034542,80.90482401,80.45046288,79.88231045,79.05235906,78.17396092,76.72623607,76.00477429,74.51757453,72.61763063,70.50542077,68.47591889,66.00343303,64.16006303,61.98376425,59.69950466,57.35194578,56.74964931,56.01578396,54.71824945,53.92606499,53.07824197,50.09741828,47.26971784,50.14241648,56.20630215,55.27091467,51.86909238,36.50254136,35.05136446
South Asia,SAS,Employment in agriculture (% of total employment) (modeled ILO estimate),SL.AGR.EMPL.ZS,,,,,,,,,,,,,,,,,,,,,,,,,,,,,,,,63.15494495,62.9641038,62.64498397,62.36472404,61.87405104,61.29621137,61.06844757,60.69374191,60.04338673,59.80733627,58.76407144,57.71772716,56.3160112,55.11111902,54.04586891,53.27571136,52.38579564,51.86165942,50.96488149,50.08444132,48.27477403,46.46629271,45.63385498,44.67816865,43.73670422,42.68716501,41.62350731,40.79966127,40.24581047,43.93519525,43.54472183,42.50978681,43.28061774,42.19500478,41.50025382
Saudi Arabia,SAU,Employment in agriculture (% of total employment) (modeled ILO estimate),SL.AGR.EMPL.ZS,,,,,,,,,,,,,,,,,,,,,,,,,,,,,,,,7.783155825,7.65829211,7.485285337,7.330440629,7.204839232,7.060989652,6.920277201,6.73155397,6.642880927,6.526471656,6.399952487,6.292882651,6.112450508,5.92472534,5.780878944,5.628248787,5.466781524,5.314365695,5.131976215,4.947833657,4.773960839,4.614474829,4.471582904,4.310713878,4.139037392,4.016669463,3.905837514,3.052274043,3.096590724,3.170810203,2.66552661,2.884133449,2.741113693,2.572524809,2.498661681
Sudan,SDN,Employment in agriculture (% of total employment) (modeled ILO estimate),SL.AGR.EMPL.ZS,,,,,,,,,,,,,,,,,,,,,,,,,,,,,,,,52.04936687,51.26646784,50.49076544,49.70481305,49.41164845,49.38231581,48.56034752,48.04656047,47.58308295,46.84369167,46.54261865,46.44168363,45.80731653,45.064292,44.63484953,43.7648039,44.31424296,43.40904677,42.6737594,42.40943596,41.5630052,41.86047341,41.14795161,40.70289235,40.28077656,38.88850456,38.37676952,37.83466486,37.91370279,39.68197974,40.15576095,39.77496247,,,
Senegal,SEN,Employment in agriculture (% of total employment) (modeled ILO estimate),SL.AGR.EMPL.ZS,,,,,,,,,,,,,,,,,,,,,,,,,,,,,,,,50.89456438,50.90635189,50.94228716,51.14543052,50.84587304,50.77234526,50.56743418,50.04126336,49.36649325,48.90582411,48.42567596,47.11660549,45.33944194,43.36089477,41.63936663,39.84343497,39.40699557,39.16575091,38.82060728,38.15616421,37.47760805,36.68041159,35.96259073,34.4897472,33.33281006,36.36709958,31.73780581,27.25148193,22.9897261,26.53659819,29.39833183,31.8130176,31.46429476,30.64803514,29.576406
Singapore,SGP,Employment in agriculture (% of total employment) (modeled ILO estimate),SL.AGR.EMPL.ZS,,,,,,,,,,,,,,,,,,,,,,,,,,,,,,,,0.283771721,0.317266873,0.244956627,0.297139346,0.240371152,0.194480006,0.18900464,0.186307319,0.181695666,0.176899084,0.173741005,0.169447632,0.164596542,0.159700818,0.155212234,0.150699696,0.146455085,0.142311248,0.139063658,0.135619246,0.132460398,0.129558733,0.12679854,0.124092213,0.12145966,0.118979259,0.117077595,0.115089283,0.113041897,0.108162686,0.107777556,0.090952446,0.079580186,0.097983733,0.095402668
Solomon Islands,SLB,Employment in agriculture (% of total employment) (modeled ILO estimate),SL.AGR.EMPL.ZS,,,,,,,,,,,,,,,,,,,,,,,,,,,,,,,,35.12660098,33.98357355,33.76596293,32.88826089,31.97584383,31.89559278,32.41533848,32.28523739,32.66369796,35.62047266,37.01122452,39.41559305,40.17881865,39.94826247,39.26453194,39.45071643,39.84818175,39.88035892,40.23828844,40.03166498,40.19854766,41.03872521,41.62847556,41.88155927,41.69841931,41.31090498,41.08972628,40.96570627,40.70191224,43.05350631,43.68360868,43.32982504,43.03794731,42.74931622,42.46655598
Sierra Leone,SLE,Employment in agriculture (% of total employment) (modeled ILO estimate),SL.AGR.EMPL.ZS,,,,,,,,,,,,,,,,,,,,,,,,,,,,,,,,64.34883754,65.5588739,65.36991409,65.5411158,66.28980008,66.14736977,66.89969455,66.85772768,67.14465518,66.93708277,68.58250924,67.17256837,66.79081316,68.46498608,68.28312749,67.98282117,67.13773292,66.50969521,66.0730169,64.92388537,63.90202045,61.61463199,59.15180536,57.64926566,56.93038485,52.86925966,49.16393562,46.19469488,45.43927974,47.05442365,47.25217576,46.6089681,45.55599705,45.08567668,44.49351249
El Salvador,SLV,Employment in agriculture (% of total employment) (modeled ILO estimate),SL.AGR.EMPL.ZS,,,,,,,,,,,,,,,,,,,,,,,,,,,,,,,,35.62244806,34.7704459,31.03139142,27.19227586,26.23346342,27.45563425,25.77988731,25.152072,22.21297794,21.69896774,21.87986574,19.81231463,18.32447479,19.20347639,20.08606741,18.93953974,18.09092523,18.75508023,21.02023975,20.77825376,21.59360178,20.97045245,19.58585582,18.76441786,18.110515,18.67884575,18.57480748,16.70825194,16.29396156,15.79575307,14.87232982,14.97367472,14.23031679,14.07244612,13.85255268
San Marino,SMR,Employment in agriculture (% of total employment) (modeled ILO estimate),SL.AGR.EMPL.ZS,,,,,,,,,,,,,,,,,,,,,,,,,,,,,,,,,,,,,,,,,,,,,,,,,,,,,,,,,,,,,,,,,,
"Somalia, Fed. Rep.",SOM,Employment in agriculture (% of total employment) (modeled ILO estimate),SL.AGR.EMPL.ZS,,,,,,,,,,,,,,,,,,,,,,,,,,,,,,,,44.38095793,45.16717928,44.8207703,48.48225045,48.30582193,47.28309535,47.74151225,47.13660086,46.34004712,45.56919041,44.78512601,43.74875057,42.80471023,41.97515638,41.08831239,40.2484956,39.08204873,38.23741195,37.29878208,36.35652081,35.13208141,33.81615827,32.1488407,30.99719876,29.51486623,28.7652204,26.6856642,26.8434845,26.8861573,30.05043232,30.95548389,30.88399024,30.52610018,30.28523288,30.02855196
Serbia,SRB,Employment in agriculture (% of total employment) (modeled ILO estimate),SL.AGR.EMPL.ZS,,,,,,,,,,,,,,,,,,,,,,,,,,,,,,,,39.30726186,39.09808973,38.91343871,38.71870274,38.46988838,38.36581739,38.188853,37.91555121,37.43930031,37.12413575,36.79389796,36.24543702,35.7335057,35.13405579,34.3844398,31.21573711,31.52917123,30.99698651,29.75303697,28.07022936,26.81240566,26.47763396,26.18356904,25.86335016,25.32494503,24.45767617,22.84377388,21.28163909,20.89581949,19.63695354,19.14557543,18.72921838,18.45392817,18.56658594,18.02743697
Sub-Saharan Africa (excluding high income),SSA,Employment in agriculture (% of total employment) (modeled ILO estimate),SL.AGR.EMPL.ZS,,,,,,,,,,,,,,,,,,,,,,,,,,,,,,,,58.23649837,58.42298818,58.56575907,58.65130142,58.62850944,58.3592057,58.22683621,58.01187765,57.91184837,57.73330867,57.60398238,57.529024,57.2225618,56.78295941,56.39068587,55.95745228,55.49668538,55.03443994,54.57478141,53.73102092,53.22311992,52.41937842,52.19262195,51.73590694,51.35951235,51.25711175,50.77824329,50.05874549,49.25587369,50.70441382,50.63384994,49.46242443,49.15985607,48.4166922,47.98591735
South Sudan,SSD,Employment in agriculture (% of total employment) (modeled ILO estimate),SL.AGR.EMPL.ZS,,,,,,,,,,,,,,,,,,,,,,,,,,,,,,,,66.68000226,66.41913751,66.16674814,66.06604933,65.8743682,65.65481605,65.2706808,65.02619436,64.8604474,64.70394315,64.52586964,64.36019168,64.21275773,64.082213,63.95395686,63.81010695,63.67891959,63.59232133,63.55238784,63.55901909,63.75124733,63.75914047,63.40676215,62.8946724,62.43054641,62.46261836,62.10856941,62.05794305,62.21353601,63.33118251,64.08059932,64.07399886,63.76050316,,
Sub-Saharan Africa,SSF,Employment in agriculture (% of total employment) (modeled ILO estimate),SL.AGR.EMPL.ZS,,,,,,,,,,,,,,,,,,,,,,,,,,,,,,,,60.23271444,60.51707707,60.58091209,60.6444502,60.60432029,60.28565028,60.17270039,60.02487869,59.89434926,59.76474855,59.66487484,59.67294607,59.52389563,59.09854747,58.78426818,58.33356346,57.84700521,57.37051372,56.91404779,56.05414562,55.49052854,54.74097802,54.41764002,53.83234075,53.29588625,53.00892013,52.37785197,51.56480365,50.65760435,52.12362404,52.0219286,50.9164766,50.58043051,49.80444236,49.32706936
Small states,SST,Employment in agriculture (% of total employment) (modeled ILO estimate),SL.AGR.EMPL.ZS,,,,,,,,,,,,,,,,,,,,,,,,,,,,,,,,24.74322523,24.22951261,23.587789,23.17789773,22.12185787,21.70545453,21.45169364,20.78818178,20.27359599,19.42593743,19.3678637,19.33131276,19.12762886,18.49371229,18.25272137,18.10212408,17.79909976,17.5465079,17.71208811,17.68120421,17.52972744,17.27108075,16.9961566,16.91279233,16.88620127,16.52145306,16.17788623,15.84733446,15.43308821,16.07956245,16.02271868,15.85555498,15.7028629,15.46074315,15.3760887
Sao Tome and Principe,STP,Employment in agriculture (% of total employment) (modeled ILO estimate),SL.AGR.EMPL.ZS,,,,,,,,,,,,,,,,,,,,,,,,,,,,,,,,23.45628134,23.20475579,23.10746427,22.76417484,22.62527094,22.34748841,22.09008565,21.66908915,21.26570221,21.12329249,20.85767703,20.55034105,19.79318055,19.85334058,18.85437719,18.00218397,17.5163728,16.00703606,15.63139607,15.3447478,14.97858914,14.56634219,14.08241291,13.58467244,13.43696166,12.95784516,12.51560667,12.1777514,12.04213289,12.60082123,12.67620524,12.60118726,12.48066862,12.32063176,12.06074297
Suriname,SUR,Employment in agriculture (% of total employment) (modeled ILO estimate),SL.AGR.EMPL.ZS,,,,,,,,,,,,,,,,,,,,,,,,,,,,,,,,4.377953362,4.437072163,4.62510665,6.327218606,7.288807818,6.149712414,5.446905723,5.853802147,6.372482172,6.88930513,7.281971173,7.725017718,8.071901857,8.437450727,8.366543665,8.189151099,8.05811104,8.007294902,7.911995158,7.753535224,7.563905464,7.50744614,7.415224151,7.461907794,7.721016374,7.682242647,7.676392597,7.480004256,7.432877633,7.560798413,7.383754923,7.306944807,7.209127654,7.092775947,6.975154441
Slovak Republic,SVK,Employment in agriculture (% of total employment) (modeled ILO estimate),SL.AGR.EMPL.ZS,,,,,,,,,,,,,,,,,,,,,,,,,,,,,,,,12.1466477,12.12219801,11.86482949,11.43054664,10.42412558,10.08876142,10.37261494,9.973331029,8.954291555,8.120144766,7.528628367,7.567174788,7.114608666,6.249456153,5.866995532,5.433017556,5.219293999,4.951029003,4.496989832,4.062201107,3.930552716,4.068703824,4.151649597,3.985321836,3.898674676,3.469189528,3.411804858,2.904192902,3.511006469,3.257970077,3.214570192,2.540426902,3.123532605,2.241502867,2.16304803
Slovenia,SVN,Employment in agriculture (% of total employment) (modeled ILO estimate),SL.AGR.EMPL.ZS,,,,,,,,,,,,,,,,,,,,,,,,,,,,,,,,10.51833468,10.3452974,9.994970804,10.79389842,9.72415449,9.34793084,11.13821791,11.0837088,9.916985673,8.734558656,9.066729293,8.81483023,7.655604449,8.889525063,8.278191364,8.698750969,8.977458076,8.662975994,9.172354905,8.862846674,8.62777917,8.403402166,8.519070315,9.652369524,7.099041554,5.045808043,5.586754141,5.503963668,4.299817674,4.106957393,4.050297258,4.309169424,4.024233093,3.773008629,3.657222929
Sweden,SWE,Employment in agriculture (% of total employment) (modeled ILO estimate),SL.AGR.EMPL.ZS,,,,,,,,,,,,,,,,,,,,,,,,,,,,,,,,3.512505653,3.508162308,3.443548879,3.436242527,3.502847347,3.260724197,3.244438614,3.049344038,2.997046745,2.906428274,2.641701843,2.524162527,2.54454412,2.485142777,2.281023451,2.226766028,2.251188328,2.121716321,2.176998192,2.10051133,1.989445071,2.059422643,2.033263188,1.974298474,2.036807758,1.88620681,1.830256599,1.732315591,1.68897375,1.728932489,1.983507819,1.87893378,1.768822942,1.813114856,1.766846955
Eswatini,SWZ,Employment in agriculture (% of total employment) (modeled ILO estimate),SL.AGR.EMPL.ZS,,,,,,,,,,,,,,,,,,,,,,,,,,,,,,,,17.1854778,16.84725588,16.44275953,16.45887799,16.16845324,16.04196415,15.87894029,15.79748068,15.69503458,15.94152528,15.88833746,15.74218831,15.56519721,15.23001782,15.10672356,14.90203327,14.71299316,14.58928133,14.41418995,14.32265117,14.14384615,13.95211362,13.74802828,13.54804002,13.45581389,13.19795725,13.06607041,13.09860665,12.90958436,13.44346924,13.40218108,14.51205849,15.24595441,14.90845464,14.54683339
Sint Maarten (Dutch part),SXM,Employment in agriculture (% of total employment) (modeled ILO estimate),SL.AGR.EMPL.ZS,,,,,,,,,,,,,,,,,,,,,,,,,,,,,,,,,,,,,,,,,,,,,,,,,,,,,,,,,,,,,,,,,,
Seychelles,SYC,Employment in agriculture (% of total employment) (modeled ILO estimate),SL.AGR.EMPL.ZS,,,,,,,,,,,,,,,,,,,,,,,,,,,,,,,,,,,,,,,,,,,,,,,,,,,,,,,,,,,,,,,,,,
Syrian Arab Republic,SYR,Employment in agriculture (% of total employment) (modeled ILO estimate),SL.AGR.EMPL.ZS,,,,,,,,,,,,,,,,,,,,,,,,,,,,,,,,28.29369027,29.75173283,31.08661187,23.38778343,28.37849823,28.10751656,27.8612213,27.99322786,27.83497542,32.89331686,31.09667012,28.9936061,26.97686229,24.67265193,22.5044154,20.99275766,19.1378395,14.44568741,14.93122879,13.91152348,13.23207091,14.17006985,15.00609365,15.32721795,15.70168447,15.83142364,16.12664973,15.72860707,15.62515835,16.91333295,17.06417861,17.06598231,16.56927682,16.44483135,16.29682574
Turks and Caicos Islands,TCA,Employment in agriculture (% of total employment) (modeled ILO estimate),SL.AGR.EMPL.ZS,,,,,,,,,,,,,,,,,,,,,,,,,,,,,,,,,,,,,,,,,,,,,,,,,,,,,,,,,,,,,,,,,,
Chad,TCD,Employment in agriculture (% of total employment) (modeled ILO estimate),SL.AGR.EMPL.ZS,,,,,,,,,,,,,,,,,,,,,,,,,,,,,,,,83.60881589,83.46424726,83.35342469,82.94879638,82.64555134,82.31948014,81.93546902,81.5088051,81.13586399,80.76446296,80.26362939,79.76520813,79.29589609,78.89049363,78.31469977,77.92523864,77.43489815,76.96528711,76.18083374,75.69156281,75.22050408,74.5245146,73.66290584,72.99984927,72.38258758,71.85209057,71.1276588,70.38530274,70.20438937,71.66895831,72.11100824,72.19754603,71.92843391,71.87066251,71.73596555
East Asia & Pacific (IDA & IBRD countries),TEA,Employment in agriculture (% of total employment) (modeled ILO estimate),SL.AGR.EMPL.ZS,,,,,,,,,,,,,,,,,,,,,,,,,,,,,,,,58.47952428,57.47995811,55.59943732,53.79628218,51.83049771,50.22810138,49.4184737,49.58951743,49.70741973,49.5745119,49.22390611,49.13801211,48.46659465,46.36468421,44.66980151,42.63316434,41.09691741,40.05195389,38.84119991,37.66601622,36.17619163,35.1513317,33.26754104,31.5474893,30.31604884,29.29903538,28.52598119,27.57028751,26.50174959,25.74900269,24.94175453,25.96027718,24.62211372,23.97475679,23.4179263
Europe & Central Asia (IDA & IBRD countries),TEC,Employment in agriculture (% of total employment) (modeled ILO estimate),SL.AGR.EMPL.ZS,,,,,,,,,,,,,,,,,,,,,,,,,,,,,,,,24.38975895,24.88411136,24.6298754,25.300185,25.5646765,25.23583653,23.88575867,23.81459278,24.69663142,23.88756716,22.91833936,21.77679897,21.22167186,19.7290042,19.06322491,18.28338712,17.38066169,17.01398348,16.65054137,16.61806413,16.53927154,16.1458458,15.83848783,15.54257042,15.1932192,14.81394142,14.36187663,13.98495147,13.619034,13.66176877,13.42476058,12.97601736,12.47301993,12.06301161,11.85350579
Togo,TGO,Employment in agriculture (% of total employment) (modeled ILO estimate),SL.AGR.EMPL.ZS,,,,,,,,,,,,,,,,,,,,,,,,,,,,,,,,55.84472872,56.53068407,58.04558434,56.35914108,55.97106528,55.4015992,54.23075854,54.3227613,54.27048699,54.36364187,54.37624126,54.12220118,53.22406881,53.52472592,54.33688807,53.59639101,50.72428848,47.6892413,43.22104384,39.83310679,37.04438242,36.43758864,35.71236708,35.23539157,34.61889199,34.29455368,33.79228243,38.40802041,42.59903824,42.74448529,41.71123839,39.66830329,38.80569672,38.28323421,37.59215298
Thailand,THA,Employment in agriculture (% of total employment) (modeled ILO estimate),SL.AGR.EMPL.ZS,,,,,,,,,,,,,,,,,,,,,,,,,,,,,,,,55.84331312,56.61205972,52.33591611,51.68188838,47.47339886,45.3876018,45.66859962,46.86536614,44.13865993,44.42030368,42.82178599,42.26968311,41.45237317,40.86292645,40.42223305,39.9305598,39.3934223,38.99176764,38.76225393,38.2444915,41.00846174,42.14298479,39.30053585,33.4930302,32.33450652,31.22906004,31.52968199,32.19831004,31.49058567,31.38947103,31.89732643,30.42323972,30.22038335,28.98633589,28.55671117
Tajikistan,TJK,Employment in agriculture (% of total employment) (modeled ILO estimate),SL.AGR.EMPL.ZS,,,,,,,,,,,,,,,,,,,,,,,,,,,,,,,,51.46558336,53.03174257,54.44381474,56.01262439,57.47918181,58.76848429,59.26363424,59.36746175,59.51327481,59.26954632,58.57278033,57.70672779,56.81084439,55.6858438,55.2349692,54.86583994,54.33230685,53.73244134,53.12866727,52.43089351,51.73556569,50.90946956,49.97101864,49.20442916,48.43801615,47.49518092,46.61448049,45.75897385,45.02481009,46.69021699,46.77647355,45.92787358,45.06250655,44.1181384,43.27274749
Turkmenistan,TKM,Employment in agriculture (% of total employment) (modeled ILO estimate),SL.AGR.EMPL.ZS,,,,,,,,,,,,,,,,,,,,,,,,,,,,,,,,40.03148089,40.68251484,40.51762625,41.38207933,41.73162973,41.07395143,41.64024735,40.94521854,39.73452439,39.10054119,38.54289155,38.24456892,37.71637291,37.05371186,35.85444634,34.7627884,33.67729803,32.3889718,31.64530337,30.71518134,29.49718787,28.48039791,27.54872967,26.63533172,25.9941277,25.39101736,24.78108074,24.20001732,23.62334468,23.85048578,23.37924055,22.81956118,22.26390258,22.22155371,21.93318546
Latin America & the Caribbean (IDA & IBRD countries),TLA,Employment in agriculture (% of total employment) (modeled ILO estimate),SL.AGR.EMPL.ZS,,,,,,,,,,,,,,,,,,,,,,,,,,,,,,,,21.21571799,21.19537505,20.87846381,20.44486948,20.13743204,19.53996128,19.54284347,18.45363404,18.89041791,18.37352677,18.44442839,18.3535362,18.08258009,17.8715463,17.52441467,16.80251386,16.05634037,15.48858288,15.46394622,15.11449706,14.83976338,14.59462336,14.43055315,13.99627459,13.94547689,14.03068159,14.13400197,14.12708091,13.77437002,14.77682817,14.41709541,13.62215704,13.14799747,12.87176042,12.72990441
Timor-Leste,TLS,Employment in agriculture (% of total employment) (modeled ILO estimate),SL.AGR.EMPL.ZS,,,,,,,,,,,,,,,,,,,,,,,,,,,,,,,,59.74154429,59.04899281,58.41088707,57.77632915,57.31805618,56.75383352,56.63024826,56.962997,56.44529032,54.50488368,53.25711468,54.18802266,54.50689765,54.65224471,54.1899654,54.72352753,53.65906534,52.61883542,51.10882572,50.76245945,49.53694656,48.79886293,47.96886109,46.69336497,45.37681776,44.11402023,43.75623756,43.06631566,39.79728725,39.36111709,37.84357907,48.27203519,48.38718324,46.34614251,46.01857789
"Middle East, North Africa, Afghanistan & Pakistan (IDA & IBRD)",TMN,Employment in agriculture (% of total employment) (modeled ILO estimate),SL.AGR.EMPL.ZS,,,,,,,,,,,,,,,,,,,,,,,,,,,,,,,,35.99428978,36.17625024,35.53425842,36.18512134,34.93229549,34.50482713,33.12107488,33.907625,33.71169242,34.09657553,33.60635394,33.00093306,32.96327126,33.34236254,32.78886025,32.54672991,32.47087802,32.45461723,31.43347056,30.68674931,30.76859474,30.25923498,30.11581283,29.79906555,29.02727713,29.25677371,28.23932351,26.66722137,26.891745,27.20302067,26.58946102,26.00755347,25.67427466,25.62301109,25.41540672
Tonga,TON,Employment in agriculture (% of total employment) (modeled ILO estimate),SL.AGR.EMPL.ZS,,,,,,,,,,,,,,,,,,,,,,,,,,,,,,,,33.78121893,33.79870991,33.33333333,32.06463297,31.26791746,31.15067477,31.14679292,30.92342151,30.72194021,29.9382196,29.55514417,28.91350063,29.05547901,29.89696433,30.1010101,30.62811029,31.67898911,30.88929414,32.19771089,32.55776551,31.91609368,32.02707805,32.08418194,31.90061363,32.01469654,32.15838163,31.50173903,31.09579406,29.58932761,28.66225472,26.72268908,25.91003908,24.78066249,24.23675072,23.60938306
South Asia (IDA & IBRD),TSA,Employment in agriculture (% of total employment) (modeled ILO estimate),SL.AGR.EMPL.ZS,,,,,,,,,,,,,,,,,,,,,,,,,,,,,,,,63.15494495,62.9641038,62.64498397,62.36472404,61.87405104,61.29621137,61.06844757,60.69374191,60.04338673,59.80733627,58.76407144,57.71772716,56.3160112,55.11111902,54.04586891,53.27571136,52.38579564,51.86165942,50.96488149,50.08444132,48.27477403,46.46629271,45.63385498,44.67816865,43.73670422,42.68716501,41.62350731,40.79966127,40.24581047,43.93519525,43.54472183,42.50978681,43.28061774,42.19500478,41.50025382
Sub-Saharan Africa (IDA & IBRD countries),TSS,Employment in agriculture (% of total employment) (modeled ILO estimate),SL.AGR.EMPL.ZS,,,,,,,,,,,,,,,,,,,,,,,,,,,,,,,,60.23271444,60.51707707,60.58091209,60.6444502,60.60432029,60.28565028,60.17270039,60.02487869,59.89434926,59.76474855,59.66487484,59.67294607,59.52389563,59.09854747,58.78426818,58.33356346,57.84700521,57.37051372,56.91404779,56.05414562,55.49052854,54.74097802,54.41764002,53.83234075,53.29588625,53.00892013,52.37785197,51.56480365,50.65760435,52.12362404,52.0219286,50.9164766,50.58043051,49.80444236,49.32706936
Trinidad and Tobago,TTO,Employment in agriculture (% of total employment) (modeled ILO estimate),SL.AGR.EMPL.ZS,,,,,,,,,,,,,,,,,,,,,,,,,,,,,,,,15.23425579,15.04372821,14.80547533,16.04308455,13.94976007,12.66379474,12.60113297,10.9188112,10.92175181,9.766620942,10.60255288,9.348782932,8.076792562,6.425998112,6.044151309,6.137907987,5.328153557,5.368871631,5.45126809,5.308024098,5.209093452,5.231708203,4.938649957,5.052171687,4.792585393,4.553650446,4.521279664,4.412126872,4.324188727,5.598022348,5.374439569,4.50145918,4.623601668,4.653834734,4.494806557
Tunisia,TUN,Employment in agriculture (% of total employment) (modeled ILO estimate),SL.AGR.EMPL.ZS,,,,,,,,,,,,,,,,,,,,,,,,,,,,,,,,23.7863746,23.32718574,22.93823914,22.4635318,22.11815781,22.01228752,21.67327975,21.28209439,20.92154225,20.51029843,20.09728043,19.67160647,19.47048426,19.11744662,18.65468876,19.52624981,18.78654649,18.10388285,18.54944629,18.02118451,16.42897552,17.14674489,15.43482301,14.93356547,14.75136226,14.7653885,14.81230598,14.29069923,13.70528739,13.60115445,12.88178838,12.27264283,12.84771276,12.7091643,12.45852723
Turkiye,TUR,Employment in agriculture (% of total employment) (modeled ILO estimate),SL.AGR.EMPL.ZS,,,,,,,,,,,,,,,,,,,,,,,,,,,,,,,,46.06433173,43.27159342,40.98320652,42.52235015,42.58022449,42.16305308,40.17236168,39.51708346,38.17875524,34.56270387,36.12254839,33.50045249,32.49845006,27.75517717,24.40262156,22.78960563,22.2413144,22.44120195,21.79154298,22.49253559,22.92172843,22.35080911,21.72951593,21.22251287,20.55024297,19.65106997,19.53366857,18.58752855,18.27980178,17.71749044,17.16607383,15.66807326,14.64268687,14.55105656,14.21998299
Tuvalu,TUV,Employment in agriculture (% of total employment) (modeled ILO estimate),SL.AGR.EMPL.ZS,,,,,,,,,,,,,,,,,,,,,,,,,,,,,,,,,,,,,,,,,,,,,,,,,,,,,,,,,,,,,,,,,,
Tanzania,TZA,Employment in agriculture (% of total employment) (modeled ILO estimate),SL.AGR.EMPL.ZS,,,,,,,,,,,,,,,,,,,,,,,,,,,,,,,,73.67718971,73.78868213,73.90860271,74.05346373,74.09756659,73.9271602,73.82942761,73.70292807,73.52769004,73.36729443,73.07812027,72.69662148,72.33516448,71.89590332,71.37542512,70.88726727,70.30919343,70.03970359,69.60980122,69.10105008,68.43011966,68.08736406,67.46743822,66.83366684,66.42790361,65.98193896,65.57406146,65.14367886,64.68454849,65.79395175,65.91897685,65.58208232,65.16164098,65.08979163,64.57179145
Uganda,UGA,Employment in agriculture (% of total employment) (modeled ILO estimate),SL.AGR.EMPL.ZS,,,,,,,,,,,,,,,,,,,,,,,,,,,,,,,,62.37996642,62.44004216,62.06934371,61.9649834,61.38704936,60.90281332,60.75573586,60.61707374,60.24395455,60.25237904,60.06190729,59.5424375,59.44071887,60.451504,61.5685603,62.08119888,62.87630225,63.73090179,64.62356806,61.96008516,65.27629264,64.99292142,70.68554102,71.93747208,71.75686903,71.62242471,71.49133974,66.760282,61.36042682,64.7499841,66.65861554,66.35095086,65.89275065,65.41144174,64.85364456
Ukraine,UKR,Employment in agriculture (% of total employment) (modeled ILO estimate),SL.AGR.EMPL.ZS,,,,,,,,,,,,,,,,,,,,,,,,,,,,,,,,15.43259986,16.60445429,15.79234012,15.75836931,17.42492768,17.1720386,17.5764589,18.22971102,18.3452144,18.32248182,17.86631567,17.44868723,16.79999736,16.22767344,15.79110734,15.28068035,14.84084557,14.65231828,14.29868431,14.44312578,14.45572702,14.09663146,14.19872743,14.38516651,14.85362212,15.19135151,15.00295232,14.90508939,13.90786052,14.12220749,14.11620147,,,,
Upper middle income,UMC,Employment in agriculture (% of total employment) (modeled ILO estimate),SL.AGR.EMPL.ZS,,,,,,,,,,,,,,,,,,,,,,,,,,,,,,,,49.2720515,48.44643398,46.73452669,45.19724628,43.65825949,42.33047727,41.7908326,41.75415082,41.88200927,41.63007616,41.3261613,41.221764,40.63301995,38.77390739,37.27001909,35.48801765,34.1276002,33.15598912,32.12166871,31.00744514,29.69396305,28.80221926,27.21293373,25.73677804,24.82273202,24.13056315,23.56647731,22.84744901,22.02325813,21.738872,21.12852347,21.59080012,20.62548656,20.05244973,19.59251116
Uruguay,URY,Employment in agriculture (% of total employment) (modeled ILO estimate),SL.AGR.EMPL.ZS,,,,,,,,,,,,,,,,,,,,,,,,,,,,,,,,12.81177458,12.24522883,10.87270817,11.72954871,12.87189602,12.38284488,11.84061622,11.45673997,11.24096743,10.92199106,11.19317481,11.26326317,11.97628947,12.8751653,12.15172231,11.68987966,11.62473923,11.52427162,11.91748564,12.57759072,10.67874775,9.408157358,10.14724617,9.981939154,9.63788664,8.988414259,9.54741034,9.129151432,8.937948855,9.09730046,8.994265838,8.685586502,8.566408586,8.310141115,8.070773508
United States,USA,Employment in agriculture (% of total employment) (modeled ILO estimate),SL.AGR.EMPL.ZS,,,,,,,,,,,,,,,,,,,,,,,,,,,,,,,,2.936861268,2.902967505,2.74587543,2.931615895,2.915787108,2.876150761,2.777176762,2.712619991,2.601698304,2.396545739,2.237698603,2.079236961,1.927014824,1.865562545,1.801757387,1.774705371,1.676634838,1.717561808,1.732069593,1.8519545,1.871464079,1.802650904,1.729507945,1.769193246,1.896546727,1.896391786,1.882512108,1.819118418,1.78830474,1.746393618,1.662402946,1.62054353,1.569609519,1.568991808,1.524944392
Uzbekistan,UZB,Employment in agriculture (% of total employment) (modeled ILO estimate),SL.AGR.EMPL.ZS,,,,,,,,,,,,,,,,,,,,,,,,,,,,,,,,38.76738831,39.02758011,39.07991985,39.53476914,39.39092255,39.15518579,38.94583868,38.21688531,37.41999041,36.78921942,36.02447213,35.25829055,34.4227446,33.41167046,32.39368035,31.33228785,30.13765117,28.93171653,27.85842559,26.96045744,27.23405445,26.741915,27.29935934,27.65628301,27.58169509,27.42209371,27.15398486,26.64939147,26.17660528,27.18608342,26.99452005,26.56121097,26.12791762,25.64746296,25.19785299
St. Vincent and the Grenadines,VCT,Employment in agriculture (% of total employment) (modeled ILO estimate),SL.AGR.EMPL.ZS,,,,,,,,,,,,,,,,,,,,,,,,,,,,,,,,24.73413957,23.84408897,22.70367681,21.77217881,20.92761661,20.08555872,19.10623085,18.28516329,17.50264124,16.81163053,16.03394484,15.63089897,15.14365331,14.75305138,14.45006795,13.98722754,13.63042731,13.36608889,13.13267309,12.92468629,12.65546836,12.35955056,12.06536067,11.8040746,11.48680784,11.20229698,10.9306429,10.65649822,10.40245566,10.5759729,10.31990049,9.952595729,9.624914753,9.340161334,9.074801808
"Venezuela, RB",VEN,Employment in agriculture (% of total employment) (modeled ILO estimate),SL.AGR.EMPL.ZS,,,,,,,,,,,,,,,,,,,,,,,,,,,,,,,,12.9397883,12.11308251,11.60349202,14.28468747,13.89757445,13.91428722,11.13932969,10.29028189,10.50183228,10.9389737,9.95801548,10.28385502,11.09695925,10.82211151,10.28530421,9.417589051,8.836544594,8.517751901,8.629660294,8.545029804,8.052488855,7.743388038,7.445703877,6.838226838,6.449968927,6.054408485,8.086834218,8.792539216,9.179744714,9.783357966,9.77794667,9.405118056,9.180922027,8.902183351,8.874726263
British Virgin Islands,VGB,Employment in agriculture (% of total employment) (modeled ILO estimate),SL.AGR.EMPL.ZS,,,,,,,,,,,,,,,,,,,,,,,,,,,,,,,,,,,,,,,,,,,,,,,,,,,,,,,,,,,,,,,,,,
Virgin Islands (U.S.),VIR,Employment in agriculture (% of total employment) (modeled ILO estimate),SL.AGR.EMPL.ZS,,,,,,,,,,,,,,,,,,,,,,,,,,,,,,,,3.884725469,3.777390861,3.671112045,3.55305733,3.445330296,3.341150247,3.228735044,3.133823358,3.045444858,2.941990224,2.859601509,2.77852289,2.708452476,2.620914457,2.536231884,2.451032405,2.369618773,2.297119187,2.259527746,2.196164384,2.172058534,2.182267671,2.157283849,2.104613866,2.050435448,1.988427402,1.934659161,1.871686682,1.808054592,1.789675185,1.769150985,1.721647698,1.673265324,1.628274088,1.587113935
Viet Nam,VNM,Employment in agriculture (% of total employment) (modeled ILO estimate),SL.AGR.EMPL.ZS,,,,,,,,,,,,,,,,,,,,,,,,,,,,,,,,73.99426753,73.03902974,72.06784097,70.97566901,69.87985991,68.81585561,64.25221984,63.63808795,63.89869205,64.20675246,62.96054814,60.98759816,58.61147614,56.81488433,53.70474521,50.52898011,49.28356445,48.51372108,47.55257714,48.707317,48.31425122,47.36677613,46.81342012,46.33576326,44.01845152,41.86490721,40.15543913,37.72411392,34.53516011,32.61238797,29.0283266,33.46237223,26.98270563,25.87413343,25.04339268
Vanuatu,VUT,Employment in agriculture (% of total employment) (modeled ILO estimate),SL.AGR.EMPL.ZS,,,,,,,,,,,,,,,,,,,,,,,,,,,,,,,,55.82023291,55.71335822,55.89210416,55.29275894,55.41413052,55.29478764,54.98233112,54.85056102,54.83746503,54.36750608,54.77059134,55.333823,54.96182287,54.70461807,54.24287251,53.46821436,53.33713818,52.98901075,52.68189518,56.46434781,55.14196619,54.02444437,52.8803165,51.606287,50.2711868,48.29544268,46.23027771,44.609399,42.91794607,44.6876416,45.1036972,44.76169848,44.62866727,44.63487532,44.52755837
World,WLD,Employment in agriculture (% of total employment) (modeled ILO estimate),SL.AGR.EMPL.ZS,,,,,,,,,,,,,,,,,,,,,,,,,,,,,,,,42.82302759,42.59918428,41.89926384,41.33633294,40.56977528,39.8710446,39.42096995,39.46410233,39.50155194,39.34833474,38.99940553,38.74684483,38.24634752,37.18011009,36.26599973,35.21346879,34.3119384,33.72667672,33.22418294,32.56216277,31.69306947,30.8776986,30.08608548,29.21586171,28.53800078,28.0131254,27.45058399,26.80985864,26.28073123,27.19175579,26.86540704,26.90863761,26.55730783,26.07373329,25.78081488
Samoa,WSM,Employment in agriculture (% of total employment) (modeled ILO estimate),SL.AGR.EMPL.ZS,,,,,,,,,,,,,,,,,,,,,,,,,,,,,,,,39.36280671,39.35191864,38.88047063,39.50166055,38.3559728,37.45117869,37.59922354,37.02673279,36.5806129,35.92661563,34.6868631,34.33656291,33.76579095,33.97703019,33.24281473,33.30315376,33.07903266,32.9217225,33.39159126,32.3082918,31.85229419,32.29695014,32.40360818,31.78233311,31.22912921,30.36589664,29.92698397,29.67706104,29.19167198,30.03648297,30.07263923,30.31726306,29.18764135,27.73524866,26.87739115
Kosovo,XKX,Employment in agriculture (% of total employment) (modeled ILO estimate),SL.AGR.EMPL.ZS,,,,,,,,,,,,,,,,,,,,,,,,,,,,,,,,,,,,,,,,,,,,,,,,,,,,,,,,,,,,,,,,,,
"Yemen, Rep.",YEM,Employment in agriculture (% of total employment) (modeled ILO estimate),SL.AGR.EMPL.ZS,,,,,,,,,,,,,,,,,,,,,,,,,,,,,,,,59.75641782,59.68579611,59.56591752,59.51454468,60.07489788,60.65920078,61.12611275,61.570864,58.98398787,54.76935902,50.34361541,45.67779468,41.04209999,36.31540562,34.82808843,33.50043576,32.40900726,31.3096174,30.39202421,29.18180229,30.16261084,29.79948513,29.2635736,29.24376377,30.45183305,30.84346077,30.99568819,30.68607518,30.37185028,32.06324402,32.46155733,32.10475295,31.96261976,31.814697,31.61693338
South Africa,ZAF,Employment in agriculture (% of total employment) (modeled ILO estimate),SL.AGR.EMPL.ZS,,,,,,,,,,,,,,,,,,,,,,,,,,,,,,,,9.431389776,9.490121261,9.499190861,9.444179812,9.316803264,9.178384892,9.039382912,8.948561279,8.763011268,8.476791644,8.396573077,9.46781595,8.548942351,7.799219253,6.034405931,5.808080842,5.667952146,5.512733538,5.005278521,4.75698751,4.528189734,4.755512385,4.935809213,4.582173376,5.572456644,5.522645236,5.236626977,5.122770195,5.245466819,5.462864725,5.692158558,5.54321971,5.497329485,5.438997531,5.407097333
Zambia,ZMB,Employment in agriculture (% of total employment) (modeled ILO estimate),SL.AGR.EMPL.ZS,,,,,,,,,,,,,,,,,,,,,,,,,,,,,,,,74.59250346,74.99615607,75.06953148,74.79141927,74.85187988,74.66125824,74.64373371,74.99430482,75.77092812,76.00997063,76.53268356,76.92235814,77.07297341,77.06812648,76.97696412,76.82178997,76.61802034,76.39201494,73.51509067,70.18120571,66.91700538,62.99072411,62.62243627,62.01982068,61.31646112,61.08809696,60.86628456,59.77345662,57.36630037,59.11172817,57.8091361,56.0632844,55.96883382,55.32433757,54.52860604
Zimbabwe,ZWE,Employment in agriculture (% of total employment) (modeled ILO estimate),SL.AGR.EMPL.ZS,,,,,,,,,,,,,,,,,,,,,,,,,,,,,,,,47.67018887,48.36506662,48.76957488,47.8306701,47.7094178,46.98493795,46.86500912,46.65527949,47.33141855,49.73258845,51.80068454,55.27494736,58.86732565,61.44800035,62.05466338,63.65381123,64.22985097,66.14792768,64.44777302,62.19583597,62.01647507,61.96432437,63.18947483,63.98721361,63.7412364,63.72147617,63.02858075,62.43465053,62.39797201,58.60559282,53.62253291,53.32383407,55.4494321,55.17000843,54.31154276